[flowsheet] cache: 1695 reactor and 1479 PSA evaluation(s) loaded
[flowsheet] initialised 44 variable(s) from x0_units_fixed.json
[gjh] using: <repo>\atrfu\gjh.exe
========== A-TRFu SOLVER ==========
Globalization strategy: 1 (Funnel)
Hypervolume sampling  : multiple_black_boxes=1
Restoration strategy  : 1 (R1 classic (contract on reject))
Problem size          : 51 variables  (x|y|z = 4|7|40);  2 black-box block(s)
    x = black-box inputs | y = black-box outputs | z = remaining
Constraints           : 39  (equality 36 | inequality 3)
Tolerances            : ep_i=1.0e-05, ep_chi=1.0e-03, ep_delta=1.0e-03, max_it=1000
===================================


**************************************
Iteration 0:
thetak = 230.9871475034392
objk = 3.82871665748975
trustRadius = 1.0
sampleRadius = 0.1
stepNorm = 97.88650821881674
chi = 100000000.0
Iteration time (s) = 0.7298500537872314
theta-type step
**************************************


**************************************
Iteration 1:
thetak = 35.18730066782294
objk = 0.5054281802329513
trustRadius = 1.0
sampleRadius = 0.07500000000000001
stepNorm = 373.8851320918123
chi = 0.09719982770883345
Iteration time (s) = 0.26125001907348633
theta-type step
**************************************


**************************************
Iteration 2:
thetak = 21.676125724796908
objk = 0.29290696614110784
trustRadius = 1.0
sampleRadius = 0.037500000000000006
stepNorm = 629.9992839074616
chi = 0.1330066586595027
Iteration time (s) = 0.9200818538665771
theta-type step
**************************************


**************************************
Iteration 3:
thetak = 27.796529008807497
objk = 1.6463476477265448
trustRadius = 0.5
sampleRadius = 0.018750000000000003
stepNorm = 314.99998457530137
chi = 0.1380940705553135
Iteration time (s) = 0.8773200511932373
step rejected
**************************************


**************************************
Iteration 4:
thetak = 27.796529008807497
objk = 1.6463476477265448
trustRadius = 0.25
sampleRadius = 0.018750000000000003
stepNorm = 157.49997458289965
chi = 0.15219891648124698
Iteration time (s) = 0.91143798828125
theta-type step
**************************************


**************************************
Iteration 5:
thetak = 10.359806594180496
objk = 3.1894917341463014
trustRadius = 0.625
sampleRadius = 0.028125000000000004
stepNorm = 393.749840942153
chi = 0.14543320563517198
Iteration time (s) = 0.8999450206756592
step rejected
**************************************


**************************************
Iteration 6:
thetak = 10.359806594180496
objk = 3.1894917341463014
trustRadius = 0.3125
sampleRadius = 0.014062500000000002
stepNorm = 196.8749815950198
chi = 0.17765521498806075
Iteration time (s) = 0.8776688575744629
f-type step
**************************************


**************************************
Iteration 7:
thetak = 26.30239328359222
objk = 1.9165683162502078
trustRadius = 0.78125
sampleRadius = 0.007031250000000001
stepNorm = 216.18573732071627
chi = 0.18876391723047287
Iteration time (s) = 0.9538493156433105
step rejected
**************************************


**************************************
Iteration 8:
thetak = 26.30239328359222
objk = 1.9165683162502078
trustRadius = 0.390625
sampleRadius = 0.007031250000000001
stepNorm = 246.09369043254605
chi = 0.20282097533518997
Iteration time (s) = 0.8915224075317383
step rejected
**************************************

[FRP] solve 1 of phase 1, thetak=2.630e+01, Delta=1.953e-01

**************************************
Iteration 9:
thetak = 26.30239328359222
objk = 1.9165683162502078
trustRadius = 0.1953125
sampleRadius = 0.0035156250000000005
stepNorm = 100.09120294109997
chi = 0.30388127147014315
Iteration time (s) = 0.9559578895568848
theta-type step
**************************************


**************************************
Iteration 10:
thetak = 4.18114764188574
objk = 11.351855325907962
trustRadius = 0.48828125
sampleRadius = 0.0052734375
stepNorm = 277.8175174618475
chi = 0.6776680745768314
Iteration time (s) = 1.0610451698303223
step rejected
**************************************


**************************************
Iteration 11:
thetak = 4.18114764188574
objk = 11.351855325907962
trustRadius = 0.244140625
sampleRadius = 0.00263671875
stepNorm = 153.8085597401149
chi = 0.7107314978981905
Iteration time (s) = 0.8972043991088867
step rejected
**************************************

[FRP] solve 1 of phase 2, thetak=4.181e+00, Delta=1.221e-01

**************************************
Iteration 12:
thetak = 4.18114764188574
objk = 11.351855325907962
trustRadius = 0.1220703125
sampleRadius = 0.001318359375
stepNorm = 37.54476092237576
chi = 0.5955894395230676
Iteration time (s) = 0.9994127750396729
theta-type step
**************************************


**************************************
Iteration 13:
thetak = 8.28032412409304
objk = 12.17716909221982
trustRadius = 0.06103515625
sampleRadius = 0.001318359375
stepNorm = 58.97665830574172
chi = 0.6583714584720088
Iteration time (s) = 0.900855302810669
step rejected
**************************************


**************************************
Iteration 14:
thetak = 8.28032412409304
objk = 12.17716909221982
trustRadius = 0.030517578125
sampleRadius = 0.0006591796875
stepNorm = 64.98429046997425
chi = 0.7942298341163193
Iteration time (s) = 0.9427728652954102
f-type step
**************************************


**************************************
Iteration 15:
thetak = 8.416882066806636
objk = 5.288850627477655
trustRadius = 0.0762939453125
sampleRadius = 0.0005
stepNorm = 48.06517275249166
chi = 0.26062476693863046
Iteration time (s) = 0.9525918960571289
f-type step
**************************************


**************************************
Iteration 16:
thetak = 10.316639690072584
objk = 2.370264516669436
trustRadius = 0.19073486328125
sampleRadius = 0.0005
stepNorm = 120.16293119442145
chi = 0.15548515550559316
Iteration time (s) = 1.0325121879577637
theta-type step
**************************************


**************************************
Iteration 17:
thetak = 8.395176801897437
objk = 1.776812683482722
trustRadius = 0.19073486328125
sampleRadius = 0.0005
stepNorm = 120.16292071188667
chi = 0.22172413929109877
Iteration time (s) = 1.0327224731445312
f-type step
**************************************


**************************************
Iteration 18:
thetak = 5.968997137791619
objk = 0.9479000894534054
trustRadius = 0.476837158203125
sampleRadius = 0.0005
stepNorm = 300.4073141524962
chi = 0.06044958070235748
Iteration time (s) = 1.0816962718963623
step rejected
**************************************


**************************************
Iteration 19:
thetak = 5.968997137791619
objk = 0.9479000894534054
trustRadius = 0.2384185791015625
sampleRadius = 0.0005
stepNorm = 150.2036478842436
chi = 0.0987311688961694
Iteration time (s) = 0.8865170478820801
theta-type step
**************************************


**************************************
Iteration 20:
thetak = 5.732887035164534
objk = 1.6190635300173033
trustRadius = 0.11920928955078125
sampleRadius = 0.0005
stepNorm = 75.10181062555347
chi = 0.20773020051083665
Iteration time (s) = 0.9265317916870117
theta-type step
**************************************


**************************************
Iteration 21:
thetak = 5.979527798724032
objk = 1.87357570861941
trustRadius = 0.059604644775390625
sampleRadius = 0.0005
stepNorm = 37.550917900878005
chi = 0.17106369798241197
Iteration time (s) = 0.9378530979156494
theta-type step
**************************************


**************************************
Iteration 22:
thetak = 5.260017449163087
objk = 1.8347051519885627
trustRadius = 0.059604644775390625
sampleRadius = 0.0005
stepNorm = 37.55080128258726
chi = 0.12361504233782633
Iteration time (s) = 0.9454398155212402
theta-type step
**************************************


**************************************
Iteration 23:
thetak = 2.6889882564775967
objk = 2.9937934962964166
trustRadius = 0.14901161193847656
sampleRadius = 0.0005
stepNorm = 93.87729508701977
chi = 0.21200164213296524
Iteration time (s) = 1.0203230381011963
step rejected
**************************************


**************************************
Iteration 24:
thetak = 2.6889882564775967
objk = 2.9937934962964166
trustRadius = 0.07450580596923828
sampleRadius = 0.0005
stepNorm = 46.93864781098159
chi = 0.24714135725330072
Iteration time (s) = 1.9318058490753174
step rejected
**************************************

[FRP] solve 1 of phase 3, thetak=2.689e+00, Delta=3.725e-02

**************************************
Iteration 25:
thetak = 2.6889882564775967
objk = 2.9937934962964166
trustRadius = 0.03725290298461914
sampleRadius = 0.0005
stepNorm = 39.442917717145434
chi = 0.24714135725330072
Iteration time (s) = 1.1224334239959717
theta-type step
**************************************


**************************************
Iteration 26:
thetak = 0.8079050856903776
objk = 6.710099608885775
trustRadius = 0.09313225746154785
sampleRadius = 0.00075
stepNorm = 70.94156988527192
chi = 0.3193566999915119
Iteration time (s) = 0.9683165550231934
step rejected
**************************************


**************************************
Iteration 27:
thetak = 0.8079050856903776
objk = 6.710099608885775
trustRadius = 0.046566128730773926
sampleRadius = 0.0005
stepNorm = 60.41734245992086
chi = 0.29256996804275864
Iteration time (s) = 1.000277042388916
step rejected
**************************************

[FRP] solve 1 of phase 4, thetak=8.079e-01, Delta=2.328e-02

**************************************
Iteration 28:
thetak = 0.8079050856903776
objk = 6.710099608885775
trustRadius = 0.023283064365386963
sampleRadius = 0.0005
stepNorm = 9.615970066427394
chi = 0.29256996804275864
Iteration time (s) = 0.9939720630645752
theta-type step
**************************************


**************************************
Iteration 29:
thetak = 0.25933965257476316
objk = 8.561402096670484
trustRadius = 0.05820766091346741
sampleRadius = 0.00075
stepNorm = 51.49714915473136
chi = 0.32345202128679135
Iteration time (s) = 0.7875480651855469
relax-theta-type step
**************************************


**************************************
Iteration 30:
thetak = 1.5219676086249134
objk = 2.7892852443076386
trustRadius = 0.029103830456733704
sampleRadius = 0.0005
stepNorm = 18.33537844851594
chi = 0.17174234130754573
Iteration time (s) = 0.9291031360626221
theta-type step
**************************************


**************************************
Iteration 31:
thetak = 0.24335159775093085
objk = 2.806843576883599
trustRadius = 0.07275957614183426
sampleRadius = 0.0005
stepNorm = 45.83847657748947
chi = 0.18280722404738886
Iteration time (s) = 1.0561983585357666
step rejected
**************************************


**************************************
Iteration 32:
thetak = 0.24335159775093085
objk = 2.806843576883599
trustRadius = 0.03637978807091713
sampleRadius = 0.0005
stepNorm = 22.919199114906178
chi = 0.18280701396993834
Iteration time (s) = 0.9287633895874023
step rejected
**************************************

[FRP] solve 1 of phase 5, thetak=2.434e-01, Delta=1.819e-02

**************************************
Iteration 33:
thetak = 0.24335159775093085
objk = 2.806843576883599
trustRadius = 0.018189894035458565
sampleRadius = 0.0005
stepNorm = 22.900420132041404
chi = 0.18280701396993834
Iteration time (s) = 0.9201979637145996
theta-type step
**************************************


**************************************
Iteration 34:
thetak = 0.17797779574146777
objk = 5.027715690911709
trustRadius = 0.04547473508864641
sampleRadius = 0.0005
stepNorm = 28.649073322054505
chi = 0.3664142729351371
Iteration time (s) = 1.0649714469909668
step rejected
**************************************


**************************************
Iteration 35:
thetak = 0.17797779574146777
objk = 5.027715690911709
trustRadius = 0.022737367544323206
sampleRadius = 0.0005
stepNorm = 24.714783428451852
chi = 0.3664142731434656
Iteration time (s) = 0.874281644821167
step rejected
**************************************

[FRP] solve 1 of phase 6, thetak=1.780e-01, Delta=1.137e-02

**************************************
Iteration 36:
thetak = 0.17797779574146777
objk = 5.027715690911709
trustRadius = 0.011368683772161603
sampleRadius = 0.0005
stepNorm = 8.579009783605883
chi = 0.3664142731434656
Iteration time (s) = 1.0156655311584473
theta-type step
**************************************


**************************************
Iteration 37:
thetak = 0.005756595178944502
objk = 5.821246538209408
trustRadius = 0.028421709430404007
sampleRadius = 0.00075
stepNorm = 26.309561057144364
chi = 0.28370129184621695
Iteration time (s) = 1.0808305740356445
f-type step
**************************************


**************************************
Iteration 38:
thetak = 0.18530211143336525
objk = 2.786409798187092
trustRadius = 0.07105427357601002
sampleRadius = 0.0005
stepNorm = 44.764169491805035
chi = 0.18375878635103032
Iteration time (s) = 0.9525978565216064
step rejected
**************************************


**************************************
Iteration 39:
thetak = 0.18530211143336525
objk = 2.786409798187092
trustRadius = 0.03552713678800501
sampleRadius = 0.0005
stepNorm = 22.382072286001204
chi = 0.1837587608696051
Iteration time (s) = 0.992300271987915
f-type step
**************************************


**************************************
Iteration 40:
thetak = 0.1548932584014543
objk = 2.582707267791451
trustRadius = 0.08881784197001252
sampleRadius = 0.0005
stepNorm = 39.986471697659
chi = 0.3858131091613735
Iteration time (s) = 0.8884637355804443
step rejected
**************************************


**************************************
Iteration 41:
thetak = 0.1548932584014543
objk = 2.582707267791451
trustRadius = 0.04440892098500626
sampleRadius = 0.0005
stepNorm = 25.90072883245989
chi = 0.41259172506798436
Iteration time (s) = 0.9283897876739502
step rejected
**************************************

[FRP] solve 1 of phase 7, thetak=1.549e-01, Delta=2.220e-02

**************************************
Iteration 42:
thetak = 0.1548932584014543
objk = 2.582707267791451
trustRadius = 0.02220446049250313
sampleRadius = 0.0005
stepNorm = 26.777933862327316
chi = 0.41259172506798436
Iteration time (s) = 0.9346702098846436
theta-type step
**************************************


**************************************
Iteration 43:
thetak = 0.08943421876882932
objk = 5.012790912187252
trustRadius = 0.05551115123125783
sampleRadius = 0.0005
stepNorm = 55.20601088273176
chi = 0.3218300673388845
Iteration time (s) = 1.0353336334228516
step rejected
**************************************


**************************************
Iteration 44:
thetak = 0.08943421876882932
objk = 5.012790912187252
trustRadius = 0.027755575615628914
sampleRadius = 0.0005
stepNorm = 41.17579859351436
chi = 0.32183006818935816
Iteration time (s) = 1.1431853771209717
step rejected
**************************************

[FRP] solve 1 of phase 8, thetak=8.943e-02, Delta=1.388e-02

**************************************
Iteration 45:
thetak = 0.08943421876882932
objk = 5.012790912187252
trustRadius = 0.013877787807814457
sampleRadius = 0.0005
stepNorm = 8.305116106146826
chi = 0.32183006818935816
Iteration time (s) = 1.3535208702087402
RESTORATION
**************************************

[FRP] solve 2 of phase 8, thetak=8.943e-02, Delta=6.939e-03

**************************************
Iteration 46:
thetak = 0.08943421876882932
objk = 5.012790912187252
trustRadius = 0.006938893903907228
sampleRadius = 0.0005
stepNorm = 3.407307719810717
chi = 0.32183006818935816
Iteration time (s) = 1.6355431079864502
theta-type step
**************************************


**************************************
Iteration 47:
thetak = 0.12381421354786183
objk = 5.353483582390528
trustRadius = 0.003469446951953614
sampleRadius = 0.0005
stepNorm = 8.195361945414874
chi = 0.29576575400725674
Iteration time (s) = 1.7039666175842285
step rejected
**************************************


**************************************
Iteration 48:
thetak = 0.12381421354786183
objk = 5.353483582390528
trustRadius = 0.001734723475976807
sampleRadius = 0.0005
stepNorm = 4.098437728701782
chi = 0.2957657540714051
Iteration time (s) = 1.551600694656372
f-type step
**************************************


**************************************
Iteration 49:
thetak = 0.11758009875825917
objk = 5.056622915270453
trustRadius = 0.004336808689942018
sampleRadius = 0.0005
stepNorm = 8.83288093795224
chi = 0.27629912882377683
Iteration time (s) = 0.9249341487884521
step rejected
**************************************


**************************************
Iteration 50:
thetak = 0.11758009875825917
objk = 5.056622915270453
trustRadius = 0.002168404344971009
sampleRadius = 0.0005
stepNorm = 4.417652280846028
chi = 0.2762991288364156
Iteration time (s) = 0.9067220687866211
step rejected
**************************************

[FRP] solve 1 of phase 9, thetak=1.176e-01, Delta=1.084e-03

**************************************
Iteration 51:
thetak = 0.11758009875825917
objk = 5.056622915270453
trustRadius = 0.0010842021724855044
sampleRadius = 0.0005
stepNorm = 0.4590784150616821
chi = 0.2762991288364156
Iteration time (s) = 0.8865206241607666
theta-type step
**************************************


**************************************
Iteration 52:
thetak = 0.07521550364918923
objk = 5.121443602524994
trustRadius = 0.002710505431213761
sampleRadius = 0.0005
stepNorm = 6.400862660872733
chi = 0.24558032047941145
Iteration time (s) = 1.0309839248657227
step rejected
**************************************


**************************************
Iteration 53:
thetak = 0.07521550364918923
objk = 5.121443602524994
trustRadius = 0.0013552527156068805
sampleRadius = 0.0005
stepNorm = 3.2008948280833494
chi = 0.24558032058083543
Iteration time (s) = 0.9109830856323242
step rejected
**************************************

[FRP] solve 1 of phase 10, thetak=7.522e-02, Delta=6.776e-04

**************************************
Iteration 54:
thetak = 0.07521550364918923
objk = 5.121443602524994
trustRadius = 0.0006776263578034403
sampleRadius = 0.0005
stepNorm = 0.19251334961717248
chi = 0.24558032058083543
Iteration time (s) = 0.9456336498260498
theta-type step
**************************************


**************************************
Iteration 55:
thetak = 0.030315369729215193
objk = 5.135409220436131
trustRadius = 0.0016940658945086007
sampleRadius = 0.0005
stepNorm = 3.451455265062222
chi = 0.4650363192660983
Iteration time (s) = 1.3737132549285889
f-type step
**************************************


**************************************
Iteration 56:
thetak = 0.06641774477690233
objk = 4.792874114260085
trustRadius = 0.004235164736271502
sampleRadius = 0.0005
stepNorm = 8.622149433838715
chi = 0.32307172286814784
Iteration time (s) = 1.146205186843872
step rejected
**************************************


**************************************
Iteration 57:
thetak = 0.06641774477690233
objk = 4.792874114260085
trustRadius = 0.002117582368135751
sampleRadius = 0.0005
stepNorm = 4.312240926906924
chi = 0.32307172297392095
Iteration time (s) = 0.9184665679931641
f-type step
**************************************


**************************************
Iteration 58:
thetak = 0.03181846965838069
objk = 4.4489448311520485
trustRadius = 0.005293955920339377
sampleRadius = 0.0005
stepNorm = 10.770340710464211
chi = 0.25654541536017283
Iteration time (s) = 1.0713820457458496
step rejected
**************************************


**************************************
Iteration 59:
thetak = 0.03181846965838069
objk = 4.4489448311520485
trustRadius = 0.0026469779601696886
sampleRadius = 0.0005
stepNorm = 5.38701615940677
chi = 0.25654541538410375
Iteration time (s) = 1.0280215740203857
f-type step
**************************************


**************************************
Iteration 60:
thetak = 0.06881869011297634
objk = 4.024011448739995
trustRadius = 0.006617444900424221
sampleRadius = 0.0005
stepNorm = 11.108228691772496
chi = 0.24445958667170214
Iteration time (s) = 1.5084314346313477
f-type step
**************************************


**************************************
Iteration 61:
thetak = 0.03673704841133429
objk = 3.0249339404747397
trustRadius = 0.016543612251060553
sampleRadius = 0.0005
stepNorm = 10.422463438871773
chi = 0.21149474998452794
Iteration time (s) = 0.9604709148406982
step rejected
**************************************


**************************************
Iteration 62:
thetak = 0.03673704841133429
objk = 3.0249339404747397
trustRadius = 0.008271806125530277
sampleRadius = 0.0005
stepNorm = 5.211226487738315
chi = 0.21149472114174855
Iteration time (s) = 0.9155538082122803
step rejected
**************************************

[FRP] solve 1 of phase 11, thetak=3.674e-02, Delta=4.136e-03

**************************************
Iteration 63:
thetak = 0.03673704841133429
objk = 3.0249339404747397
trustRadius = 0.004135903062765138
sampleRadius = 0.0005
stepNorm = 4.818219236850936
chi = 0.21149472114174855
Iteration time (s) = 1.1264660358428955
theta-type step
**************************************


**************************************
Iteration 64:
thetak = 0.005065112584353665
objk = 3.4754223139967735
trustRadius = 0.010339757656912845
sampleRadius = 0.0005
stepNorm = 8.10213193635288
chi = 0.2643064553567238
Iteration time (s) = 0.9248037338256836
step rejected
**************************************


**************************************
Iteration 65:
thetak = 0.005065112584353665
objk = 3.4754223139967735
trustRadius = 0.0051698788284564225
sampleRadius = 0.0005
stepNorm = 5.686865552206708
chi = 0.2643064554769538
Iteration time (s) = 0.9948124885559082
step rejected
**************************************

[FRP] solve 1 of phase 12, thetak=5.065e-03, Delta=2.585e-03

**************************************
Iteration 66:
thetak = 0.005065112584353665
objk = 3.4754223139967735
trustRadius = 0.0025849394142282113
sampleRadius = 0.0005
stepNorm = 1.8999320080556146
chi = 0.2643064554769538
Iteration time (s) = 0.9262347221374512
theta-type step
**************************************


**************************************
Iteration 67:
thetak = 0.01253644476642388
objk = 3.642155467634003
trustRadius = 0.0012924697071141056
sampleRadius = 0.0005
stepNorm = 2.6247853974429916
chi = 0.22685908395974433
Iteration time (s) = 0.917229413986206
f-type step
**************************************


**************************************
Iteration 68:
thetak = 0.020231445079208925
objk = 3.3939110624918443
trustRadius = 0.0032311742677852643
sampleRadius = 0.0005
stepNorm = 3.7918069022383207
chi = 0.24979761026769
Iteration time (s) = 1.0742466449737549
step rejected
**************************************


**************************************
Iteration 69:
thetak = 0.020231445079208925
objk = 3.3939110624918443
trustRadius = 0.0016155871338926322
sampleRadius = 0.0005
stepNorm = 3.279664242123644
chi = 0.24979761028311978
Iteration time (s) = 0.9569108486175537
step rejected
**************************************

[FRP] solve 1 of phase 13, thetak=2.023e-02, Delta=8.078e-04

**************************************
Iteration 70:
thetak = 0.020231445079208925
objk = 3.3939110624918443
trustRadius = 0.0008077935669463161
sampleRadius = 0.0005
stepNorm = 0.5914585602609226
chi = 0.24979761028311978
Iteration time (s) = 1.0522804260253906
RESTORATION
**************************************

[FRP] solve 2 of phase 13, thetak=2.023e-02, Delta=5.000e-04

**************************************
Iteration 71:
thetak = 0.020231445079208925
objk = 3.3939110624918443
trustRadius = 0.0005
sampleRadius = 0.0005
stepNorm = 0.5900590498205096
chi = 0.24979761028311978
Iteration time (s) = 1.530940055847168
RESTORATION
**************************************

[FRP] solve 3 of phase 13, thetak=2.023e-02, Delta=5.000e-04

**************************************
Iteration 72:
thetak = 0.020231445079208925
objk = 3.3939110624918443
trustRadius = 0.0005
sampleRadius = 0.0005
stepNorm = 0.5900590498205096
chi = 0.24979761028311978
Iteration time (s) = 0.9496273994445801
RESTORATION
**************************************

[FRP] solve 4 of phase 13, thetak=2.023e-02, Delta=5.000e-04

**************************************
Iteration 73:
thetak = 0.020231445079208925
objk = 3.3939110624918443
trustRadius = 0.0005
sampleRadius = 0.0005
stepNorm = 0.5900590498205096
chi = 0.24979761028311978
Iteration time (s) = 0.9701473712921143
RESTORATION
**************************************

[FRP] solve 5 of phase 13, thetak=2.023e-02, Delta=5.000e-04

**************************************
Iteration 74:
thetak = 0.020231445079208925
objk = 3.3939110624918443
trustRadius = 0.0005
sampleRadius = 0.0005
stepNorm = 0.5900590498205096
chi = 0.24979761028311978
Iteration time (s) = 1.061286211013794
RESTORATION
**************************************

[FRP] solve 6 of phase 13, thetak=2.023e-02, Delta=5.000e-04

**************************************
Iteration 75:
thetak = 0.020231445079208925
objk = 3.3939110624918443
trustRadius = 0.0005
sampleRadius = 0.0005
stepNorm = 0.5900590498205096
chi = 0.24979761028311978
Iteration time (s) = 0.8382885456085205
RESTORATION
**************************************

[FRP] solve 7 of phase 13, thetak=2.023e-02, Delta=5.000e-04

**************************************
Iteration 76:
thetak = 0.020231445079208925
objk = 3.3939110624918443
trustRadius = 0.0005
sampleRadius = 0.0005
stepNorm = 0.5900590498205096
chi = 0.24979761028311978
Iteration time (s) = 0.8906581401824951
RESTORATION
**************************************

[FRP] solve 8 of phase 13, thetak=2.023e-02, Delta=5.000e-04

**************************************
Iteration 77:
thetak = 0.020231445079208925
objk = 3.3939110624918443
trustRadius = 0.0005
sampleRadius = 0.0005
stepNorm = 0.5900590498205096
chi = 0.24979761028311978
Iteration time (s) = 0.8871121406555176
RESTORATION
**************************************

[FRP] solve 9 of phase 13, thetak=2.023e-02, Delta=5.000e-04

**************************************
Iteration 78:
thetak = 0.020231445079208925
objk = 3.3939110624918443
trustRadius = 0.0005
sampleRadius = 0.0005
stepNorm = 0.5900590498205096
chi = 0.24979761028311978
Iteration time (s) = 0.8626899719238281
RESTORATION
**************************************

[FRP] solve 10 of phase 13, thetak=2.023e-02, Delta=5.000e-04

**************************************
Iteration 79:
thetak = 0.020231445079208925
objk = 3.3939110624918443
trustRadius = 0.0005
sampleRadius = 0.0005
stepNorm = 0.5900590498205096
chi = 0.24979761028311978
Iteration time (s) = 0.8133668899536133
RESTORATION
**************************************

[FRP] solve 11 of phase 13, thetak=2.023e-02, Delta=5.000e-04

**************************************
Iteration 80:
thetak = 0.020231445079208925
objk = 3.3939110624918443
trustRadius = 0.0005
sampleRadius = 0.0005
stepNorm = 0.5900590498205096
chi = 0.24979761028311978
Iteration time (s) = 0.9621608257293701
RESTORATION
**************************************

[FRP] solve 12 of phase 13, thetak=2.023e-02, Delta=5.000e-04

**************************************
Iteration 81:
thetak = 0.020231445079208925
objk = 3.3939110624918443
trustRadius = 0.0005
sampleRadius = 0.0005
stepNorm = 0.5900590498205096
chi = 0.24979761028311978
Iteration time (s) = 1.1127002239227295
RESTORATION
**************************************

[FRP] solve 13 of phase 13, thetak=2.023e-02, Delta=5.000e-04

**************************************
Iteration 82:
thetak = 0.020231445079208925
objk = 3.3939110624918443
trustRadius = 0.0005
sampleRadius = 0.0005
stepNorm = 0.5900590498205096
chi = 0.24979761028311978
Iteration time (s) = 1.020390272140503
RESTORATION
**************************************

[FRP] solve 14 of phase 13, thetak=2.023e-02, Delta=5.000e-04

**************************************
Iteration 83:
thetak = 0.020231445079208925
objk = 3.3939110624918443
trustRadius = 0.0005
sampleRadius = 0.0005
stepNorm = 0.5900590498205096
chi = 0.24979761028311978
Iteration time (s) = 1.1337034702301025
RESTORATION
**************************************

[FRP] solve 15 of phase 13, thetak=2.023e-02, Delta=5.000e-04

**************************************
Iteration 84:
thetak = 0.020231445079208925
objk = 3.3939110624918443
trustRadius = 0.0005
sampleRadius = 0.0005
stepNorm = 0.5900590498205096
chi = 0.24979761028311978
Iteration time (s) = 0.9421937465667725
RESTORATION
**************************************

[FRP] solve 16 of phase 13, thetak=2.023e-02, Delta=5.000e-04

**************************************
Iteration 85:
thetak = 0.020231445079208925
objk = 3.3939110624918443
trustRadius = 0.0005
sampleRadius = 0.0005
stepNorm = 0.5900590498205096
chi = 0.24979761028311978
Iteration time (s) = 0.9176573753356934
RESTORATION
**************************************

[FRP] solve 17 of phase 13, thetak=2.023e-02, Delta=5.000e-04

**************************************
Iteration 86:
thetak = 0.020231445079208925
objk = 3.3939110624918443
trustRadius = 0.0005
sampleRadius = 0.0005
stepNorm = 0.5900590498205096
chi = 0.24979761028311978
Iteration time (s) = 1.1710724830627441
RESTORATION
**************************************

[FRP] solve 18 of phase 13, thetak=2.023e-02, Delta=5.000e-04

**************************************
Iteration 87:
thetak = 0.020231445079208925
objk = 3.3939110624918443
trustRadius = 0.0005
sampleRadius = 0.0005
stepNorm = 0.5900590498205096
chi = 0.24979761028311978
Iteration time (s) = 0.9003090858459473
RESTORATION
**************************************

[FRP] solve 19 of phase 13, thetak=2.023e-02, Delta=5.000e-04

**************************************
Iteration 88:
thetak = 0.020231445079208925
objk = 3.3939110624918443
trustRadius = 0.0005
sampleRadius = 0.0005
stepNorm = 0.5900590498205096
chi = 0.24979761028311978
Iteration time (s) = 1.1681840419769287
RESTORATION
**************************************

[FRP] solve 20 of phase 13, thetak=2.023e-02, Delta=5.000e-04

**************************************
Iteration 89:
thetak = 0.020231445079208925
objk = 3.3939110624918443
trustRadius = 0.0005
sampleRadius = 0.0005
stepNorm = 0.5900590498205096
chi = 0.24979761028311978
Iteration time (s) = 0.9698882102966309
RESTORATION
**************************************

[FRP] solve 21 of phase 13, thetak=2.023e-02, Delta=5.000e-04

**************************************
Iteration 90:
thetak = 0.020231445079208925
objk = 3.3939110624918443
trustRadius = 0.0005
sampleRadius = 0.0005
stepNorm = 0.5900590498205096
chi = 0.24979761028311978
Iteration time (s) = 1.0403075218200684
RESTORATION
**************************************

[FRP] solve 22 of phase 13, thetak=2.023e-02, Delta=5.000e-04

**************************************
Iteration 91:
thetak = 0.020231445079208925
objk = 3.3939110624918443
trustRadius = 0.0005
sampleRadius = 0.0005
stepNorm = 0.5900590498205096
chi = 0.24979761028311978
Iteration time (s) = 1.5075385570526123
RESTORATION
**************************************

[FRP] solve 23 of phase 13, thetak=2.023e-02, Delta=5.000e-04

**************************************
Iteration 92:
thetak = 0.020231445079208925
objk = 3.3939110624918443
trustRadius = 0.0005
sampleRadius = 0.0005
stepNorm = 0.5900590498205096
chi = 0.24979761028311978
Iteration time (s) = 1.5622665882110596
RESTORATION
**************************************

[FRP] solve 24 of phase 13, thetak=2.023e-02, Delta=5.000e-04

**************************************
Iteration 93:
thetak = 0.020231445079208925
objk = 3.3939110624918443
trustRadius = 0.0005
sampleRadius = 0.0005
stepNorm = 0.5900590498205096
chi = 0.24979761028311978
Iteration time (s) = 1.34928297996521
RESTORATION
**************************************

[FRP] solve 25 of phase 13, thetak=2.023e-02, Delta=5.000e-04

**************************************
Iteration 94:
thetak = 0.020231445079208925
objk = 3.3939110624918443
trustRadius = 0.0005
sampleRadius = 0.0005
stepNorm = 0.5900590498205096
chi = 0.24979761028311978
Iteration time (s) = 1.1391947269439697
RESTORATION
**************************************

[FRP] solve 26 of phase 13, thetak=2.023e-02, Delta=5.000e-04

**************************************
Iteration 95:
thetak = 0.020231445079208925
objk = 3.3939110624918443
trustRadius = 0.0005
sampleRadius = 0.0005
stepNorm = 0.5900590498205096
chi = 0.24979761028311978
Iteration time (s) = 1.2754971981048584
RESTORATION
**************************************

[FRP] solve 27 of phase 13, thetak=2.023e-02, Delta=5.000e-04

**************************************
Iteration 96:
thetak = 0.020231445079208925
objk = 3.3939110624918443
trustRadius = 0.0005
sampleRadius = 0.0005
stepNorm = 0.5900590498205096
chi = 0.24979761028311978
Iteration time (s) = 1.043015480041504
RESTORATION
**************************************

[FRP] solve 28 of phase 13, thetak=2.023e-02, Delta=5.000e-04

**************************************
Iteration 97:
thetak = 0.020231445079208925
objk = 3.3939110624918443
trustRadius = 0.0005
sampleRadius = 0.0005
stepNorm = 0.5900590498205096
chi = 0.24979761028311978
Iteration time (s) = 0.9323310852050781
RESTORATION
**************************************

[FRP] solve 29 of phase 13, thetak=2.023e-02, Delta=5.000e-04

**************************************
Iteration 98:
thetak = 0.020231445079208925
objk = 3.3939110624918443
trustRadius = 0.0005
sampleRadius = 0.0005
stepNorm = 0.5900590498205096
chi = 0.24979761028311978
Iteration time (s) = 1.0000941753387451
RESTORATION
**************************************

[FRP] solve 30 of phase 13, thetak=2.023e-02, Delta=5.000e-04

**************************************
Iteration 99:
thetak = 0.020231445079208925
objk = 3.3939110624918443
trustRadius = 0.0005
sampleRadius = 0.0005
stepNorm = 0.5900590498205096
chi = 0.24979761028311978
Iteration time (s) = 0.908257007598877
RESTORATION
**************************************

[FRP] solve 31 of phase 13, thetak=2.023e-02, Delta=5.000e-04

**************************************
Iteration 100:
thetak = 0.020231445079208925
objk = 3.3939110624918443
trustRadius = 0.0005
sampleRadius = 0.0005
stepNorm = 0.5900590498205096
chi = 0.24979761028311978
Iteration time (s) = 1.0413289070129395
RESTORATION
**************************************

[FRP] solve 32 of phase 13, thetak=2.023e-02, Delta=5.000e-04

**************************************
Iteration 101:
thetak = 0.020231445079208925
objk = 3.3939110624918443
trustRadius = 0.0005
sampleRadius = 0.0005
stepNorm = 0.5900590498205096
chi = 0.24979761028311978
Iteration time (s) = 0.95070481300354
RESTORATION
**************************************

[FRP] solve 33 of phase 13, thetak=2.023e-02, Delta=5.000e-04

**************************************
Iteration 102:
thetak = 0.020231445079208925
objk = 3.3939110624918443
trustRadius = 0.0005
sampleRadius = 0.0005
stepNorm = 0.5900590498205096
chi = 0.24979761028311978
Iteration time (s) = 1.031764268875122
RESTORATION
**************************************

[FRP] solve 34 of phase 13, thetak=2.023e-02, Delta=5.000e-04

**************************************
Iteration 103:
thetak = 0.020231445079208925
objk = 3.3939110624918443
trustRadius = 0.0005
sampleRadius = 0.0005
stepNorm = 0.5900590498205096
chi = 0.24979761028311978
Iteration time (s) = 1.0855185985565186
RESTORATION
**************************************

[FRP] solve 35 of phase 13, thetak=2.023e-02, Delta=5.000e-04

**************************************
Iteration 104:
thetak = 0.020231445079208925
objk = 3.3939110624918443
trustRadius = 0.0005
sampleRadius = 0.0005
stepNorm = 0.5900590498205096
chi = 0.24979761028311978
Iteration time (s) = 0.9308366775512695
RESTORATION
**************************************

[FRP] solve 36 of phase 13, thetak=2.023e-02, Delta=5.000e-04

**************************************
Iteration 105:
thetak = 0.020231445079208925
objk = 3.3939110624918443
trustRadius = 0.0005
sampleRadius = 0.0005
stepNorm = 0.5900590498205096
chi = 0.24979761028311978
Iteration time (s) = 1.1530811786651611
RESTORATION
**************************************

[FRP] solve 37 of phase 13, thetak=2.023e-02, Delta=5.000e-04

**************************************
Iteration 106:
thetak = 0.020231445079208925
objk = 3.3939110624918443
trustRadius = 0.0005
sampleRadius = 0.0005
stepNorm = 0.5900590498205096
chi = 0.24979761028311978
Iteration time (s) = 1.3558425903320312
RESTORATION
**************************************

[FRP] solve 38 of phase 13, thetak=2.023e-02, Delta=5.000e-04

**************************************
Iteration 107:
thetak = 0.020231445079208925
objk = 3.3939110624918443
trustRadius = 0.0005
sampleRadius = 0.0005
stepNorm = 0.5900590498205096
chi = 0.24979761028311978
Iteration time (s) = 2.8884665966033936
RESTORATION
**************************************

[FRP] solve 39 of phase 13, thetak=2.023e-02, Delta=5.000e-04

**************************************
Iteration 108:
thetak = 0.020231445079208925
objk = 3.3939110624918443
trustRadius = 0.0005
sampleRadius = 0.0005
stepNorm = 0.5900590498205096
chi = 0.24979761028311978
Iteration time (s) = 1.3367805480957031
RESTORATION
**************************************

[FRP] solve 40 of phase 13, thetak=2.023e-02, Delta=5.000e-04

**************************************
Iteration 109:
thetak = 0.020231445079208925
objk = 3.3939110624918443
trustRadius = 0.0005
sampleRadius = 0.0005
stepNorm = 0.5900590498205096
chi = 0.24979761028311978
Iteration time (s) = 1.4165894985198975
RESTORATION
**************************************

[FRP] solve 41 of phase 13, thetak=2.023e-02, Delta=5.000e-04

**************************************
Iteration 110:
thetak = 0.020231445079208925
objk = 3.3939110624918443
trustRadius = 0.0005
sampleRadius = 0.0005
stepNorm = 0.5900590498205096
chi = 0.24979761028311978
Iteration time (s) = 1.14520263671875
RESTORATION
**************************************

[FRP] solve 42 of phase 13, thetak=2.023e-02, Delta=5.000e-04

**************************************
Iteration 111:
thetak = 0.020231445079208925
objk = 3.3939110624918443
trustRadius = 0.0005
sampleRadius = 0.0005
stepNorm = 0.5900590498205096
chi = 0.24979761028311978
Iteration time (s) = 0.9349672794342041
RESTORATION
**************************************

[FRP] solve 43 of phase 13, thetak=2.023e-02, Delta=5.000e-04

**************************************
Iteration 112:
thetak = 0.020231445079208925
objk = 3.3939110624918443
trustRadius = 0.0005
sampleRadius = 0.0005
stepNorm = 0.5900590498205096
chi = 0.24979761028311978
Iteration time (s) = 0.9102129936218262
RESTORATION
**************************************

[FRP] solve 44 of phase 13, thetak=2.023e-02, Delta=5.000e-04

**************************************
Iteration 113:
thetak = 0.020231445079208925
objk = 3.3939110624918443
trustRadius = 0.0005
sampleRadius = 0.0005
stepNorm = 0.5900590498205096
chi = 0.24979761028311978
Iteration time (s) = 0.8646402359008789
RESTORATION
**************************************

[FRP] solve 45 of phase 13, thetak=2.023e-02, Delta=5.000e-04

**************************************
Iteration 114:
thetak = 0.020231445079208925
objk = 3.3939110624918443
trustRadius = 0.0005
sampleRadius = 0.0005
stepNorm = 0.5900590498205096
chi = 0.24979761028311978
Iteration time (s) = 1.0418827533721924
RESTORATION
**************************************

[FRP] solve 46 of phase 13, thetak=2.023e-02, Delta=5.000e-04

**************************************
Iteration 115:
thetak = 0.020231445079208925
objk = 3.3939110624918443
trustRadius = 0.0005
sampleRadius = 0.0005
stepNorm = 0.5900590498205096
chi = 0.24979761028311978
Iteration time (s) = 1.0906548500061035
RESTORATION
**************************************

[FRP] solve 47 of phase 13, thetak=2.023e-02, Delta=5.000e-04

**************************************
Iteration 116:
thetak = 0.020231445079208925
objk = 3.3939110624918443
trustRadius = 0.0005
sampleRadius = 0.0005
stepNorm = 0.5900590498205096
chi = 0.24979761028311978
Iteration time (s) = 0.9531059265136719
RESTORATION
**************************************

[FRP] solve 48 of phase 13, thetak=2.023e-02, Delta=5.000e-04

**************************************
Iteration 117:
thetak = 0.020231445079208925
objk = 3.3939110624918443
trustRadius = 0.0005
sampleRadius = 0.0005
stepNorm = 0.5900590498205096
chi = 0.24979761028311978
Iteration time (s) = 1.0774798393249512
RESTORATION
**************************************

[FRP] solve 49 of phase 13, thetak=2.023e-02, Delta=5.000e-04

**************************************
Iteration 118:
thetak = 0.020231445079208925
objk = 3.3939110624918443
trustRadius = 0.0005
sampleRadius = 0.0005
stepNorm = 0.5900590498205096
chi = 0.24979761028311978
Iteration time (s) = 1.2447335720062256
RESTORATION
**************************************

[FRP] solve 50 of phase 13, thetak=2.023e-02, Delta=5.000e-04

**************************************
Iteration 119:
thetak = 0.020231445079208925
objk = 3.3939110624918443
trustRadius = 0.0005
sampleRadius = 0.0005
stepNorm = 0.5900590498205096
chi = 0.24979761028311978
Iteration time (s) = 1.311274766921997
RESTORATION
**************************************

[FRP] solve 51 of phase 13, thetak=2.023e-02, Delta=5.000e-04

**************************************
Iteration 120:
thetak = 0.020231445079208925
objk = 3.3939110624918443
trustRadius = 0.0005
sampleRadius = 0.0005
stepNorm = 0.5900590498205096
chi = 0.24979761028311978
Iteration time (s) = 1.5916194915771484
RESTORATION
**************************************

[FRP] solve 52 of phase 13, thetak=2.023e-02, Delta=5.000e-04

**************************************
Iteration 121:
thetak = 0.020231445079208925
objk = 3.3939110624918443
trustRadius = 0.0005
sampleRadius = 0.0005
stepNorm = 0.5900590498205096
chi = 0.24979761028311978
Iteration time (s) = 1.543431043624878
RESTORATION
**************************************

[FRP] solve 53 of phase 13, thetak=2.023e-02, Delta=5.000e-04

**************************************
Iteration 122:
thetak = 0.020231445079208925
objk = 3.3939110624918443
trustRadius = 0.0005
sampleRadius = 0.0005
stepNorm = 0.5900590498205096
chi = 0.24979761028311978
Iteration time (s) = 1.1773896217346191
RESTORATION
**************************************

[FRP] solve 54 of phase 13, thetak=2.023e-02, Delta=5.000e-04

**************************************
Iteration 123:
thetak = 0.020231445079208925
objk = 3.3939110624918443
trustRadius = 0.0005
sampleRadius = 0.0005
stepNorm = 0.5900590498205096
chi = 0.24979761028311978
Iteration time (s) = 1.5906636714935303
RESTORATION
**************************************

[FRP] solve 55 of phase 13, thetak=2.023e-02, Delta=5.000e-04

**************************************
Iteration 124:
thetak = 0.020231445079208925
objk = 3.3939110624918443
trustRadius = 0.0005
sampleRadius = 0.0005
stepNorm = 0.5900590498205096
chi = 0.24979761028311978
Iteration time (s) = 2.076404571533203
RESTORATION
**************************************

[FRP] solve 56 of phase 13, thetak=2.023e-02, Delta=5.000e-04

**************************************
Iteration 125:
thetak = 0.020231445079208925
objk = 3.3939110624918443
trustRadius = 0.0005
sampleRadius = 0.0005
stepNorm = 0.5900590498205096
chi = 0.24979761028311978
Iteration time (s) = 1.7217214107513428
RESTORATION
**************************************

[FRP] solve 57 of phase 13, thetak=2.023e-02, Delta=5.000e-04

**************************************
Iteration 126:
thetak = 0.020231445079208925
objk = 3.3939110624918443
trustRadius = 0.0005
sampleRadius = 0.0005
stepNorm = 0.5900590498205096
chi = 0.24979761028311978
Iteration time (s) = 1.1735470294952393
RESTORATION
**************************************

[FRP] solve 58 of phase 13, thetak=2.023e-02, Delta=5.000e-04

**************************************
Iteration 127:
thetak = 0.020231445079208925
objk = 3.3939110624918443
trustRadius = 0.0005
sampleRadius = 0.0005
stepNorm = 0.5900590498205096
chi = 0.24979761028311978
Iteration time (s) = 1.7449171543121338
RESTORATION
**************************************

[FRP] solve 59 of phase 13, thetak=2.023e-02, Delta=5.000e-04

**************************************
Iteration 128:
thetak = 0.020231445079208925
objk = 3.3939110624918443
trustRadius = 0.0005
sampleRadius = 0.0005
stepNorm = 0.5900590498205096
chi = 0.24979761028311978
Iteration time (s) = 1.3927547931671143
RESTORATION
**************************************

[FRP] solve 60 of phase 13, thetak=2.023e-02, Delta=5.000e-04

**************************************
Iteration 129:
thetak = 0.020231445079208925
objk = 3.3939110624918443
trustRadius = 0.0005
sampleRadius = 0.0005
stepNorm = 0.5900590498205096
chi = 0.24979761028311978
Iteration time (s) = 2.1978113651275635
RESTORATION
**************************************

[FRP] solve 61 of phase 13, thetak=2.023e-02, Delta=5.000e-04

**************************************
Iteration 130:
thetak = 0.020231445079208925
objk = 3.3939110624918443
trustRadius = 0.0005
sampleRadius = 0.0005
stepNorm = 0.5900590498205096
chi = 0.24979761028311978
Iteration time (s) = 1.974428415298462
RESTORATION
**************************************

[FRP] solve 62 of phase 13, thetak=2.023e-02, Delta=5.000e-04

**************************************
Iteration 131:
thetak = 0.020231445079208925
objk = 3.3939110624918443
trustRadius = 0.0005
sampleRadius = 0.0005
stepNorm = 0.5900590498205096
chi = 0.24979761028311978
Iteration time (s) = 1.505976915359497
RESTORATION
**************************************

[FRP] solve 63 of phase 13, thetak=2.023e-02, Delta=5.000e-04

**************************************
Iteration 132:
thetak = 0.020231445079208925
objk = 3.3939110624918443
trustRadius = 0.0005
sampleRadius = 0.0005
stepNorm = 0.5900590498205096
chi = 0.24979761028311978
Iteration time (s) = 1.238915205001831
RESTORATION
**************************************

[FRP] solve 64 of phase 13, thetak=2.023e-02, Delta=5.000e-04

**************************************
Iteration 133:
thetak = 0.020231445079208925
objk = 3.3939110624918443
trustRadius = 0.0005
sampleRadius = 0.0005
stepNorm = 0.5900590498205096
chi = 0.24979761028311978
Iteration time (s) = 1.099548101425171
RESTORATION
**************************************

[FRP] solve 65 of phase 13, thetak=2.023e-02, Delta=5.000e-04

**************************************
Iteration 134:
thetak = 0.020231445079208925
objk = 3.3939110624918443
trustRadius = 0.0005
sampleRadius = 0.0005
stepNorm = 0.5900590498205096
chi = 0.24979761028311978
Iteration time (s) = 1.1280708312988281
RESTORATION
**************************************

[FRP] solve 66 of phase 13, thetak=2.023e-02, Delta=5.000e-04

**************************************
Iteration 135:
thetak = 0.020231445079208925
objk = 3.3939110624918443
trustRadius = 0.0005
sampleRadius = 0.0005
stepNorm = 0.5900590498205096
chi = 0.24979761028311978
Iteration time (s) = 1.143643856048584
RESTORATION
**************************************

[FRP] solve 67 of phase 13, thetak=2.023e-02, Delta=5.000e-04

**************************************
Iteration 136:
thetak = 0.020231445079208925
objk = 3.3939110624918443
trustRadius = 0.0005
sampleRadius = 0.0005
stepNorm = 0.5900590498205096
chi = 0.24979761028311978
Iteration time (s) = 0.9924516677856445
RESTORATION
**************************************

[FRP] solve 68 of phase 13, thetak=2.023e-02, Delta=5.000e-04

**************************************
Iteration 137:
thetak = 0.020231445079208925
objk = 3.3939110624918443
trustRadius = 0.0005
sampleRadius = 0.0005
stepNorm = 0.5900590498205096
chi = 0.24979761028311978
Iteration time (s) = 0.969451904296875
RESTORATION
**************************************

[FRP] solve 69 of phase 13, thetak=2.023e-02, Delta=5.000e-04

**************************************
Iteration 138:
thetak = 0.020231445079208925
objk = 3.3939110624918443
trustRadius = 0.0005
sampleRadius = 0.0005
stepNorm = 0.5900590498205096
chi = 0.24979761028311978
Iteration time (s) = 1.1132164001464844
RESTORATION
**************************************

[FRP] solve 70 of phase 13, thetak=2.023e-02, Delta=5.000e-04

**************************************
Iteration 139:
thetak = 0.020231445079208925
objk = 3.3939110624918443
trustRadius = 0.0005
sampleRadius = 0.0005
stepNorm = 0.5900590498205096
chi = 0.24979761028311978
Iteration time (s) = 1.071747064590454
RESTORATION
**************************************

[FRP] solve 71 of phase 13, thetak=2.023e-02, Delta=5.000e-04

**************************************
Iteration 140:
thetak = 0.020231445079208925
objk = 3.3939110624918443
trustRadius = 0.0005
sampleRadius = 0.0005
stepNorm = 0.5900590498205096
chi = 0.24979761028311978
Iteration time (s) = 0.8889129161834717
RESTORATION
**************************************

[FRP] solve 72 of phase 13, thetak=2.023e-02, Delta=5.000e-04

**************************************
Iteration 141:
thetak = 0.020231445079208925
objk = 3.3939110624918443
trustRadius = 0.0005
sampleRadius = 0.0005
stepNorm = 0.5900590498205096
chi = 0.24979761028311978
Iteration time (s) = 0.9454066753387451
RESTORATION
**************************************

[FRP] solve 73 of phase 13, thetak=2.023e-02, Delta=5.000e-04

**************************************
Iteration 142:
thetak = 0.020231445079208925
objk = 3.3939110624918443
trustRadius = 0.0005
sampleRadius = 0.0005
stepNorm = 0.5900590498205096
chi = 0.24979761028311978
Iteration time (s) = 0.9927496910095215
RESTORATION
**************************************

[FRP] solve 74 of phase 13, thetak=2.023e-02, Delta=5.000e-04

**************************************
Iteration 143:
thetak = 0.020231445079208925
objk = 3.3939110624918443
trustRadius = 0.0005
sampleRadius = 0.0005
stepNorm = 0.5900590498205096
chi = 0.24979761028311978
Iteration time (s) = 0.8965811729431152
RESTORATION
**************************************

[FRP] solve 75 of phase 13, thetak=2.023e-02, Delta=5.000e-04

**************************************
Iteration 144:
thetak = 0.020231445079208925
objk = 3.3939110624918443
trustRadius = 0.0005
sampleRadius = 0.0005
stepNorm = 0.5900590498205096
chi = 0.24979761028311978
Iteration time (s) = 0.8978550434112549
RESTORATION
**************************************

[FRP] solve 76 of phase 13, thetak=2.023e-02, Delta=5.000e-04

**************************************
Iteration 145:
thetak = 0.020231445079208925
objk = 3.3939110624918443
trustRadius = 0.0005
sampleRadius = 0.0005
stepNorm = 0.5900590498205096
chi = 0.24979761028311978
Iteration time (s) = 0.9073343276977539
RESTORATION
**************************************

[FRP] solve 77 of phase 13, thetak=2.023e-02, Delta=5.000e-04

**************************************
Iteration 146:
thetak = 0.020231445079208925
objk = 3.3939110624918443
trustRadius = 0.0005
sampleRadius = 0.0005
stepNorm = 0.5900590498205096
chi = 0.24979761028311978
Iteration time (s) = 0.8981204032897949
RESTORATION
**************************************

[FRP] solve 78 of phase 13, thetak=2.023e-02, Delta=5.000e-04

**************************************
Iteration 147:
thetak = 0.020231445079208925
objk = 3.3939110624918443
trustRadius = 0.0005
sampleRadius = 0.0005
stepNorm = 0.5900590498205096
chi = 0.24979761028311978
Iteration time (s) = 0.8046085834503174
RESTORATION
**************************************

[FRP] solve 79 of phase 13, thetak=2.023e-02, Delta=5.000e-04

**************************************
Iteration 148:
thetak = 0.020231445079208925
objk = 3.3939110624918443
trustRadius = 0.0005
sampleRadius = 0.0005
stepNorm = 0.5900590498205096
chi = 0.24979761028311978
Iteration time (s) = 0.9421494007110596
RESTORATION
**************************************

[FRP] solve 80 of phase 13, thetak=2.023e-02, Delta=5.000e-04

**************************************
Iteration 149:
thetak = 0.020231445079208925
objk = 3.3939110624918443
trustRadius = 0.0005
sampleRadius = 0.0005
stepNorm = 0.5900590498205096
chi = 0.24979761028311978
Iteration time (s) = 0.8481795787811279
RESTORATION
**************************************

[FRP] solve 81 of phase 13, thetak=2.023e-02, Delta=5.000e-04

**************************************
Iteration 150:
thetak = 0.020231445079208925
objk = 3.3939110624918443
trustRadius = 0.0005
sampleRadius = 0.0005
stepNorm = 0.5900590498205096
chi = 0.24979761028311978
Iteration time (s) = 0.910078763961792
RESTORATION
**************************************

[FRP] solve 82 of phase 13, thetak=2.023e-02, Delta=5.000e-04

**************************************
Iteration 151:
thetak = 0.020231445079208925
objk = 3.3939110624918443
trustRadius = 0.0005
sampleRadius = 0.0005
stepNorm = 0.5900590498205096
chi = 0.24979761028311978
Iteration time (s) = 0.7796273231506348
RESTORATION
**************************************

[FRP] solve 83 of phase 13, thetak=2.023e-02, Delta=5.000e-04

**************************************
Iteration 152:
thetak = 0.020231445079208925
objk = 3.3939110624918443
trustRadius = 0.0005
sampleRadius = 0.0005
stepNorm = 0.5900590498205096
chi = 0.24979761028311978
Iteration time (s) = 1.0109672546386719
RESTORATION
**************************************

[FRP] solve 84 of phase 13, thetak=2.023e-02, Delta=5.000e-04

**************************************
Iteration 153:
thetak = 0.020231445079208925
objk = 3.3939110624918443
trustRadius = 0.0005
sampleRadius = 0.0005
stepNorm = 0.5900590498205096
chi = 0.24979761028311978
Iteration time (s) = 1.184812307357788
RESTORATION
**************************************

[FRP] solve 85 of phase 13, thetak=2.023e-02, Delta=5.000e-04

**************************************
Iteration 154:
thetak = 0.020231445079208925
objk = 3.3939110624918443
trustRadius = 0.0005
sampleRadius = 0.0005
stepNorm = 0.5900590498205096
chi = 0.24979761028311978
Iteration time (s) = 1.1917598247528076
RESTORATION
**************************************

[FRP] solve 86 of phase 13, thetak=2.023e-02, Delta=5.000e-04

**************************************
Iteration 155:
thetak = 0.020231445079208925
objk = 3.3939110624918443
trustRadius = 0.0005
sampleRadius = 0.0005
stepNorm = 0.5900590498205096
chi = 0.24979761028311978
Iteration time (s) = 1.4881327152252197
RESTORATION
**************************************

[FRP] solve 87 of phase 13, thetak=2.023e-02, Delta=5.000e-04

**************************************
Iteration 156:
thetak = 0.020231445079208925
objk = 3.3939110624918443
trustRadius = 0.0005
sampleRadius = 0.0005
stepNorm = 0.5900590498205096
chi = 0.24979761028311978
Iteration time (s) = 1.1590855121612549
RESTORATION
**************************************

[FRP] solve 88 of phase 13, thetak=2.023e-02, Delta=5.000e-04

**************************************
Iteration 157:
thetak = 0.020231445079208925
objk = 3.3939110624918443
trustRadius = 0.0005
sampleRadius = 0.0005
stepNorm = 0.5900590498205096
chi = 0.24979761028311978
Iteration time (s) = 1.1640572547912598
RESTORATION
**************************************

[FRP] solve 89 of phase 13, thetak=2.023e-02, Delta=5.000e-04

**************************************
Iteration 158:
thetak = 0.020231445079208925
objk = 3.3939110624918443
trustRadius = 0.0005
sampleRadius = 0.0005
stepNorm = 0.5900590498205096
chi = 0.24979761028311978
Iteration time (s) = 1.0946998596191406
RESTORATION
**************************************

[FRP] solve 90 of phase 13, thetak=2.023e-02, Delta=5.000e-04

**************************************
Iteration 159:
thetak = 0.020231445079208925
objk = 3.3939110624918443
trustRadius = 0.0005
sampleRadius = 0.0005
stepNorm = 0.5900590498205096
chi = 0.24979761028311978
Iteration time (s) = 1.2639033794403076
RESTORATION
**************************************

[FRP] solve 91 of phase 13, thetak=2.023e-02, Delta=5.000e-04

**************************************
Iteration 160:
thetak = 0.020231445079208925
objk = 3.3939110624918443
trustRadius = 0.0005
sampleRadius = 0.0005
stepNorm = 0.5900590498205096
chi = 0.24979761028311978
Iteration time (s) = 1.0401384830474854
RESTORATION
**************************************

[FRP] solve 92 of phase 13, thetak=2.023e-02, Delta=5.000e-04

**************************************
Iteration 161:
thetak = 0.020231445079208925
objk = 3.3939110624918443
trustRadius = 0.0005
sampleRadius = 0.0005
stepNorm = 0.5900590498205096
chi = 0.24979761028311978
Iteration time (s) = 1.150383710861206
RESTORATION
**************************************

[FRP] solve 93 of phase 13, thetak=2.023e-02, Delta=5.000e-04

**************************************
Iteration 162:
thetak = 0.020231445079208925
objk = 3.3939110624918443
trustRadius = 0.0005
sampleRadius = 0.0005
stepNorm = 0.5900590498205096
chi = 0.24979761028311978
Iteration time (s) = 0.9930176734924316
RESTORATION
**************************************

[FRP] solve 94 of phase 13, thetak=2.023e-02, Delta=5.000e-04

**************************************
Iteration 163:
thetak = 0.020231445079208925
objk = 3.3939110624918443
trustRadius = 0.0005
sampleRadius = 0.0005
stepNorm = 0.5900590498205096
chi = 0.24979761028311978
Iteration time (s) = 1.6390869617462158
RESTORATION
**************************************

[FRP] solve 95 of phase 13, thetak=2.023e-02, Delta=5.000e-04

**************************************
Iteration 164:
thetak = 0.020231445079208925
objk = 3.3939110624918443
trustRadius = 0.0005
sampleRadius = 0.0005
stepNorm = 0.5900590498205096
chi = 0.24979761028311978
Iteration time (s) = 1.5531823635101318
RESTORATION
**************************************

[FRP] solve 96 of phase 13, thetak=2.023e-02, Delta=5.000e-04

**************************************
Iteration 165:
thetak = 0.020231445079208925
objk = 3.3939110624918443
trustRadius = 0.0005
sampleRadius = 0.0005
stepNorm = 0.5900590498205096
chi = 0.24979761028311978
Iteration time (s) = 1.1188240051269531
RESTORATION
**************************************

[FRP] solve 97 of phase 13, thetak=2.023e-02, Delta=5.000e-04

**************************************
Iteration 166:
thetak = 0.020231445079208925
objk = 3.3939110624918443
trustRadius = 0.0005
sampleRadius = 0.0005
stepNorm = 0.5900590498205096
chi = 0.24979761028311978
Iteration time (s) = 1.172478199005127
RESTORATION
**************************************

[FRP] solve 98 of phase 13, thetak=2.023e-02, Delta=5.000e-04

**************************************
Iteration 167:
thetak = 0.020231445079208925
objk = 3.3939110624918443
trustRadius = 0.0005
sampleRadius = 0.0005
stepNorm = 0.5900590498205096
chi = 0.24979761028311978
Iteration time (s) = 1.7503776550292969
RESTORATION
**************************************

[FRP] solve 99 of phase 13, thetak=2.023e-02, Delta=5.000e-04

**************************************
Iteration 168:
thetak = 0.020231445079208925
objk = 3.3939110624918443
trustRadius = 0.0005
sampleRadius = 0.0005
stepNorm = 0.5900590498205096
chi = 0.24979761028311978
Iteration time (s) = 1.5816247463226318
RESTORATION
**************************************

[FRP] solve 100 of phase 13, thetak=2.023e-02, Delta=5.000e-04

**************************************
Iteration 169:
thetak = 0.020231445079208925
objk = 3.3939110624918443
trustRadius = 0.0005
sampleRadius = 0.0005
stepNorm = 0.5900590498205096
chi = 0.24979761028311978
Iteration time (s) = 1.4408023357391357
RESTORATION
**************************************

[FRP] solve 101 of phase 13, thetak=2.023e-02, Delta=5.000e-04

**************************************
Iteration 170:
thetak = 0.020231445079208925
objk = 3.3939110624918443
trustRadius = 0.0005
sampleRadius = 0.0005
stepNorm = 0.5900590498205096
chi = 0.24979761028311978
Iteration time (s) = 1.1733264923095703
RESTORATION
**************************************

[FRP] solve 102 of phase 13, thetak=2.023e-02, Delta=5.000e-04

**************************************
Iteration 171:
thetak = 0.020231445079208925
objk = 3.3939110624918443
trustRadius = 0.0005
sampleRadius = 0.0005
stepNorm = 0.5900590498205096
chi = 0.24979761028311978
Iteration time (s) = 1.6703596115112305
RESTORATION
**************************************

[FRP] solve 103 of phase 13, thetak=2.023e-02, Delta=5.000e-04

**************************************
Iteration 172:
thetak = 0.020231445079208925
objk = 3.3939110624918443
trustRadius = 0.0005
sampleRadius = 0.0005
stepNorm = 0.5900590498205096
chi = 0.24979761028311978
Iteration time (s) = 2.153989315032959
RESTORATION
**************************************

[FRP] solve 104 of phase 13, thetak=2.023e-02, Delta=5.000e-04

**************************************
Iteration 173:
thetak = 0.020231445079208925
objk = 3.3939110624918443
trustRadius = 0.0005
sampleRadius = 0.0005
stepNorm = 0.5900590498205096
chi = 0.24979761028311978
Iteration time (s) = 1.0738747119903564
RESTORATION
**************************************

[FRP] solve 105 of phase 13, thetak=2.023e-02, Delta=5.000e-04

**************************************
Iteration 174:
thetak = 0.020231445079208925
objk = 3.3939110624918443
trustRadius = 0.0005
sampleRadius = 0.0005
stepNorm = 0.5900590498205096
chi = 0.24979761028311978
Iteration time (s) = 1.112384557723999
RESTORATION
**************************************

[FRP] solve 106 of phase 13, thetak=2.023e-02, Delta=5.000e-04

**************************************
Iteration 175:
thetak = 0.020231445079208925
objk = 3.3939110624918443
trustRadius = 0.0005
sampleRadius = 0.0005
stepNorm = 0.5900590498205096
chi = 0.24979761028311978
Iteration time (s) = 1.26076340675354
RESTORATION
**************************************

[FRP] solve 107 of phase 13, thetak=2.023e-02, Delta=5.000e-04

**************************************
Iteration 176:
thetak = 0.020231445079208925
objk = 3.3939110624918443
trustRadius = 0.0005
sampleRadius = 0.0005
stepNorm = 0.5900590498205096
chi = 0.24979761028311978
Iteration time (s) = 1.3878962993621826
RESTORATION
**************************************

[FRP] solve 108 of phase 13, thetak=2.023e-02, Delta=5.000e-04

**************************************
Iteration 177:
thetak = 0.020231445079208925
objk = 3.3939110624918443
trustRadius = 0.0005
sampleRadius = 0.0005
stepNorm = 0.5900590498205096
chi = 0.24979761028311978
Iteration time (s) = 1.1867992877960205
RESTORATION
**************************************

[FRP] solve 109 of phase 13, thetak=2.023e-02, Delta=5.000e-04

**************************************
Iteration 178:
thetak = 0.020231445079208925
objk = 3.3939110624918443
trustRadius = 0.0005
sampleRadius = 0.0005
stepNorm = 0.5900590498205096
chi = 0.24979761028311978
Iteration time (s) = 1.353067398071289
RESTORATION
**************************************

[FRP] solve 110 of phase 13, thetak=2.023e-02, Delta=5.000e-04

**************************************
Iteration 179:
thetak = 0.020231445079208925
objk = 3.3939110624918443
trustRadius = 0.0005
sampleRadius = 0.0005
stepNorm = 0.5900590498205096
chi = 0.24979761028311978
Iteration time (s) = 1.0786969661712646
RESTORATION
**************************************

[FRP] solve 111 of phase 13, thetak=2.023e-02, Delta=5.000e-04

**************************************
Iteration 180:
thetak = 0.020231445079208925
objk = 3.3939110624918443
trustRadius = 0.0005
sampleRadius = 0.0005
stepNorm = 0.5900590498205096
chi = 0.24979761028311978
Iteration time (s) = 1.2345960140228271
RESTORATION
**************************************

[FRP] solve 112 of phase 13, thetak=2.023e-02, Delta=5.000e-04

**************************************
Iteration 181:
thetak = 0.020231445079208925
objk = 3.3939110624918443
trustRadius = 0.0005
sampleRadius = 0.0005
stepNorm = 0.5900590498205096
chi = 0.24979761028311978
Iteration time (s) = 1.0561623573303223
RESTORATION
**************************************

[FRP] solve 113 of phase 13, thetak=2.023e-02, Delta=5.000e-04

**************************************
Iteration 182:
thetak = 0.020231445079208925
objk = 3.3939110624918443
trustRadius = 0.0005
sampleRadius = 0.0005
stepNorm = 0.5900590498205096
chi = 0.24979761028311978
Iteration time (s) = 1.0659160614013672
RESTORATION
**************************************

[FRP] solve 114 of phase 13, thetak=2.023e-02, Delta=5.000e-04

**************************************
Iteration 183:
thetak = 0.020231445079208925
objk = 3.3939110624918443
trustRadius = 0.0005
sampleRadius = 0.0005
stepNorm = 0.5900590498205096
chi = 0.24979761028311978
Iteration time (s) = 1.140566349029541
RESTORATION
**************************************

[FRP] solve 115 of phase 13, thetak=2.023e-02, Delta=5.000e-04

**************************************
Iteration 184:
thetak = 0.020231445079208925
objk = 3.3939110624918443
trustRadius = 0.0005
sampleRadius = 0.0005
stepNorm = 0.5900590498205096
chi = 0.24979761028311978
Iteration time (s) = 0.9463760852813721
RESTORATION
**************************************

[FRP] solve 116 of phase 13, thetak=2.023e-02, Delta=5.000e-04

**************************************
Iteration 185:
thetak = 0.020231445079208925
objk = 3.3939110624918443
trustRadius = 0.0005
sampleRadius = 0.0005
stepNorm = 0.5900590498205096
chi = 0.24979761028311978
Iteration time (s) = 1.8015668392181396
RESTORATION
**************************************

[FRP] solve 117 of phase 13, thetak=2.023e-02, Delta=5.000e-04

**************************************
Iteration 186:
thetak = 0.020231445079208925
objk = 3.3939110624918443
trustRadius = 0.0005
sampleRadius = 0.0005
stepNorm = 0.5900590498205096
chi = 0.24979761028311978
Iteration time (s) = 1.3632714748382568
RESTORATION
**************************************

[FRP] solve 118 of phase 13, thetak=2.023e-02, Delta=5.000e-04

**************************************
Iteration 187:
thetak = 0.020231445079208925
objk = 3.3939110624918443
trustRadius = 0.0005
sampleRadius = 0.0005
stepNorm = 0.5900590498205096
chi = 0.24979761028311978
Iteration time (s) = 1.5630700588226318
RESTORATION
**************************************

[FRP] solve 119 of phase 13, thetak=2.023e-02, Delta=5.000e-04

**************************************
Iteration 188:
thetak = 0.020231445079208925
objk = 3.3939110624918443
trustRadius = 0.0005
sampleRadius = 0.0005
stepNorm = 0.5900590498205096
chi = 0.24979761028311978
Iteration time (s) = 1.30143404006958
RESTORATION
**************************************

[FRP] solve 120 of phase 13, thetak=2.023e-02, Delta=5.000e-04

**************************************
Iteration 189:
thetak = 0.020231445079208925
objk = 3.3939110624918443
trustRadius = 0.0005
sampleRadius = 0.0005
stepNorm = 0.5900590498205096
chi = 0.24979761028311978
Iteration time (s) = 1.5038044452667236
RESTORATION
**************************************

[FRP] solve 121 of phase 13, thetak=2.023e-02, Delta=5.000e-04

**************************************
Iteration 190:
thetak = 0.020231445079208925
objk = 3.3939110624918443
trustRadius = 0.0005
sampleRadius = 0.0005
stepNorm = 0.5900590498205096
chi = 0.24979761028311978
Iteration time (s) = 1.0253539085388184
RESTORATION
**************************************

[FRP] solve 122 of phase 13, thetak=2.023e-02, Delta=5.000e-04

**************************************
Iteration 191:
thetak = 0.020231445079208925
objk = 3.3939110624918443
trustRadius = 0.0005
sampleRadius = 0.0005
stepNorm = 0.5900590498205096
chi = 0.24979761028311978
Iteration time (s) = 1.1177606582641602
RESTORATION
**************************************

[FRP] solve 123 of phase 13, thetak=2.023e-02, Delta=5.000e-04

**************************************
Iteration 192:
thetak = 0.020231445079208925
objk = 3.3939110624918443
trustRadius = 0.0005
sampleRadius = 0.0005
stepNorm = 0.5900590498205096
chi = 0.24979761028311978
Iteration time (s) = 1.2056326866149902
RESTORATION
**************************************

[FRP] solve 124 of phase 13, thetak=2.023e-02, Delta=5.000e-04

**************************************
Iteration 193:
thetak = 0.020231445079208925
objk = 3.3939110624918443
trustRadius = 0.0005
sampleRadius = 0.0005
stepNorm = 0.5900590498205096
chi = 0.24979761028311978
Iteration time (s) = 1.0674054622650146
RESTORATION
**************************************

[FRP] solve 125 of phase 13, thetak=2.023e-02, Delta=5.000e-04

**************************************
Iteration 194:
thetak = 0.020231445079208925
objk = 3.3939110624918443
trustRadius = 0.0005
sampleRadius = 0.0005
stepNorm = 0.5900590498205096
chi = 0.24979761028311978
Iteration time (s) = 1.484616756439209
RESTORATION
**************************************

[FRP] solve 126 of phase 13, thetak=2.023e-02, Delta=5.000e-04

**************************************
Iteration 195:
thetak = 0.020231445079208925
objk = 3.3939110624918443
trustRadius = 0.0005
sampleRadius = 0.0005
stepNorm = 0.5900590498205096
chi = 0.24979761028311978
Iteration time (s) = 1.3593592643737793
RESTORATION
**************************************

[FRP] solve 127 of phase 13, thetak=2.023e-02, Delta=5.000e-04

**************************************
Iteration 196:
thetak = 0.020231445079208925
objk = 3.3939110624918443
trustRadius = 0.0005
sampleRadius = 0.0005
stepNorm = 0.5900590498205096
chi = 0.24979761028311978
Iteration time (s) = 1.2271032333374023
RESTORATION
**************************************

[FRP] solve 128 of phase 13, thetak=2.023e-02, Delta=5.000e-04

**************************************
Iteration 197:
thetak = 0.020231445079208925
objk = 3.3939110624918443
trustRadius = 0.0005
sampleRadius = 0.0005
stepNorm = 0.5900590498205096
chi = 0.24979761028311978
Iteration time (s) = 1.0246620178222656
RESTORATION
**************************************

[FRP] solve 129 of phase 13, thetak=2.023e-02, Delta=5.000e-04

**************************************
Iteration 198:
thetak = 0.020231445079208925
objk = 3.3939110624918443
trustRadius = 0.0005
sampleRadius = 0.0005
stepNorm = 0.5900590498205096
chi = 0.24979761028311978
Iteration time (s) = 0.9253420829772949
RESTORATION
**************************************

[FRP] solve 130 of phase 13, thetak=2.023e-02, Delta=5.000e-04

**************************************
Iteration 199:
thetak = 0.020231445079208925
objk = 3.3939110624918443
trustRadius = 0.0005
sampleRadius = 0.0005
stepNorm = 0.5900590498205096
chi = 0.24979761028311978
Iteration time (s) = 1.1378240585327148
RESTORATION
**************************************

[FRP] solve 131 of phase 13, thetak=2.023e-02, Delta=5.000e-04

**************************************
Iteration 200:
thetak = 0.020231445079208925
objk = 3.3939110624918443
trustRadius = 0.0005
sampleRadius = 0.0005
stepNorm = 0.5900590498205096
chi = 0.24979761028311978
Iteration time (s) = 1.0646111965179443
RESTORATION
**************************************

[FRP] solve 132 of phase 13, thetak=2.023e-02, Delta=5.000e-04

**************************************
Iteration 201:
thetak = 0.020231445079208925
objk = 3.3939110624918443
trustRadius = 0.0005
sampleRadius = 0.0005
stepNorm = 0.5900590498205096
chi = 0.24979761028311978
Iteration time (s) = 1.0823204517364502
RESTORATION
**************************************

[FRP] solve 133 of phase 13, thetak=2.023e-02, Delta=5.000e-04

**************************************
Iteration 202:
thetak = 0.020231445079208925
objk = 3.3939110624918443
trustRadius = 0.0005
sampleRadius = 0.0005
stepNorm = 0.5900590498205096
chi = 0.24979761028311978
Iteration time (s) = 1.2633907794952393
RESTORATION
**************************************

[FRP] solve 134 of phase 13, thetak=2.023e-02, Delta=5.000e-04

**************************************
Iteration 203:
thetak = 0.020231445079208925
objk = 3.3939110624918443
trustRadius = 0.0005
sampleRadius = 0.0005
stepNorm = 0.5900590498205096
chi = 0.24979761028311978
Iteration time (s) = 1.270810604095459
RESTORATION
**************************************

[FRP] solve 135 of phase 13, thetak=2.023e-02, Delta=5.000e-04

**************************************
Iteration 204:
thetak = 0.020231445079208925
objk = 3.3939110624918443
trustRadius = 0.0005
sampleRadius = 0.0005
stepNorm = 0.5900590498205096
chi = 0.24979761028311978
Iteration time (s) = 1.4254283905029297
RESTORATION
**************************************

[FRP] solve 136 of phase 13, thetak=2.023e-02, Delta=5.000e-04

**************************************
Iteration 205:
thetak = 0.020231445079208925
objk = 3.3939110624918443
trustRadius = 0.0005
sampleRadius = 0.0005
stepNorm = 0.5900590498205096
chi = 0.24979761028311978
Iteration time (s) = 1.1357111930847168
RESTORATION
**************************************

[FRP] solve 137 of phase 13, thetak=2.023e-02, Delta=5.000e-04

**************************************
Iteration 206:
thetak = 0.020231445079208925
objk = 3.3939110624918443
trustRadius = 0.0005
sampleRadius = 0.0005
stepNorm = 0.5900590498205096
chi = 0.24979761028311978
Iteration time (s) = 1.2988073825836182
RESTORATION
**************************************

[FRP] solve 138 of phase 13, thetak=2.023e-02, Delta=5.000e-04

**************************************
Iteration 207:
thetak = 0.020231445079208925
objk = 3.3939110624918443
trustRadius = 0.0005
sampleRadius = 0.0005
stepNorm = 0.5900590498205096
chi = 0.24979761028311978
Iteration time (s) = 1.117408037185669
RESTORATION
**************************************

[FRP] solve 139 of phase 13, thetak=2.023e-02, Delta=5.000e-04

**************************************
Iteration 208:
thetak = 0.020231445079208925
objk = 3.3939110624918443
trustRadius = 0.0005
sampleRadius = 0.0005
stepNorm = 0.5900590498205096
chi = 0.24979761028311978
Iteration time (s) = 1.2332744598388672
RESTORATION
**************************************

[FRP] solve 140 of phase 13, thetak=2.023e-02, Delta=5.000e-04

**************************************
Iteration 209:
thetak = 0.020231445079208925
objk = 3.3939110624918443
trustRadius = 0.0005
sampleRadius = 0.0005
stepNorm = 0.5900590498205096
chi = 0.24979761028311978
Iteration time (s) = 1.3848214149475098
RESTORATION
**************************************

[FRP] solve 141 of phase 13, thetak=2.023e-02, Delta=5.000e-04

**************************************
Iteration 210:
thetak = 0.020231445079208925
objk = 3.3939110624918443
trustRadius = 0.0005
sampleRadius = 0.0005
stepNorm = 0.5900590498205096
chi = 0.24979761028311978
Iteration time (s) = 1.085045337677002
RESTORATION
**************************************

[FRP] solve 142 of phase 13, thetak=2.023e-02, Delta=5.000e-04

**************************************
Iteration 211:
thetak = 0.020231445079208925
objk = 3.3939110624918443
trustRadius = 0.0005
sampleRadius = 0.0005
stepNorm = 0.5900590498205096
chi = 0.24979761028311978
Iteration time (s) = 1.1102244853973389
RESTORATION
**************************************

[FRP] solve 143 of phase 13, thetak=2.023e-02, Delta=5.000e-04

**************************************
Iteration 212:
thetak = 0.020231445079208925
objk = 3.3939110624918443
trustRadius = 0.0005
sampleRadius = 0.0005
stepNorm = 0.5900590498205096
chi = 0.24979761028311978
Iteration time (s) = 0.9941740036010742
RESTORATION
**************************************

[FRP] solve 144 of phase 13, thetak=2.023e-02, Delta=5.000e-04

**************************************
Iteration 213:
thetak = 0.020231445079208925
objk = 3.3939110624918443
trustRadius = 0.0005
sampleRadius = 0.0005
stepNorm = 0.5900590498205096
chi = 0.24979761028311978
Iteration time (s) = 0.9364664554595947
RESTORATION
**************************************

[FRP] solve 145 of phase 13, thetak=2.023e-02, Delta=5.000e-04

**************************************
Iteration 214:
thetak = 0.020231445079208925
objk = 3.3939110624918443
trustRadius = 0.0005
sampleRadius = 0.0005
stepNorm = 0.5900590498205096
chi = 0.24979761028311978
Iteration time (s) = 1.3660123348236084
RESTORATION
**************************************

[FRP] solve 146 of phase 13, thetak=2.023e-02, Delta=5.000e-04

**************************************
Iteration 215:
thetak = 0.020231445079208925
objk = 3.3939110624918443
trustRadius = 0.0005
sampleRadius = 0.0005
stepNorm = 0.5900590498205096
chi = 0.24979761028311978
Iteration time (s) = 1.0266292095184326
RESTORATION
**************************************

[FRP] solve 147 of phase 13, thetak=2.023e-02, Delta=5.000e-04

**************************************
Iteration 216:
thetak = 0.020231445079208925
objk = 3.3939110624918443
trustRadius = 0.0005
sampleRadius = 0.0005
stepNorm = 0.5900590498205096
chi = 0.24979761028311978
Iteration time (s) = 1.2481811046600342
RESTORATION
**************************************

[FRP] solve 148 of phase 13, thetak=2.023e-02, Delta=5.000e-04

**************************************
Iteration 217:
thetak = 0.020231445079208925
objk = 3.3939110624918443
trustRadius = 0.0005
sampleRadius = 0.0005
stepNorm = 0.5900590498205096
chi = 0.24979761028311978
Iteration time (s) = 1.105069875717163
RESTORATION
**************************************

[FRP] solve 149 of phase 13, thetak=2.023e-02, Delta=5.000e-04

**************************************
Iteration 218:
thetak = 0.020231445079208925
objk = 3.3939110624918443
trustRadius = 0.0005
sampleRadius = 0.0005
stepNorm = 0.5900590498205096
chi = 0.24979761028311978
Iteration time (s) = 0.9219415187835693
RESTORATION
**************************************

[FRP] solve 150 of phase 13, thetak=2.023e-02, Delta=5.000e-04

**************************************
Iteration 219:
thetak = 0.020231445079208925
objk = 3.3939110624918443
trustRadius = 0.0005
sampleRadius = 0.0005
stepNorm = 0.5900590498205096
chi = 0.24979761028311978
Iteration time (s) = 1.078035831451416
RESTORATION
**************************************

[FRP] solve 151 of phase 13, thetak=2.023e-02, Delta=5.000e-04

**************************************
Iteration 220:
thetak = 0.020231445079208925
objk = 3.3939110624918443
trustRadius = 0.0005
sampleRadius = 0.0005
stepNorm = 0.5900590498205096
chi = 0.24979761028311978
Iteration time (s) = 0.9996309280395508
RESTORATION
**************************************

[FRP] solve 152 of phase 13, thetak=2.023e-02, Delta=5.000e-04

**************************************
Iteration 221:
thetak = 0.020231445079208925
objk = 3.3939110624918443
trustRadius = 0.0005
sampleRadius = 0.0005
stepNorm = 0.5900590498205096
chi = 0.24979761028311978
Iteration time (s) = 0.917778730392456
RESTORATION
**************************************

[FRP] solve 153 of phase 13, thetak=2.023e-02, Delta=5.000e-04

**************************************
Iteration 222:
thetak = 0.020231445079208925
objk = 3.3939110624918443
trustRadius = 0.0005
sampleRadius = 0.0005
stepNorm = 0.5900590498205096
chi = 0.24979761028311978
Iteration time (s) = 0.9263515472412109
RESTORATION
**************************************

[FRP] solve 154 of phase 13, thetak=2.023e-02, Delta=5.000e-04

**************************************
Iteration 223:
thetak = 0.020231445079208925
objk = 3.3939110624918443
trustRadius = 0.0005
sampleRadius = 0.0005
stepNorm = 0.5900590498205096
chi = 0.24979761028311978
Iteration time (s) = 1.110335111618042
RESTORATION
**************************************

[FRP] solve 155 of phase 13, thetak=2.023e-02, Delta=5.000e-04

**************************************
Iteration 224:
thetak = 0.020231445079208925
objk = 3.3939110624918443
trustRadius = 0.0005
sampleRadius = 0.0005
stepNorm = 0.5900590498205096
chi = 0.24979761028311978
Iteration time (s) = 0.9115324020385742
RESTORATION
**************************************

[FRP] solve 156 of phase 13, thetak=2.023e-02, Delta=5.000e-04

**************************************
Iteration 225:
thetak = 0.020231445079208925
objk = 3.3939110624918443
trustRadius = 0.0005
sampleRadius = 0.0005
stepNorm = 0.5900590498205096
chi = 0.24979761028311978
Iteration time (s) = 0.9780397415161133
RESTORATION
**************************************

[FRP] solve 157 of phase 13, thetak=2.023e-02, Delta=5.000e-04

**************************************
Iteration 226:
thetak = 0.020231445079208925
objk = 3.3939110624918443
trustRadius = 0.0005
sampleRadius = 0.0005
stepNorm = 0.5900590498205096
chi = 0.24979761028311978
Iteration time (s) = 1.0348825454711914
RESTORATION
**************************************

[FRP] solve 158 of phase 13, thetak=2.023e-02, Delta=5.000e-04

**************************************
Iteration 227:
thetak = 0.020231445079208925
objk = 3.3939110624918443
trustRadius = 0.0005
sampleRadius = 0.0005
stepNorm = 0.5900590498205096
chi = 0.24979761028311978
Iteration time (s) = 0.934938907623291
RESTORATION
**************************************

[FRP] solve 159 of phase 13, thetak=2.023e-02, Delta=5.000e-04

**************************************
Iteration 228:
thetak = 0.020231445079208925
objk = 3.3939110624918443
trustRadius = 0.0005
sampleRadius = 0.0005
stepNorm = 0.5900590498205096
chi = 0.24979761028311978
Iteration time (s) = 0.9125328063964844
RESTORATION
**************************************

[FRP] solve 160 of phase 13, thetak=2.023e-02, Delta=5.000e-04

**************************************
Iteration 229:
thetak = 0.020231445079208925
objk = 3.3939110624918443
trustRadius = 0.0005
sampleRadius = 0.0005
stepNorm = 0.5900590498205096
chi = 0.24979761028311978
Iteration time (s) = 0.9228875637054443
RESTORATION
**************************************

[FRP] solve 161 of phase 13, thetak=2.023e-02, Delta=5.000e-04

**************************************
Iteration 230:
thetak = 0.020231445079208925
objk = 3.3939110624918443
trustRadius = 0.0005
sampleRadius = 0.0005
stepNorm = 0.5900590498205096
chi = 0.24979761028311978
Iteration time (s) = 0.9587359428405762
RESTORATION
**************************************

[FRP] solve 162 of phase 13, thetak=2.023e-02, Delta=5.000e-04

**************************************
Iteration 231:
thetak = 0.020231445079208925
objk = 3.3939110624918443
trustRadius = 0.0005
sampleRadius = 0.0005
stepNorm = 0.5900590498205096
chi = 0.24979761028311978
Iteration time (s) = 1.0584747791290283
RESTORATION
**************************************

[FRP] solve 163 of phase 13, thetak=2.023e-02, Delta=5.000e-04

**************************************
Iteration 232:
thetak = 0.020231445079208925
objk = 3.3939110624918443
trustRadius = 0.0005
sampleRadius = 0.0005
stepNorm = 0.5900590498205096
chi = 0.24979761028311978
Iteration time (s) = 1.0238451957702637
RESTORATION
**************************************

[FRP] solve 164 of phase 13, thetak=2.023e-02, Delta=5.000e-04

**************************************
Iteration 233:
thetak = 0.020231445079208925
objk = 3.3939110624918443
trustRadius = 0.0005
sampleRadius = 0.0005
stepNorm = 0.5900590498205096
chi = 0.24979761028311978
Iteration time (s) = 0.9458277225494385
RESTORATION
**************************************

[FRP] solve 165 of phase 13, thetak=2.023e-02, Delta=5.000e-04

**************************************
Iteration 234:
thetak = 0.020231445079208925
objk = 3.3939110624918443
trustRadius = 0.0005
sampleRadius = 0.0005
stepNorm = 0.5900590498205096
chi = 0.24979761028311978
Iteration time (s) = 1.04850435256958
RESTORATION
**************************************

[FRP] solve 166 of phase 13, thetak=2.023e-02, Delta=5.000e-04

**************************************
Iteration 235:
thetak = 0.020231445079208925
objk = 3.3939110624918443
trustRadius = 0.0005
sampleRadius = 0.0005
stepNorm = 0.5900590498205096
chi = 0.24979761028311978
Iteration time (s) = 1.012732982635498
RESTORATION
**************************************

[FRP] solve 167 of phase 13, thetak=2.023e-02, Delta=5.000e-04

**************************************
Iteration 236:
thetak = 0.020231445079208925
objk = 3.3939110624918443
trustRadius = 0.0005
sampleRadius = 0.0005
stepNorm = 0.5900590498205096
chi = 0.24979761028311978
Iteration time (s) = 2.1842846870422363
RESTORATION
**************************************

[FRP] solve 168 of phase 13, thetak=2.023e-02, Delta=5.000e-04

**************************************
Iteration 237:
thetak = 0.020231445079208925
objk = 3.3939110624918443
trustRadius = 0.0005
sampleRadius = 0.0005
stepNorm = 0.5900590498205096
chi = 0.24979761028311978
Iteration time (s) = 2.0093178749084473
RESTORATION
**************************************

[FRP] solve 169 of phase 13, thetak=2.023e-02, Delta=5.000e-04

**************************************
Iteration 238:
thetak = 0.020231445079208925
objk = 3.3939110624918443
trustRadius = 0.0005
sampleRadius = 0.0005
stepNorm = 0.5900590498205096
chi = 0.24979761028311978
Iteration time (s) = 1.3487625122070312
RESTORATION
**************************************

[FRP] solve 170 of phase 13, thetak=2.023e-02, Delta=5.000e-04

**************************************
Iteration 239:
thetak = 0.020231445079208925
objk = 3.3939110624918443
trustRadius = 0.0005
sampleRadius = 0.0005
stepNorm = 0.5900590498205096
chi = 0.24979761028311978
Iteration time (s) = 1.0307996273040771
RESTORATION
**************************************

[FRP] solve 171 of phase 13, thetak=2.023e-02, Delta=5.000e-04

**************************************
Iteration 240:
thetak = 0.020231445079208925
objk = 3.3939110624918443
trustRadius = 0.0005
sampleRadius = 0.0005
stepNorm = 0.5900590498205096
chi = 0.24979761028311978
Iteration time (s) = 1.0703210830688477
RESTORATION
**************************************

[FRP] solve 172 of phase 13, thetak=2.023e-02, Delta=5.000e-04

**************************************
Iteration 241:
thetak = 0.020231445079208925
objk = 3.3939110624918443
trustRadius = 0.0005
sampleRadius = 0.0005
stepNorm = 0.5900590498205096
chi = 0.24979761028311978
Iteration time (s) = 0.9506435394287109
RESTORATION
**************************************

[FRP] solve 173 of phase 13, thetak=2.023e-02, Delta=5.000e-04

**************************************
Iteration 242:
thetak = 0.020231445079208925
objk = 3.3939110624918443
trustRadius = 0.0005
sampleRadius = 0.0005
stepNorm = 0.5900590498205096
chi = 0.24979761028311978
Iteration time (s) = 1.054642915725708
RESTORATION
**************************************

[FRP] solve 174 of phase 13, thetak=2.023e-02, Delta=5.000e-04

**************************************
Iteration 243:
thetak = 0.020231445079208925
objk = 3.3939110624918443
trustRadius = 0.0005
sampleRadius = 0.0005
stepNorm = 0.5900590498205096
chi = 0.24979761028311978
Iteration time (s) = 1.0815799236297607
RESTORATION
**************************************

[FRP] solve 175 of phase 13, thetak=2.023e-02, Delta=5.000e-04

**************************************
Iteration 244:
thetak = 0.020231445079208925
objk = 3.3939110624918443
trustRadius = 0.0005
sampleRadius = 0.0005
stepNorm = 0.5900590498205096
chi = 0.24979761028311978
Iteration time (s) = 1.0008032321929932
RESTORATION
**************************************

[FRP] solve 176 of phase 13, thetak=2.023e-02, Delta=5.000e-04

**************************************
Iteration 245:
thetak = 0.020231445079208925
objk = 3.3939110624918443
trustRadius = 0.0005
sampleRadius = 0.0005
stepNorm = 0.5900590498205096
chi = 0.24979761028311978
Iteration time (s) = 0.8549900054931641
RESTORATION
**************************************

[FRP] solve 177 of phase 13, thetak=2.023e-02, Delta=5.000e-04

**************************************
Iteration 246:
thetak = 0.020231445079208925
objk = 3.3939110624918443
trustRadius = 0.0005
sampleRadius = 0.0005
stepNorm = 0.5900590498205096
chi = 0.24979761028311978
Iteration time (s) = 0.9324014186859131
RESTORATION
**************************************

[FRP] solve 178 of phase 13, thetak=2.023e-02, Delta=5.000e-04

**************************************
Iteration 247:
thetak = 0.020231445079208925
objk = 3.3939110624918443
trustRadius = 0.0005
sampleRadius = 0.0005
stepNorm = 0.5900590498205096
chi = 0.24979761028311978
Iteration time (s) = 0.8932654857635498
RESTORATION
**************************************

[FRP] solve 179 of phase 13, thetak=2.023e-02, Delta=5.000e-04

**************************************
Iteration 248:
thetak = 0.020231445079208925
objk = 3.3939110624918443
trustRadius = 0.0005
sampleRadius = 0.0005
stepNorm = 0.5900590498205096
chi = 0.24979761028311978
Iteration time (s) = 0.8776724338531494
RESTORATION
**************************************

[FRP] solve 180 of phase 13, thetak=2.023e-02, Delta=5.000e-04

**************************************
Iteration 249:
thetak = 0.020231445079208925
objk = 3.3939110624918443
trustRadius = 0.0005
sampleRadius = 0.0005
stepNorm = 0.5900590498205096
chi = 0.24979761028311978
Iteration time (s) = 0.7993142604827881
RESTORATION
**************************************

[FRP] solve 181 of phase 13, thetak=2.023e-02, Delta=5.000e-04

**************************************
Iteration 250:
thetak = 0.020231445079208925
objk = 3.3939110624918443
trustRadius = 0.0005
sampleRadius = 0.0005
stepNorm = 0.5900590498205096
chi = 0.24979761028311978
Iteration time (s) = 0.8911714553833008
RESTORATION
**************************************

[FRP] solve 182 of phase 13, thetak=2.023e-02, Delta=5.000e-04

**************************************
Iteration 251:
thetak = 0.020231445079208925
objk = 3.3939110624918443
trustRadius = 0.0005
sampleRadius = 0.0005
stepNorm = 0.5900590498205096
chi = 0.24979761028311978
Iteration time (s) = 0.8976016044616699
RESTORATION
**************************************

[FRP] solve 183 of phase 13, thetak=2.023e-02, Delta=5.000e-04

**************************************
Iteration 252:
thetak = 0.020231445079208925
objk = 3.3939110624918443
trustRadius = 0.0005
sampleRadius = 0.0005
stepNorm = 0.5900590498205096
chi = 0.24979761028311978
Iteration time (s) = 1.5405540466308594
RESTORATION
**************************************

[FRP] solve 184 of phase 13, thetak=2.023e-02, Delta=5.000e-04

**************************************
Iteration 253:
thetak = 0.020231445079208925
objk = 3.3939110624918443
trustRadius = 0.0005
sampleRadius = 0.0005
stepNorm = 0.5900590498205096
chi = 0.24979761028311978
Iteration time (s) = 1.1334991455078125
RESTORATION
**************************************

[FRP] solve 185 of phase 13, thetak=2.023e-02, Delta=5.000e-04

**************************************
Iteration 254:
thetak = 0.020231445079208925
objk = 3.3939110624918443
trustRadius = 0.0005
sampleRadius = 0.0005
stepNorm = 0.5900590498205096
chi = 0.24979761028311978
Iteration time (s) = 0.9479897022247314
RESTORATION
**************************************

[FRP] solve 186 of phase 13, thetak=2.023e-02, Delta=5.000e-04

**************************************
Iteration 255:
thetak = 0.020231445079208925
objk = 3.3939110624918443
trustRadius = 0.0005
sampleRadius = 0.0005
stepNorm = 0.5900590498205096
chi = 0.24979761028311978
Iteration time (s) = 0.9292192459106445
RESTORATION
**************************************

[FRP] solve 187 of phase 13, thetak=2.023e-02, Delta=5.000e-04

**************************************
Iteration 256:
thetak = 0.020231445079208925
objk = 3.3939110624918443
trustRadius = 0.0005
sampleRadius = 0.0005
stepNorm = 0.5900590498205096
chi = 0.24979761028311978
Iteration time (s) = 0.9430270195007324
RESTORATION
**************************************

[FRP] solve 188 of phase 13, thetak=2.023e-02, Delta=5.000e-04

**************************************
Iteration 257:
thetak = 0.020231445079208925
objk = 3.3939110624918443
trustRadius = 0.0005
sampleRadius = 0.0005
stepNorm = 0.5900590498205096
chi = 0.24979761028311978
Iteration time (s) = 1.1012964248657227
RESTORATION
**************************************

[FRP] solve 189 of phase 13, thetak=2.023e-02, Delta=5.000e-04

**************************************
Iteration 258:
thetak = 0.020231445079208925
objk = 3.3939110624918443
trustRadius = 0.0005
sampleRadius = 0.0005
stepNorm = 0.5900590498205096
chi = 0.24979761028311978
Iteration time (s) = 0.8982667922973633
RESTORATION
**************************************

[FRP] solve 190 of phase 13, thetak=2.023e-02, Delta=5.000e-04

**************************************
Iteration 259:
thetak = 0.020231445079208925
objk = 3.3939110624918443
trustRadius = 0.0005
sampleRadius = 0.0005
stepNorm = 0.5900590498205096
chi = 0.24979761028311978
Iteration time (s) = 0.8956434726715088
RESTORATION
**************************************

[FRP] solve 191 of phase 13, thetak=2.023e-02, Delta=5.000e-04

**************************************
Iteration 260:
thetak = 0.020231445079208925
objk = 3.3939110624918443
trustRadius = 0.0005
sampleRadius = 0.0005
stepNorm = 0.5900590498205096
chi = 0.24979761028311978
Iteration time (s) = 0.943789005279541
RESTORATION
**************************************

[FRP] solve 192 of phase 13, thetak=2.023e-02, Delta=5.000e-04

**************************************
Iteration 261:
thetak = 0.020231445079208925
objk = 3.3939110624918443
trustRadius = 0.0005
sampleRadius = 0.0005
stepNorm = 0.5900590498205096
chi = 0.24979761028311978
Iteration time (s) = 1.0681970119476318
RESTORATION
**************************************

[FRP] solve 193 of phase 13, thetak=2.023e-02, Delta=5.000e-04

**************************************
Iteration 262:
thetak = 0.020231445079208925
objk = 3.3939110624918443
trustRadius = 0.0005
sampleRadius = 0.0005
stepNorm = 0.5900590498205096
chi = 0.24979761028311978
Iteration time (s) = 1.238093376159668
RESTORATION
**************************************

[FRP] solve 194 of phase 13, thetak=2.023e-02, Delta=5.000e-04

**************************************
Iteration 263:
thetak = 0.020231445079208925
objk = 3.3939110624918443
trustRadius = 0.0005
sampleRadius = 0.0005
stepNorm = 0.5900590498205096
chi = 0.24979761028311978
Iteration time (s) = 1.1531322002410889
RESTORATION
**************************************

[FRP] solve 195 of phase 13, thetak=2.023e-02, Delta=5.000e-04

**************************************
Iteration 264:
thetak = 0.020231445079208925
objk = 3.3939110624918443
trustRadius = 0.0005
sampleRadius = 0.0005
stepNorm = 0.5900590498205096
chi = 0.24979761028311978
Iteration time (s) = 1.1557602882385254
RESTORATION
**************************************

[FRP] solve 196 of phase 13, thetak=2.023e-02, Delta=5.000e-04

**************************************
Iteration 265:
thetak = 0.020231445079208925
objk = 3.3939110624918443
trustRadius = 0.0005
sampleRadius = 0.0005
stepNorm = 0.5900590498205096
chi = 0.24979761028311978
Iteration time (s) = 1.2679264545440674
RESTORATION
**************************************

[FRP] solve 197 of phase 13, thetak=2.023e-02, Delta=5.000e-04

**************************************
Iteration 266:
thetak = 0.020231445079208925
objk = 3.3939110624918443
trustRadius = 0.0005
sampleRadius = 0.0005
stepNorm = 0.5900590498205096
chi = 0.24979761028311978
Iteration time (s) = 1.0918936729431152
RESTORATION
**************************************

[FRP] solve 198 of phase 13, thetak=2.023e-02, Delta=5.000e-04

**************************************
Iteration 267:
thetak = 0.020231445079208925
objk = 3.3939110624918443
trustRadius = 0.0005
sampleRadius = 0.0005
stepNorm = 0.5900590498205096
chi = 0.24979761028311978
Iteration time (s) = 1.4138619899749756
RESTORATION
**************************************

[FRP] solve 199 of phase 13, thetak=2.023e-02, Delta=5.000e-04

**************************************
Iteration 268:
thetak = 0.020231445079208925
objk = 3.3939110624918443
trustRadius = 0.0005
sampleRadius = 0.0005
stepNorm = 0.5900590498205096
chi = 0.24979761028311978
Iteration time (s) = 1.1748135089874268
RESTORATION
**************************************

[FRP] solve 200 of phase 13, thetak=2.023e-02, Delta=5.000e-04

**************************************
Iteration 269:
thetak = 0.020231445079208925
objk = 3.3939110624918443
trustRadius = 0.0005
sampleRadius = 0.0005
stepNorm = 0.5900590498205096
chi = 0.24979761028311978
Iteration time (s) = 1.3122265338897705
RESTORATION
**************************************

[FRP] solve 201 of phase 13, thetak=2.023e-02, Delta=5.000e-04

**************************************
Iteration 270:
thetak = 0.020231445079208925
objk = 3.3939110624918443
trustRadius = 0.0005
sampleRadius = 0.0005
stepNorm = 0.5900590498205096
chi = 0.24979761028311978
Iteration time (s) = 1.6070261001586914
RESTORATION
**************************************

[FRP] solve 202 of phase 13, thetak=2.023e-02, Delta=5.000e-04

**************************************
Iteration 271:
thetak = 0.020231445079208925
objk = 3.3939110624918443
trustRadius = 0.0005
sampleRadius = 0.0005
stepNorm = 0.5900590498205096
chi = 0.24979761028311978
Iteration time (s) = 1.2285351753234863
RESTORATION
**************************************

[FRP] solve 203 of phase 13, thetak=2.023e-02, Delta=5.000e-04

**************************************
Iteration 272:
thetak = 0.020231445079208925
objk = 3.3939110624918443
trustRadius = 0.0005
sampleRadius = 0.0005
stepNorm = 0.5900590498205096
chi = 0.24979761028311978
Iteration time (s) = 1.2225213050842285
RESTORATION
**************************************

[FRP] solve 204 of phase 13, thetak=2.023e-02, Delta=5.000e-04

**************************************
Iteration 273:
thetak = 0.020231445079208925
objk = 3.3939110624918443
trustRadius = 0.0005
sampleRadius = 0.0005
stepNorm = 0.5900590498205096
chi = 0.24979761028311978
Iteration time (s) = 1.060849666595459
RESTORATION
**************************************

[FRP] solve 205 of phase 13, thetak=2.023e-02, Delta=5.000e-04

**************************************
Iteration 274:
thetak = 0.020231445079208925
objk = 3.3939110624918443
trustRadius = 0.0005
sampleRadius = 0.0005
stepNorm = 0.5900590498205096
chi = 0.24979761028311978
Iteration time (s) = 1.0308218002319336
RESTORATION
**************************************

[FRP] solve 206 of phase 13, thetak=2.023e-02, Delta=5.000e-04

**************************************
Iteration 275:
thetak = 0.020231445079208925
objk = 3.3939110624918443
trustRadius = 0.0005
sampleRadius = 0.0005
stepNorm = 0.5900590498205096
chi = 0.24979761028311978
Iteration time (s) = 0.9530024528503418
RESTORATION
**************************************

[FRP] solve 207 of phase 13, thetak=2.023e-02, Delta=5.000e-04

**************************************
Iteration 276:
thetak = 0.020231445079208925
objk = 3.3939110624918443
trustRadius = 0.0005
sampleRadius = 0.0005
stepNorm = 0.5900590498205096
chi = 0.24979761028311978
Iteration time (s) = 1.0946199893951416
RESTORATION
**************************************

[FRP] solve 208 of phase 13, thetak=2.023e-02, Delta=5.000e-04

**************************************
Iteration 277:
thetak = 0.020231445079208925
objk = 3.3939110624918443
trustRadius = 0.0005
sampleRadius = 0.0005
stepNorm = 0.5900590498205096
chi = 0.24979761028311978
Iteration time (s) = 1.1404662132263184
RESTORATION
**************************************

[FRP] solve 209 of phase 13, thetak=2.023e-02, Delta=5.000e-04

**************************************
Iteration 278:
thetak = 0.020231445079208925
objk = 3.3939110624918443
trustRadius = 0.0005
sampleRadius = 0.0005
stepNorm = 0.5900590498205096
chi = 0.24979761028311978
Iteration time (s) = 0.9263484477996826
RESTORATION
**************************************

[FRP] solve 210 of phase 13, thetak=2.023e-02, Delta=5.000e-04

**************************************
Iteration 279:
thetak = 0.020231445079208925
objk = 3.3939110624918443
trustRadius = 0.0005
sampleRadius = 0.0005
stepNorm = 0.5900590498205096
chi = 0.24979761028311978
Iteration time (s) = 0.815392017364502
RESTORATION
**************************************

[FRP] solve 211 of phase 13, thetak=2.023e-02, Delta=5.000e-04

**************************************
Iteration 280:
thetak = 0.020231445079208925
objk = 3.3939110624918443
trustRadius = 0.0005
sampleRadius = 0.0005
stepNorm = 0.5900590498205096
chi = 0.24979761028311978
Iteration time (s) = 0.9552695751190186
RESTORATION
**************************************

[FRP] solve 212 of phase 13, thetak=2.023e-02, Delta=5.000e-04

**************************************
Iteration 281:
thetak = 0.020231445079208925
objk = 3.3939110624918443
trustRadius = 0.0005
sampleRadius = 0.0005
stepNorm = 0.5900590498205096
chi = 0.24979761028311978
Iteration time (s) = 0.9204196929931641
RESTORATION
**************************************

[FRP] solve 213 of phase 13, thetak=2.023e-02, Delta=5.000e-04

**************************************
Iteration 282:
thetak = 0.020231445079208925
objk = 3.3939110624918443
trustRadius = 0.0005
sampleRadius = 0.0005
stepNorm = 0.5900590498205096
chi = 0.24979761028311978
Iteration time (s) = 1.0441505908966064
RESTORATION
**************************************

[FRP] solve 214 of phase 13, thetak=2.023e-02, Delta=5.000e-04

**************************************
Iteration 283:
thetak = 0.020231445079208925
objk = 3.3939110624918443
trustRadius = 0.0005
sampleRadius = 0.0005
stepNorm = 0.5900590498205096
chi = 0.24979761028311978
Iteration time (s) = 1.1910340785980225
RESTORATION
**************************************

[FRP] solve 215 of phase 13, thetak=2.023e-02, Delta=5.000e-04

**************************************
Iteration 284:
thetak = 0.020231445079208925
objk = 3.3939110624918443
trustRadius = 0.0005
sampleRadius = 0.0005
stepNorm = 0.5900590498205096
chi = 0.24979761028311978
Iteration time (s) = 0.9552996158599854
RESTORATION
**************************************

[FRP] solve 216 of phase 13, thetak=2.023e-02, Delta=5.000e-04

**************************************
Iteration 285:
thetak = 0.020231445079208925
objk = 3.3939110624918443
trustRadius = 0.0005
sampleRadius = 0.0005
stepNorm = 0.5900590498205096
chi = 0.24979761028311978
Iteration time (s) = 1.0866966247558594
RESTORATION
**************************************

[FRP] solve 217 of phase 13, thetak=2.023e-02, Delta=5.000e-04

**************************************
Iteration 286:
thetak = 0.020231445079208925
objk = 3.3939110624918443
trustRadius = 0.0005
sampleRadius = 0.0005
stepNorm = 0.5900590498205096
chi = 0.24979761028311978
Iteration time (s) = 1.4261481761932373
RESTORATION
**************************************

[FRP] solve 218 of phase 13, thetak=2.023e-02, Delta=5.000e-04

**************************************
Iteration 287:
thetak = 0.020231445079208925
objk = 3.3939110624918443
trustRadius = 0.0005
sampleRadius = 0.0005
stepNorm = 0.5900590498205096
chi = 0.24979761028311978
Iteration time (s) = 1.3734276294708252
RESTORATION
**************************************

[FRP] solve 219 of phase 13, thetak=2.023e-02, Delta=5.000e-04

**************************************
Iteration 288:
thetak = 0.020231445079208925
objk = 3.3939110624918443
trustRadius = 0.0005
sampleRadius = 0.0005
stepNorm = 0.5900590498205096
chi = 0.24979761028311978
Iteration time (s) = 0.9263050556182861
RESTORATION
**************************************

[FRP] solve 220 of phase 13, thetak=2.023e-02, Delta=5.000e-04

**************************************
Iteration 289:
thetak = 0.020231445079208925
objk = 3.3939110624918443
trustRadius = 0.0005
sampleRadius = 0.0005
stepNorm = 0.5900590498205096
chi = 0.24979761028311978
Iteration time (s) = 1.0444564819335938
RESTORATION
**************************************

[FRP] solve 221 of phase 13, thetak=2.023e-02, Delta=5.000e-04

**************************************
Iteration 290:
thetak = 0.020231445079208925
objk = 3.3939110624918443
trustRadius = 0.0005
sampleRadius = 0.0005
stepNorm = 0.5900590498205096
chi = 0.24979761028311978
Iteration time (s) = 0.9229786396026611
RESTORATION
**************************************

[FRP] solve 222 of phase 13, thetak=2.023e-02, Delta=5.000e-04

**************************************
Iteration 291:
thetak = 0.020231445079208925
objk = 3.3939110624918443
trustRadius = 0.0005
sampleRadius = 0.0005
stepNorm = 0.5900590498205096
chi = 0.24979761028311978
Iteration time (s) = 0.7903180122375488
RESTORATION
**************************************

[FRP] solve 223 of phase 13, thetak=2.023e-02, Delta=5.000e-04

**************************************
Iteration 292:
thetak = 0.020231445079208925
objk = 3.3939110624918443
trustRadius = 0.0005
sampleRadius = 0.0005
stepNorm = 0.5900590498205096
chi = 0.24979761028311978
Iteration time (s) = 0.9245195388793945
RESTORATION
**************************************

[FRP] solve 224 of phase 13, thetak=2.023e-02, Delta=5.000e-04

**************************************
Iteration 293:
thetak = 0.020231445079208925
objk = 3.3939110624918443
trustRadius = 0.0005
sampleRadius = 0.0005
stepNorm = 0.5900590498205096
chi = 0.24979761028311978
Iteration time (s) = 1.0972483158111572
RESTORATION
**************************************

[FRP] solve 225 of phase 13, thetak=2.023e-02, Delta=5.000e-04

**************************************
Iteration 294:
thetak = 0.020231445079208925
objk = 3.3939110624918443
trustRadius = 0.0005
sampleRadius = 0.0005
stepNorm = 0.5900590498205096
chi = 0.24979761028311978
Iteration time (s) = 0.954801082611084
RESTORATION
**************************************

[FRP] solve 226 of phase 13, thetak=2.023e-02, Delta=5.000e-04

**************************************
Iteration 295:
thetak = 0.020231445079208925
objk = 3.3939110624918443
trustRadius = 0.0005
sampleRadius = 0.0005
stepNorm = 0.5900590498205096
chi = 0.24979761028311978
Iteration time (s) = 1.120671033859253
RESTORATION
**************************************

[FRP] solve 227 of phase 13, thetak=2.023e-02, Delta=5.000e-04

**************************************
Iteration 296:
thetak = 0.020231445079208925
objk = 3.3939110624918443
trustRadius = 0.0005
sampleRadius = 0.0005
stepNorm = 0.5900590498205096
chi = 0.24979761028311978
Iteration time (s) = 1.167259693145752
RESTORATION
**************************************

[FRP] solve 228 of phase 13, thetak=2.023e-02, Delta=5.000e-04

**************************************
Iteration 297:
thetak = 0.020231445079208925
objk = 3.3939110624918443
trustRadius = 0.0005
sampleRadius = 0.0005
stepNorm = 0.5900590498205096
chi = 0.24979761028311978
Iteration time (s) = 1.2804560661315918
RESTORATION
**************************************

[FRP] solve 229 of phase 13, thetak=2.023e-02, Delta=5.000e-04

**************************************
Iteration 298:
thetak = 0.020231445079208925
objk = 3.3939110624918443
trustRadius = 0.0005
sampleRadius = 0.0005
stepNorm = 0.5900590498205096
chi = 0.24979761028311978
Iteration time (s) = 1.8089652061462402
RESTORATION
**************************************

[FRP] solve 230 of phase 13, thetak=2.023e-02, Delta=5.000e-04

**************************************
Iteration 299:
thetak = 0.020231445079208925
objk = 3.3939110624918443
trustRadius = 0.0005
sampleRadius = 0.0005
stepNorm = 0.5900590498205096
chi = 0.24979761028311978
Iteration time (s) = 1.3539776802062988
RESTORATION
**************************************

[FRP] solve 231 of phase 13, thetak=2.023e-02, Delta=5.000e-04

**************************************
Iteration 300:
thetak = 0.020231445079208925
objk = 3.3939110624918443
trustRadius = 0.0005
sampleRadius = 0.0005
stepNorm = 0.5900590498205096
chi = 0.24979761028311978
Iteration time (s) = 1.2706518173217773
RESTORATION
**************************************

[FRP] solve 232 of phase 13, thetak=2.023e-02, Delta=5.000e-04

**************************************
Iteration 301:
thetak = 0.020231445079208925
objk = 3.3939110624918443
trustRadius = 0.0005
sampleRadius = 0.0005
stepNorm = 0.5900590498205096
chi = 0.24979761028311978
Iteration time (s) = 1.2503774166107178
RESTORATION
**************************************

[FRP] solve 233 of phase 13, thetak=2.023e-02, Delta=5.000e-04

**************************************
Iteration 302:
thetak = 0.020231445079208925
objk = 3.3939110624918443
trustRadius = 0.0005
sampleRadius = 0.0005
stepNorm = 0.5900590498205096
chi = 0.24979761028311978
Iteration time (s) = 1.464080810546875
RESTORATION
**************************************

[FRP] solve 234 of phase 13, thetak=2.023e-02, Delta=5.000e-04

**************************************
Iteration 303:
thetak = 0.020231445079208925
objk = 3.3939110624918443
trustRadius = 0.0005
sampleRadius = 0.0005
stepNorm = 0.5900590498205096
chi = 0.24979761028311978
Iteration time (s) = 1.1227121353149414
RESTORATION
**************************************

[FRP] solve 235 of phase 13, thetak=2.023e-02, Delta=5.000e-04

**************************************
Iteration 304:
thetak = 0.020231445079208925
objk = 3.3939110624918443
trustRadius = 0.0005
sampleRadius = 0.0005
stepNorm = 0.5900590498205096
chi = 0.24979761028311978
Iteration time (s) = 1.1296658515930176
RESTORATION
**************************************

[FRP] solve 236 of phase 13, thetak=2.023e-02, Delta=5.000e-04

**************************************
Iteration 305:
thetak = 0.020231445079208925
objk = 3.3939110624918443
trustRadius = 0.0005
sampleRadius = 0.0005
stepNorm = 0.5900590498205096
chi = 0.24979761028311978
Iteration time (s) = 0.9385976791381836
RESTORATION
**************************************

[FRP] solve 237 of phase 13, thetak=2.023e-02, Delta=5.000e-04

**************************************
Iteration 306:
thetak = 0.020231445079208925
objk = 3.3939110624918443
trustRadius = 0.0005
sampleRadius = 0.0005
stepNorm = 0.5900590498205096
chi = 0.24979761028311978
Iteration time (s) = 0.9189152717590332
RESTORATION
**************************************

[FRP] solve 238 of phase 13, thetak=2.023e-02, Delta=5.000e-04

**************************************
Iteration 307:
thetak = 0.020231445079208925
objk = 3.3939110624918443
trustRadius = 0.0005
sampleRadius = 0.0005
stepNorm = 0.5900590498205096
chi = 0.24979761028311978
Iteration time (s) = 1.1016361713409424
RESTORATION
**************************************

[FRP] solve 239 of phase 13, thetak=2.023e-02, Delta=5.000e-04

**************************************
Iteration 308:
thetak = 0.020231445079208925
objk = 3.3939110624918443
trustRadius = 0.0005
sampleRadius = 0.0005
stepNorm = 0.5900590498205096
chi = 0.24979761028311978
Iteration time (s) = 1.1709024906158447
RESTORATION
**************************************

[FRP] solve 240 of phase 13, thetak=2.023e-02, Delta=5.000e-04

**************************************
Iteration 309:
thetak = 0.020231445079208925
objk = 3.3939110624918443
trustRadius = 0.0005
sampleRadius = 0.0005
stepNorm = 0.5900590498205096
chi = 0.24979761028311978
Iteration time (s) = 0.9352965354919434
RESTORATION
**************************************

[FRP] solve 241 of phase 13, thetak=2.023e-02, Delta=5.000e-04

**************************************
Iteration 310:
thetak = 0.020231445079208925
objk = 3.3939110624918443
trustRadius = 0.0005
sampleRadius = 0.0005
stepNorm = 0.5900590498205096
chi = 0.24979761028311978
Iteration time (s) = 1.0474698543548584
RESTORATION
**************************************

[FRP] solve 242 of phase 13, thetak=2.023e-02, Delta=5.000e-04

**************************************
Iteration 311:
thetak = 0.020231445079208925
objk = 3.3939110624918443
trustRadius = 0.0005
sampleRadius = 0.0005
stepNorm = 0.5900590498205096
chi = 0.24979761028311978
Iteration time (s) = 1.0911386013031006
RESTORATION
**************************************

[FRP] solve 243 of phase 13, thetak=2.023e-02, Delta=5.000e-04

**************************************
Iteration 312:
thetak = 0.020231445079208925
objk = 3.3939110624918443
trustRadius = 0.0005
sampleRadius = 0.0005
stepNorm = 0.5900590498205096
chi = 0.24979761028311978
Iteration time (s) = 1.287571907043457
RESTORATION
**************************************

[FRP] solve 244 of phase 13, thetak=2.023e-02, Delta=5.000e-04

**************************************
Iteration 313:
thetak = 0.020231445079208925
objk = 3.3939110624918443
trustRadius = 0.0005
sampleRadius = 0.0005
stepNorm = 0.5900590498205096
chi = 0.24979761028311978
Iteration time (s) = 0.9419388771057129
RESTORATION
**************************************

[FRP] solve 245 of phase 13, thetak=2.023e-02, Delta=5.000e-04

**************************************
Iteration 314:
thetak = 0.020231445079208925
objk = 3.3939110624918443
trustRadius = 0.0005
sampleRadius = 0.0005
stepNorm = 0.5900590498205096
chi = 0.24979761028311978
Iteration time (s) = 0.9479844570159912
RESTORATION
**************************************

[FRP] solve 246 of phase 13, thetak=2.023e-02, Delta=5.000e-04

**************************************
Iteration 315:
thetak = 0.020231445079208925
objk = 3.3939110624918443
trustRadius = 0.0005
sampleRadius = 0.0005
stepNorm = 0.5900590498205096
chi = 0.24979761028311978
Iteration time (s) = 1.0349395275115967
RESTORATION
**************************************

[FRP] solve 247 of phase 13, thetak=2.023e-02, Delta=5.000e-04

**************************************
Iteration 316:
thetak = 0.020231445079208925
objk = 3.3939110624918443
trustRadius = 0.0005
sampleRadius = 0.0005
stepNorm = 0.5900590498205096
chi = 0.24979761028311978
Iteration time (s) = 0.9452173709869385
RESTORATION
**************************************

[FRP] solve 248 of phase 13, thetak=2.023e-02, Delta=5.000e-04

**************************************
Iteration 317:
thetak = 0.020231445079208925
objk = 3.3939110624918443
trustRadius = 0.0005
sampleRadius = 0.0005
stepNorm = 0.5900590498205096
chi = 0.24979761028311978
Iteration time (s) = 1.0803372859954834
RESTORATION
**************************************

[FRP] solve 249 of phase 13, thetak=2.023e-02, Delta=5.000e-04

**************************************
Iteration 318:
thetak = 0.020231445079208925
objk = 3.3939110624918443
trustRadius = 0.0005
sampleRadius = 0.0005
stepNorm = 0.5900590498205096
chi = 0.24979761028311978
Iteration time (s) = 1.1567652225494385
RESTORATION
**************************************

[FRP] solve 250 of phase 13, thetak=2.023e-02, Delta=5.000e-04

**************************************
Iteration 319:
thetak = 0.020231445079208925
objk = 3.3939110624918443
trustRadius = 0.0005
sampleRadius = 0.0005
stepNorm = 0.5900590498205096
chi = 0.24979761028311978
Iteration time (s) = 1.0094432830810547
RESTORATION
**************************************

[FRP] solve 251 of phase 13, thetak=2.023e-02, Delta=5.000e-04

**************************************
Iteration 320:
thetak = 0.020231445079208925
objk = 3.3939110624918443
trustRadius = 0.0005
sampleRadius = 0.0005
stepNorm = 0.5900590498205096
chi = 0.24979761028311978
Iteration time (s) = 1.1082515716552734
RESTORATION
**************************************

[FRP] solve 252 of phase 13, thetak=2.023e-02, Delta=5.000e-04

**************************************
Iteration 321:
thetak = 0.020231445079208925
objk = 3.3939110624918443
trustRadius = 0.0005
sampleRadius = 0.0005
stepNorm = 0.5900590498205096
chi = 0.24979761028311978
Iteration time (s) = 0.9060547351837158
RESTORATION
**************************************

[FRP] solve 253 of phase 13, thetak=2.023e-02, Delta=5.000e-04

**************************************
Iteration 322:
thetak = 0.020231445079208925
objk = 3.3939110624918443
trustRadius = 0.0005
sampleRadius = 0.0005
stepNorm = 0.5900590498205096
chi = 0.24979761028311978
Iteration time (s) = 0.9186348915100098
RESTORATION
**************************************

[FRP] solve 254 of phase 13, thetak=2.023e-02, Delta=5.000e-04

**************************************
Iteration 323:
thetak = 0.020231445079208925
objk = 3.3939110624918443
trustRadius = 0.0005
sampleRadius = 0.0005
stepNorm = 0.5900590498205096
chi = 0.24979761028311978
Iteration time (s) = 0.9859879016876221
RESTORATION
**************************************

[FRP] solve 255 of phase 13, thetak=2.023e-02, Delta=5.000e-04

**************************************
Iteration 324:
thetak = 0.020231445079208925
objk = 3.3939110624918443
trustRadius = 0.0005
sampleRadius = 0.0005
stepNorm = 0.5900590498205096
chi = 0.24979761028311978
Iteration time (s) = 1.0955185890197754
RESTORATION
**************************************

[FRP] solve 256 of phase 13, thetak=2.023e-02, Delta=5.000e-04

**************************************
Iteration 325:
thetak = 0.020231445079208925
objk = 3.3939110624918443
trustRadius = 0.0005
sampleRadius = 0.0005
stepNorm = 0.5900590498205096
chi = 0.24979761028311978
Iteration time (s) = 1.0881247520446777
RESTORATION
**************************************

[FRP] solve 257 of phase 13, thetak=2.023e-02, Delta=5.000e-04

**************************************
Iteration 326:
thetak = 0.020231445079208925
objk = 3.3939110624918443
trustRadius = 0.0005
sampleRadius = 0.0005
stepNorm = 0.5900590498205096
chi = 0.24979761028311978
Iteration time (s) = 1.0157442092895508
RESTORATION
**************************************

[FRP] solve 258 of phase 13, thetak=2.023e-02, Delta=5.000e-04

**************************************
Iteration 327:
thetak = 0.020231445079208925
objk = 3.3939110624918443
trustRadius = 0.0005
sampleRadius = 0.0005
stepNorm = 0.5900590498205096
chi = 0.24979761028311978
Iteration time (s) = 0.9334089756011963
RESTORATION
**************************************

[FRP] solve 259 of phase 13, thetak=2.023e-02, Delta=5.000e-04

**************************************
Iteration 328:
thetak = 0.020231445079208925
objk = 3.3939110624918443
trustRadius = 0.0005
sampleRadius = 0.0005
stepNorm = 0.5900590498205096
chi = 0.24979761028311978
Iteration time (s) = 1.0272490978240967
RESTORATION
**************************************

[FRP] solve 260 of phase 13, thetak=2.023e-02, Delta=5.000e-04

**************************************
Iteration 329:
thetak = 0.020231445079208925
objk = 3.3939110624918443
trustRadius = 0.0005
sampleRadius = 0.0005
stepNorm = 0.5900590498205096
chi = 0.24979761028311978
Iteration time (s) = 1.0748202800750732
RESTORATION
**************************************

[FRP] solve 261 of phase 13, thetak=2.023e-02, Delta=5.000e-04

**************************************
Iteration 330:
thetak = 0.020231445079208925
objk = 3.3939110624918443
trustRadius = 0.0005
sampleRadius = 0.0005
stepNorm = 0.5900590498205096
chi = 0.24979761028311978
Iteration time (s) = 1.1258032321929932
RESTORATION
**************************************

[FRP] solve 262 of phase 13, thetak=2.023e-02, Delta=5.000e-04

**************************************
Iteration 331:
thetak = 0.020231445079208925
objk = 3.3939110624918443
trustRadius = 0.0005
sampleRadius = 0.0005
stepNorm = 0.5900590498205096
chi = 0.24979761028311978
Iteration time (s) = 1.0708286762237549
RESTORATION
**************************************

[FRP] solve 263 of phase 13, thetak=2.023e-02, Delta=5.000e-04

**************************************
Iteration 332:
thetak = 0.020231445079208925
objk = 3.3939110624918443
trustRadius = 0.0005
sampleRadius = 0.0005
stepNorm = 0.5900590498205096
chi = 0.24979761028311978
Iteration time (s) = 1.1405107975006104
RESTORATION
**************************************

[FRP] solve 264 of phase 13, thetak=2.023e-02, Delta=5.000e-04

**************************************
Iteration 333:
thetak = 0.020231445079208925
objk = 3.3939110624918443
trustRadius = 0.0005
sampleRadius = 0.0005
stepNorm = 0.5900590498205096
chi = 0.24979761028311978
Iteration time (s) = 1.4527287483215332
RESTORATION
**************************************

[FRP] solve 265 of phase 13, thetak=2.023e-02, Delta=5.000e-04

**************************************
Iteration 334:
thetak = 0.020231445079208925
objk = 3.3939110624918443
trustRadius = 0.0005
sampleRadius = 0.0005
stepNorm = 0.5900590498205096
chi = 0.24979761028311978
Iteration time (s) = 1.9308006763458252
RESTORATION
**************************************

[FRP] solve 266 of phase 13, thetak=2.023e-02, Delta=5.000e-04

**************************************
Iteration 335:
thetak = 0.020231445079208925
objk = 3.3939110624918443
trustRadius = 0.0005
sampleRadius = 0.0005
stepNorm = 0.5900590498205096
chi = 0.24979761028311978
Iteration time (s) = 0.9264261722564697
RESTORATION
**************************************

[FRP] solve 267 of phase 13, thetak=2.023e-02, Delta=5.000e-04

**************************************
Iteration 336:
thetak = 0.020231445079208925
objk = 3.3939110624918443
trustRadius = 0.0005
sampleRadius = 0.0005
stepNorm = 0.5900590498205096
chi = 0.24979761028311978
Iteration time (s) = 1.0728297233581543
RESTORATION
**************************************

[FRP] solve 268 of phase 13, thetak=2.023e-02, Delta=5.000e-04

**************************************
Iteration 337:
thetak = 0.020231445079208925
objk = 3.3939110624918443
trustRadius = 0.0005
sampleRadius = 0.0005
stepNorm = 0.5900590498205096
chi = 0.24979761028311978
Iteration time (s) = 0.9488303661346436
RESTORATION
**************************************

[FRP] solve 269 of phase 13, thetak=2.023e-02, Delta=5.000e-04

**************************************
Iteration 338:
thetak = 0.020231445079208925
objk = 3.3939110624918443
trustRadius = 0.0005
sampleRadius = 0.0005
stepNorm = 0.5900590498205096
chi = 0.24979761028311978
Iteration time (s) = 0.97117018699646
RESTORATION
**************************************

[FRP] solve 270 of phase 13, thetak=2.023e-02, Delta=5.000e-04

**************************************
Iteration 339:
thetak = 0.020231445079208925
objk = 3.3939110624918443
trustRadius = 0.0005
sampleRadius = 0.0005
stepNorm = 0.5900590498205096
chi = 0.24979761028311978
Iteration time (s) = 0.9723775386810303
RESTORATION
**************************************

[FRP] solve 271 of phase 13, thetak=2.023e-02, Delta=5.000e-04

**************************************
Iteration 340:
thetak = 0.020231445079208925
objk = 3.3939110624918443
trustRadius = 0.0005
sampleRadius = 0.0005
stepNorm = 0.5900590498205096
chi = 0.24979761028311978
Iteration time (s) = 0.9326741695404053
RESTORATION
**************************************

[FRP] solve 272 of phase 13, thetak=2.023e-02, Delta=5.000e-04

**************************************
Iteration 341:
thetak = 0.020231445079208925
objk = 3.3939110624918443
trustRadius = 0.0005
sampleRadius = 0.0005
stepNorm = 0.5900590498205096
chi = 0.24979761028311978
Iteration time (s) = 0.9332754611968994
RESTORATION
**************************************

[FRP] solve 273 of phase 13, thetak=2.023e-02, Delta=5.000e-04

**************************************
Iteration 342:
thetak = 0.020231445079208925
objk = 3.3939110624918443
trustRadius = 0.0005
sampleRadius = 0.0005
stepNorm = 0.5900590498205096
chi = 0.24979761028311978
Iteration time (s) = 1.4906933307647705
RESTORATION
**************************************

[FRP] solve 274 of phase 13, thetak=2.023e-02, Delta=5.000e-04

**************************************
Iteration 343:
thetak = 0.020231445079208925
objk = 3.3939110624918443
trustRadius = 0.0005
sampleRadius = 0.0005
stepNorm = 0.5900590498205096
chi = 0.24979761028311978
Iteration time (s) = 1.0342845916748047
RESTORATION
**************************************

[FRP] solve 275 of phase 13, thetak=2.023e-02, Delta=5.000e-04

**************************************
Iteration 344:
thetak = 0.020231445079208925
objk = 3.3939110624918443
trustRadius = 0.0005
sampleRadius = 0.0005
stepNorm = 0.5900590498205096
chi = 0.24979761028311978
Iteration time (s) = 0.8994290828704834
RESTORATION
**************************************

[FRP] solve 276 of phase 13, thetak=2.023e-02, Delta=5.000e-04

**************************************
Iteration 345:
thetak = 0.020231445079208925
objk = 3.3939110624918443
trustRadius = 0.0005
sampleRadius = 0.0005
stepNorm = 0.5900590498205096
chi = 0.24979761028311978
Iteration time (s) = 1.1755456924438477
RESTORATION
**************************************

[FRP] solve 277 of phase 13, thetak=2.023e-02, Delta=5.000e-04

**************************************
Iteration 346:
thetak = 0.020231445079208925
objk = 3.3939110624918443
trustRadius = 0.0005
sampleRadius = 0.0005
stepNorm = 0.5900590498205096
chi = 0.24979761028311978
Iteration time (s) = 1.1135649681091309
RESTORATION
**************************************

[FRP] solve 278 of phase 13, thetak=2.023e-02, Delta=5.000e-04

**************************************
Iteration 347:
thetak = 0.020231445079208925
objk = 3.3939110624918443
trustRadius = 0.0005
sampleRadius = 0.0005
stepNorm = 0.5900590498205096
chi = 0.24979761028311978
Iteration time (s) = 0.9300060272216797
RESTORATION
**************************************

[FRP] solve 279 of phase 13, thetak=2.023e-02, Delta=5.000e-04

**************************************
Iteration 348:
thetak = 0.020231445079208925
objk = 3.3939110624918443
trustRadius = 0.0005
sampleRadius = 0.0005
stepNorm = 0.5900590498205096
chi = 0.24979761028311978
Iteration time (s) = 1.04075026512146
RESTORATION
**************************************

[FRP] solve 280 of phase 13, thetak=2.023e-02, Delta=5.000e-04

**************************************
Iteration 349:
thetak = 0.020231445079208925
objk = 3.3939110624918443
trustRadius = 0.0005
sampleRadius = 0.0005
stepNorm = 0.5900590498205096
chi = 0.24979761028311978
Iteration time (s) = 0.9175360202789307
RESTORATION
**************************************

[FRP] solve 281 of phase 13, thetak=2.023e-02, Delta=5.000e-04

**************************************
Iteration 350:
thetak = 0.020231445079208925
objk = 3.3939110624918443
trustRadius = 0.0005
sampleRadius = 0.0005
stepNorm = 0.5900590498205096
chi = 0.24979761028311978
Iteration time (s) = 0.8986213207244873
RESTORATION
**************************************

[FRP] solve 282 of phase 13, thetak=2.023e-02, Delta=5.000e-04

**************************************
Iteration 351:
thetak = 0.020231445079208925
objk = 3.3939110624918443
trustRadius = 0.0005
sampleRadius = 0.0005
stepNorm = 0.5900590498205096
chi = 0.24979761028311978
Iteration time (s) = 0.9810822010040283
RESTORATION
**************************************

[FRP] solve 283 of phase 13, thetak=2.023e-02, Delta=5.000e-04

**************************************
Iteration 352:
thetak = 0.020231445079208925
objk = 3.3939110624918443
trustRadius = 0.0005
sampleRadius = 0.0005
stepNorm = 0.5900590498205096
chi = 0.24979761028311978
Iteration time (s) = 0.9173696041107178
RESTORATION
**************************************

[FRP] solve 284 of phase 13, thetak=2.023e-02, Delta=5.000e-04

**************************************
Iteration 353:
thetak = 0.020231445079208925
objk = 3.3939110624918443
trustRadius = 0.0005
sampleRadius = 0.0005
stepNorm = 0.5900590498205096
chi = 0.24979761028311978
Iteration time (s) = 0.9082016944885254
RESTORATION
**************************************

[FRP] solve 285 of phase 13, thetak=2.023e-02, Delta=5.000e-04

**************************************
Iteration 354:
thetak = 0.020231445079208925
objk = 3.3939110624918443
trustRadius = 0.0005
sampleRadius = 0.0005
stepNorm = 0.5900590498205096
chi = 0.24979761028311978
Iteration time (s) = 0.9888348579406738
RESTORATION
**************************************

[FRP] solve 286 of phase 13, thetak=2.023e-02, Delta=5.000e-04

**************************************
Iteration 355:
thetak = 0.020231445079208925
objk = 3.3939110624918443
trustRadius = 0.0005
sampleRadius = 0.0005
stepNorm = 0.5900590498205096
chi = 0.24979761028311978
Iteration time (s) = 0.9329280853271484
RESTORATION
**************************************

[FRP] solve 287 of phase 13, thetak=2.023e-02, Delta=5.000e-04

**************************************
Iteration 356:
thetak = 0.020231445079208925
objk = 3.3939110624918443
trustRadius = 0.0005
sampleRadius = 0.0005
stepNorm = 0.5900590498205096
chi = 0.24979761028311978
Iteration time (s) = 0.9198503494262695
RESTORATION
**************************************

[FRP] solve 288 of phase 13, thetak=2.023e-02, Delta=5.000e-04

**************************************
Iteration 357:
thetak = 0.020231445079208925
objk = 3.3939110624918443
trustRadius = 0.0005
sampleRadius = 0.0005
stepNorm = 0.5900590498205096
chi = 0.24979761028311978
Iteration time (s) = 0.9816679954528809
RESTORATION
**************************************

[FRP] solve 289 of phase 13, thetak=2.023e-02, Delta=5.000e-04

**************************************
Iteration 358:
thetak = 0.020231445079208925
objk = 3.3939110624918443
trustRadius = 0.0005
sampleRadius = 0.0005
stepNorm = 0.5900590498205096
chi = 0.24979761028311978
Iteration time (s) = 0.9375832080841064
RESTORATION
**************************************

[FRP] solve 290 of phase 13, thetak=2.023e-02, Delta=5.000e-04

**************************************
Iteration 359:
thetak = 0.020231445079208925
objk = 3.3939110624918443
trustRadius = 0.0005
sampleRadius = 0.0005
stepNorm = 0.5900590498205096
chi = 0.24979761028311978
Iteration time (s) = 1.1689510345458984
RESTORATION
**************************************

[FRP] solve 291 of phase 13, thetak=2.023e-02, Delta=5.000e-04

**************************************
Iteration 360:
thetak = 0.020231445079208925
objk = 3.3939110624918443
trustRadius = 0.0005
sampleRadius = 0.0005
stepNorm = 0.5900590498205096
chi = 0.24979761028311978
Iteration time (s) = 0.9334845542907715
RESTORATION
**************************************

[FRP] solve 292 of phase 13, thetak=2.023e-02, Delta=5.000e-04

**************************************
Iteration 361:
thetak = 0.020231445079208925
objk = 3.3939110624918443
trustRadius = 0.0005
sampleRadius = 0.0005
stepNorm = 0.5900590498205096
chi = 0.24979761028311978
Iteration time (s) = 0.9846663475036621
RESTORATION
**************************************

[FRP] solve 293 of phase 13, thetak=2.023e-02, Delta=5.000e-04

**************************************
Iteration 362:
thetak = 0.020231445079208925
objk = 3.3939110624918443
trustRadius = 0.0005
sampleRadius = 0.0005
stepNorm = 0.5900590498205096
chi = 0.24979761028311978
Iteration time (s) = 0.9740843772888184
RESTORATION
**************************************

[FRP] solve 294 of phase 13, thetak=2.023e-02, Delta=5.000e-04

**************************************
Iteration 363:
thetak = 0.020231445079208925
objk = 3.3939110624918443
trustRadius = 0.0005
sampleRadius = 0.0005
stepNorm = 0.5900590498205096
chi = 0.24979761028311978
Iteration time (s) = 0.9801738262176514
RESTORATION
**************************************

[FRP] solve 295 of phase 13, thetak=2.023e-02, Delta=5.000e-04

**************************************
Iteration 364:
thetak = 0.020231445079208925
objk = 3.3939110624918443
trustRadius = 0.0005
sampleRadius = 0.0005
stepNorm = 0.5900590498205096
chi = 0.24979761028311978
Iteration time (s) = 1.62827467918396
RESTORATION
**************************************

[FRP] solve 296 of phase 13, thetak=2.023e-02, Delta=5.000e-04

**************************************
Iteration 365:
thetak = 0.020231445079208925
objk = 3.3939110624918443
trustRadius = 0.0005
sampleRadius = 0.0005
stepNorm = 0.5900590498205096
chi = 0.24979761028311978
Iteration time (s) = 0.8901724815368652
RESTORATION
**************************************

[FRP] solve 297 of phase 13, thetak=2.023e-02, Delta=5.000e-04

**************************************
Iteration 366:
thetak = 0.020231445079208925
objk = 3.3939110624918443
trustRadius = 0.0005
sampleRadius = 0.0005
stepNorm = 0.5900590498205096
chi = 0.24979761028311978
Iteration time (s) = 0.7977337837219238
RESTORATION
**************************************

[FRP] solve 298 of phase 13, thetak=2.023e-02, Delta=5.000e-04

**************************************
Iteration 367:
thetak = 0.020231445079208925
objk = 3.3939110624918443
trustRadius = 0.0005
sampleRadius = 0.0005
stepNorm = 0.5900590498205096
chi = 0.24979761028311978
Iteration time (s) = 0.8974628448486328
RESTORATION
**************************************

[FRP] solve 299 of phase 13, thetak=2.023e-02, Delta=5.000e-04

**************************************
Iteration 368:
thetak = 0.020231445079208925
objk = 3.3939110624918443
trustRadius = 0.0005
sampleRadius = 0.0005
stepNorm = 0.5900590498205096
chi = 0.24979761028311978
Iteration time (s) = 0.9739370346069336
RESTORATION
**************************************

[FRP] solve 300 of phase 13, thetak=2.023e-02, Delta=5.000e-04

**************************************
Iteration 369:
thetak = 0.020231445079208925
objk = 3.3939110624918443
trustRadius = 0.0005
sampleRadius = 0.0005
stepNorm = 0.5900590498205096
chi = 0.24979761028311978
Iteration time (s) = 0.9620969295501709
RESTORATION
**************************************

[FRP] solve 301 of phase 13, thetak=2.023e-02, Delta=5.000e-04

**************************************
Iteration 370:
thetak = 0.020231445079208925
objk = 3.3939110624918443
trustRadius = 0.0005
sampleRadius = 0.0005
stepNorm = 0.5900590498205096
chi = 0.24979761028311978
Iteration time (s) = 0.9125475883483887
RESTORATION
**************************************

[FRP] solve 302 of phase 13, thetak=2.023e-02, Delta=5.000e-04

**************************************
Iteration 371:
thetak = 0.020231445079208925
objk = 3.3939110624918443
trustRadius = 0.0005
sampleRadius = 0.0005
stepNorm = 0.5900590498205096
chi = 0.24979761028311978
Iteration time (s) = 0.9065842628479004
RESTORATION
**************************************

[FRP] solve 303 of phase 13, thetak=2.023e-02, Delta=5.000e-04

**************************************
Iteration 372:
thetak = 0.020231445079208925
objk = 3.3939110624918443
trustRadius = 0.0005
sampleRadius = 0.0005
stepNorm = 0.5900590498205096
chi = 0.24979761028311978
Iteration time (s) = 1.0322589874267578
RESTORATION
**************************************

[FRP] solve 304 of phase 13, thetak=2.023e-02, Delta=5.000e-04

**************************************
Iteration 373:
thetak = 0.020231445079208925
objk = 3.3939110624918443
trustRadius = 0.0005
sampleRadius = 0.0005
stepNorm = 0.5900590498205096
chi = 0.24979761028311978
Iteration time (s) = 1.0822324752807617
RESTORATION
**************************************

[FRP] solve 305 of phase 13, thetak=2.023e-02, Delta=5.000e-04

**************************************
Iteration 374:
thetak = 0.020231445079208925
objk = 3.3939110624918443
trustRadius = 0.0005
sampleRadius = 0.0005
stepNorm = 0.5900590498205096
chi = 0.24979761028311978
Iteration time (s) = 0.9774553775787354
RESTORATION
**************************************

[FRP] solve 306 of phase 13, thetak=2.023e-02, Delta=5.000e-04

**************************************
Iteration 375:
thetak = 0.020231445079208925
objk = 3.3939110624918443
trustRadius = 0.0005
sampleRadius = 0.0005
stepNorm = 0.5900590498205096
chi = 0.24979761028311978
Iteration time (s) = 0.9176390171051025
RESTORATION
**************************************

[FRP] solve 307 of phase 13, thetak=2.023e-02, Delta=5.000e-04

**************************************
Iteration 376:
thetak = 0.020231445079208925
objk = 3.3939110624918443
trustRadius = 0.0005
sampleRadius = 0.0005
stepNorm = 0.5900590498205096
chi = 0.24979761028311978
Iteration time (s) = 0.7894589900970459
RESTORATION
**************************************

[FRP] solve 308 of phase 13, thetak=2.023e-02, Delta=5.000e-04

**************************************
Iteration 377:
thetak = 0.020231445079208925
objk = 3.3939110624918443
trustRadius = 0.0005
sampleRadius = 0.0005
stepNorm = 0.5900590498205096
chi = 0.24979761028311978
Iteration time (s) = 0.9242923259735107
RESTORATION
**************************************

[FRP] solve 309 of phase 13, thetak=2.023e-02, Delta=5.000e-04

**************************************
Iteration 378:
thetak = 0.020231445079208925
objk = 3.3939110624918443
trustRadius = 0.0005
sampleRadius = 0.0005
stepNorm = 0.5900590498205096
chi = 0.24979761028311978
Iteration time (s) = 0.8892970085144043
RESTORATION
**************************************

[FRP] solve 310 of phase 13, thetak=2.023e-02, Delta=5.000e-04

**************************************
Iteration 379:
thetak = 0.020231445079208925
objk = 3.3939110624918443
trustRadius = 0.0005
sampleRadius = 0.0005
stepNorm = 0.5900590498205096
chi = 0.24979761028311978
Iteration time (s) = 1.030501127243042
RESTORATION
**************************************

[FRP] solve 311 of phase 13, thetak=2.023e-02, Delta=5.000e-04

**************************************
Iteration 380:
thetak = 0.020231445079208925
objk = 3.3939110624918443
trustRadius = 0.0005
sampleRadius = 0.0005
stepNorm = 0.5900590498205096
chi = 0.24979761028311978
Iteration time (s) = 1.0549850463867188
RESTORATION
**************************************

[FRP] solve 312 of phase 13, thetak=2.023e-02, Delta=5.000e-04

**************************************
Iteration 381:
thetak = 0.020231445079208925
objk = 3.3939110624918443
trustRadius = 0.0005
sampleRadius = 0.0005
stepNorm = 0.5900590498205096
chi = 0.24979761028311978
Iteration time (s) = 0.893627405166626
RESTORATION
**************************************

[FRP] solve 313 of phase 13, thetak=2.023e-02, Delta=5.000e-04

**************************************
Iteration 382:
thetak = 0.020231445079208925
objk = 3.3939110624918443
trustRadius = 0.0005
sampleRadius = 0.0005
stepNorm = 0.5900590498205096
chi = 0.24979761028311978
Iteration time (s) = 0.9774768352508545
RESTORATION
**************************************

[FRP] solve 314 of phase 13, thetak=2.023e-02, Delta=5.000e-04

**************************************
Iteration 383:
thetak = 0.020231445079208925
objk = 3.3939110624918443
trustRadius = 0.0005
sampleRadius = 0.0005
stepNorm = 0.5900590498205096
chi = 0.24979761028311978
Iteration time (s) = 0.8945493698120117
RESTORATION
**************************************

[FRP] solve 315 of phase 13, thetak=2.023e-02, Delta=5.000e-04

**************************************
Iteration 384:
thetak = 0.020231445079208925
objk = 3.3939110624918443
trustRadius = 0.0005
sampleRadius = 0.0005
stepNorm = 0.5900590498205096
chi = 0.24979761028311978
Iteration time (s) = 0.9230968952178955
RESTORATION
**************************************

[FRP] solve 316 of phase 13, thetak=2.023e-02, Delta=5.000e-04

**************************************
Iteration 385:
thetak = 0.020231445079208925
objk = 3.3939110624918443
trustRadius = 0.0005
sampleRadius = 0.0005
stepNorm = 0.5900590498205096
chi = 0.24979761028311978
Iteration time (s) = 1.1238043308258057
RESTORATION
**************************************

[FRP] solve 317 of phase 13, thetak=2.023e-02, Delta=5.000e-04

**************************************
Iteration 386:
thetak = 0.020231445079208925
objk = 3.3939110624918443
trustRadius = 0.0005
sampleRadius = 0.0005
stepNorm = 0.5900590498205096
chi = 0.24979761028311978
Iteration time (s) = 1.198462724685669
RESTORATION
**************************************

[FRP] solve 318 of phase 13, thetak=2.023e-02, Delta=5.000e-04

**************************************
Iteration 387:
thetak = 0.020231445079208925
objk = 3.3939110624918443
trustRadius = 0.0005
sampleRadius = 0.0005
stepNorm = 0.5900590498205096
chi = 0.24979761028311978
Iteration time (s) = 0.8181121349334717
RESTORATION
**************************************

[FRP] solve 319 of phase 13, thetak=2.023e-02, Delta=5.000e-04

**************************************
Iteration 388:
thetak = 0.020231445079208925
objk = 3.3939110624918443
trustRadius = 0.0005
sampleRadius = 0.0005
stepNorm = 0.5900590498205096
chi = 0.24979761028311978
Iteration time (s) = 1.002027988433838
RESTORATION
**************************************

[FRP] solve 320 of phase 13, thetak=2.023e-02, Delta=5.000e-04

**************************************
Iteration 389:
thetak = 0.020231445079208925
objk = 3.3939110624918443
trustRadius = 0.0005
sampleRadius = 0.0005
stepNorm = 0.5900590498205096
chi = 0.24979761028311978
Iteration time (s) = 1.0097622871398926
RESTORATION
**************************************

[FRP] solve 321 of phase 13, thetak=2.023e-02, Delta=5.000e-04

**************************************
Iteration 390:
thetak = 0.020231445079208925
objk = 3.3939110624918443
trustRadius = 0.0005
sampleRadius = 0.0005
stepNorm = 0.5900590498205096
chi = 0.24979761028311978
Iteration time (s) = 0.8908617496490479
RESTORATION
**************************************

[FRP] solve 322 of phase 13, thetak=2.023e-02, Delta=5.000e-04

**************************************
Iteration 391:
thetak = 0.020231445079208925
objk = 3.3939110624918443
trustRadius = 0.0005
sampleRadius = 0.0005
stepNorm = 0.5900590498205096
chi = 0.24979761028311978
Iteration time (s) = 0.9640927314758301
RESTORATION
**************************************

[FRP] solve 323 of phase 13, thetak=2.023e-02, Delta=5.000e-04

**************************************
Iteration 392:
thetak = 0.020231445079208925
objk = 3.3939110624918443
trustRadius = 0.0005
sampleRadius = 0.0005
stepNorm = 0.5900590498205096
chi = 0.24979761028311978
Iteration time (s) = 1.0773823261260986
RESTORATION
**************************************

[FRP] solve 324 of phase 13, thetak=2.023e-02, Delta=5.000e-04

**************************************
Iteration 393:
thetak = 0.020231445079208925
objk = 3.3939110624918443
trustRadius = 0.0005
sampleRadius = 0.0005
stepNorm = 0.5900590498205096
chi = 0.24979761028311978
Iteration time (s) = 0.9637172222137451
RESTORATION
**************************************

[FRP] solve 325 of phase 13, thetak=2.023e-02, Delta=5.000e-04

**************************************
Iteration 394:
thetak = 0.020231445079208925
objk = 3.3939110624918443
trustRadius = 0.0005
sampleRadius = 0.0005
stepNorm = 0.5900590498205096
chi = 0.24979761028311978
Iteration time (s) = 0.9083466529846191
RESTORATION
**************************************

[FRP] solve 326 of phase 13, thetak=2.023e-02, Delta=5.000e-04

**************************************
Iteration 395:
thetak = 0.020231445079208925
objk = 3.3939110624918443
trustRadius = 0.0005
sampleRadius = 0.0005
stepNorm = 0.5900590498205096
chi = 0.24979761028311978
Iteration time (s) = 0.8993170261383057
RESTORATION
**************************************

[FRP] solve 327 of phase 13, thetak=2.023e-02, Delta=5.000e-04

**************************************
Iteration 396:
thetak = 0.020231445079208925
objk = 3.3939110624918443
trustRadius = 0.0005
sampleRadius = 0.0005
stepNorm = 0.5900590498205096
chi = 0.24979761028311978
Iteration time (s) = 0.9075515270233154
RESTORATION
**************************************

[FRP] solve 328 of phase 13, thetak=2.023e-02, Delta=5.000e-04

**************************************
Iteration 397:
thetak = 0.020231445079208925
objk = 3.3939110624918443
trustRadius = 0.0005
sampleRadius = 0.0005
stepNorm = 0.5900590498205096
chi = 0.24979761028311978
Iteration time (s) = 0.9870562553405762
RESTORATION
**************************************

[FRP] solve 329 of phase 13, thetak=2.023e-02, Delta=5.000e-04

**************************************
Iteration 398:
thetak = 0.020231445079208925
objk = 3.3939110624918443
trustRadius = 0.0005
sampleRadius = 0.0005
stepNorm = 0.5900590498205096
chi = 0.24979761028311978
Iteration time (s) = 1.0647926330566406
RESTORATION
**************************************

[FRP] solve 330 of phase 13, thetak=2.023e-02, Delta=5.000e-04

**************************************
Iteration 399:
thetak = 0.020231445079208925
objk = 3.3939110624918443
trustRadius = 0.0005
sampleRadius = 0.0005
stepNorm = 0.5900590498205096
chi = 0.24979761028311978
Iteration time (s) = 1.166351079940796
RESTORATION
**************************************

[FRP] solve 331 of phase 13, thetak=2.023e-02, Delta=5.000e-04

**************************************
Iteration 400:
thetak = 0.020231445079208925
objk = 3.3939110624918443
trustRadius = 0.0005
sampleRadius = 0.0005
stepNorm = 0.5900590498205096
chi = 0.24979761028311978
Iteration time (s) = 1.1374552249908447
RESTORATION
**************************************

[FRP] solve 332 of phase 13, thetak=2.023e-02, Delta=5.000e-04

**************************************
Iteration 401:
thetak = 0.020231445079208925
objk = 3.3939110624918443
trustRadius = 0.0005
sampleRadius = 0.0005
stepNorm = 0.5900590498205096
chi = 0.24979761028311978
Iteration time (s) = 1.0296525955200195
RESTORATION
**************************************

[FRP] solve 333 of phase 13, thetak=2.023e-02, Delta=5.000e-04

**************************************
Iteration 402:
thetak = 0.020231445079208925
objk = 3.3939110624918443
trustRadius = 0.0005
sampleRadius = 0.0005
stepNorm = 0.5900590498205096
chi = 0.24979761028311978
Iteration time (s) = 1.021749496459961
RESTORATION
**************************************

[FRP] solve 334 of phase 13, thetak=2.023e-02, Delta=5.000e-04

**************************************
Iteration 403:
thetak = 0.020231445079208925
objk = 3.3939110624918443
trustRadius = 0.0005
sampleRadius = 0.0005
stepNorm = 0.5900590498205096
chi = 0.24979761028311978
Iteration time (s) = 1.0382368564605713
RESTORATION
**************************************

[FRP] solve 335 of phase 13, thetak=2.023e-02, Delta=5.000e-04

**************************************
Iteration 404:
thetak = 0.020231445079208925
objk = 3.3939110624918443
trustRadius = 0.0005
sampleRadius = 0.0005
stepNorm = 0.5900590498205096
chi = 0.24979761028311978
Iteration time (s) = 0.8966526985168457
RESTORATION
**************************************

[FRP] solve 336 of phase 13, thetak=2.023e-02, Delta=5.000e-04

**************************************
Iteration 405:
thetak = 0.020231445079208925
objk = 3.3939110624918443
trustRadius = 0.0005
sampleRadius = 0.0005
stepNorm = 0.5900590498205096
chi = 0.24979761028311978
Iteration time (s) = 0.8897514343261719
RESTORATION
**************************************

[FRP] solve 337 of phase 13, thetak=2.023e-02, Delta=5.000e-04

**************************************
Iteration 406:
thetak = 0.020231445079208925
objk = 3.3939110624918443
trustRadius = 0.0005
sampleRadius = 0.0005
stepNorm = 0.5900590498205096
chi = 0.24979761028311978
Iteration time (s) = 0.8946096897125244
RESTORATION
**************************************

[FRP] solve 338 of phase 13, thetak=2.023e-02, Delta=5.000e-04

**************************************
Iteration 407:
thetak = 0.020231445079208925
objk = 3.3939110624918443
trustRadius = 0.0005
sampleRadius = 0.0005
stepNorm = 0.5900590498205096
chi = 0.24979761028311978
Iteration time (s) = 0.8921301364898682
RESTORATION
**************************************

[FRP] solve 339 of phase 13, thetak=2.023e-02, Delta=5.000e-04

**************************************
Iteration 408:
thetak = 0.020231445079208925
objk = 3.3939110624918443
trustRadius = 0.0005
sampleRadius = 0.0005
stepNorm = 0.5900590498205096
chi = 0.24979761028311978
Iteration time (s) = 0.795194149017334
RESTORATION
**************************************

[FRP] solve 340 of phase 13, thetak=2.023e-02, Delta=5.000e-04

**************************************
Iteration 409:
thetak = 0.020231445079208925
objk = 3.3939110624918443
trustRadius = 0.0005
sampleRadius = 0.0005
stepNorm = 0.5900590498205096
chi = 0.24979761028311978
Iteration time (s) = 0.9245412349700928
RESTORATION
**************************************

[FRP] solve 341 of phase 13, thetak=2.023e-02, Delta=5.000e-04

**************************************
Iteration 410:
thetak = 0.020231445079208925
objk = 3.3939110624918443
trustRadius = 0.0005
sampleRadius = 0.0005
stepNorm = 0.5900590498205096
chi = 0.24979761028311978
Iteration time (s) = 0.9071409702301025
RESTORATION
**************************************

[FRP] solve 342 of phase 13, thetak=2.023e-02, Delta=5.000e-04

**************************************
Iteration 411:
thetak = 0.020231445079208925
objk = 3.3939110624918443
trustRadius = 0.0005
sampleRadius = 0.0005
stepNorm = 0.5900590498205096
chi = 0.24979761028311978
Iteration time (s) = 0.9085407257080078
RESTORATION
**************************************

[FRP] solve 343 of phase 13, thetak=2.023e-02, Delta=5.000e-04

**************************************
Iteration 412:
thetak = 0.020231445079208925
objk = 3.3939110624918443
trustRadius = 0.0005
sampleRadius = 0.0005
stepNorm = 0.5900590498205096
chi = 0.24979761028311978
Iteration time (s) = 0.8067197799682617
RESTORATION
**************************************

[FRP] solve 344 of phase 13, thetak=2.023e-02, Delta=5.000e-04

**************************************
Iteration 413:
thetak = 0.020231445079208925
objk = 3.3939110624918443
trustRadius = 0.0005
sampleRadius = 0.0005
stepNorm = 0.5900590498205096
chi = 0.24979761028311978
Iteration time (s) = 0.888070821762085
RESTORATION
**************************************

[FRP] solve 345 of phase 13, thetak=2.023e-02, Delta=5.000e-04

**************************************
Iteration 414:
thetak = 0.020231445079208925
objk = 3.3939110624918443
trustRadius = 0.0005
sampleRadius = 0.0005
stepNorm = 0.5900590498205096
chi = 0.24979761028311978
Iteration time (s) = 0.8935592174530029
RESTORATION
**************************************

[FRP] solve 346 of phase 13, thetak=2.023e-02, Delta=5.000e-04

**************************************
Iteration 415:
thetak = 0.020231445079208925
objk = 3.3939110624918443
trustRadius = 0.0005
sampleRadius = 0.0005
stepNorm = 0.5900590498205096
chi = 0.24979761028311978
Iteration time (s) = 1.216864824295044
RESTORATION
**************************************

[FRP] solve 347 of phase 13, thetak=2.023e-02, Delta=5.000e-04

**************************************
Iteration 416:
thetak = 0.020231445079208925
objk = 3.3939110624918443
trustRadius = 0.0005
sampleRadius = 0.0005
stepNorm = 0.5900590498205096
chi = 0.24979761028311978
Iteration time (s) = 0.9773592948913574
RESTORATION
**************************************

[FRP] solve 348 of phase 13, thetak=2.023e-02, Delta=5.000e-04

**************************************
Iteration 417:
thetak = 0.020231445079208925
objk = 3.3939110624918443
trustRadius = 0.0005
sampleRadius = 0.0005
stepNorm = 0.5900590498205096
chi = 0.24979761028311978
Iteration time (s) = 0.902411699295044
RESTORATION
**************************************

[FRP] solve 349 of phase 13, thetak=2.023e-02, Delta=5.000e-04

**************************************
Iteration 418:
thetak = 0.020231445079208925
objk = 3.3939110624918443
trustRadius = 0.0005
sampleRadius = 0.0005
stepNorm = 0.5900590498205096
chi = 0.24979761028311978
Iteration time (s) = 0.9624559879302979
RESTORATION
**************************************

[FRP] solve 350 of phase 13, thetak=2.023e-02, Delta=5.000e-04

**************************************
Iteration 419:
thetak = 0.020231445079208925
objk = 3.3939110624918443
trustRadius = 0.0005
sampleRadius = 0.0005
stepNorm = 0.5900590498205096
chi = 0.24979761028311978
Iteration time (s) = 1.032977819442749
RESTORATION
**************************************

[FRP] solve 351 of phase 13, thetak=2.023e-02, Delta=5.000e-04

**************************************
Iteration 420:
thetak = 0.020231445079208925
objk = 3.3939110624918443
trustRadius = 0.0005
sampleRadius = 0.0005
stepNorm = 0.5900590498205096
chi = 0.24979761028311978
Iteration time (s) = 0.9034848213195801
RESTORATION
**************************************

[FRP] solve 352 of phase 13, thetak=2.023e-02, Delta=5.000e-04

**************************************
Iteration 421:
thetak = 0.020231445079208925
objk = 3.3939110624918443
trustRadius = 0.0005
sampleRadius = 0.0005
stepNorm = 0.5900590498205096
chi = 0.24979761028311978
Iteration time (s) = 1.0037388801574707
RESTORATION
**************************************

[FRP] solve 353 of phase 13, thetak=2.023e-02, Delta=5.000e-04

**************************************
Iteration 422:
thetak = 0.020231445079208925
objk = 3.3939110624918443
trustRadius = 0.0005
sampleRadius = 0.0005
stepNorm = 0.5900590498205096
chi = 0.24979761028311978
Iteration time (s) = 0.9704127311706543
RESTORATION
**************************************

[FRP] solve 354 of phase 13, thetak=2.023e-02, Delta=5.000e-04

**************************************
Iteration 423:
thetak = 0.020231445079208925
objk = 3.3939110624918443
trustRadius = 0.0005
sampleRadius = 0.0005
stepNorm = 0.5900590498205096
chi = 0.24979761028311978
Iteration time (s) = 1.0129501819610596
RESTORATION
**************************************

[FRP] solve 355 of phase 13, thetak=2.023e-02, Delta=5.000e-04

**************************************
Iteration 424:
thetak = 0.020231445079208925
objk = 3.3939110624918443
trustRadius = 0.0005
sampleRadius = 0.0005
stepNorm = 0.5900590498205096
chi = 0.24979761028311978
Iteration time (s) = 1.00689697265625
RESTORATION
**************************************

[FRP] solve 356 of phase 13, thetak=2.023e-02, Delta=5.000e-04

**************************************
Iteration 425:
thetak = 0.020231445079208925
objk = 3.3939110624918443
trustRadius = 0.0005
sampleRadius = 0.0005
stepNorm = 0.5900590498205096
chi = 0.24979761028311978
Iteration time (s) = 0.9606063365936279
RESTORATION
**************************************

[FRP] solve 357 of phase 13, thetak=2.023e-02, Delta=5.000e-04

**************************************
Iteration 426:
thetak = 0.020231445079208925
objk = 3.3939110624918443
trustRadius = 0.0005
sampleRadius = 0.0005
stepNorm = 0.5900590498205096
chi = 0.24979761028311978
Iteration time (s) = 0.899808406829834
RESTORATION
**************************************

[FRP] solve 358 of phase 13, thetak=2.023e-02, Delta=5.000e-04

**************************************
Iteration 427:
thetak = 0.020231445079208925
objk = 3.3939110624918443
trustRadius = 0.0005
sampleRadius = 0.0005
stepNorm = 0.5900590498205096
chi = 0.24979761028311978
Iteration time (s) = 1.1827867031097412
RESTORATION
**************************************

[FRP] solve 359 of phase 13, thetak=2.023e-02, Delta=5.000e-04

**************************************
Iteration 428:
thetak = 0.020231445079208925
objk = 3.3939110624918443
trustRadius = 0.0005
sampleRadius = 0.0005
stepNorm = 0.5900590498205096
chi = 0.24979761028311978
Iteration time (s) = 0.972907304763794
RESTORATION
**************************************

[FRP] solve 360 of phase 13, thetak=2.023e-02, Delta=5.000e-04

**************************************
Iteration 429:
thetak = 0.020231445079208925
objk = 3.3939110624918443
trustRadius = 0.0005
sampleRadius = 0.0005
stepNorm = 0.5900590498205096
chi = 0.24979761028311978
Iteration time (s) = 0.9260106086730957
RESTORATION
**************************************

[FRP] solve 361 of phase 13, thetak=2.023e-02, Delta=5.000e-04

**************************************
Iteration 430:
thetak = 0.020231445079208925
objk = 3.3939110624918443
trustRadius = 0.0005
sampleRadius = 0.0005
stepNorm = 0.5900590498205096
chi = 0.24979761028311978
Iteration time (s) = 1.0185096263885498
RESTORATION
**************************************

[FRP] solve 362 of phase 13, thetak=2.023e-02, Delta=5.000e-04

**************************************
Iteration 431:
thetak = 0.020231445079208925
objk = 3.3939110624918443
trustRadius = 0.0005
sampleRadius = 0.0005
stepNorm = 0.5900590498205096
chi = 0.24979761028311978
Iteration time (s) = 0.944249153137207
RESTORATION
**************************************

[FRP] solve 363 of phase 13, thetak=2.023e-02, Delta=5.000e-04

**************************************
Iteration 432:
thetak = 0.020231445079208925
objk = 3.3939110624918443
trustRadius = 0.0005
sampleRadius = 0.0005
stepNorm = 0.5900590498205096
chi = 0.24979761028311978
Iteration time (s) = 0.873042106628418
RESTORATION
**************************************

[FRP] solve 364 of phase 13, thetak=2.023e-02, Delta=5.000e-04

**************************************
Iteration 433:
thetak = 0.020231445079208925
objk = 3.3939110624918443
trustRadius = 0.0005
sampleRadius = 0.0005
stepNorm = 0.5900590498205096
chi = 0.24979761028311978
Iteration time (s) = 1.0003204345703125
RESTORATION
**************************************

[FRP] solve 365 of phase 13, thetak=2.023e-02, Delta=5.000e-04

**************************************
Iteration 434:
thetak = 0.020231445079208925
objk = 3.3939110624918443
trustRadius = 0.0005
sampleRadius = 0.0005
stepNorm = 0.5900590498205096
chi = 0.24979761028311978
Iteration time (s) = 0.9132490158081055
RESTORATION
**************************************

[FRP] solve 366 of phase 13, thetak=2.023e-02, Delta=5.000e-04

**************************************
Iteration 435:
thetak = 0.020231445079208925
objk = 3.3939110624918443
trustRadius = 0.0005
sampleRadius = 0.0005
stepNorm = 0.5900590498205096
chi = 0.24979761028311978
Iteration time (s) = 1.2019741535186768
RESTORATION
**************************************

[FRP] solve 367 of phase 13, thetak=2.023e-02, Delta=5.000e-04

**************************************
Iteration 436:
thetak = 0.020231445079208925
objk = 3.3939110624918443
trustRadius = 0.0005
sampleRadius = 0.0005
stepNorm = 0.5900590498205096
chi = 0.24979761028311978
Iteration time (s) = 1.1088898181915283
RESTORATION
**************************************

[FRP] solve 368 of phase 13, thetak=2.023e-02, Delta=5.000e-04

**************************************
Iteration 437:
thetak = 0.020231445079208925
objk = 3.3939110624918443
trustRadius = 0.0005
sampleRadius = 0.0005
stepNorm = 0.5900590498205096
chi = 0.24979761028311978
Iteration time (s) = 1.0700581073760986
RESTORATION
**************************************

[FRP] solve 369 of phase 13, thetak=2.023e-02, Delta=5.000e-04

**************************************
Iteration 438:
thetak = 0.020231445079208925
objk = 3.3939110624918443
trustRadius = 0.0005
sampleRadius = 0.0005
stepNorm = 0.5900590498205096
chi = 0.24979761028311978
Iteration time (s) = 0.9508631229400635
RESTORATION
**************************************

[FRP] solve 370 of phase 13, thetak=2.023e-02, Delta=5.000e-04

**************************************
Iteration 439:
thetak = 0.020231445079208925
objk = 3.3939110624918443
trustRadius = 0.0005
sampleRadius = 0.0005
stepNorm = 0.5900590498205096
chi = 0.24979761028311978
Iteration time (s) = 1.0638649463653564
RESTORATION
**************************************

[FRP] solve 371 of phase 13, thetak=2.023e-02, Delta=5.000e-04

**************************************
Iteration 440:
thetak = 0.020231445079208925
objk = 3.3939110624918443
trustRadius = 0.0005
sampleRadius = 0.0005
stepNorm = 0.5900590498205096
chi = 0.24979761028311978
Iteration time (s) = 0.9691412448883057
RESTORATION
**************************************

[FRP] solve 372 of phase 13, thetak=2.023e-02, Delta=5.000e-04

**************************************
Iteration 441:
thetak = 0.020231445079208925
objk = 3.3939110624918443
trustRadius = 0.0005
sampleRadius = 0.0005
stepNorm = 0.5900590498205096
chi = 0.24979761028311978
Iteration time (s) = 0.8974959850311279
RESTORATION
**************************************

[FRP] solve 373 of phase 13, thetak=2.023e-02, Delta=5.000e-04

**************************************
Iteration 442:
thetak = 0.020231445079208925
objk = 3.3939110624918443
trustRadius = 0.0005
sampleRadius = 0.0005
stepNorm = 0.5900590498205096
chi = 0.24979761028311978
Iteration time (s) = 0.8818871974945068
RESTORATION
**************************************

[FRP] solve 374 of phase 13, thetak=2.023e-02, Delta=5.000e-04

**************************************
Iteration 443:
thetak = 0.020231445079208925
objk = 3.3939110624918443
trustRadius = 0.0005
sampleRadius = 0.0005
stepNorm = 0.5900590498205096
chi = 0.24979761028311978
Iteration time (s) = 0.8895087242126465
RESTORATION
**************************************

[FRP] solve 375 of phase 13, thetak=2.023e-02, Delta=5.000e-04

**************************************
Iteration 444:
thetak = 0.020231445079208925
objk = 3.3939110624918443
trustRadius = 0.0005
sampleRadius = 0.0005
stepNorm = 0.5900590498205096
chi = 0.24979761028311978
Iteration time (s) = 0.9085493087768555
RESTORATION
**************************************

[FRP] solve 376 of phase 13, thetak=2.023e-02, Delta=5.000e-04

**************************************
Iteration 445:
thetak = 0.020231445079208925
objk = 3.3939110624918443
trustRadius = 0.0005
sampleRadius = 0.0005
stepNorm = 0.5900590498205096
chi = 0.24979761028311978
Iteration time (s) = 1.0985922813415527
RESTORATION
**************************************

[FRP] solve 377 of phase 13, thetak=2.023e-02, Delta=5.000e-04

**************************************
Iteration 446:
thetak = 0.020231445079208925
objk = 3.3939110624918443
trustRadius = 0.0005
sampleRadius = 0.0005
stepNorm = 0.5900590498205096
chi = 0.24979761028311978
Iteration time (s) = 0.9635436534881592
RESTORATION
**************************************

[FRP] solve 378 of phase 13, thetak=2.023e-02, Delta=5.000e-04

**************************************
Iteration 447:
thetak = 0.020231445079208925
objk = 3.3939110624918443
trustRadius = 0.0005
sampleRadius = 0.0005
stepNorm = 0.5900590498205096
chi = 0.24979761028311978
Iteration time (s) = 0.905024528503418
RESTORATION
**************************************

[FRP] solve 379 of phase 13, thetak=2.023e-02, Delta=5.000e-04

**************************************
Iteration 448:
thetak = 0.020231445079208925
objk = 3.3939110624918443
trustRadius = 0.0005
sampleRadius = 0.0005
stepNorm = 0.5900590498205096
chi = 0.24979761028311978
Iteration time (s) = 0.9047689437866211
RESTORATION
**************************************

[FRP] solve 380 of phase 13, thetak=2.023e-02, Delta=5.000e-04

**************************************
Iteration 449:
thetak = 0.020231445079208925
objk = 3.3939110624918443
trustRadius = 0.0005
sampleRadius = 0.0005
stepNorm = 0.5900590498205096
chi = 0.24979761028311978
Iteration time (s) = 0.9128553867340088
RESTORATION
**************************************

[FRP] solve 381 of phase 13, thetak=2.023e-02, Delta=5.000e-04

**************************************
Iteration 450:
thetak = 0.020231445079208925
objk = 3.3939110624918443
trustRadius = 0.0005
sampleRadius = 0.0005
stepNorm = 0.5900590498205096
chi = 0.24979761028311978
Iteration time (s) = 1.031609058380127
RESTORATION
**************************************

[FRP] solve 382 of phase 13, thetak=2.023e-02, Delta=5.000e-04

**************************************
Iteration 451:
thetak = 0.020231445079208925
objk = 3.3939110624918443
trustRadius = 0.0005
sampleRadius = 0.0005
stepNorm = 0.5900590498205096
chi = 0.24979761028311978
Iteration time (s) = 1.0957674980163574
RESTORATION
**************************************

[FRP] solve 383 of phase 13, thetak=2.023e-02, Delta=5.000e-04

**************************************
Iteration 452:
thetak = 0.020231445079208925
objk = 3.3939110624918443
trustRadius = 0.0005
sampleRadius = 0.0005
stepNorm = 0.5900590498205096
chi = 0.24979761028311978
Iteration time (s) = 0.7952663898468018
RESTORATION
**************************************

[FRP] solve 384 of phase 13, thetak=2.023e-02, Delta=5.000e-04

**************************************
Iteration 453:
thetak = 0.020231445079208925
objk = 3.3939110624918443
trustRadius = 0.0005
sampleRadius = 0.0005
stepNorm = 0.5900590498205096
chi = 0.24979761028311978
Iteration time (s) = 0.9018445014953613
RESTORATION
**************************************

[FRP] solve 385 of phase 13, thetak=2.023e-02, Delta=5.000e-04

**************************************
Iteration 454:
thetak = 0.020231445079208925
objk = 3.3939110624918443
trustRadius = 0.0005
sampleRadius = 0.0005
stepNorm = 0.5900590498205096
chi = 0.24979761028311978
Iteration time (s) = 1.0332221984863281
RESTORATION
**************************************

[FRP] solve 386 of phase 13, thetak=2.023e-02, Delta=5.000e-04

**************************************
Iteration 455:
thetak = 0.020231445079208925
objk = 3.3939110624918443
trustRadius = 0.0005
sampleRadius = 0.0005
stepNorm = 0.5900590498205096
chi = 0.24979761028311978
Iteration time (s) = 0.9544298648834229
RESTORATION
**************************************

[FRP] solve 387 of phase 13, thetak=2.023e-02, Delta=5.000e-04

**************************************
Iteration 456:
thetak = 0.020231445079208925
objk = 3.3939110624918443
trustRadius = 0.0005
sampleRadius = 0.0005
stepNorm = 0.5900590498205096
chi = 0.24979761028311978
Iteration time (s) = 1.0033295154571533
RESTORATION
**************************************

[FRP] solve 388 of phase 13, thetak=2.023e-02, Delta=5.000e-04

**************************************
Iteration 457:
thetak = 0.020231445079208925
objk = 3.3939110624918443
trustRadius = 0.0005
sampleRadius = 0.0005
stepNorm = 0.5900590498205096
chi = 0.24979761028311978
Iteration time (s) = 1.0431137084960938
RESTORATION
**************************************

[FRP] solve 389 of phase 13, thetak=2.023e-02, Delta=5.000e-04

**************************************
Iteration 458:
thetak = 0.020231445079208925
objk = 3.3939110624918443
trustRadius = 0.0005
sampleRadius = 0.0005
stepNorm = 0.5900590498205096
chi = 0.24979761028311978
Iteration time (s) = 0.8949813842773438
RESTORATION
**************************************

[FRP] solve 390 of phase 13, thetak=2.023e-02, Delta=5.000e-04

**************************************
Iteration 459:
thetak = 0.020231445079208925
objk = 3.3939110624918443
trustRadius = 0.0005
sampleRadius = 0.0005
stepNorm = 0.5900590498205096
chi = 0.24979761028311978
Iteration time (s) = 0.8947329521179199
RESTORATION
**************************************

[FRP] solve 391 of phase 13, thetak=2.023e-02, Delta=5.000e-04

**************************************
Iteration 460:
thetak = 0.020231445079208925
objk = 3.3939110624918443
trustRadius = 0.0005
sampleRadius = 0.0005
stepNorm = 0.5900590498205096
chi = 0.24979761028311978
Iteration time (s) = 0.9775707721710205
RESTORATION
**************************************

[FRP] solve 392 of phase 13, thetak=2.023e-02, Delta=5.000e-04

**************************************
Iteration 461:
thetak = 0.020231445079208925
objk = 3.3939110624918443
trustRadius = 0.0005
sampleRadius = 0.0005
stepNorm = 0.5900590498205096
chi = 0.24979761028311978
Iteration time (s) = 0.9409399032592773
RESTORATION
**************************************

[FRP] solve 393 of phase 13, thetak=2.023e-02, Delta=5.000e-04

**************************************
Iteration 462:
thetak = 0.020231445079208925
objk = 3.3939110624918443
trustRadius = 0.0005
sampleRadius = 0.0005
stepNorm = 0.5900590498205096
chi = 0.24979761028311978
Iteration time (s) = 1.161510705947876
RESTORATION
**************************************

[FRP] solve 394 of phase 13, thetak=2.023e-02, Delta=5.000e-04

**************************************
Iteration 463:
thetak = 0.020231445079208925
objk = 3.3939110624918443
trustRadius = 0.0005
sampleRadius = 0.0005
stepNorm = 0.5900590498205096
chi = 0.24979761028311978
Iteration time (s) = 1.0130181312561035
RESTORATION
**************************************

[FRP] solve 395 of phase 13, thetak=2.023e-02, Delta=5.000e-04

**************************************
Iteration 464:
thetak = 0.020231445079208925
objk = 3.3939110624918443
trustRadius = 0.0005
sampleRadius = 0.0005
stepNorm = 0.5900590498205096
chi = 0.24979761028311978
Iteration time (s) = 1.042313814163208
RESTORATION
**************************************

[FRP] solve 396 of phase 13, thetak=2.023e-02, Delta=5.000e-04

**************************************
Iteration 465:
thetak = 0.020231445079208925
objk = 3.3939110624918443
trustRadius = 0.0005
sampleRadius = 0.0005
stepNorm = 0.5900590498205096
chi = 0.24979761028311978
Iteration time (s) = 1.0112133026123047
RESTORATION
**************************************

[FRP] solve 397 of phase 13, thetak=2.023e-02, Delta=5.000e-04

**************************************
Iteration 466:
thetak = 0.020231445079208925
objk = 3.3939110624918443
trustRadius = 0.0005
sampleRadius = 0.0005
stepNorm = 0.5900590498205096
chi = 0.24979761028311978
Iteration time (s) = 0.936192512512207
RESTORATION
**************************************

[FRP] solve 398 of phase 13, thetak=2.023e-02, Delta=5.000e-04

**************************************
Iteration 467:
thetak = 0.020231445079208925
objk = 3.3939110624918443
trustRadius = 0.0005
sampleRadius = 0.0005
stepNorm = 0.5900590498205096
chi = 0.24979761028311978
Iteration time (s) = 0.9579448699951172
RESTORATION
**************************************

[FRP] solve 399 of phase 13, thetak=2.023e-02, Delta=5.000e-04

**************************************
Iteration 468:
thetak = 0.020231445079208925
objk = 3.3939110624918443
trustRadius = 0.0005
sampleRadius = 0.0005
stepNorm = 0.5900590498205096
chi = 0.24979761028311978
Iteration time (s) = 1.2864346504211426
RESTORATION
**************************************

[FRP] solve 400 of phase 13, thetak=2.023e-02, Delta=5.000e-04

**************************************
Iteration 469:
thetak = 0.020231445079208925
objk = 3.3939110624918443
trustRadius = 0.0005
sampleRadius = 0.0005
stepNorm = 0.5900590498205096
chi = 0.24979761028311978
Iteration time (s) = 1.0635285377502441
RESTORATION
**************************************

[FRP] solve 401 of phase 13, thetak=2.023e-02, Delta=5.000e-04

**************************************
Iteration 470:
thetak = 0.020231445079208925
objk = 3.3939110624918443
trustRadius = 0.0005
sampleRadius = 0.0005
stepNorm = 0.5900590498205096
chi = 0.24979761028311978
Iteration time (s) = 1.0878326892852783
RESTORATION
**************************************

[FRP] solve 402 of phase 13, thetak=2.023e-02, Delta=5.000e-04

**************************************
Iteration 471:
thetak = 0.020231445079208925
objk = 3.3939110624918443
trustRadius = 0.0005
sampleRadius = 0.0005
stepNorm = 0.5900590498205096
chi = 0.24979761028311978
Iteration time (s) = 0.8918373584747314
RESTORATION
**************************************

[FRP] solve 403 of phase 13, thetak=2.023e-02, Delta=5.000e-04

**************************************
Iteration 472:
thetak = 0.020231445079208925
objk = 3.3939110624918443
trustRadius = 0.0005
sampleRadius = 0.0005
stepNorm = 0.5900590498205096
chi = 0.24979761028311978
Iteration time (s) = 0.8852674961090088
RESTORATION
**************************************

[FRP] solve 404 of phase 13, thetak=2.023e-02, Delta=5.000e-04

**************************************
Iteration 473:
thetak = 0.020231445079208925
objk = 3.3939110624918443
trustRadius = 0.0005
sampleRadius = 0.0005
stepNorm = 0.5900590498205096
chi = 0.24979761028311978
Iteration time (s) = 0.900409460067749
RESTORATION
**************************************

[FRP] solve 405 of phase 13, thetak=2.023e-02, Delta=5.000e-04

**************************************
Iteration 474:
thetak = 0.020231445079208925
objk = 3.3939110624918443
trustRadius = 0.0005
sampleRadius = 0.0005
stepNorm = 0.5900590498205096
chi = 0.24979761028311978
Iteration time (s) = 0.9258880615234375
RESTORATION
**************************************

[FRP] solve 406 of phase 13, thetak=2.023e-02, Delta=5.000e-04

**************************************
Iteration 475:
thetak = 0.020231445079208925
objk = 3.3939110624918443
trustRadius = 0.0005
sampleRadius = 0.0005
stepNorm = 0.5900590498205096
chi = 0.24979761028311978
Iteration time (s) = 0.8917324542999268
RESTORATION
**************************************

[FRP] solve 407 of phase 13, thetak=2.023e-02, Delta=5.000e-04

**************************************
Iteration 476:
thetak = 0.020231445079208925
objk = 3.3939110624918443
trustRadius = 0.0005
sampleRadius = 0.0005
stepNorm = 0.5900590498205096
chi = 0.24979761028311978
Iteration time (s) = 0.8972616195678711
RESTORATION
**************************************

[FRP] solve 408 of phase 13, thetak=2.023e-02, Delta=5.000e-04

**************************************
Iteration 477:
thetak = 0.020231445079208925
objk = 3.3939110624918443
trustRadius = 0.0005
sampleRadius = 0.0005
stepNorm = 0.5900590498205096
chi = 0.24979761028311978
Iteration time (s) = 0.8867058753967285
RESTORATION
**************************************

[FRP] solve 409 of phase 13, thetak=2.023e-02, Delta=5.000e-04

**************************************
Iteration 478:
thetak = 0.020231445079208925
objk = 3.3939110624918443
trustRadius = 0.0005
sampleRadius = 0.0005
stepNorm = 0.5900590498205096
chi = 0.24979761028311978
Iteration time (s) = 0.8898711204528809
RESTORATION
**************************************

[FRP] solve 410 of phase 13, thetak=2.023e-02, Delta=5.000e-04

**************************************
Iteration 479:
thetak = 0.020231445079208925
objk = 3.3939110624918443
trustRadius = 0.0005
sampleRadius = 0.0005
stepNorm = 0.5900590498205096
chi = 0.24979761028311978
Iteration time (s) = 0.7956390380859375
RESTORATION
**************************************

[FRP] solve 411 of phase 13, thetak=2.023e-02, Delta=5.000e-04

**************************************
Iteration 480:
thetak = 0.020231445079208925
objk = 3.3939110624918443
trustRadius = 0.0005
sampleRadius = 0.0005
stepNorm = 0.5900590498205096
chi = 0.24979761028311978
Iteration time (s) = 0.9199461936950684
RESTORATION
**************************************

[FRP] solve 412 of phase 13, thetak=2.023e-02, Delta=5.000e-04

**************************************
Iteration 481:
thetak = 0.020231445079208925
objk = 3.3939110624918443
trustRadius = 0.0005
sampleRadius = 0.0005
stepNorm = 0.5900590498205096
chi = 0.24979761028311978
Iteration time (s) = 0.88002610206604
RESTORATION
**************************************

[FRP] solve 413 of phase 13, thetak=2.023e-02, Delta=5.000e-04

**************************************
Iteration 482:
thetak = 0.020231445079208925
objk = 3.3939110624918443
trustRadius = 0.0005
sampleRadius = 0.0005
stepNorm = 0.5900590498205096
chi = 0.24979761028311978
Iteration time (s) = 0.9182603359222412
RESTORATION
**************************************

[FRP] solve 414 of phase 13, thetak=2.023e-02, Delta=5.000e-04

**************************************
Iteration 483:
thetak = 0.020231445079208925
objk = 3.3939110624918443
trustRadius = 0.0005
sampleRadius = 0.0005
stepNorm = 0.5900590498205096
chi = 0.24979761028311978
Iteration time (s) = 0.8871612548828125
RESTORATION
**************************************

[FRP] solve 415 of phase 13, thetak=2.023e-02, Delta=5.000e-04

**************************************
Iteration 484:
thetak = 0.020231445079208925
objk = 3.3939110624918443
trustRadius = 0.0005
sampleRadius = 0.0005
stepNorm = 0.5900590498205096
chi = 0.24979761028311978
Iteration time (s) = 0.7891190052032471
RESTORATION
**************************************

[FRP] solve 416 of phase 13, thetak=2.023e-02, Delta=5.000e-04

**************************************
Iteration 485:
thetak = 0.020231445079208925
objk = 3.3939110624918443
trustRadius = 0.0005
sampleRadius = 0.0005
stepNorm = 0.5900590498205096
chi = 0.24979761028311978
Iteration time (s) = 0.789243221282959
RESTORATION
**************************************

[FRP] solve 417 of phase 13, thetak=2.023e-02, Delta=5.000e-04

**************************************
Iteration 486:
thetak = 0.020231445079208925
objk = 3.3939110624918443
trustRadius = 0.0005
sampleRadius = 0.0005
stepNorm = 0.5900590498205096
chi = 0.24979761028311978
Iteration time (s) = 0.788884162902832
RESTORATION
**************************************

[FRP] solve 418 of phase 13, thetak=2.023e-02, Delta=5.000e-04

**************************************
Iteration 487:
thetak = 0.020231445079208925
objk = 3.3939110624918443
trustRadius = 0.0005
sampleRadius = 0.0005
stepNorm = 0.5900590498205096
chi = 0.24979761028311978
Iteration time (s) = 0.9759726524353027
RESTORATION
**************************************

[FRP] solve 419 of phase 13, thetak=2.023e-02, Delta=5.000e-04

**************************************
Iteration 488:
thetak = 0.020231445079208925
objk = 3.3939110624918443
trustRadius = 0.0005
sampleRadius = 0.0005
stepNorm = 0.5900590498205096
chi = 0.24979761028311978
Iteration time (s) = 0.7985019683837891
RESTORATION
**************************************

[FRP] solve 420 of phase 13, thetak=2.023e-02, Delta=5.000e-04

**************************************
Iteration 489:
thetak = 0.020231445079208925
objk = 3.3939110624918443
trustRadius = 0.0005
sampleRadius = 0.0005
stepNorm = 0.5900590498205096
chi = 0.24979761028311978
Iteration time (s) = 0.7779858112335205
RESTORATION
**************************************

[FRP] solve 421 of phase 13, thetak=2.023e-02, Delta=5.000e-04

**************************************
Iteration 490:
thetak = 0.020231445079208925
objk = 3.3939110624918443
trustRadius = 0.0005
sampleRadius = 0.0005
stepNorm = 0.5900590498205096
chi = 0.24979761028311978
Iteration time (s) = 0.771540641784668
RESTORATION
**************************************

[FRP] solve 422 of phase 13, thetak=2.023e-02, Delta=5.000e-04

**************************************
Iteration 491:
thetak = 0.020231445079208925
objk = 3.3939110624918443
trustRadius = 0.0005
sampleRadius = 0.0005
stepNorm = 0.5900590498205096
chi = 0.24979761028311978
Iteration time (s) = 0.8836848735809326
RESTORATION
**************************************

[FRP] solve 423 of phase 13, thetak=2.023e-02, Delta=5.000e-04

**************************************
Iteration 492:
thetak = 0.020231445079208925
objk = 3.3939110624918443
trustRadius = 0.0005
sampleRadius = 0.0005
stepNorm = 0.5900590498205096
chi = 0.24979761028311978
Iteration time (s) = 0.7778785228729248
RESTORATION
**************************************

[FRP] solve 424 of phase 13, thetak=2.023e-02, Delta=5.000e-04

**************************************
Iteration 493:
thetak = 0.020231445079208925
objk = 3.3939110624918443
trustRadius = 0.0005
sampleRadius = 0.0005
stepNorm = 0.5900590498205096
chi = 0.24979761028311978
Iteration time (s) = 0.9490213394165039
RESTORATION
**************************************

[FRP] solve 425 of phase 13, thetak=2.023e-02, Delta=5.000e-04

**************************************
Iteration 494:
thetak = 0.020231445079208925
objk = 3.3939110624918443
trustRadius = 0.0005
sampleRadius = 0.0005
stepNorm = 0.5900590498205096
chi = 0.24979761028311978
Iteration time (s) = 0.8983190059661865
RESTORATION
**************************************

[FRP] solve 426 of phase 13, thetak=2.023e-02, Delta=5.000e-04

**************************************
Iteration 495:
thetak = 0.020231445079208925
objk = 3.3939110624918443
trustRadius = 0.0005
sampleRadius = 0.0005
stepNorm = 0.5900590498205096
chi = 0.24979761028311978
Iteration time (s) = 0.7950959205627441
RESTORATION
**************************************

[FRP] solve 427 of phase 13, thetak=2.023e-02, Delta=5.000e-04

**************************************
Iteration 496:
thetak = 0.020231445079208925
objk = 3.3939110624918443
trustRadius = 0.0005
sampleRadius = 0.0005
stepNorm = 0.5900590498205096
chi = 0.24979761028311978
Iteration time (s) = 0.770164966583252
RESTORATION
**************************************

[FRP] solve 428 of phase 13, thetak=2.023e-02, Delta=5.000e-04

**************************************
Iteration 497:
thetak = 0.020231445079208925
objk = 3.3939110624918443
trustRadius = 0.0005
sampleRadius = 0.0005
stepNorm = 0.5900590498205096
chi = 0.24979761028311978
Iteration time (s) = 0.7879631519317627
RESTORATION
**************************************

[FRP] solve 429 of phase 13, thetak=2.023e-02, Delta=5.000e-04

**************************************
Iteration 498:
thetak = 0.020231445079208925
objk = 3.3939110624918443
trustRadius = 0.0005
sampleRadius = 0.0005
stepNorm = 0.5900590498205096
chi = 0.24979761028311978
Iteration time (s) = 0.7848243713378906
RESTORATION
**************************************

[FRP] solve 430 of phase 13, thetak=2.023e-02, Delta=5.000e-04

**************************************
Iteration 499:
thetak = 0.020231445079208925
objk = 3.3939110624918443
trustRadius = 0.0005
sampleRadius = 0.0005
stepNorm = 0.5900590498205096
chi = 0.24979761028311978
Iteration time (s) = 0.8806188106536865
RESTORATION
**************************************

[FRP] solve 431 of phase 13, thetak=2.023e-02, Delta=5.000e-04

**************************************
Iteration 500:
thetak = 0.020231445079208925
objk = 3.3939110624918443
trustRadius = 0.0005
sampleRadius = 0.0005
stepNorm = 0.5900590498205096
chi = 0.24979761028311978
Iteration time (s) = 0.9294788837432861
RESTORATION
**************************************

[FRP] solve 432 of phase 13, thetak=2.023e-02, Delta=5.000e-04

**************************************
Iteration 501:
thetak = 0.020231445079208925
objk = 3.3939110624918443
trustRadius = 0.0005
sampleRadius = 0.0005
stepNorm = 0.5900590498205096
chi = 0.24979761028311978
Iteration time (s) = 0.7870824337005615
RESTORATION
**************************************

[FRP] solve 433 of phase 13, thetak=2.023e-02, Delta=5.000e-04

**************************************
Iteration 502:
thetak = 0.020231445079208925
objk = 3.3939110624918443
trustRadius = 0.0005
sampleRadius = 0.0005
stepNorm = 0.5900590498205096
chi = 0.24979761028311978
Iteration time (s) = 0.8924832344055176
RESTORATION
**************************************

[FRP] solve 434 of phase 13, thetak=2.023e-02, Delta=5.000e-04

**************************************
Iteration 503:
thetak = 0.020231445079208925
objk = 3.3939110624918443
trustRadius = 0.0005
sampleRadius = 0.0005
stepNorm = 0.5900590498205096
chi = 0.24979761028311978
Iteration time (s) = 0.7840945720672607
RESTORATION
**************************************

[FRP] solve 435 of phase 13, thetak=2.023e-02, Delta=5.000e-04

**************************************
Iteration 504:
thetak = 0.020231445079208925
objk = 3.3939110624918443
trustRadius = 0.0005
sampleRadius = 0.0005
stepNorm = 0.5900590498205096
chi = 0.24979761028311978
Iteration time (s) = 0.8751449584960938
RESTORATION
**************************************

[FRP] solve 436 of phase 13, thetak=2.023e-02, Delta=5.000e-04

**************************************
Iteration 505:
thetak = 0.020231445079208925
objk = 3.3939110624918443
trustRadius = 0.0005
sampleRadius = 0.0005
stepNorm = 0.5900590498205096
chi = 0.24979761028311978
Iteration time (s) = 0.8703014850616455
RESTORATION
**************************************

[FRP] solve 437 of phase 13, thetak=2.023e-02, Delta=5.000e-04

**************************************
Iteration 506:
thetak = 0.020231445079208925
objk = 3.3939110624918443
trustRadius = 0.0005
sampleRadius = 0.0005
stepNorm = 0.5900590498205096
chi = 0.24979761028311978
Iteration time (s) = 0.7943804264068604
RESTORATION
**************************************

[FRP] solve 438 of phase 13, thetak=2.023e-02, Delta=5.000e-04

**************************************
Iteration 507:
thetak = 0.020231445079208925
objk = 3.3939110624918443
trustRadius = 0.0005
sampleRadius = 0.0005
stepNorm = 0.5900590498205096
chi = 0.24979761028311978
Iteration time (s) = 0.9312071800231934
RESTORATION
**************************************

[FRP] solve 439 of phase 13, thetak=2.023e-02, Delta=5.000e-04

**************************************
Iteration 508:
thetak = 0.020231445079208925
objk = 3.3939110624918443
trustRadius = 0.0005
sampleRadius = 0.0005
stepNorm = 0.5900590498205096
chi = 0.24979761028311978
Iteration time (s) = 0.7757139205932617
RESTORATION
**************************************

[FRP] solve 440 of phase 13, thetak=2.023e-02, Delta=5.000e-04

**************************************
Iteration 509:
thetak = 0.020231445079208925
objk = 3.3939110624918443
trustRadius = 0.0005
sampleRadius = 0.0005
stepNorm = 0.5900590498205096
chi = 0.24979761028311978
Iteration time (s) = 0.8985481262207031
RESTORATION
**************************************

[FRP] solve 441 of phase 13, thetak=2.023e-02, Delta=5.000e-04

**************************************
Iteration 510:
thetak = 0.020231445079208925
objk = 3.3939110624918443
trustRadius = 0.0005
sampleRadius = 0.0005
stepNorm = 0.5900590498205096
chi = 0.24979761028311978
Iteration time (s) = 0.7755138874053955
RESTORATION
**************************************

[FRP] solve 442 of phase 13, thetak=2.023e-02, Delta=5.000e-04

**************************************
Iteration 511:
thetak = 0.020231445079208925
objk = 3.3939110624918443
trustRadius = 0.0005
sampleRadius = 0.0005
stepNorm = 0.5900590498205096
chi = 0.24979761028311978
Iteration time (s) = 0.9041528701782227
RESTORATION
**************************************

[FRP] solve 443 of phase 13, thetak=2.023e-02, Delta=5.000e-04

**************************************
Iteration 512:
thetak = 0.020231445079208925
objk = 3.3939110624918443
trustRadius = 0.0005
sampleRadius = 0.0005
stepNorm = 0.5900590498205096
chi = 0.24979761028311978
Iteration time (s) = 0.9002971649169922
RESTORATION
**************************************

[FRP] solve 444 of phase 13, thetak=2.023e-02, Delta=5.000e-04

**************************************
Iteration 513:
thetak = 0.020231445079208925
objk = 3.3939110624918443
trustRadius = 0.0005
sampleRadius = 0.0005
stepNorm = 0.5900590498205096
chi = 0.24979761028311978
Iteration time (s) = 0.9554252624511719
RESTORATION
**************************************

[FRP] solve 445 of phase 13, thetak=2.023e-02, Delta=5.000e-04

**************************************
Iteration 514:
thetak = 0.020231445079208925
objk = 3.3939110624918443
trustRadius = 0.0005
sampleRadius = 0.0005
stepNorm = 0.5900590498205096
chi = 0.24979761028311978
Iteration time (s) = 0.7999234199523926
RESTORATION
**************************************

[FRP] solve 446 of phase 13, thetak=2.023e-02, Delta=5.000e-04

**************************************
Iteration 515:
thetak = 0.020231445079208925
objk = 3.3939110624918443
trustRadius = 0.0005
sampleRadius = 0.0005
stepNorm = 0.5900590498205096
chi = 0.24979761028311978
Iteration time (s) = 0.8779091835021973
RESTORATION
**************************************

[FRP] solve 447 of phase 13, thetak=2.023e-02, Delta=5.000e-04

**************************************
Iteration 516:
thetak = 0.020231445079208925
objk = 3.3939110624918443
trustRadius = 0.0005
sampleRadius = 0.0005
stepNorm = 0.5900590498205096
chi = 0.24979761028311978
Iteration time (s) = 0.787318229675293
RESTORATION
**************************************

[FRP] solve 448 of phase 13, thetak=2.023e-02, Delta=5.000e-04

**************************************
Iteration 517:
thetak = 0.020231445079208925
objk = 3.3939110624918443
trustRadius = 0.0005
sampleRadius = 0.0005
stepNorm = 0.5900590498205096
chi = 0.24979761028311978
Iteration time (s) = 0.7892744541168213
RESTORATION
**************************************

[FRP] solve 449 of phase 13, thetak=2.023e-02, Delta=5.000e-04

**************************************
Iteration 518:
thetak = 0.020231445079208925
objk = 3.3939110624918443
trustRadius = 0.0005
sampleRadius = 0.0005
stepNorm = 0.5900590498205096
chi = 0.24979761028311978
Iteration time (s) = 0.7778060436248779
RESTORATION
**************************************

[FRP] solve 450 of phase 13, thetak=2.023e-02, Delta=5.000e-04

**************************************
Iteration 519:
thetak = 0.020231445079208925
objk = 3.3939110624918443
trustRadius = 0.0005
sampleRadius = 0.0005
stepNorm = 0.5900590498205096
chi = 0.24979761028311978
Iteration time (s) = 0.9007053375244141
RESTORATION
**************************************

[FRP] solve 451 of phase 13, thetak=2.023e-02, Delta=5.000e-04

**************************************
Iteration 520:
thetak = 0.020231445079208925
objk = 3.3939110624918443
trustRadius = 0.0005
sampleRadius = 0.0005
stepNorm = 0.5900590498205096
chi = 0.24979761028311978
Iteration time (s) = 0.8988566398620605
RESTORATION
**************************************

[FRP] solve 452 of phase 13, thetak=2.023e-02, Delta=5.000e-04

**************************************
Iteration 521:
thetak = 0.020231445079208925
objk = 3.3939110624918443
trustRadius = 0.0005
sampleRadius = 0.0005
stepNorm = 0.5900590498205096
chi = 0.24979761028311978
Iteration time (s) = 0.9008538722991943
RESTORATION
**************************************

[FRP] solve 453 of phase 13, thetak=2.023e-02, Delta=5.000e-04

**************************************
Iteration 522:
thetak = 0.020231445079208925
objk = 3.3939110624918443
trustRadius = 0.0005
sampleRadius = 0.0005
stepNorm = 0.5900590498205096
chi = 0.24979761028311978
Iteration time (s) = 0.7947735786437988
RESTORATION
**************************************

[FRP] solve 454 of phase 13, thetak=2.023e-02, Delta=5.000e-04

**************************************
Iteration 523:
thetak = 0.020231445079208925
objk = 3.3939110624918443
trustRadius = 0.0005
sampleRadius = 0.0005
stepNorm = 0.5900590498205096
chi = 0.24979761028311978
Iteration time (s) = 0.8979616165161133
RESTORATION
**************************************

[FRP] solve 455 of phase 13, thetak=2.023e-02, Delta=5.000e-04

**************************************
Iteration 524:
thetak = 0.020231445079208925
objk = 3.3939110624918443
trustRadius = 0.0005
sampleRadius = 0.0005
stepNorm = 0.5900590498205096
chi = 0.24979761028311978
Iteration time (s) = 0.7814598083496094
RESTORATION
**************************************

[FRP] solve 456 of phase 13, thetak=2.023e-02, Delta=5.000e-04

**************************************
Iteration 525:
thetak = 0.020231445079208925
objk = 3.3939110624918443
trustRadius = 0.0005
sampleRadius = 0.0005
stepNorm = 0.5900590498205096
chi = 0.24979761028311978
Iteration time (s) = 0.8984031677246094
RESTORATION
**************************************

[FRP] solve 457 of phase 13, thetak=2.023e-02, Delta=5.000e-04

**************************************
Iteration 526:
thetak = 0.020231445079208925
objk = 3.3939110624918443
trustRadius = 0.0005
sampleRadius = 0.0005
stepNorm = 0.5900590498205096
chi = 0.24979761028311978
Iteration time (s) = 0.9015142917633057
RESTORATION
**************************************

[FRP] solve 458 of phase 13, thetak=2.023e-02, Delta=5.000e-04

**************************************
Iteration 527:
thetak = 0.020231445079208925
objk = 3.3939110624918443
trustRadius = 0.0005
sampleRadius = 0.0005
stepNorm = 0.5900590498205096
chi = 0.24979761028311978
Iteration time (s) = 0.8345122337341309
RESTORATION
**************************************

[FRP] solve 459 of phase 13, thetak=2.023e-02, Delta=5.000e-04

**************************************
Iteration 528:
thetak = 0.020231445079208925
objk = 3.3939110624918443
trustRadius = 0.0005
sampleRadius = 0.0005
stepNorm = 0.5900590498205096
chi = 0.24979761028311978
Iteration time (s) = 0.8871519565582275
RESTORATION
**************************************

[FRP] solve 460 of phase 13, thetak=2.023e-02, Delta=5.000e-04

**************************************
Iteration 529:
thetak = 0.020231445079208925
objk = 3.3939110624918443
trustRadius = 0.0005
sampleRadius = 0.0005
stepNorm = 0.5900590498205096
chi = 0.24979761028311978
Iteration time (s) = 0.8973617553710938
RESTORATION
**************************************

[FRP] solve 461 of phase 13, thetak=2.023e-02, Delta=5.000e-04

**************************************
Iteration 530:
thetak = 0.020231445079208925
objk = 3.3939110624918443
trustRadius = 0.0005
sampleRadius = 0.0005
stepNorm = 0.5900590498205096
chi = 0.24979761028311978
Iteration time (s) = 0.7720296382904053
RESTORATION
**************************************

[FRP] solve 462 of phase 13, thetak=2.023e-02, Delta=5.000e-04

**************************************
Iteration 531:
thetak = 0.020231445079208925
objk = 3.3939110624918443
trustRadius = 0.0005
sampleRadius = 0.0005
stepNorm = 0.5900590498205096
chi = 0.24979761028311978
Iteration time (s) = 0.8948452472686768
RESTORATION
**************************************

[FRP] solve 463 of phase 13, thetak=2.023e-02, Delta=5.000e-04

**************************************
Iteration 532:
thetak = 0.020231445079208925
objk = 3.3939110624918443
trustRadius = 0.0005
sampleRadius = 0.0005
stepNorm = 0.5900590498205096
chi = 0.24979761028311978
Iteration time (s) = 0.8905861377716064
RESTORATION
**************************************

[FRP] solve 464 of phase 13, thetak=2.023e-02, Delta=5.000e-04

**************************************
Iteration 533:
thetak = 0.020231445079208925
objk = 3.3939110624918443
trustRadius = 0.0005
sampleRadius = 0.0005
stepNorm = 0.5900590498205096
chi = 0.24979761028311978
Iteration time (s) = 0.939368724822998
RESTORATION
**************************************

[FRP] solve 465 of phase 13, thetak=2.023e-02, Delta=5.000e-04

**************************************
Iteration 534:
thetak = 0.020231445079208925
objk = 3.3939110624918443
trustRadius = 0.0005
sampleRadius = 0.0005
stepNorm = 0.5900590498205096
chi = 0.24979761028311978
Iteration time (s) = 0.790395975112915
RESTORATION
**************************************

[FRP] solve 466 of phase 13, thetak=2.023e-02, Delta=5.000e-04

**************************************
Iteration 535:
thetak = 0.020231445079208925
objk = 3.3939110624918443
trustRadius = 0.0005
sampleRadius = 0.0005
stepNorm = 0.5900590498205096
chi = 0.24979761028311978
Iteration time (s) = 0.873953104019165
RESTORATION
**************************************

[FRP] solve 467 of phase 13, thetak=2.023e-02, Delta=5.000e-04

**************************************
Iteration 536:
thetak = 0.020231445079208925
objk = 3.3939110624918443
trustRadius = 0.0005
sampleRadius = 0.0005
stepNorm = 0.5900590498205096
chi = 0.24979761028311978
Iteration time (s) = 0.7905919551849365
RESTORATION
**************************************

[FRP] solve 468 of phase 13, thetak=2.023e-02, Delta=5.000e-04

**************************************
Iteration 537:
thetak = 0.020231445079208925
objk = 3.3939110624918443
trustRadius = 0.0005
sampleRadius = 0.0005
stepNorm = 0.5900590498205096
chi = 0.24979761028311978
Iteration time (s) = 0.7582404613494873
RESTORATION
**************************************

[FRP] solve 469 of phase 13, thetak=2.023e-02, Delta=5.000e-04

**************************************
Iteration 538:
thetak = 0.020231445079208925
objk = 3.3939110624918443
trustRadius = 0.0005
sampleRadius = 0.0005
stepNorm = 0.5900590498205096
chi = 0.24979761028311978
Iteration time (s) = 0.9043047428131104
RESTORATION
**************************************

[FRP] solve 470 of phase 13, thetak=2.023e-02, Delta=5.000e-04

**************************************
Iteration 539:
thetak = 0.020231445079208925
objk = 3.3939110624918443
trustRadius = 0.0005
sampleRadius = 0.0005
stepNorm = 0.5900590498205096
chi = 0.24979761028311978
Iteration time (s) = 0.7912704944610596
RESTORATION
**************************************

[FRP] solve 471 of phase 13, thetak=2.023e-02, Delta=5.000e-04

**************************************
Iteration 540:
thetak = 0.020231445079208925
objk = 3.3939110624918443
trustRadius = 0.0005
sampleRadius = 0.0005
stepNorm = 0.5900590498205096
chi = 0.24979761028311978
Iteration time (s) = 0.9504408836364746
RESTORATION
**************************************

[FRP] solve 472 of phase 13, thetak=2.023e-02, Delta=5.000e-04

**************************************
Iteration 541:
thetak = 0.020231445079208925
objk = 3.3939110624918443
trustRadius = 0.0005
sampleRadius = 0.0005
stepNorm = 0.5900590498205096
chi = 0.24979761028311978
Iteration time (s) = 0.8833613395690918
RESTORATION
**************************************

[FRP] solve 473 of phase 13, thetak=2.023e-02, Delta=5.000e-04

**************************************
Iteration 542:
thetak = 0.020231445079208925
objk = 3.3939110624918443
trustRadius = 0.0005
sampleRadius = 0.0005
stepNorm = 0.5900590498205096
chi = 0.24979761028311978
Iteration time (s) = 0.8866801261901855
RESTORATION
**************************************

[FRP] solve 474 of phase 13, thetak=2.023e-02, Delta=5.000e-04

**************************************
Iteration 543:
thetak = 0.020231445079208925
objk = 3.3939110624918443
trustRadius = 0.0005
sampleRadius = 0.0005
stepNorm = 0.5900590498205096
chi = 0.24979761028311978
Iteration time (s) = 0.8953030109405518
RESTORATION
**************************************

[FRP] solve 475 of phase 13, thetak=2.023e-02, Delta=5.000e-04

**************************************
Iteration 544:
thetak = 0.020231445079208925
objk = 3.3939110624918443
trustRadius = 0.0005
sampleRadius = 0.0005
stepNorm = 0.5900590498205096
chi = 0.24979761028311978
Iteration time (s) = 0.7866764068603516
RESTORATION
**************************************

[FRP] solve 476 of phase 13, thetak=2.023e-02, Delta=5.000e-04

**************************************
Iteration 545:
thetak = 0.020231445079208925
objk = 3.3939110624918443
trustRadius = 0.0005
sampleRadius = 0.0005
stepNorm = 0.5900590498205096
chi = 0.24979761028311978
Iteration time (s) = 0.8791396617889404
RESTORATION
**************************************

[FRP] solve 477 of phase 13, thetak=2.023e-02, Delta=5.000e-04

**************************************
Iteration 546:
thetak = 0.020231445079208925
objk = 3.3939110624918443
trustRadius = 0.0005
sampleRadius = 0.0005
stepNorm = 0.5900590498205096
chi = 0.24979761028311978
Iteration time (s) = 0.9224526882171631
RESTORATION
**************************************

[FRP] solve 478 of phase 13, thetak=2.023e-02, Delta=5.000e-04

**************************************
Iteration 547:
thetak = 0.020231445079208925
objk = 3.3939110624918443
trustRadius = 0.0005
sampleRadius = 0.0005
stepNorm = 0.5900590498205096
chi = 0.24979761028311978
Iteration time (s) = 0.7851033210754395
RESTORATION
**************************************

[FRP] solve 479 of phase 13, thetak=2.023e-02, Delta=5.000e-04

**************************************
Iteration 548:
thetak = 0.020231445079208925
objk = 3.3939110624918443
trustRadius = 0.0005
sampleRadius = 0.0005
stepNorm = 0.5900590498205096
chi = 0.24979761028311978
Iteration time (s) = 0.7821636199951172
RESTORATION
**************************************

[FRP] solve 480 of phase 13, thetak=2.023e-02, Delta=5.000e-04

**************************************
Iteration 549:
thetak = 0.020231445079208925
objk = 3.3939110624918443
trustRadius = 0.0005
sampleRadius = 0.0005
stepNorm = 0.5900590498205096
chi = 0.24979761028311978
Iteration time (s) = 0.7735707759857178
RESTORATION
**************************************

[FRP] solve 481 of phase 13, thetak=2.023e-02, Delta=5.000e-04

**************************************
Iteration 550:
thetak = 0.020231445079208925
objk = 3.3939110624918443
trustRadius = 0.0005
sampleRadius = 0.0005
stepNorm = 0.5900590498205096
chi = 0.24979761028311978
Iteration time (s) = 0.9023396968841553
RESTORATION
**************************************

[FRP] solve 482 of phase 13, thetak=2.023e-02, Delta=5.000e-04

**************************************
Iteration 551:
thetak = 0.020231445079208925
objk = 3.3939110624918443
trustRadius = 0.0005
sampleRadius = 0.0005
stepNorm = 0.5900590498205096
chi = 0.24979761028311978
Iteration time (s) = 0.8934237957000732
RESTORATION
**************************************

[FRP] solve 483 of phase 13, thetak=2.023e-02, Delta=5.000e-04

**************************************
Iteration 552:
thetak = 0.020231445079208925
objk = 3.3939110624918443
trustRadius = 0.0005
sampleRadius = 0.0005
stepNorm = 0.5900590498205096
chi = 0.24979761028311978
Iteration time (s) = 0.7847139835357666
RESTORATION
**************************************

[FRP] solve 484 of phase 13, thetak=2.023e-02, Delta=5.000e-04

**************************************
Iteration 553:
thetak = 0.020231445079208925
objk = 3.3939110624918443
trustRadius = 0.0005
sampleRadius = 0.0005
stepNorm = 0.5900590498205096
chi = 0.24979761028311978
Iteration time (s) = 0.8905892372131348
RESTORATION
**************************************

[FRP] solve 485 of phase 13, thetak=2.023e-02, Delta=5.000e-04

**************************************
Iteration 554:
thetak = 0.020231445079208925
objk = 3.3939110624918443
trustRadius = 0.0005
sampleRadius = 0.0005
stepNorm = 0.5900590498205096
chi = 0.24979761028311978
Iteration time (s) = 0.7942478656768799
RESTORATION
**************************************

[FRP] solve 486 of phase 13, thetak=2.023e-02, Delta=5.000e-04

**************************************
Iteration 555:
thetak = 0.020231445079208925
objk = 3.3939110624918443
trustRadius = 0.0005
sampleRadius = 0.0005
stepNorm = 0.5900590498205096
chi = 0.24979761028311978
Iteration time (s) = 0.7911176681518555
RESTORATION
**************************************

[FRP] solve 487 of phase 13, thetak=2.023e-02, Delta=5.000e-04

**************************************
Iteration 556:
thetak = 0.020231445079208925
objk = 3.3939110624918443
trustRadius = 0.0005
sampleRadius = 0.0005
stepNorm = 0.5900590498205096
chi = 0.24979761028311978
Iteration time (s) = 0.7793371677398682
RESTORATION
**************************************

[FRP] solve 488 of phase 13, thetak=2.023e-02, Delta=5.000e-04

**************************************
Iteration 557:
thetak = 0.020231445079208925
objk = 3.3939110624918443
trustRadius = 0.0005
sampleRadius = 0.0005
stepNorm = 0.5900590498205096
chi = 0.24979761028311978
Iteration time (s) = 0.7872703075408936
RESTORATION
**************************************

[FRP] solve 489 of phase 13, thetak=2.023e-02, Delta=5.000e-04

**************************************
Iteration 558:
thetak = 0.020231445079208925
objk = 3.3939110624918443
trustRadius = 0.0005
sampleRadius = 0.0005
stepNorm = 0.5900590498205096
chi = 0.24979761028311978
Iteration time (s) = 0.7827599048614502
RESTORATION
**************************************

[FRP] solve 490 of phase 13, thetak=2.023e-02, Delta=5.000e-04

**************************************
Iteration 559:
thetak = 0.020231445079208925
objk = 3.3939110624918443
trustRadius = 0.0005
sampleRadius = 0.0005
stepNorm = 0.5900590498205096
chi = 0.24979761028311978
Iteration time (s) = 0.7821207046508789
RESTORATION
**************************************

[FRP] solve 491 of phase 13, thetak=2.023e-02, Delta=5.000e-04

**************************************
Iteration 560:
thetak = 0.020231445079208925
objk = 3.3939110624918443
trustRadius = 0.0005
sampleRadius = 0.0005
stepNorm = 0.5900590498205096
chi = 0.24979761028311978
Iteration time (s) = 0.8398425579071045
RESTORATION
**************************************

[FRP] solve 492 of phase 13, thetak=2.023e-02, Delta=5.000e-04

**************************************
Iteration 561:
thetak = 0.020231445079208925
objk = 3.3939110624918443
trustRadius = 0.0005
sampleRadius = 0.0005
stepNorm = 0.5900590498205096
chi = 0.24979761028311978
Iteration time (s) = 0.8879976272583008
RESTORATION
**************************************

[FRP] solve 493 of phase 13, thetak=2.023e-02, Delta=5.000e-04

**************************************
Iteration 562:
thetak = 0.020231445079208925
objk = 3.3939110624918443
trustRadius = 0.0005
sampleRadius = 0.0005
stepNorm = 0.5900590498205096
chi = 0.24979761028311978
Iteration time (s) = 0.8924472332000732
RESTORATION
**************************************

[FRP] solve 494 of phase 13, thetak=2.023e-02, Delta=5.000e-04

**************************************
Iteration 563:
thetak = 0.020231445079208925
objk = 3.3939110624918443
trustRadius = 0.0005
sampleRadius = 0.0005
stepNorm = 0.5900590498205096
chi = 0.24979761028311978
Iteration time (s) = 0.7687864303588867
RESTORATION
**************************************

[FRP] solve 495 of phase 13, thetak=2.023e-02, Delta=5.000e-04

**************************************
Iteration 564:
thetak = 0.020231445079208925
objk = 3.3939110624918443
trustRadius = 0.0005
sampleRadius = 0.0005
stepNorm = 0.5900590498205096
chi = 0.24979761028311978
Iteration time (s) = 0.889951229095459
RESTORATION
**************************************

[FRP] solve 496 of phase 13, thetak=2.023e-02, Delta=5.000e-04

**************************************
Iteration 565:
thetak = 0.020231445079208925
objk = 3.3939110624918443
trustRadius = 0.0005
sampleRadius = 0.0005
stepNorm = 0.5900590498205096
chi = 0.24979761028311978
Iteration time (s) = 0.7760968208312988
RESTORATION
**************************************

[FRP] solve 497 of phase 13, thetak=2.023e-02, Delta=5.000e-04

**************************************
Iteration 566:
thetak = 0.020231445079208925
objk = 3.3939110624918443
trustRadius = 0.0005
sampleRadius = 0.0005
stepNorm = 0.5900590498205096
chi = 0.24979761028311978
Iteration time (s) = 0.8961849212646484
RESTORATION
**************************************

[FRP] solve 498 of phase 13, thetak=2.023e-02, Delta=5.000e-04

**************************************
Iteration 567:
thetak = 0.020231445079208925
objk = 3.3939110624918443
trustRadius = 0.0005
sampleRadius = 0.0005
stepNorm = 0.5900590498205096
chi = 0.24979761028311978
Iteration time (s) = 0.9593949317932129
RESTORATION
**************************************

[FRP] solve 499 of phase 13, thetak=2.023e-02, Delta=5.000e-04

**************************************
Iteration 568:
thetak = 0.020231445079208925
objk = 3.3939110624918443
trustRadius = 0.0005
sampleRadius = 0.0005
stepNorm = 0.5900590498205096
chi = 0.24979761028311978
Iteration time (s) = 0.8851542472839355
RESTORATION
**************************************

[FRP] solve 500 of phase 13, thetak=2.023e-02, Delta=5.000e-04

**************************************
Iteration 569:
thetak = 0.020231445079208925
objk = 3.3939110624918443
trustRadius = 0.0005
sampleRadius = 0.0005
stepNorm = 0.5900590498205096
chi = 0.24979761028311978
Iteration time (s) = 0.8907465934753418
RESTORATION
**************************************

[FRP] solve 501 of phase 13, thetak=2.023e-02, Delta=5.000e-04

**************************************
Iteration 570:
thetak = 0.020231445079208925
objk = 3.3939110624918443
trustRadius = 0.0005
sampleRadius = 0.0005
stepNorm = 0.5900590498205096
chi = 0.24979761028311978
Iteration time (s) = 0.7911083698272705
RESTORATION
**************************************

[FRP] solve 502 of phase 13, thetak=2.023e-02, Delta=5.000e-04

**************************************
Iteration 571:
thetak = 0.020231445079208925
objk = 3.3939110624918443
trustRadius = 0.0005
sampleRadius = 0.0005
stepNorm = 0.5900590498205096
chi = 0.24979761028311978
Iteration time (s) = 0.8068594932556152
RESTORATION
**************************************

[FRP] solve 503 of phase 13, thetak=2.023e-02, Delta=5.000e-04

**************************************
Iteration 572:
thetak = 0.020231445079208925
objk = 3.3939110624918443
trustRadius = 0.0005
sampleRadius = 0.0005
stepNorm = 0.5900590498205096
chi = 0.24979761028311978
Iteration time (s) = 0.8769285678863525
RESTORATION
**************************************

[FRP] solve 504 of phase 13, thetak=2.023e-02, Delta=5.000e-04

**************************************
Iteration 573:
thetak = 0.020231445079208925
objk = 3.3939110624918443
trustRadius = 0.0005
sampleRadius = 0.0005
stepNorm = 0.5900590498205096
chi = 0.24979761028311978
Iteration time (s) = 0.9649441242218018
RESTORATION
**************************************

[FRP] solve 505 of phase 13, thetak=2.023e-02, Delta=5.000e-04

**************************************
Iteration 574:
thetak = 0.020231445079208925
objk = 3.3939110624918443
trustRadius = 0.0005
sampleRadius = 0.0005
stepNorm = 0.5900590498205096
chi = 0.24979761028311978
Iteration time (s) = 0.7975177764892578
RESTORATION
**************************************

[FRP] solve 506 of phase 13, thetak=2.023e-02, Delta=5.000e-04

**************************************
Iteration 575:
thetak = 0.020231445079208925
objk = 3.3939110624918443
trustRadius = 0.0005
sampleRadius = 0.0005
stepNorm = 0.5900590498205096
chi = 0.24979761028311978
Iteration time (s) = 0.7783191204071045
RESTORATION
**************************************

[FRP] solve 507 of phase 13, thetak=2.023e-02, Delta=5.000e-04

**************************************
Iteration 576:
thetak = 0.020231445079208925
objk = 3.3939110624918443
trustRadius = 0.0005
sampleRadius = 0.0005
stepNorm = 0.5900590498205096
chi = 0.24979761028311978
Iteration time (s) = 0.8905248641967773
RESTORATION
**************************************

[FRP] solve 508 of phase 13, thetak=2.023e-02, Delta=5.000e-04

**************************************
Iteration 577:
thetak = 0.020231445079208925
objk = 3.3939110624918443
trustRadius = 0.0005
sampleRadius = 0.0005
stepNorm = 0.5900590498205096
chi = 0.24979761028311978
Iteration time (s) = 0.8062703609466553
RESTORATION
**************************************

[FRP] solve 509 of phase 13, thetak=2.023e-02, Delta=5.000e-04

**************************************
Iteration 578:
thetak = 0.020231445079208925
objk = 3.3939110624918443
trustRadius = 0.0005
sampleRadius = 0.0005
stepNorm = 0.5900590498205096
chi = 0.24979761028311978
Iteration time (s) = 0.7827091217041016
RESTORATION
**************************************

[FRP] solve 510 of phase 13, thetak=2.023e-02, Delta=5.000e-04

**************************************
Iteration 579:
thetak = 0.020231445079208925
objk = 3.3939110624918443
trustRadius = 0.0005
sampleRadius = 0.0005
stepNorm = 0.5900590498205096
chi = 0.24979761028311978
Iteration time (s) = 0.8930690288543701
RESTORATION
**************************************

[FRP] solve 511 of phase 13, thetak=2.023e-02, Delta=5.000e-04

**************************************
Iteration 580:
thetak = 0.020231445079208925
objk = 3.3939110624918443
trustRadius = 0.0005
sampleRadius = 0.0005
stepNorm = 0.5900590498205096
chi = 0.24979761028311978
Iteration time (s) = 0.9207491874694824
RESTORATION
**************************************

[FRP] solve 512 of phase 13, thetak=2.023e-02, Delta=5.000e-04

**************************************
Iteration 581:
thetak = 0.020231445079208925
objk = 3.3939110624918443
trustRadius = 0.0005
sampleRadius = 0.0005
stepNorm = 0.5900590498205096
chi = 0.24979761028311978
Iteration time (s) = 0.8002910614013672
RESTORATION
**************************************

[FRP] solve 513 of phase 13, thetak=2.023e-02, Delta=5.000e-04

**************************************
Iteration 582:
thetak = 0.020231445079208925
objk = 3.3939110624918443
trustRadius = 0.0005
sampleRadius = 0.0005
stepNorm = 0.5900590498205096
chi = 0.24979761028311978
Iteration time (s) = 0.7921171188354492
RESTORATION
**************************************

[FRP] solve 514 of phase 13, thetak=2.023e-02, Delta=5.000e-04

**************************************
Iteration 583:
thetak = 0.020231445079208925
objk = 3.3939110624918443
trustRadius = 0.0005
sampleRadius = 0.0005
stepNorm = 0.5900590498205096
chi = 0.24979761028311978
Iteration time (s) = 0.7792866230010986
RESTORATION
**************************************

[FRP] solve 515 of phase 13, thetak=2.023e-02, Delta=5.000e-04

**************************************
Iteration 584:
thetak = 0.020231445079208925
objk = 3.3939110624918443
trustRadius = 0.0005
sampleRadius = 0.0005
stepNorm = 0.5900590498205096
chi = 0.24979761028311978
Iteration time (s) = 0.8823401927947998
RESTORATION
**************************************

[FRP] solve 516 of phase 13, thetak=2.023e-02, Delta=5.000e-04

**************************************
Iteration 585:
thetak = 0.020231445079208925
objk = 3.3939110624918443
trustRadius = 0.0005
sampleRadius = 0.0005
stepNorm = 0.5900590498205096
chi = 0.24979761028311978
Iteration time (s) = 0.8039994239807129
RESTORATION
**************************************

[FRP] solve 517 of phase 13, thetak=2.023e-02, Delta=5.000e-04

**************************************
Iteration 586:
thetak = 0.020231445079208925
objk = 3.3939110624918443
trustRadius = 0.0005
sampleRadius = 0.0005
stepNorm = 0.5900590498205096
chi = 0.24979761028311978
Iteration time (s) = 0.8963654041290283
RESTORATION
**************************************

[FRP] solve 518 of phase 13, thetak=2.023e-02, Delta=5.000e-04

**************************************
Iteration 587:
thetak = 0.020231445079208925
objk = 3.3939110624918443
trustRadius = 0.0005
sampleRadius = 0.0005
stepNorm = 0.5900590498205096
chi = 0.24979761028311978
Iteration time (s) = 0.9357743263244629
RESTORATION
**************************************

[FRP] solve 519 of phase 13, thetak=2.023e-02, Delta=5.000e-04

**************************************
Iteration 588:
thetak = 0.020231445079208925
objk = 3.3939110624918443
trustRadius = 0.0005
sampleRadius = 0.0005
stepNorm = 0.5900590498205096
chi = 0.24979761028311978
Iteration time (s) = 0.8714830875396729
RESTORATION
**************************************

[FRP] solve 520 of phase 13, thetak=2.023e-02, Delta=5.000e-04

**************************************
Iteration 589:
thetak = 0.020231445079208925
objk = 3.3939110624918443
trustRadius = 0.0005
sampleRadius = 0.0005
stepNorm = 0.5900590498205096
chi = 0.24979761028311978
Iteration time (s) = 0.7908427715301514
RESTORATION
**************************************

[FRP] solve 521 of phase 13, thetak=2.023e-02, Delta=5.000e-04

**************************************
Iteration 590:
thetak = 0.020231445079208925
objk = 3.3939110624918443
trustRadius = 0.0005
sampleRadius = 0.0005
stepNorm = 0.5900590498205096
chi = 0.24979761028311978
Iteration time (s) = 0.7718384265899658
RESTORATION
**************************************

[FRP] solve 522 of phase 13, thetak=2.023e-02, Delta=5.000e-04

**************************************
Iteration 591:
thetak = 0.020231445079208925
objk = 3.3939110624918443
trustRadius = 0.0005
sampleRadius = 0.0005
stepNorm = 0.5900590498205096
chi = 0.24979761028311978
Iteration time (s) = 0.8843584060668945
RESTORATION
**************************************

[FRP] solve 523 of phase 13, thetak=2.023e-02, Delta=5.000e-04

**************************************
Iteration 592:
thetak = 0.020231445079208925
objk = 3.3939110624918443
trustRadius = 0.0005
sampleRadius = 0.0005
stepNorm = 0.5900590498205096
chi = 0.24979761028311978
Iteration time (s) = 0.8825750350952148
RESTORATION
**************************************

[FRP] solve 524 of phase 13, thetak=2.023e-02, Delta=5.000e-04

**************************************
Iteration 593:
thetak = 0.020231445079208925
objk = 3.3939110624918443
trustRadius = 0.0005
sampleRadius = 0.0005
stepNorm = 0.5900590498205096
chi = 0.24979761028311978
Iteration time (s) = 1.0388188362121582
RESTORATION
**************************************

[FRP] solve 525 of phase 13, thetak=2.023e-02, Delta=5.000e-04

**************************************
Iteration 594:
thetak = 0.020231445079208925
objk = 3.3939110624918443
trustRadius = 0.0005
sampleRadius = 0.0005
stepNorm = 0.5900590498205096
chi = 0.24979761028311978
Iteration time (s) = 0.8820648193359375
RESTORATION
**************************************

[FRP] solve 526 of phase 13, thetak=2.023e-02, Delta=5.000e-04

**************************************
Iteration 595:
thetak = 0.020231445079208925
objk = 3.3939110624918443
trustRadius = 0.0005
sampleRadius = 0.0005
stepNorm = 0.5900590498205096
chi = 0.24979761028311978
Iteration time (s) = 0.8885183334350586
RESTORATION
**************************************

[FRP] solve 527 of phase 13, thetak=2.023e-02, Delta=5.000e-04

**************************************
Iteration 596:
thetak = 0.020231445079208925
objk = 3.3939110624918443
trustRadius = 0.0005
sampleRadius = 0.0005
stepNorm = 0.5900590498205096
chi = 0.24979761028311978
Iteration time (s) = 0.8945367336273193
RESTORATION
**************************************

[FRP] solve 528 of phase 13, thetak=2.023e-02, Delta=5.000e-04

**************************************
Iteration 597:
thetak = 0.020231445079208925
objk = 3.3939110624918443
trustRadius = 0.0005
sampleRadius = 0.0005
stepNorm = 0.5900590498205096
chi = 0.24979761028311978
Iteration time (s) = 0.8847930431365967
RESTORATION
**************************************

[FRP] solve 529 of phase 13, thetak=2.023e-02, Delta=5.000e-04

**************************************
Iteration 598:
thetak = 0.020231445079208925
objk = 3.3939110624918443
trustRadius = 0.0005
sampleRadius = 0.0005
stepNorm = 0.5900590498205096
chi = 0.24979761028311978
Iteration time (s) = 0.894932746887207
RESTORATION
**************************************

[FRP] solve 530 of phase 13, thetak=2.023e-02, Delta=5.000e-04

**************************************
Iteration 599:
thetak = 0.020231445079208925
objk = 3.3939110624918443
trustRadius = 0.0005
sampleRadius = 0.0005
stepNorm = 0.5900590498205096
chi = 0.24979761028311978
Iteration time (s) = 0.945528507232666
RESTORATION
**************************************

[FRP] solve 531 of phase 13, thetak=2.023e-02, Delta=5.000e-04

**************************************
Iteration 600:
thetak = 0.020231445079208925
objk = 3.3939110624918443
trustRadius = 0.0005
sampleRadius = 0.0005
stepNorm = 0.5900590498205096
chi = 0.24979761028311978
Iteration time (s) = 0.8999829292297363
RESTORATION
**************************************

[FRP] solve 532 of phase 13, thetak=2.023e-02, Delta=5.000e-04

**************************************
Iteration 601:
thetak = 0.020231445079208925
objk = 3.3939110624918443
trustRadius = 0.0005
sampleRadius = 0.0005
stepNorm = 0.5900590498205096
chi = 0.24979761028311978
Iteration time (s) = 0.8755745887756348
RESTORATION
**************************************

[FRP] solve 533 of phase 13, thetak=2.023e-02, Delta=5.000e-04

**************************************
Iteration 602:
thetak = 0.020231445079208925
objk = 3.3939110624918443
trustRadius = 0.0005
sampleRadius = 0.0005
stepNorm = 0.5900590498205096
chi = 0.24979761028311978
Iteration time (s) = 0.8946387767791748
RESTORATION
**************************************

[FRP] solve 534 of phase 13, thetak=2.023e-02, Delta=5.000e-04

**************************************
Iteration 603:
thetak = 0.020231445079208925
objk = 3.3939110624918443
trustRadius = 0.0005
sampleRadius = 0.0005
stepNorm = 0.5900590498205096
chi = 0.24979761028311978
Iteration time (s) = 0.7805931568145752
RESTORATION
**************************************

[FRP] solve 535 of phase 13, thetak=2.023e-02, Delta=5.000e-04

**************************************
Iteration 604:
thetak = 0.020231445079208925
objk = 3.3939110624918443
trustRadius = 0.0005
sampleRadius = 0.0005
stepNorm = 0.5900590498205096
chi = 0.24979761028311978
Iteration time (s) = 0.8826189041137695
RESTORATION
**************************************

[FRP] solve 536 of phase 13, thetak=2.023e-02, Delta=5.000e-04

**************************************
Iteration 605:
thetak = 0.020231445079208925
objk = 3.3939110624918443
trustRadius = 0.0005
sampleRadius = 0.0005
stepNorm = 0.5900590498205096
chi = 0.24979761028311978
Iteration time (s) = 0.9109330177307129
RESTORATION
**************************************

[FRP] solve 537 of phase 13, thetak=2.023e-02, Delta=5.000e-04

**************************************
Iteration 606:
thetak = 0.020231445079208925
objk = 3.3939110624918443
trustRadius = 0.0005
sampleRadius = 0.0005
stepNorm = 0.5900590498205096
chi = 0.24979761028311978
Iteration time (s) = 1.0871357917785645
RESTORATION
**************************************

[FRP] solve 538 of phase 13, thetak=2.023e-02, Delta=5.000e-04

**************************************
Iteration 607:
thetak = 0.020231445079208925
objk = 3.3939110624918443
trustRadius = 0.0005
sampleRadius = 0.0005
stepNorm = 0.5900590498205096
chi = 0.24979761028311978
Iteration time (s) = 0.785832405090332
RESTORATION
**************************************

[FRP] solve 539 of phase 13, thetak=2.023e-02, Delta=5.000e-04

**************************************
Iteration 608:
thetak = 0.020231445079208925
objk = 3.3939110624918443
trustRadius = 0.0005
sampleRadius = 0.0005
stepNorm = 0.5900590498205096
chi = 0.24979761028311978
Iteration time (s) = 0.8881540298461914
RESTORATION
**************************************

[FRP] solve 540 of phase 13, thetak=2.023e-02, Delta=5.000e-04

**************************************
Iteration 609:
thetak = 0.020231445079208925
objk = 3.3939110624918443
trustRadius = 0.0005
sampleRadius = 0.0005
stepNorm = 0.5900590498205096
chi = 0.24979761028311978
Iteration time (s) = 0.7851037979125977
RESTORATION
**************************************

[FRP] solve 541 of phase 13, thetak=2.023e-02, Delta=5.000e-04

**************************************
Iteration 610:
thetak = 0.020231445079208925
objk = 3.3939110624918443
trustRadius = 0.0005
sampleRadius = 0.0005
stepNorm = 0.5900590498205096
chi = 0.24979761028311978
Iteration time (s) = 0.8989884853363037
RESTORATION
**************************************

[FRP] solve 542 of phase 13, thetak=2.023e-02, Delta=5.000e-04

**************************************
Iteration 611:
thetak = 0.020231445079208925
objk = 3.3939110624918443
trustRadius = 0.0005
sampleRadius = 0.0005
stepNorm = 0.5900590498205096
chi = 0.24979761028311978
Iteration time (s) = 0.8932180404663086
RESTORATION
**************************************

[FRP] solve 543 of phase 13, thetak=2.023e-02, Delta=5.000e-04

**************************************
Iteration 612:
thetak = 0.020231445079208925
objk = 3.3939110624918443
trustRadius = 0.0005
sampleRadius = 0.0005
stepNorm = 0.5900590498205096
chi = 0.24979761028311978
Iteration time (s) = 1.0208532810211182
RESTORATION
**************************************

[FRP] solve 544 of phase 13, thetak=2.023e-02, Delta=5.000e-04

**************************************
Iteration 613:
thetak = 0.020231445079208925
objk = 3.3939110624918443
trustRadius = 0.0005
sampleRadius = 0.0005
stepNorm = 0.5900590498205096
chi = 0.24979761028311978
Iteration time (s) = 0.7837069034576416
RESTORATION
**************************************

[FRP] solve 545 of phase 13, thetak=2.023e-02, Delta=5.000e-04

**************************************
Iteration 614:
thetak = 0.020231445079208925
objk = 3.3939110624918443
trustRadius = 0.0005
sampleRadius = 0.0005
stepNorm = 0.5900590498205096
chi = 0.24979761028311978
Iteration time (s) = 0.7769684791564941
RESTORATION
**************************************

[FRP] solve 546 of phase 13, thetak=2.023e-02, Delta=5.000e-04

**************************************
Iteration 615:
thetak = 0.020231445079208925
objk = 3.3939110624918443
trustRadius = 0.0005
sampleRadius = 0.0005
stepNorm = 0.5900590498205096
chi = 0.24979761028311978
Iteration time (s) = 0.8987381458282471
RESTORATION
**************************************

[FRP] solve 547 of phase 13, thetak=2.023e-02, Delta=5.000e-04

**************************************
Iteration 616:
thetak = 0.020231445079208925
objk = 3.3939110624918443
trustRadius = 0.0005
sampleRadius = 0.0005
stepNorm = 0.5900590498205096
chi = 0.24979761028311978
Iteration time (s) = 0.8824441432952881
RESTORATION
**************************************

[FRP] solve 548 of phase 13, thetak=2.023e-02, Delta=5.000e-04

**************************************
Iteration 617:
thetak = 0.020231445079208925
objk = 3.3939110624918443
trustRadius = 0.0005
sampleRadius = 0.0005
stepNorm = 0.5900590498205096
chi = 0.24979761028311978
Iteration time (s) = 0.784672737121582
RESTORATION
**************************************

[FRP] solve 549 of phase 13, thetak=2.023e-02, Delta=5.000e-04

**************************************
Iteration 618:
thetak = 0.020231445079208925
objk = 3.3939110624918443
trustRadius = 0.0005
sampleRadius = 0.0005
stepNorm = 0.5900590498205096
chi = 0.24979761028311978
Iteration time (s) = 0.7955777645111084
RESTORATION
**************************************

[FRP] solve 550 of phase 13, thetak=2.023e-02, Delta=5.000e-04

**************************************
Iteration 619:
thetak = 0.020231445079208925
objk = 3.3939110624918443
trustRadius = 0.0005
sampleRadius = 0.0005
stepNorm = 0.5900590498205096
chi = 0.24979761028311978
Iteration time (s) = 0.8843646049499512
RESTORATION
**************************************

[FRP] solve 551 of phase 13, thetak=2.023e-02, Delta=5.000e-04

**************************************
Iteration 620:
thetak = 0.020231445079208925
objk = 3.3939110624918443
trustRadius = 0.0005
sampleRadius = 0.0005
stepNorm = 0.5900590498205096
chi = 0.24979761028311978
Iteration time (s) = 0.8959331512451172
RESTORATION
**************************************

[FRP] solve 552 of phase 13, thetak=2.023e-02, Delta=5.000e-04

**************************************
Iteration 621:
thetak = 0.020231445079208925
objk = 3.3939110624918443
trustRadius = 0.0005
sampleRadius = 0.0005
stepNorm = 0.5900590498205096
chi = 0.24979761028311978
Iteration time (s) = 0.8573200702667236
RESTORATION
**************************************

[FRP] solve 553 of phase 13, thetak=2.023e-02, Delta=5.000e-04

**************************************
Iteration 622:
thetak = 0.020231445079208925
objk = 3.3939110624918443
trustRadius = 0.0005
sampleRadius = 0.0005
stepNorm = 0.5900590498205096
chi = 0.24979761028311978
Iteration time (s) = 0.9015870094299316
RESTORATION
**************************************

[FRP] solve 554 of phase 13, thetak=2.023e-02, Delta=5.000e-04

**************************************
Iteration 623:
thetak = 0.020231445079208925
objk = 3.3939110624918443
trustRadius = 0.0005
sampleRadius = 0.0005
stepNorm = 0.5900590498205096
chi = 0.24979761028311978
Iteration time (s) = 0.8865499496459961
RESTORATION
**************************************

[FRP] solve 555 of phase 13, thetak=2.023e-02, Delta=5.000e-04

**************************************
Iteration 624:
thetak = 0.020231445079208925
objk = 3.3939110624918443
trustRadius = 0.0005
sampleRadius = 0.0005
stepNorm = 0.5900590498205096
chi = 0.24979761028311978
Iteration time (s) = 0.8928525447845459
RESTORATION
**************************************

[FRP] solve 556 of phase 13, thetak=2.023e-02, Delta=5.000e-04

**************************************
Iteration 625:
thetak = 0.020231445079208925
objk = 3.3939110624918443
trustRadius = 0.0005
sampleRadius = 0.0005
stepNorm = 0.5900590498205096
chi = 0.24979761028311978
Iteration time (s) = 0.9221255779266357
RESTORATION
**************************************

[FRP] solve 557 of phase 13, thetak=2.023e-02, Delta=5.000e-04

**************************************
Iteration 626:
thetak = 0.020231445079208925
objk = 3.3939110624918443
trustRadius = 0.0005
sampleRadius = 0.0005
stepNorm = 0.5900590498205096
chi = 0.24979761028311978
Iteration time (s) = 0.9251792430877686
RESTORATION
**************************************

[FRP] solve 558 of phase 13, thetak=2.023e-02, Delta=5.000e-04

**************************************
Iteration 627:
thetak = 0.020231445079208925
objk = 3.3939110624918443
trustRadius = 0.0005
sampleRadius = 0.0005
stepNorm = 0.5900590498205096
chi = 0.24979761028311978
Iteration time (s) = 0.790142297744751
RESTORATION
**************************************

[FRP] solve 559 of phase 13, thetak=2.023e-02, Delta=5.000e-04

**************************************
Iteration 628:
thetak = 0.020231445079208925
objk = 3.3939110624918443
trustRadius = 0.0005
sampleRadius = 0.0005
stepNorm = 0.5900590498205096
chi = 0.24979761028311978
Iteration time (s) = 0.8714478015899658
RESTORATION
**************************************

[FRP] solve 560 of phase 13, thetak=2.023e-02, Delta=5.000e-04

**************************************
Iteration 629:
thetak = 0.020231445079208925
objk = 3.3939110624918443
trustRadius = 0.0005
sampleRadius = 0.0005
stepNorm = 0.5900590498205096
chi = 0.24979761028311978
Iteration time (s) = 0.7894821166992188
RESTORATION
**************************************

[FRP] solve 561 of phase 13, thetak=2.023e-02, Delta=5.000e-04

**************************************
Iteration 630:
thetak = 0.020231445079208925
objk = 3.3939110624918443
trustRadius = 0.0005
sampleRadius = 0.0005
stepNorm = 0.5900590498205096
chi = 0.24979761028311978
Iteration time (s) = 0.7831707000732422
RESTORATION
**************************************

[FRP] solve 562 of phase 13, thetak=2.023e-02, Delta=5.000e-04

**************************************
Iteration 631:
thetak = 0.020231445079208925
objk = 3.3939110624918443
trustRadius = 0.0005
sampleRadius = 0.0005
stepNorm = 0.5900590498205096
chi = 0.24979761028311978
Iteration time (s) = 0.8949038982391357
RESTORATION
**************************************

[FRP] solve 563 of phase 13, thetak=2.023e-02, Delta=5.000e-04

**************************************
Iteration 632:
thetak = 0.020231445079208925
objk = 3.3939110624918443
trustRadius = 0.0005
sampleRadius = 0.0005
stepNorm = 0.5900590498205096
chi = 0.24979761028311978
Iteration time (s) = 0.9106407165527344
RESTORATION
**************************************

[FRP] solve 564 of phase 13, thetak=2.023e-02, Delta=5.000e-04

**************************************
Iteration 633:
thetak = 0.020231445079208925
objk = 3.3939110624918443
trustRadius = 0.0005
sampleRadius = 0.0005
stepNorm = 0.5900590498205096
chi = 0.24979761028311978
Iteration time (s) = 0.8847904205322266
RESTORATION
**************************************

[FRP] solve 565 of phase 13, thetak=2.023e-02, Delta=5.000e-04

**************************************
Iteration 634:
thetak = 0.020231445079208925
objk = 3.3939110624918443
trustRadius = 0.0005
sampleRadius = 0.0005
stepNorm = 0.5900590498205096
chi = 0.24979761028311978
Iteration time (s) = 0.773247480392456
RESTORATION
**************************************

[FRP] solve 566 of phase 13, thetak=2.023e-02, Delta=5.000e-04

**************************************
Iteration 635:
thetak = 0.020231445079208925
objk = 3.3939110624918443
trustRadius = 0.0005
sampleRadius = 0.0005
stepNorm = 0.5900590498205096
chi = 0.24979761028311978
Iteration time (s) = 0.8699393272399902
RESTORATION
**************************************

[FRP] solve 567 of phase 13, thetak=2.023e-02, Delta=5.000e-04

**************************************
Iteration 636:
thetak = 0.020231445079208925
objk = 3.3939110624918443
trustRadius = 0.0005
sampleRadius = 0.0005
stepNorm = 0.5900590498205096
chi = 0.24979761028311978
Iteration time (s) = 0.8983550071716309
RESTORATION
**************************************

[FRP] solve 568 of phase 13, thetak=2.023e-02, Delta=5.000e-04

**************************************
Iteration 637:
thetak = 0.020231445079208925
objk = 3.3939110624918443
trustRadius = 0.0005
sampleRadius = 0.0005
stepNorm = 0.5900590498205096
chi = 0.24979761028311978
Iteration time (s) = 0.7758100032806396
RESTORATION
**************************************

[FRP] solve 569 of phase 13, thetak=2.023e-02, Delta=5.000e-04

**************************************
Iteration 638:
thetak = 0.020231445079208925
objk = 3.3939110624918443
trustRadius = 0.0005
sampleRadius = 0.0005
stepNorm = 0.5900590498205096
chi = 0.24979761028311978
Iteration time (s) = 0.9344244003295898
RESTORATION
**************************************

[FRP] solve 570 of phase 13, thetak=2.023e-02, Delta=5.000e-04

**************************************
Iteration 639:
thetak = 0.020231445079208925
objk = 3.3939110624918443
trustRadius = 0.0005
sampleRadius = 0.0005
stepNorm = 0.5900590498205096
chi = 0.24979761028311978
Iteration time (s) = 0.7870099544525146
RESTORATION
**************************************

[FRP] solve 571 of phase 13, thetak=2.023e-02, Delta=5.000e-04

**************************************
Iteration 640:
thetak = 0.020231445079208925
objk = 3.3939110624918443
trustRadius = 0.0005
sampleRadius = 0.0005
stepNorm = 0.5900590498205096
chi = 0.24979761028311978
Iteration time (s) = 0.7785301208496094
RESTORATION
**************************************

[FRP] solve 572 of phase 13, thetak=2.023e-02, Delta=5.000e-04

**************************************
Iteration 641:
thetak = 0.020231445079208925
objk = 3.3939110624918443
trustRadius = 0.0005
sampleRadius = 0.0005
stepNorm = 0.5900590498205096
chi = 0.24979761028311978
Iteration time (s) = 0.8924000263214111
RESTORATION
**************************************

[FRP] solve 573 of phase 13, thetak=2.023e-02, Delta=5.000e-04

**************************************
Iteration 642:
thetak = 0.020231445079208925
objk = 3.3939110624918443
trustRadius = 0.0005
sampleRadius = 0.0005
stepNorm = 0.5900590498205096
chi = 0.24979761028311978
Iteration time (s) = 0.8856658935546875
RESTORATION
**************************************

[FRP] solve 574 of phase 13, thetak=2.023e-02, Delta=5.000e-04

**************************************
Iteration 643:
thetak = 0.020231445079208925
objk = 3.3939110624918443
trustRadius = 0.0005
sampleRadius = 0.0005
stepNorm = 0.5900590498205096
chi = 0.24979761028311978
Iteration time (s) = 0.8822731971740723
RESTORATION
**************************************

[FRP] solve 575 of phase 13, thetak=2.023e-02, Delta=5.000e-04

**************************************
Iteration 644:
thetak = 0.020231445079208925
objk = 3.3939110624918443
trustRadius = 0.0005
sampleRadius = 0.0005
stepNorm = 0.5900590498205096
chi = 0.24979761028311978
Iteration time (s) = 0.8982853889465332
RESTORATION
**************************************

[FRP] solve 576 of phase 13, thetak=2.023e-02, Delta=5.000e-04

**************************************
Iteration 645:
thetak = 0.020231445079208925
objk = 3.3939110624918443
trustRadius = 0.0005
sampleRadius = 0.0005
stepNorm = 0.5900590498205096
chi = 0.24979761028311978
Iteration time (s) = 0.9373795986175537
RESTORATION
**************************************

[FRP] solve 577 of phase 13, thetak=2.023e-02, Delta=5.000e-04

**************************************
Iteration 646:
thetak = 0.020231445079208925
objk = 3.3939110624918443
trustRadius = 0.0005
sampleRadius = 0.0005
stepNorm = 0.5900590498205096
chi = 0.24979761028311978
Iteration time (s) = 0.891730546951294
RESTORATION
**************************************

[FRP] solve 578 of phase 13, thetak=2.023e-02, Delta=5.000e-04

**************************************
Iteration 647:
thetak = 0.020231445079208925
objk = 3.3939110624918443
trustRadius = 0.0005
sampleRadius = 0.0005
stepNorm = 0.5900590498205096
chi = 0.24979761028311978
Iteration time (s) = 0.8856608867645264
RESTORATION
**************************************

[FRP] solve 579 of phase 13, thetak=2.023e-02, Delta=5.000e-04

**************************************
Iteration 648:
thetak = 0.020231445079208925
objk = 3.3939110624918443
trustRadius = 0.0005
sampleRadius = 0.0005
stepNorm = 0.5900590498205096
chi = 0.24979761028311978
Iteration time (s) = 0.8977272510528564
RESTORATION
**************************************

[FRP] solve 580 of phase 13, thetak=2.023e-02, Delta=5.000e-04

**************************************
Iteration 649:
thetak = 0.020231445079208925
objk = 3.3939110624918443
trustRadius = 0.0005
sampleRadius = 0.0005
stepNorm = 0.5900590498205096
chi = 0.24979761028311978
Iteration time (s) = 0.7804186344146729
RESTORATION
**************************************

[FRP] solve 581 of phase 13, thetak=2.023e-02, Delta=5.000e-04

**************************************
Iteration 650:
thetak = 0.020231445079208925
objk = 3.3939110624918443
trustRadius = 0.0005
sampleRadius = 0.0005
stepNorm = 0.5900590498205096
chi = 0.24979761028311978
Iteration time (s) = 0.9033329486846924
RESTORATION
**************************************

[FRP] solve 582 of phase 13, thetak=2.023e-02, Delta=5.000e-04

**************************************
Iteration 651:
thetak = 0.020231445079208925
objk = 3.3939110624918443
trustRadius = 0.0005
sampleRadius = 0.0005
stepNorm = 0.5900590498205096
chi = 0.24979761028311978
Iteration time (s) = 0.9079129695892334
RESTORATION
**************************************

[FRP] solve 583 of phase 13, thetak=2.023e-02, Delta=5.000e-04

**************************************
Iteration 652:
thetak = 0.020231445079208925
objk = 3.3939110624918443
trustRadius = 0.0005
sampleRadius = 0.0005
stepNorm = 0.5900590498205096
chi = 0.24979761028311978
Iteration time (s) = 0.8352923393249512
RESTORATION
**************************************

[FRP] solve 584 of phase 13, thetak=2.023e-02, Delta=5.000e-04

**************************************
Iteration 653:
thetak = 0.020231445079208925
objk = 3.3939110624918443
trustRadius = 0.0005
sampleRadius = 0.0005
stepNorm = 0.5900590498205096
chi = 0.24979761028311978
Iteration time (s) = 0.88675856590271
RESTORATION
**************************************

[FRP] solve 585 of phase 13, thetak=2.023e-02, Delta=5.000e-04

**************************************
Iteration 654:
thetak = 0.020231445079208925
objk = 3.3939110624918443
trustRadius = 0.0005
sampleRadius = 0.0005
stepNorm = 0.5900590498205096
chi = 0.24979761028311978
Iteration time (s) = 0.7714118957519531
RESTORATION
**************************************

[FRP] solve 586 of phase 13, thetak=2.023e-02, Delta=5.000e-04

**************************************
Iteration 655:
thetak = 0.020231445079208925
objk = 3.3939110624918443
trustRadius = 0.0005
sampleRadius = 0.0005
stepNorm = 0.5900590498205096
chi = 0.24979761028311978
Iteration time (s) = 0.895392894744873
RESTORATION
**************************************

[FRP] solve 587 of phase 13, thetak=2.023e-02, Delta=5.000e-04

**************************************
Iteration 656:
thetak = 0.020231445079208925
objk = 3.3939110624918443
trustRadius = 0.0005
sampleRadius = 0.0005
stepNorm = 0.5900590498205096
chi = 0.24979761028311978
Iteration time (s) = 0.7929189205169678
RESTORATION
**************************************

[FRP] solve 588 of phase 13, thetak=2.023e-02, Delta=5.000e-04

**************************************
Iteration 657:
thetak = 0.020231445079208925
objk = 3.3939110624918443
trustRadius = 0.0005
sampleRadius = 0.0005
stepNorm = 0.5900590498205096
chi = 0.24979761028311978
Iteration time (s) = 0.903864860534668
RESTORATION
**************************************

[FRP] solve 589 of phase 13, thetak=2.023e-02, Delta=5.000e-04

**************************************
Iteration 658:
thetak = 0.020231445079208925
objk = 3.3939110624918443
trustRadius = 0.0005
sampleRadius = 0.0005
stepNorm = 0.5900590498205096
chi = 0.24979761028311978
Iteration time (s) = 0.9489953517913818
RESTORATION
**************************************

[FRP] solve 590 of phase 13, thetak=2.023e-02, Delta=5.000e-04

**************************************
Iteration 659:
thetak = 0.020231445079208925
objk = 3.3939110624918443
trustRadius = 0.0005
sampleRadius = 0.0005
stepNorm = 0.5900590498205096
chi = 0.24979761028311978
Iteration time (s) = 0.8911573886871338
RESTORATION
**************************************

[FRP] solve 591 of phase 13, thetak=2.023e-02, Delta=5.000e-04

**************************************
Iteration 660:
thetak = 0.020231445079208925
objk = 3.3939110624918443
trustRadius = 0.0005
sampleRadius = 0.0005
stepNorm = 0.5900590498205096
chi = 0.24979761028311978
Iteration time (s) = 0.7511367797851562
RESTORATION
**************************************

[FRP] solve 592 of phase 13, thetak=2.023e-02, Delta=5.000e-04

**************************************
Iteration 661:
thetak = 0.020231445079208925
objk = 3.3939110624918443
trustRadius = 0.0005
sampleRadius = 0.0005
stepNorm = 0.5900590498205096
chi = 0.24979761028311978
Iteration time (s) = 0.9038066864013672
RESTORATION
**************************************

[FRP] solve 593 of phase 13, thetak=2.023e-02, Delta=5.000e-04

**************************************
Iteration 662:
thetak = 0.020231445079208925
objk = 3.3939110624918443
trustRadius = 0.0005
sampleRadius = 0.0005
stepNorm = 0.5900590498205096
chi = 0.24979761028311978
Iteration time (s) = 0.8896822929382324
RESTORATION
**************************************

[FRP] solve 594 of phase 13, thetak=2.023e-02, Delta=5.000e-04

**************************************
Iteration 663:
thetak = 0.020231445079208925
objk = 3.3939110624918443
trustRadius = 0.0005
sampleRadius = 0.0005
stepNorm = 0.5900590498205096
chi = 0.24979761028311978
Iteration time (s) = 0.8930485248565674
RESTORATION
**************************************

[FRP] solve 595 of phase 13, thetak=2.023e-02, Delta=5.000e-04

**************************************
Iteration 664:
thetak = 0.020231445079208925
objk = 3.3939110624918443
trustRadius = 0.0005
sampleRadius = 0.0005
stepNorm = 0.5900590498205096
chi = 0.24979761028311978
Iteration time (s) = 0.8887712955474854
RESTORATION
**************************************

[FRP] solve 596 of phase 13, thetak=2.023e-02, Delta=5.000e-04

**************************************
Iteration 665:
thetak = 0.020231445079208925
objk = 3.3939110624918443
trustRadius = 0.0005
sampleRadius = 0.0005
stepNorm = 0.5900590498205096
chi = 0.24979761028311978
Iteration time (s) = 0.9415602684020996
RESTORATION
**************************************

[FRP] solve 597 of phase 13, thetak=2.023e-02, Delta=5.000e-04

**************************************
Iteration 666:
thetak = 0.020231445079208925
objk = 3.3939110624918443
trustRadius = 0.0005
sampleRadius = 0.0005
stepNorm = 0.5900590498205096
chi = 0.24979761028311978
Iteration time (s) = 0.9174656867980957
RESTORATION
**************************************

[FRP] solve 598 of phase 13, thetak=2.023e-02, Delta=5.000e-04

**************************************
Iteration 667:
thetak = 0.020231445079208925
objk = 3.3939110624918443
trustRadius = 0.0005
sampleRadius = 0.0005
stepNorm = 0.5900590498205096
chi = 0.24979761028311978
Iteration time (s) = 0.9184415340423584
RESTORATION
**************************************

[FRP] solve 599 of phase 13, thetak=2.023e-02, Delta=5.000e-04

**************************************
Iteration 668:
thetak = 0.020231445079208925
objk = 3.3939110624918443
trustRadius = 0.0005
sampleRadius = 0.0005
stepNorm = 0.5900590498205096
chi = 0.24979761028311978
Iteration time (s) = 1.0369787216186523
RESTORATION
**************************************

[FRP] solve 600 of phase 13, thetak=2.023e-02, Delta=5.000e-04

**************************************
Iteration 669:
thetak = 0.020231445079208925
objk = 3.3939110624918443
trustRadius = 0.0005
sampleRadius = 0.0005
stepNorm = 0.5900590498205096
chi = 0.24979761028311978
Iteration time (s) = 0.7928886413574219
RESTORATION
**************************************

[FRP] solve 601 of phase 13, thetak=2.023e-02, Delta=5.000e-04

**************************************
Iteration 670:
thetak = 0.020231445079208925
objk = 3.3939110624918443
trustRadius = 0.0005
sampleRadius = 0.0005
stepNorm = 0.5900590498205096
chi = 0.24979761028311978
Iteration time (s) = 0.7647285461425781
RESTORATION
**************************************

[FRP] solve 602 of phase 13, thetak=2.023e-02, Delta=5.000e-04

**************************************
Iteration 671:
thetak = 0.020231445079208925
objk = 3.3939110624918443
trustRadius = 0.0005
sampleRadius = 0.0005
stepNorm = 0.5900590498205096
chi = 0.24979761028311978
Iteration time (s) = 0.938241720199585
RESTORATION
**************************************

[FRP] solve 603 of phase 13, thetak=2.023e-02, Delta=5.000e-04

**************************************
Iteration 672:
thetak = 0.020231445079208925
objk = 3.3939110624918443
trustRadius = 0.0005
sampleRadius = 0.0005
stepNorm = 0.5900590498205096
chi = 0.24979761028311978
Iteration time (s) = 0.7839581966400146
RESTORATION
**************************************

[FRP] solve 604 of phase 13, thetak=2.023e-02, Delta=5.000e-04

**************************************
Iteration 673:
thetak = 0.020231445079208925
objk = 3.3939110624918443
trustRadius = 0.0005
sampleRadius = 0.0005
stepNorm = 0.5900590498205096
chi = 0.24979761028311978
Iteration time (s) = 0.7985517978668213
RESTORATION
**************************************

[FRP] solve 605 of phase 13, thetak=2.023e-02, Delta=5.000e-04

**************************************
Iteration 674:
thetak = 0.020231445079208925
objk = 3.3939110624918443
trustRadius = 0.0005
sampleRadius = 0.0005
stepNorm = 0.5900590498205096
chi = 0.24979761028311978
Iteration time (s) = 0.7805497646331787
RESTORATION
**************************************

[FRP] solve 606 of phase 13, thetak=2.023e-02, Delta=5.000e-04

**************************************
Iteration 675:
thetak = 0.020231445079208925
objk = 3.3939110624918443
trustRadius = 0.0005
sampleRadius = 0.0005
stepNorm = 0.5900590498205096
chi = 0.24979761028311978
Iteration time (s) = 0.78835129737854
RESTORATION
**************************************

[FRP] solve 607 of phase 13, thetak=2.023e-02, Delta=5.000e-04

**************************************
Iteration 676:
thetak = 0.020231445079208925
objk = 3.3939110624918443
trustRadius = 0.0005
sampleRadius = 0.0005
stepNorm = 0.5900590498205096
chi = 0.24979761028311978
Iteration time (s) = 0.8771321773529053
RESTORATION
**************************************

[FRP] solve 608 of phase 13, thetak=2.023e-02, Delta=5.000e-04

**************************************
Iteration 677:
thetak = 0.020231445079208925
objk = 3.3939110624918443
trustRadius = 0.0005
sampleRadius = 0.0005
stepNorm = 0.5900590498205096
chi = 0.24979761028311978
Iteration time (s) = 0.8945741653442383
RESTORATION
**************************************

[FRP] solve 609 of phase 13, thetak=2.023e-02, Delta=5.000e-04

**************************************
Iteration 678:
thetak = 0.020231445079208925
objk = 3.3939110624918443
trustRadius = 0.0005
sampleRadius = 0.0005
stepNorm = 0.5900590498205096
chi = 0.24979761028311978
Iteration time (s) = 1.00006103515625
RESTORATION
**************************************

[FRP] solve 610 of phase 13, thetak=2.023e-02, Delta=5.000e-04

**************************************
Iteration 679:
thetak = 0.020231445079208925
objk = 3.3939110624918443
trustRadius = 0.0005
sampleRadius = 0.0005
stepNorm = 0.5900590498205096
chi = 0.24979761028311978
Iteration time (s) = 0.7770061492919922
RESTORATION
**************************************

[FRP] solve 611 of phase 13, thetak=2.023e-02, Delta=5.000e-04

**************************************
Iteration 680:
thetak = 0.020231445079208925
objk = 3.3939110624918443
trustRadius = 0.0005
sampleRadius = 0.0005
stepNorm = 0.5900590498205096
chi = 0.24979761028311978
Iteration time (s) = 0.896526575088501
RESTORATION
**************************************

[FRP] solve 612 of phase 13, thetak=2.023e-02, Delta=5.000e-04

**************************************
Iteration 681:
thetak = 0.020231445079208925
objk = 3.3939110624918443
trustRadius = 0.0005
sampleRadius = 0.0005
stepNorm = 0.5900590498205096
chi = 0.24979761028311978
Iteration time (s) = 0.8980815410614014
RESTORATION
**************************************

[FRP] solve 613 of phase 13, thetak=2.023e-02, Delta=5.000e-04

**************************************
Iteration 682:
thetak = 0.020231445079208925
objk = 3.3939110624918443
trustRadius = 0.0005
sampleRadius = 0.0005
stepNorm = 0.5900590498205096
chi = 0.24979761028311978
Iteration time (s) = 0.8988039493560791
RESTORATION
**************************************

[FRP] solve 614 of phase 13, thetak=2.023e-02, Delta=5.000e-04

**************************************
Iteration 683:
thetak = 0.020231445079208925
objk = 3.3939110624918443
trustRadius = 0.0005
sampleRadius = 0.0005
stepNorm = 0.5900590498205096
chi = 0.24979761028311978
Iteration time (s) = 0.8863575458526611
RESTORATION
**************************************

[FRP] solve 615 of phase 13, thetak=2.023e-02, Delta=5.000e-04

**************************************
Iteration 684:
thetak = 0.020231445079208925
objk = 3.3939110624918443
trustRadius = 0.0005
sampleRadius = 0.0005
stepNorm = 0.5900590498205096
chi = 0.24979761028311978
Iteration time (s) = 0.9189212322235107
RESTORATION
**************************************

[FRP] solve 616 of phase 13, thetak=2.023e-02, Delta=5.000e-04

**************************************
Iteration 685:
thetak = 0.020231445079208925
objk = 3.3939110624918443
trustRadius = 0.0005
sampleRadius = 0.0005
stepNorm = 0.5900590498205096
chi = 0.24979761028311978
Iteration time (s) = 0.8823673725128174
RESTORATION
**************************************

[FRP] solve 617 of phase 13, thetak=2.023e-02, Delta=5.000e-04

**************************************
Iteration 686:
thetak = 0.020231445079208925
objk = 3.3939110624918443
trustRadius = 0.0005
sampleRadius = 0.0005
stepNorm = 0.5900590498205096
chi = 0.24979761028311978
Iteration time (s) = 0.8045439720153809
RESTORATION
**************************************

[FRP] solve 618 of phase 13, thetak=2.023e-02, Delta=5.000e-04

**************************************
Iteration 687:
thetak = 0.020231445079208925
objk = 3.3939110624918443
trustRadius = 0.0005
sampleRadius = 0.0005
stepNorm = 0.5900590498205096
chi = 0.24979761028311978
Iteration time (s) = 0.7750277519226074
RESTORATION
**************************************

[FRP] solve 619 of phase 13, thetak=2.023e-02, Delta=5.000e-04

**************************************
Iteration 688:
thetak = 0.020231445079208925
objk = 3.3939110624918443
trustRadius = 0.0005
sampleRadius = 0.0005
stepNorm = 0.5900590498205096
chi = 0.24979761028311978
Iteration time (s) = 0.8942348957061768
RESTORATION
**************************************

[FRP] solve 620 of phase 13, thetak=2.023e-02, Delta=5.000e-04

**************************************
Iteration 689:
thetak = 0.020231445079208925
objk = 3.3939110624918443
trustRadius = 0.0005
sampleRadius = 0.0005
stepNorm = 0.5900590498205096
chi = 0.24979761028311978
Iteration time (s) = 0.801821231842041
RESTORATION
**************************************

[FRP] solve 621 of phase 13, thetak=2.023e-02, Delta=5.000e-04

**************************************
Iteration 690:
thetak = 0.020231445079208925
objk = 3.3939110624918443
trustRadius = 0.0005
sampleRadius = 0.0005
stepNorm = 0.5900590498205096
chi = 0.24979761028311978
Iteration time (s) = 0.9032635688781738
RESTORATION
**************************************

[FRP] solve 622 of phase 13, thetak=2.023e-02, Delta=5.000e-04

**************************************
Iteration 691:
thetak = 0.020231445079208925
objk = 3.3939110624918443
trustRadius = 0.0005
sampleRadius = 0.0005
stepNorm = 0.5900590498205096
chi = 0.24979761028311978
Iteration time (s) = 0.7908430099487305
RESTORATION
**************************************

[FRP] solve 623 of phase 13, thetak=2.023e-02, Delta=5.000e-04

**************************************
Iteration 692:
thetak = 0.020231445079208925
objk = 3.3939110624918443
trustRadius = 0.0005
sampleRadius = 0.0005
stepNorm = 0.5900590498205096
chi = 0.24979761028311978
Iteration time (s) = 0.8837919235229492
RESTORATION
**************************************

[FRP] solve 624 of phase 13, thetak=2.023e-02, Delta=5.000e-04

**************************************
Iteration 693:
thetak = 0.020231445079208925
objk = 3.3939110624918443
trustRadius = 0.0005
sampleRadius = 0.0005
stepNorm = 0.5900590498205096
chi = 0.24979761028311978
Iteration time (s) = 0.7823240756988525
RESTORATION
**************************************

[FRP] solve 625 of phase 13, thetak=2.023e-02, Delta=5.000e-04

**************************************
Iteration 694:
thetak = 0.020231445079208925
objk = 3.3939110624918443
trustRadius = 0.0005
sampleRadius = 0.0005
stepNorm = 0.5900590498205096
chi = 0.24979761028311978
Iteration time (s) = 0.788327693939209
RESTORATION
**************************************

[FRP] solve 626 of phase 13, thetak=2.023e-02, Delta=5.000e-04

**************************************
Iteration 695:
thetak = 0.020231445079208925
objk = 3.3939110624918443
trustRadius = 0.0005
sampleRadius = 0.0005
stepNorm = 0.5900590498205096
chi = 0.24979761028311978
Iteration time (s) = 0.9054250717163086
RESTORATION
**************************************

[FRP] solve 627 of phase 13, thetak=2.023e-02, Delta=5.000e-04

**************************************
Iteration 696:
thetak = 0.020231445079208925
objk = 3.3939110624918443
trustRadius = 0.0005
sampleRadius = 0.0005
stepNorm = 0.5900590498205096
chi = 0.24979761028311978
Iteration time (s) = 0.8817534446716309
RESTORATION
**************************************

[FRP] solve 628 of phase 13, thetak=2.023e-02, Delta=5.000e-04

**************************************
Iteration 697:
thetak = 0.020231445079208925
objk = 3.3939110624918443
trustRadius = 0.0005
sampleRadius = 0.0005
stepNorm = 0.5900590498205096
chi = 0.24979761028311978
Iteration time (s) = 0.9076159000396729
RESTORATION
**************************************

[FRP] solve 629 of phase 13, thetak=2.023e-02, Delta=5.000e-04

**************************************
Iteration 698:
thetak = 0.020231445079208925
objk = 3.3939110624918443
trustRadius = 0.0005
sampleRadius = 0.0005
stepNorm = 0.5900590498205096
chi = 0.24979761028311978
Iteration time (s) = 0.7825727462768555
RESTORATION
**************************************

[FRP] solve 630 of phase 13, thetak=2.023e-02, Delta=5.000e-04

**************************************
Iteration 699:
thetak = 0.020231445079208925
objk = 3.3939110624918443
trustRadius = 0.0005
sampleRadius = 0.0005
stepNorm = 0.5900590498205096
chi = 0.24979761028311978
Iteration time (s) = 0.7796313762664795
RESTORATION
**************************************

[FRP] solve 631 of phase 13, thetak=2.023e-02, Delta=5.000e-04

**************************************
Iteration 700:
thetak = 0.020231445079208925
objk = 3.3939110624918443
trustRadius = 0.0005
sampleRadius = 0.0005
stepNorm = 0.5900590498205096
chi = 0.24979761028311978
Iteration time (s) = 0.8906552791595459
RESTORATION
**************************************

[FRP] solve 632 of phase 13, thetak=2.023e-02, Delta=5.000e-04

**************************************
Iteration 701:
thetak = 0.020231445079208925
objk = 3.3939110624918443
trustRadius = 0.0005
sampleRadius = 0.0005
stepNorm = 0.5900590498205096
chi = 0.24979761028311978
Iteration time (s) = 0.7802939414978027
RESTORATION
**************************************

[FRP] solve 633 of phase 13, thetak=2.023e-02, Delta=5.000e-04

**************************************
Iteration 702:
thetak = 0.020231445079208925
objk = 3.3939110624918443
trustRadius = 0.0005
sampleRadius = 0.0005
stepNorm = 0.5900590498205096
chi = 0.24979761028311978
Iteration time (s) = 0.784076452255249
RESTORATION
**************************************

[FRP] solve 634 of phase 13, thetak=2.023e-02, Delta=5.000e-04

**************************************
Iteration 703:
thetak = 0.020231445079208925
objk = 3.3939110624918443
trustRadius = 0.0005
sampleRadius = 0.0005
stepNorm = 0.5900590498205096
chi = 0.24979761028311978
Iteration time (s) = 0.8940560817718506
RESTORATION
**************************************

[FRP] solve 635 of phase 13, thetak=2.023e-02, Delta=5.000e-04

**************************************
Iteration 704:
thetak = 0.020231445079208925
objk = 3.3939110624918443
trustRadius = 0.0005
sampleRadius = 0.0005
stepNorm = 0.5900590498205096
chi = 0.24979761028311978
Iteration time (s) = 0.9307525157928467
RESTORATION
**************************************

[FRP] solve 636 of phase 13, thetak=2.023e-02, Delta=5.000e-04

**************************************
Iteration 705:
thetak = 0.020231445079208925
objk = 3.3939110624918443
trustRadius = 0.0005
sampleRadius = 0.0005
stepNorm = 0.5900590498205096
chi = 0.24979761028311978
Iteration time (s) = 0.7868378162384033
RESTORATION
**************************************

[FRP] solve 637 of phase 13, thetak=2.023e-02, Delta=5.000e-04

**************************************
Iteration 706:
thetak = 0.020231445079208925
objk = 3.3939110624918443
trustRadius = 0.0005
sampleRadius = 0.0005
stepNorm = 0.5900590498205096
chi = 0.24979761028311978
Iteration time (s) = 0.7725677490234375
RESTORATION
**************************************

[FRP] solve 638 of phase 13, thetak=2.023e-02, Delta=5.000e-04

**************************************
Iteration 707:
thetak = 0.020231445079208925
objk = 3.3939110624918443
trustRadius = 0.0005
sampleRadius = 0.0005
stepNorm = 0.5900590498205096
chi = 0.24979761028311978
Iteration time (s) = 0.888228178024292
RESTORATION
**************************************

[FRP] solve 639 of phase 13, thetak=2.023e-02, Delta=5.000e-04

**************************************
Iteration 708:
thetak = 0.020231445079208925
objk = 3.3939110624918443
trustRadius = 0.0005
sampleRadius = 0.0005
stepNorm = 0.5900590498205096
chi = 0.24979761028311978
Iteration time (s) = 0.7801518440246582
RESTORATION
**************************************

[FRP] solve 640 of phase 13, thetak=2.023e-02, Delta=5.000e-04

**************************************
Iteration 709:
thetak = 0.020231445079208925
objk = 3.3939110624918443
trustRadius = 0.0005
sampleRadius = 0.0005
stepNorm = 0.5900590498205096
chi = 0.24979761028311978
Iteration time (s) = 0.7929189205169678
RESTORATION
**************************************

[FRP] solve 641 of phase 13, thetak=2.023e-02, Delta=5.000e-04

**************************************
Iteration 710:
thetak = 0.020231445079208925
objk = 3.3939110624918443
trustRadius = 0.0005
sampleRadius = 0.0005
stepNorm = 0.5900590498205096
chi = 0.24979761028311978
Iteration time (s) = 0.7760469913482666
RESTORATION
**************************************

[FRP] solve 642 of phase 13, thetak=2.023e-02, Delta=5.000e-04

**************************************
Iteration 711:
thetak = 0.020231445079208925
objk = 3.3939110624918443
trustRadius = 0.0005
sampleRadius = 0.0005
stepNorm = 0.5900590498205096
chi = 0.24979761028311978
Iteration time (s) = 0.9111125469207764
RESTORATION
**************************************

[FRP] solve 643 of phase 13, thetak=2.023e-02, Delta=5.000e-04

**************************************
Iteration 712:
thetak = 0.020231445079208925
objk = 3.3939110624918443
trustRadius = 0.0005
sampleRadius = 0.0005
stepNorm = 0.5900590498205096
chi = 0.24979761028311978
Iteration time (s) = 0.7888846397399902
RESTORATION
**************************************

[FRP] solve 644 of phase 13, thetak=2.023e-02, Delta=5.000e-04

**************************************
Iteration 713:
thetak = 0.020231445079208925
objk = 3.3939110624918443
trustRadius = 0.0005
sampleRadius = 0.0005
stepNorm = 0.5900590498205096
chi = 0.24979761028311978
Iteration time (s) = 0.8927164077758789
RESTORATION
**************************************

[FRP] solve 645 of phase 13, thetak=2.023e-02, Delta=5.000e-04

**************************************
Iteration 714:
thetak = 0.020231445079208925
objk = 3.3939110624918443
trustRadius = 0.0005
sampleRadius = 0.0005
stepNorm = 0.5900590498205096
chi = 0.24979761028311978
Iteration time (s) = 0.8899502754211426
RESTORATION
**************************************

[FRP] solve 646 of phase 13, thetak=2.023e-02, Delta=5.000e-04

**************************************
Iteration 715:
thetak = 0.020231445079208925
objk = 3.3939110624918443
trustRadius = 0.0005
sampleRadius = 0.0005
stepNorm = 0.5900590498205096
chi = 0.24979761028311978
Iteration time (s) = 0.914210319519043
RESTORATION
**************************************

[FRP] solve 647 of phase 13, thetak=2.023e-02, Delta=5.000e-04

**************************************
Iteration 716:
thetak = 0.020231445079208925
objk = 3.3939110624918443
trustRadius = 0.0005
sampleRadius = 0.0005
stepNorm = 0.5900590498205096
chi = 0.24979761028311978
Iteration time (s) = 0.9075498580932617
RESTORATION
**************************************

[FRP] solve 648 of phase 13, thetak=2.023e-02, Delta=5.000e-04

**************************************
Iteration 717:
thetak = 0.020231445079208925
objk = 3.3939110624918443
trustRadius = 0.0005
sampleRadius = 0.0005
stepNorm = 0.5900590498205096
chi = 0.24979761028311978
Iteration time (s) = 0.8421814441680908
RESTORATION
**************************************

[FRP] solve 649 of phase 13, thetak=2.023e-02, Delta=5.000e-04

**************************************
Iteration 718:
thetak = 0.020231445079208925
objk = 3.3939110624918443
trustRadius = 0.0005
sampleRadius = 0.0005
stepNorm = 0.5900590498205096
chi = 0.24979761028311978
Iteration time (s) = 0.9152922630310059
RESTORATION
**************************************

[FRP] solve 650 of phase 13, thetak=2.023e-02, Delta=5.000e-04

**************************************
Iteration 719:
thetak = 0.020231445079208925
objk = 3.3939110624918443
trustRadius = 0.0005
sampleRadius = 0.0005
stepNorm = 0.5900590498205096
chi = 0.24979761028311978
Iteration time (s) = 0.7856159210205078
RESTORATION
**************************************

[FRP] solve 651 of phase 13, thetak=2.023e-02, Delta=5.000e-04

**************************************
Iteration 720:
thetak = 0.020231445079208925
objk = 3.3939110624918443
trustRadius = 0.0005
sampleRadius = 0.0005
stepNorm = 0.5900590498205096
chi = 0.24979761028311978
Iteration time (s) = 0.8937337398529053
RESTORATION
**************************************

[FRP] solve 652 of phase 13, thetak=2.023e-02, Delta=5.000e-04

**************************************
Iteration 721:
thetak = 0.020231445079208925
objk = 3.3939110624918443
trustRadius = 0.0005
sampleRadius = 0.0005
stepNorm = 0.5900590498205096
chi = 0.24979761028311978
Iteration time (s) = 0.8941247463226318
RESTORATION
**************************************

[FRP] solve 653 of phase 13, thetak=2.023e-02, Delta=5.000e-04

**************************************
Iteration 722:
thetak = 0.020231445079208925
objk = 3.3939110624918443
trustRadius = 0.0005
sampleRadius = 0.0005
stepNorm = 0.5900590498205096
chi = 0.24979761028311978
Iteration time (s) = 0.8893182277679443
RESTORATION
**************************************

[FRP] solve 654 of phase 13, thetak=2.023e-02, Delta=5.000e-04

**************************************
Iteration 723:
thetak = 0.020231445079208925
objk = 3.3939110624918443
trustRadius = 0.0005
sampleRadius = 0.0005
stepNorm = 0.5900590498205096
chi = 0.24979761028311978
Iteration time (s) = 0.9037551879882812
RESTORATION
**************************************

[FRP] solve 655 of phase 13, thetak=2.023e-02, Delta=5.000e-04

**************************************
Iteration 724:
thetak = 0.020231445079208925
objk = 3.3939110624918443
trustRadius = 0.0005
sampleRadius = 0.0005
stepNorm = 0.5900590498205096
chi = 0.24979761028311978
Iteration time (s) = 0.928290843963623
RESTORATION
**************************************

[FRP] solve 656 of phase 13, thetak=2.023e-02, Delta=5.000e-04

**************************************
Iteration 725:
thetak = 0.020231445079208925
objk = 3.3939110624918443
trustRadius = 0.0005
sampleRadius = 0.0005
stepNorm = 0.5900590498205096
chi = 0.24979761028311978
Iteration time (s) = 0.7894330024719238
RESTORATION
**************************************

[FRP] solve 657 of phase 13, thetak=2.023e-02, Delta=5.000e-04

**************************************
Iteration 726:
thetak = 0.020231445079208925
objk = 3.3939110624918443
trustRadius = 0.0005
sampleRadius = 0.0005
stepNorm = 0.5900590498205096
chi = 0.24979761028311978
Iteration time (s) = 0.8854646682739258
RESTORATION
**************************************

[FRP] solve 658 of phase 13, thetak=2.023e-02, Delta=5.000e-04

**************************************
Iteration 727:
thetak = 0.020231445079208925
objk = 3.3939110624918443
trustRadius = 0.0005
sampleRadius = 0.0005
stepNorm = 0.5900590498205096
chi = 0.24979761028311978
Iteration time (s) = 0.9025216102600098
RESTORATION
**************************************

[FRP] solve 659 of phase 13, thetak=2.023e-02, Delta=5.000e-04

**************************************
Iteration 728:
thetak = 0.020231445079208925
objk = 3.3939110624918443
trustRadius = 0.0005
sampleRadius = 0.0005
stepNorm = 0.5900590498205096
chi = 0.24979761028311978
Iteration time (s) = 0.7903850078582764
RESTORATION
**************************************

[FRP] solve 660 of phase 13, thetak=2.023e-02, Delta=5.000e-04

**************************************
Iteration 729:
thetak = 0.020231445079208925
objk = 3.3939110624918443
trustRadius = 0.0005
sampleRadius = 0.0005
stepNorm = 0.5900590498205096
chi = 0.24979761028311978
Iteration time (s) = 0.8830928802490234
RESTORATION
**************************************

[FRP] solve 661 of phase 13, thetak=2.023e-02, Delta=5.000e-04

**************************************
Iteration 730:
thetak = 0.020231445079208925
objk = 3.3939110624918443
trustRadius = 0.0005
sampleRadius = 0.0005
stepNorm = 0.5900590498205096
chi = 0.24979761028311978
Iteration time (s) = 0.915590763092041
RESTORATION
**************************************

[FRP] solve 662 of phase 13, thetak=2.023e-02, Delta=5.000e-04

**************************************
Iteration 731:
thetak = 0.020231445079208925
objk = 3.3939110624918443
trustRadius = 0.0005
sampleRadius = 0.0005
stepNorm = 0.5900590498205096
chi = 0.24979761028311978
Iteration time (s) = 0.8047516345977783
RESTORATION
**************************************

[FRP] solve 663 of phase 13, thetak=2.023e-02, Delta=5.000e-04

**************************************
Iteration 732:
thetak = 0.020231445079208925
objk = 3.3939110624918443
trustRadius = 0.0005
sampleRadius = 0.0005
stepNorm = 0.5900590498205096
chi = 0.24979761028311978
Iteration time (s) = 0.7839350700378418
RESTORATION
**************************************

[FRP] solve 664 of phase 13, thetak=2.023e-02, Delta=5.000e-04

**************************************
Iteration 733:
thetak = 0.020231445079208925
objk = 3.3939110624918443
trustRadius = 0.0005
sampleRadius = 0.0005
stepNorm = 0.5900590498205096
chi = 0.24979761028311978
Iteration time (s) = 0.880079984664917
RESTORATION
**************************************

[FRP] solve 665 of phase 13, thetak=2.023e-02, Delta=5.000e-04

**************************************
Iteration 734:
thetak = 0.020231445079208925
objk = 3.3939110624918443
trustRadius = 0.0005
sampleRadius = 0.0005
stepNorm = 0.5900590498205096
chi = 0.24979761028311978
Iteration time (s) = 0.7692995071411133
RESTORATION
**************************************

[FRP] solve 666 of phase 13, thetak=2.023e-02, Delta=5.000e-04

**************************************
Iteration 735:
thetak = 0.020231445079208925
objk = 3.3939110624918443
trustRadius = 0.0005
sampleRadius = 0.0005
stepNorm = 0.5900590498205096
chi = 0.24979761028311978
Iteration time (s) = 0.8834958076477051
RESTORATION
**************************************

[FRP] solve 667 of phase 13, thetak=2.023e-02, Delta=5.000e-04

**************************************
Iteration 736:
thetak = 0.020231445079208925
objk = 3.3939110624918443
trustRadius = 0.0005
sampleRadius = 0.0005
stepNorm = 0.5900590498205096
chi = 0.24979761028311978
Iteration time (s) = 0.8896162509918213
RESTORATION
**************************************

[FRP] solve 668 of phase 13, thetak=2.023e-02, Delta=5.000e-04

**************************************
Iteration 737:
thetak = 0.020231445079208925
objk = 3.3939110624918443
trustRadius = 0.0005
sampleRadius = 0.0005
stepNorm = 0.5900590498205096
chi = 0.24979761028311978
Iteration time (s) = 0.9927921295166016
RESTORATION
**************************************

[FRP] solve 669 of phase 13, thetak=2.023e-02, Delta=5.000e-04

**************************************
Iteration 738:
thetak = 0.020231445079208925
objk = 3.3939110624918443
trustRadius = 0.0005
sampleRadius = 0.0005
stepNorm = 0.5900590498205096
chi = 0.24979761028311978
Iteration time (s) = 0.7663087844848633
RESTORATION
**************************************

[FRP] solve 670 of phase 13, thetak=2.023e-02, Delta=5.000e-04

**************************************
Iteration 739:
thetak = 0.020231445079208925
objk = 3.3939110624918443
trustRadius = 0.0005
sampleRadius = 0.0005
stepNorm = 0.5900590498205096
chi = 0.24979761028311978
Iteration time (s) = 0.8874368667602539
RESTORATION
**************************************

[FRP] solve 671 of phase 13, thetak=2.023e-02, Delta=5.000e-04

**************************************
Iteration 740:
thetak = 0.020231445079208925
objk = 3.3939110624918443
trustRadius = 0.0005
sampleRadius = 0.0005
stepNorm = 0.5900590498205096
chi = 0.24979761028311978
Iteration time (s) = 0.8058855533599854
RESTORATION
**************************************

[FRP] solve 672 of phase 13, thetak=2.023e-02, Delta=5.000e-04

**************************************
Iteration 741:
thetak = 0.020231445079208925
objk = 3.3939110624918443
trustRadius = 0.0005
sampleRadius = 0.0005
stepNorm = 0.5900590498205096
chi = 0.24979761028311978
Iteration time (s) = 0.887291431427002
RESTORATION
**************************************

[FRP] solve 673 of phase 13, thetak=2.023e-02, Delta=5.000e-04

**************************************
Iteration 742:
thetak = 0.020231445079208925
objk = 3.3939110624918443
trustRadius = 0.0005
sampleRadius = 0.0005
stepNorm = 0.5900590498205096
chi = 0.24979761028311978
Iteration time (s) = 0.8971028327941895
RESTORATION
**************************************

[FRP] solve 674 of phase 13, thetak=2.023e-02, Delta=5.000e-04

**************************************
Iteration 743:
thetak = 0.020231445079208925
objk = 3.3939110624918443
trustRadius = 0.0005
sampleRadius = 0.0005
stepNorm = 0.5900590498205096
chi = 0.24979761028311978
Iteration time (s) = 0.7835571765899658
RESTORATION
**************************************

[FRP] solve 675 of phase 13, thetak=2.023e-02, Delta=5.000e-04

**************************************
Iteration 744:
thetak = 0.020231445079208925
objk = 3.3939110624918443
trustRadius = 0.0005
sampleRadius = 0.0005
stepNorm = 0.5900590498205096
chi = 0.24979761028311978
Iteration time (s) = 0.9395599365234375
RESTORATION
**************************************

[FRP] solve 676 of phase 13, thetak=2.023e-02, Delta=5.000e-04

**************************************
Iteration 745:
thetak = 0.020231445079208925
objk = 3.3939110624918443
trustRadius = 0.0005
sampleRadius = 0.0005
stepNorm = 0.5900590498205096
chi = 0.24979761028311978
Iteration time (s) = 0.8944666385650635
RESTORATION
**************************************

[FRP] solve 677 of phase 13, thetak=2.023e-02, Delta=5.000e-04

**************************************
Iteration 746:
thetak = 0.020231445079208925
objk = 3.3939110624918443
trustRadius = 0.0005
sampleRadius = 0.0005
stepNorm = 0.5900590498205096
chi = 0.24979761028311978
Iteration time (s) = 0.7924895286560059
RESTORATION
**************************************

[FRP] solve 678 of phase 13, thetak=2.023e-02, Delta=5.000e-04

**************************************
Iteration 747:
thetak = 0.020231445079208925
objk = 3.3939110624918443
trustRadius = 0.0005
sampleRadius = 0.0005
stepNorm = 0.5900590498205096
chi = 0.24979761028311978
Iteration time (s) = 0.7826004028320312
RESTORATION
**************************************

[FRP] solve 679 of phase 13, thetak=2.023e-02, Delta=5.000e-04

**************************************
Iteration 748:
thetak = 0.020231445079208925
objk = 3.3939110624918443
trustRadius = 0.0005
sampleRadius = 0.0005
stepNorm = 0.5900590498205096
chi = 0.24979761028311978
Iteration time (s) = 0.7786908149719238
RESTORATION
**************************************

[FRP] solve 680 of phase 13, thetak=2.023e-02, Delta=5.000e-04

**************************************
Iteration 749:
thetak = 0.020231445079208925
objk = 3.3939110624918443
trustRadius = 0.0005
sampleRadius = 0.0005
stepNorm = 0.5900590498205096
chi = 0.24979761028311978
Iteration time (s) = 0.7857379913330078
RESTORATION
**************************************

[FRP] solve 681 of phase 13, thetak=2.023e-02, Delta=5.000e-04

**************************************
Iteration 750:
thetak = 0.020231445079208925
objk = 3.3939110624918443
trustRadius = 0.0005
sampleRadius = 0.0005
stepNorm = 0.5900590498205096
chi = 0.24979761028311978
Iteration time (s) = 0.819188117980957
RESTORATION
**************************************

[FRP] solve 682 of phase 13, thetak=2.023e-02, Delta=5.000e-04

**************************************
Iteration 751:
thetak = 0.020231445079208925
objk = 3.3939110624918443
trustRadius = 0.0005
sampleRadius = 0.0005
stepNorm = 0.5900590498205096
chi = 0.24979761028311978
Iteration time (s) = 0.7934439182281494
RESTORATION
**************************************

[FRP] solve 683 of phase 13, thetak=2.023e-02, Delta=5.000e-04

**************************************
Iteration 752:
thetak = 0.020231445079208925
objk = 3.3939110624918443
trustRadius = 0.0005
sampleRadius = 0.0005
stepNorm = 0.5900590498205096
chi = 0.24979761028311978
Iteration time (s) = 0.8917019367218018
RESTORATION
**************************************

[FRP] solve 684 of phase 13, thetak=2.023e-02, Delta=5.000e-04

**************************************
Iteration 753:
thetak = 0.020231445079208925
objk = 3.3939110624918443
trustRadius = 0.0005
sampleRadius = 0.0005
stepNorm = 0.5900590498205096
chi = 0.24979761028311978
Iteration time (s) = 0.7827847003936768
RESTORATION
**************************************

[FRP] solve 685 of phase 13, thetak=2.023e-02, Delta=5.000e-04

**************************************
Iteration 754:
thetak = 0.020231445079208925
objk = 3.3939110624918443
trustRadius = 0.0005
sampleRadius = 0.0005
stepNorm = 0.5900590498205096
chi = 0.24979761028311978
Iteration time (s) = 0.8819434642791748
RESTORATION
**************************************

[FRP] solve 686 of phase 13, thetak=2.023e-02, Delta=5.000e-04

**************************************
Iteration 755:
thetak = 0.020231445079208925
objk = 3.3939110624918443
trustRadius = 0.0005
sampleRadius = 0.0005
stepNorm = 0.5900590498205096
chi = 0.24979761028311978
Iteration time (s) = 0.8850295543670654
RESTORATION
**************************************

[FRP] solve 687 of phase 13, thetak=2.023e-02, Delta=5.000e-04

**************************************
Iteration 756:
thetak = 0.020231445079208925
objk = 3.3939110624918443
trustRadius = 0.0005
sampleRadius = 0.0005
stepNorm = 0.5900590498205096
chi = 0.24979761028311978
Iteration time (s) = 0.8943350315093994
RESTORATION
**************************************

[FRP] solve 688 of phase 13, thetak=2.023e-02, Delta=5.000e-04

**************************************
Iteration 757:
thetak = 0.020231445079208925
objk = 3.3939110624918443
trustRadius = 0.0005
sampleRadius = 0.0005
stepNorm = 0.5900590498205096
chi = 0.24979761028311978
Iteration time (s) = 0.8562395572662354
RESTORATION
**************************************

[FRP] solve 689 of phase 13, thetak=2.023e-02, Delta=5.000e-04

**************************************
Iteration 758:
thetak = 0.020231445079208925
objk = 3.3939110624918443
trustRadius = 0.0005
sampleRadius = 0.0005
stepNorm = 0.5900590498205096
chi = 0.24979761028311978
Iteration time (s) = 0.8892931938171387
RESTORATION
**************************************

[FRP] solve 690 of phase 13, thetak=2.023e-02, Delta=5.000e-04

**************************************
Iteration 759:
thetak = 0.020231445079208925
objk = 3.3939110624918443
trustRadius = 0.0005
sampleRadius = 0.0005
stepNorm = 0.5900590498205096
chi = 0.24979761028311978
Iteration time (s) = 0.7765145301818848
RESTORATION
**************************************

[FRP] solve 691 of phase 13, thetak=2.023e-02, Delta=5.000e-04

**************************************
Iteration 760:
thetak = 0.020231445079208925
objk = 3.3939110624918443
trustRadius = 0.0005
sampleRadius = 0.0005
stepNorm = 0.5900590498205096
chi = 0.24979761028311978
Iteration time (s) = 0.7838830947875977
RESTORATION
**************************************

[FRP] solve 692 of phase 13, thetak=2.023e-02, Delta=5.000e-04

**************************************
Iteration 761:
thetak = 0.020231445079208925
objk = 3.3939110624918443
trustRadius = 0.0005
sampleRadius = 0.0005
stepNorm = 0.5900590498205096
chi = 0.24979761028311978
Iteration time (s) = 0.790428638458252
RESTORATION
**************************************

[FRP] solve 693 of phase 13, thetak=2.023e-02, Delta=5.000e-04

**************************************
Iteration 762:
thetak = 0.020231445079208925
objk = 3.3939110624918443
trustRadius = 0.0005
sampleRadius = 0.0005
stepNorm = 0.5900590498205096
chi = 0.24979761028311978
Iteration time (s) = 0.7786698341369629
RESTORATION
**************************************

[FRP] solve 694 of phase 13, thetak=2.023e-02, Delta=5.000e-04

**************************************
Iteration 763:
thetak = 0.020231445079208925
objk = 3.3939110624918443
trustRadius = 0.0005
sampleRadius = 0.0005
stepNorm = 0.5900590498205096
chi = 0.24979761028311978
Iteration time (s) = 0.7852871417999268
RESTORATION
**************************************

[FRP] solve 695 of phase 13, thetak=2.023e-02, Delta=5.000e-04

**************************************
Iteration 764:
thetak = 0.020231445079208925
objk = 3.3939110624918443
trustRadius = 0.0005
sampleRadius = 0.0005
stepNorm = 0.5900590498205096
chi = 0.24979761028311978
Iteration time (s) = 0.9202589988708496
RESTORATION
**************************************

[FRP] solve 696 of phase 13, thetak=2.023e-02, Delta=5.000e-04

**************************************
Iteration 765:
thetak = 0.020231445079208925
objk = 3.3939110624918443
trustRadius = 0.0005
sampleRadius = 0.0005
stepNorm = 0.5900590498205096
chi = 0.24979761028311978
Iteration time (s) = 0.7808737754821777
RESTORATION
**************************************

[FRP] solve 697 of phase 13, thetak=2.023e-02, Delta=5.000e-04

**************************************
Iteration 766:
thetak = 0.020231445079208925
objk = 3.3939110624918443
trustRadius = 0.0005
sampleRadius = 0.0005
stepNorm = 0.5900590498205096
chi = 0.24979761028311978
Iteration time (s) = 0.7927424907684326
RESTORATION
**************************************

[FRP] solve 698 of phase 13, thetak=2.023e-02, Delta=5.000e-04

**************************************
Iteration 767:
thetak = 0.020231445079208925
objk = 3.3939110624918443
trustRadius = 0.0005
sampleRadius = 0.0005
stepNorm = 0.5900590498205096
chi = 0.24979761028311978
Iteration time (s) = 0.8912408351898193
RESTORATION
**************************************

[FRP] solve 699 of phase 13, thetak=2.023e-02, Delta=5.000e-04

**************************************
Iteration 768:
thetak = 0.020231445079208925
objk = 3.3939110624918443
trustRadius = 0.0005
sampleRadius = 0.0005
stepNorm = 0.5900590498205096
chi = 0.24979761028311978
Iteration time (s) = 0.8809120655059814
RESTORATION
**************************************

[FRP] solve 700 of phase 13, thetak=2.023e-02, Delta=5.000e-04

**************************************
Iteration 769:
thetak = 0.020231445079208925
objk = 3.3939110624918443
trustRadius = 0.0005
sampleRadius = 0.0005
stepNorm = 0.5900590498205096
chi = 0.24979761028311978
Iteration time (s) = 0.7850260734558105
RESTORATION
**************************************

[FRP] solve 701 of phase 13, thetak=2.023e-02, Delta=5.000e-04

**************************************
Iteration 770:
thetak = 0.020231445079208925
objk = 3.3939110624918443
trustRadius = 0.0005
sampleRadius = 0.0005
stepNorm = 0.5900590498205096
chi = 0.24979761028311978
Iteration time (s) = 0.7874941825866699
RESTORATION
**************************************

[FRP] solve 702 of phase 13, thetak=2.023e-02, Delta=5.000e-04

**************************************
Iteration 771:
thetak = 0.020231445079208925
objk = 3.3939110624918443
trustRadius = 0.0005
sampleRadius = 0.0005
stepNorm = 0.5900590498205096
chi = 0.24979761028311978
Iteration time (s) = 0.9157524108886719
RESTORATION
**************************************

[FRP] solve 703 of phase 13, thetak=2.023e-02, Delta=5.000e-04

**************************************
Iteration 772:
thetak = 0.020231445079208925
objk = 3.3939110624918443
trustRadius = 0.0005
sampleRadius = 0.0005
stepNorm = 0.5900590498205096
chi = 0.24979761028311978
Iteration time (s) = 0.7921788692474365
RESTORATION
**************************************

[FRP] solve 704 of phase 13, thetak=2.023e-02, Delta=5.000e-04

**************************************
Iteration 773:
thetak = 0.020231445079208925
objk = 3.3939110624918443
trustRadius = 0.0005
sampleRadius = 0.0005
stepNorm = 0.5900590498205096
chi = 0.24979761028311978
Iteration time (s) = 0.7826924324035645
RESTORATION
**************************************

[FRP] solve 705 of phase 13, thetak=2.023e-02, Delta=5.000e-04

**************************************
Iteration 774:
thetak = 0.020231445079208925
objk = 3.3939110624918443
trustRadius = 0.0005
sampleRadius = 0.0005
stepNorm = 0.5900590498205096
chi = 0.24979761028311978
Iteration time (s) = 0.7776861190795898
RESTORATION
**************************************

[FRP] solve 706 of phase 13, thetak=2.023e-02, Delta=5.000e-04

**************************************
Iteration 775:
thetak = 0.020231445079208925
objk = 3.3939110624918443
trustRadius = 0.0005
sampleRadius = 0.0005
stepNorm = 0.5900590498205096
chi = 0.24979761028311978
Iteration time (s) = 0.7840762138366699
RESTORATION
**************************************

[FRP] solve 707 of phase 13, thetak=2.023e-02, Delta=5.000e-04

**************************************
Iteration 776:
thetak = 0.020231445079208925
objk = 3.3939110624918443
trustRadius = 0.0005
sampleRadius = 0.0005
stepNorm = 0.5900590498205096
chi = 0.24979761028311978
Iteration time (s) = 0.7743241786956787
RESTORATION
**************************************

[FRP] solve 708 of phase 13, thetak=2.023e-02, Delta=5.000e-04

**************************************
Iteration 777:
thetak = 0.020231445079208925
objk = 3.3939110624918443
trustRadius = 0.0005
sampleRadius = 0.0005
stepNorm = 0.5900590498205096
chi = 0.24979761028311978
Iteration time (s) = 0.7870597839355469
RESTORATION
**************************************

[FRP] solve 709 of phase 13, thetak=2.023e-02, Delta=5.000e-04

**************************************
Iteration 778:
thetak = 0.020231445079208925
objk = 3.3939110624918443
trustRadius = 0.0005
sampleRadius = 0.0005
stepNorm = 0.5900590498205096
chi = 0.24979761028311978
Iteration time (s) = 0.9397823810577393
RESTORATION
**************************************

[FRP] solve 710 of phase 13, thetak=2.023e-02, Delta=5.000e-04

**************************************
Iteration 779:
thetak = 0.020231445079208925
objk = 3.3939110624918443
trustRadius = 0.0005
sampleRadius = 0.0005
stepNorm = 0.5900590498205096
chi = 0.24979761028311978
Iteration time (s) = 0.8720138072967529
RESTORATION
**************************************

[FRP] solve 711 of phase 13, thetak=2.023e-02, Delta=5.000e-04

**************************************
Iteration 780:
thetak = 0.020231445079208925
objk = 3.3939110624918443
trustRadius = 0.0005
sampleRadius = 0.0005
stepNorm = 0.5900590498205096
chi = 0.24979761028311978
Iteration time (s) = 0.7819254398345947
RESTORATION
**************************************

[FRP] solve 712 of phase 13, thetak=2.023e-02, Delta=5.000e-04

**************************************
Iteration 781:
thetak = 0.020231445079208925
objk = 3.3939110624918443
trustRadius = 0.0005
sampleRadius = 0.0005
stepNorm = 0.5900590498205096
chi = 0.24979761028311978
Iteration time (s) = 0.8181350231170654
RESTORATION
**************************************

[FRP] solve 713 of phase 13, thetak=2.023e-02, Delta=5.000e-04

**************************************
Iteration 782:
thetak = 0.020231445079208925
objk = 3.3939110624918443
trustRadius = 0.0005
sampleRadius = 0.0005
stepNorm = 0.5900590498205096
chi = 0.24979761028311978
Iteration time (s) = 0.7776565551757812
RESTORATION
**************************************

[FRP] solve 714 of phase 13, thetak=2.023e-02, Delta=5.000e-04

**************************************
Iteration 783:
thetak = 0.020231445079208925
objk = 3.3939110624918443
trustRadius = 0.0005
sampleRadius = 0.0005
stepNorm = 0.5900590498205096
chi = 0.24979761028311978
Iteration time (s) = 0.7818341255187988
RESTORATION
**************************************

[FRP] solve 715 of phase 13, thetak=2.023e-02, Delta=5.000e-04

**************************************
Iteration 784:
thetak = 0.020231445079208925
objk = 3.3939110624918443
trustRadius = 0.0005
sampleRadius = 0.0005
stepNorm = 0.5900590498205096
chi = 0.24979761028311978
Iteration time (s) = 0.7741520404815674
RESTORATION
**************************************

[FRP] solve 716 of phase 13, thetak=2.023e-02, Delta=5.000e-04

**************************************
Iteration 785:
thetak = 0.020231445079208925
objk = 3.3939110624918443
trustRadius = 0.0005
sampleRadius = 0.0005
stepNorm = 0.5900590498205096
chi = 0.24979761028311978
Iteration time (s) = 0.9108016490936279
RESTORATION
**************************************

[FRP] solve 717 of phase 13, thetak=2.023e-02, Delta=5.000e-04

**************************************
Iteration 786:
thetak = 0.020231445079208925
objk = 3.3939110624918443
trustRadius = 0.0005
sampleRadius = 0.0005
stepNorm = 0.5900590498205096
chi = 0.24979761028311978
Iteration time (s) = 0.7939839363098145
RESTORATION
**************************************

[FRP] solve 718 of phase 13, thetak=2.023e-02, Delta=5.000e-04

**************************************
Iteration 787:
thetak = 0.020231445079208925
objk = 3.3939110624918443
trustRadius = 0.0005
sampleRadius = 0.0005
stepNorm = 0.5900590498205096
chi = 0.24979761028311978
Iteration time (s) = 0.8812353610992432
RESTORATION
**************************************

[FRP] solve 719 of phase 13, thetak=2.023e-02, Delta=5.000e-04

**************************************
Iteration 788:
thetak = 0.020231445079208925
objk = 3.3939110624918443
trustRadius = 0.0005
sampleRadius = 0.0005
stepNorm = 0.5900590498205096
chi = 0.24979761028311978
Iteration time (s) = 0.8881378173828125
RESTORATION
**************************************

[FRP] solve 720 of phase 13, thetak=2.023e-02, Delta=5.000e-04

**************************************
Iteration 789:
thetak = 0.020231445079208925
objk = 3.3939110624918443
trustRadius = 0.0005
sampleRadius = 0.0005
stepNorm = 0.5900590498205096
chi = 0.24979761028311978
Iteration time (s) = 0.7792396545410156
RESTORATION
**************************************

[FRP] solve 721 of phase 13, thetak=2.023e-02, Delta=5.000e-04

**************************************
Iteration 790:
thetak = 0.020231445079208925
objk = 3.3939110624918443
trustRadius = 0.0005
sampleRadius = 0.0005
stepNorm = 0.5900590498205096
chi = 0.24979761028311978
Iteration time (s) = 0.7769834995269775
RESTORATION
**************************************

[FRP] solve 722 of phase 13, thetak=2.023e-02, Delta=5.000e-04

**************************************
Iteration 791:
thetak = 0.020231445079208925
objk = 3.3939110624918443
trustRadius = 0.0005
sampleRadius = 0.0005
stepNorm = 0.5900590498205096
chi = 0.24979761028311978
Iteration time (s) = 0.800243616104126
RESTORATION
**************************************

[FRP] solve 723 of phase 13, thetak=2.023e-02, Delta=5.000e-04

**************************************
Iteration 792:
thetak = 0.020231445079208925
objk = 3.3939110624918443
trustRadius = 0.0005
sampleRadius = 0.0005
stepNorm = 0.5900590498205096
chi = 0.24979761028311978
Iteration time (s) = 0.9314064979553223
RESTORATION
**************************************

[FRP] solve 724 of phase 13, thetak=2.023e-02, Delta=5.000e-04

**************************************
Iteration 793:
thetak = 0.020231445079208925
objk = 3.3939110624918443
trustRadius = 0.0005
sampleRadius = 0.0005
stepNorm = 0.5900590498205096
chi = 0.24979761028311978
Iteration time (s) = 0.7834408283233643
RESTORATION
**************************************

[FRP] solve 725 of phase 13, thetak=2.023e-02, Delta=5.000e-04

**************************************
Iteration 794:
thetak = 0.020231445079208925
objk = 3.3939110624918443
trustRadius = 0.0005
sampleRadius = 0.0005
stepNorm = 0.5900590498205096
chi = 0.24979761028311978
Iteration time (s) = 0.792975664138794
RESTORATION
**************************************

[FRP] solve 726 of phase 13, thetak=2.023e-02, Delta=5.000e-04

**************************************
Iteration 795:
thetak = 0.020231445079208925
objk = 3.3939110624918443
trustRadius = 0.0005
sampleRadius = 0.0005
stepNorm = 0.5900590498205096
chi = 0.24979761028311978
Iteration time (s) = 0.9190483093261719
RESTORATION
**************************************

[FRP] solve 727 of phase 13, thetak=2.023e-02, Delta=5.000e-04

**************************************
Iteration 796:
thetak = 0.020231445079208925
objk = 3.3939110624918443
trustRadius = 0.0005
sampleRadius = 0.0005
stepNorm = 0.5900590498205096
chi = 0.24979761028311978
Iteration time (s) = 0.8983452320098877
RESTORATION
**************************************

[FRP] solve 728 of phase 13, thetak=2.023e-02, Delta=5.000e-04

**************************************
Iteration 797:
thetak = 0.020231445079208925
objk = 3.3939110624918443
trustRadius = 0.0005
sampleRadius = 0.0005
stepNorm = 0.5900590498205096
chi = 0.24979761028311978
Iteration time (s) = 0.8884422779083252
RESTORATION
**************************************

[FRP] solve 729 of phase 13, thetak=2.023e-02, Delta=5.000e-04

**************************************
Iteration 798:
thetak = 0.020231445079208925
objk = 3.3939110624918443
trustRadius = 0.0005
sampleRadius = 0.0005
stepNorm = 0.5900590498205096
chi = 0.24979761028311978
Iteration time (s) = 0.9651317596435547
RESTORATION
**************************************

[FRP] solve 730 of phase 13, thetak=2.023e-02, Delta=5.000e-04

**************************************
Iteration 799:
thetak = 0.020231445079208925
objk = 3.3939110624918443
trustRadius = 0.0005
sampleRadius = 0.0005
stepNorm = 0.5900590498205096
chi = 0.24979761028311978
Iteration time (s) = 0.7703702449798584
RESTORATION
**************************************

[FRP] solve 731 of phase 13, thetak=2.023e-02, Delta=5.000e-04

**************************************
Iteration 800:
thetak = 0.020231445079208925
objk = 3.3939110624918443
trustRadius = 0.0005
sampleRadius = 0.0005
stepNorm = 0.5900590498205096
chi = 0.24979761028311978
Iteration time (s) = 0.7875611782073975
RESTORATION
**************************************

[FRP] solve 732 of phase 13, thetak=2.023e-02, Delta=5.000e-04

**************************************
Iteration 801:
thetak = 0.020231445079208925
objk = 3.3939110624918443
trustRadius = 0.0005
sampleRadius = 0.0005
stepNorm = 0.5900590498205096
chi = 0.24979761028311978
Iteration time (s) = 0.8068418502807617
RESTORATION
**************************************

[FRP] solve 733 of phase 13, thetak=2.023e-02, Delta=5.000e-04

**************************************
Iteration 802:
thetak = 0.020231445079208925
objk = 3.3939110624918443
trustRadius = 0.0005
sampleRadius = 0.0005
stepNorm = 0.5900590498205096
chi = 0.24979761028311978
Iteration time (s) = 0.908635139465332
RESTORATION
**************************************

[FRP] solve 734 of phase 13, thetak=2.023e-02, Delta=5.000e-04

**************************************
Iteration 803:
thetak = 0.020231445079208925
objk = 3.3939110624918443
trustRadius = 0.0005
sampleRadius = 0.0005
stepNorm = 0.5900590498205096
chi = 0.24979761028311978
Iteration time (s) = 0.897472620010376
RESTORATION
**************************************

[FRP] solve 735 of phase 13, thetak=2.023e-02, Delta=5.000e-04

**************************************
Iteration 804:
thetak = 0.020231445079208925
objk = 3.3939110624918443
trustRadius = 0.0005
sampleRadius = 0.0005
stepNorm = 0.5900590498205096
chi = 0.24979761028311978
Iteration time (s) = 0.89499831199646
RESTORATION
**************************************

[FRP] solve 736 of phase 13, thetak=2.023e-02, Delta=5.000e-04

**************************************
Iteration 805:
thetak = 0.020231445079208925
objk = 3.3939110624918443
trustRadius = 0.0005
sampleRadius = 0.0005
stepNorm = 0.5900590498205096
chi = 0.24979761028311978
Iteration time (s) = 1.0146815776824951
RESTORATION
**************************************

[FRP] solve 737 of phase 13, thetak=2.023e-02, Delta=5.000e-04

**************************************
Iteration 806:
thetak = 0.020231445079208925
objk = 3.3939110624918443
trustRadius = 0.0005
sampleRadius = 0.0005
stepNorm = 0.5900590498205096
chi = 0.24979761028311978
Iteration time (s) = 0.8871583938598633
RESTORATION
**************************************

[FRP] solve 738 of phase 13, thetak=2.023e-02, Delta=5.000e-04

**************************************
Iteration 807:
thetak = 0.020231445079208925
objk = 3.3939110624918443
trustRadius = 0.0005
sampleRadius = 0.0005
stepNorm = 0.5900590498205096
chi = 0.24979761028311978
Iteration time (s) = 0.7837319374084473
RESTORATION
**************************************

[FRP] solve 739 of phase 13, thetak=2.023e-02, Delta=5.000e-04

**************************************
Iteration 808:
thetak = 0.020231445079208925
objk = 3.3939110624918443
trustRadius = 0.0005
sampleRadius = 0.0005
stepNorm = 0.5900590498205096
chi = 0.24979761028311978
Iteration time (s) = 0.7960798740386963
RESTORATION
**************************************

[FRP] solve 740 of phase 13, thetak=2.023e-02, Delta=5.000e-04

**************************************
Iteration 809:
thetak = 0.020231445079208925
objk = 3.3939110624918443
trustRadius = 0.0005
sampleRadius = 0.0005
stepNorm = 0.5900590498205096
chi = 0.24979761028311978
Iteration time (s) = 0.7756302356719971
RESTORATION
**************************************

[FRP] solve 741 of phase 13, thetak=2.023e-02, Delta=5.000e-04

**************************************
Iteration 810:
thetak = 0.020231445079208925
objk = 3.3939110624918443
trustRadius = 0.0005
sampleRadius = 0.0005
stepNorm = 0.5900590498205096
chi = 0.24979761028311978
Iteration time (s) = 0.7853958606719971
RESTORATION
**************************************

[FRP] solve 742 of phase 13, thetak=2.023e-02, Delta=5.000e-04

**************************************
Iteration 811:
thetak = 0.020231445079208925
objk = 3.3939110624918443
trustRadius = 0.0005
sampleRadius = 0.0005
stepNorm = 0.5900590498205096
chi = 0.24979761028311978
Iteration time (s) = 0.9409363269805908
RESTORATION
**************************************

[FRP] solve 743 of phase 13, thetak=2.023e-02, Delta=5.000e-04

**************************************
Iteration 812:
thetak = 0.020231445079208925
objk = 3.3939110624918443
trustRadius = 0.0005
sampleRadius = 0.0005
stepNorm = 0.5900590498205096
chi = 0.24979761028311978
Iteration time (s) = 0.8918120861053467
RESTORATION
**************************************

[FRP] solve 744 of phase 13, thetak=2.023e-02, Delta=5.000e-04

**************************************
Iteration 813:
thetak = 0.020231445079208925
objk = 3.3939110624918443
trustRadius = 0.0005
sampleRadius = 0.0005
stepNorm = 0.5900590498205096
chi = 0.24979761028311978
Iteration time (s) = 0.7797031402587891
RESTORATION
**************************************

[FRP] solve 745 of phase 13, thetak=2.023e-02, Delta=5.000e-04

**************************************
Iteration 814:
thetak = 0.020231445079208925
objk = 3.3939110624918443
trustRadius = 0.0005
sampleRadius = 0.0005
stepNorm = 0.5900590498205096
chi = 0.24979761028311978
Iteration time (s) = 0.8975005149841309
RESTORATION
**************************************

[FRP] solve 746 of phase 13, thetak=2.023e-02, Delta=5.000e-04

**************************************
Iteration 815:
thetak = 0.020231445079208925
objk = 3.3939110624918443
trustRadius = 0.0005
sampleRadius = 0.0005
stepNorm = 0.5900590498205096
chi = 0.24979761028311978
Iteration time (s) = 0.766869306564331
RESTORATION
**************************************

[FRP] solve 747 of phase 13, thetak=2.023e-02, Delta=5.000e-04

**************************************
Iteration 816:
thetak = 0.020231445079208925
objk = 3.3939110624918443
trustRadius = 0.0005
sampleRadius = 0.0005
stepNorm = 0.5900590498205096
chi = 0.24979761028311978
Iteration time (s) = 0.7751655578613281
RESTORATION
**************************************

[FRP] solve 748 of phase 13, thetak=2.023e-02, Delta=5.000e-04

**************************************
Iteration 817:
thetak = 0.020231445079208925
objk = 3.3939110624918443
trustRadius = 0.0005
sampleRadius = 0.0005
stepNorm = 0.5900590498205096
chi = 0.24979761028311978
Iteration time (s) = 0.7810642719268799
RESTORATION
**************************************

[FRP] solve 749 of phase 13, thetak=2.023e-02, Delta=5.000e-04

**************************************
Iteration 818:
thetak = 0.020231445079208925
objk = 3.3939110624918443
trustRadius = 0.0005
sampleRadius = 0.0005
stepNorm = 0.5900590498205096
chi = 0.24979761028311978
Iteration time (s) = 0.9393720626831055
RESTORATION
**************************************

[FRP] solve 750 of phase 13, thetak=2.023e-02, Delta=5.000e-04

**************************************
Iteration 819:
thetak = 0.020231445079208925
objk = 3.3939110624918443
trustRadius = 0.0005
sampleRadius = 0.0005
stepNorm = 0.5900590498205096
chi = 0.24979761028311978
Iteration time (s) = 0.8878786563873291
RESTORATION
**************************************

[FRP] solve 751 of phase 13, thetak=2.023e-02, Delta=5.000e-04

**************************************
Iteration 820:
thetak = 0.020231445079208925
objk = 3.3939110624918443
trustRadius = 0.0005
sampleRadius = 0.0005
stepNorm = 0.5900590498205096
chi = 0.24979761028311978
Iteration time (s) = 0.7844548225402832
RESTORATION
**************************************

[FRP] solve 752 of phase 13, thetak=2.023e-02, Delta=5.000e-04

**************************************
Iteration 821:
thetak = 0.020231445079208925
objk = 3.3939110624918443
trustRadius = 0.0005
sampleRadius = 0.0005
stepNorm = 0.5900590498205096
chi = 0.24979761028311978
Iteration time (s) = 0.8950026035308838
RESTORATION
**************************************

[FRP] solve 753 of phase 13, thetak=2.023e-02, Delta=5.000e-04

**************************************
Iteration 822:
thetak = 0.020231445079208925
objk = 3.3939110624918443
trustRadius = 0.0005
sampleRadius = 0.0005
stepNorm = 0.5900590498205096
chi = 0.24979761028311978
Iteration time (s) = 0.891892671585083
RESTORATION
**************************************

[FRP] solve 754 of phase 13, thetak=2.023e-02, Delta=5.000e-04

**************************************
Iteration 823:
thetak = 0.020231445079208925
objk = 3.3939110624918443
trustRadius = 0.0005
sampleRadius = 0.0005
stepNorm = 0.5900590498205096
chi = 0.24979761028311978
Iteration time (s) = 0.8874328136444092
RESTORATION
**************************************

[FRP] solve 755 of phase 13, thetak=2.023e-02, Delta=5.000e-04

**************************************
Iteration 824:
thetak = 0.020231445079208925
objk = 3.3939110624918443
trustRadius = 0.0005
sampleRadius = 0.0005
stepNorm = 0.5900590498205096
chi = 0.24979761028311978
Iteration time (s) = 0.787691593170166
RESTORATION
**************************************

[FRP] solve 756 of phase 13, thetak=2.023e-02, Delta=5.000e-04

**************************************
Iteration 825:
thetak = 0.020231445079208925
objk = 3.3939110624918443
trustRadius = 0.0005
sampleRadius = 0.0005
stepNorm = 0.5900590498205096
chi = 0.24979761028311978
Iteration time (s) = 1.006160020828247
RESTORATION
**************************************

[FRP] solve 757 of phase 13, thetak=2.023e-02, Delta=5.000e-04

**************************************
Iteration 826:
thetak = 0.020231445079208925
objk = 3.3939110624918443
trustRadius = 0.0005
sampleRadius = 0.0005
stepNorm = 0.5900590498205096
chi = 0.24979761028311978
Iteration time (s) = 0.789846658706665
RESTORATION
**************************************

[FRP] solve 758 of phase 13, thetak=2.023e-02, Delta=5.000e-04

**************************************
Iteration 827:
thetak = 0.020231445079208925
objk = 3.3939110624918443
trustRadius = 0.0005
sampleRadius = 0.0005
stepNorm = 0.5900590498205096
chi = 0.24979761028311978
Iteration time (s) = 0.8887925148010254
RESTORATION
**************************************

[FRP] solve 759 of phase 13, thetak=2.023e-02, Delta=5.000e-04

**************************************
Iteration 828:
thetak = 0.020231445079208925
objk = 3.3939110624918443
trustRadius = 0.0005
sampleRadius = 0.0005
stepNorm = 0.5900590498205096
chi = 0.24979761028311978
Iteration time (s) = 0.7749755382537842
RESTORATION
**************************************

[FRP] solve 760 of phase 13, thetak=2.023e-02, Delta=5.000e-04

**************************************
Iteration 829:
thetak = 0.020231445079208925
objk = 3.3939110624918443
trustRadius = 0.0005
sampleRadius = 0.0005
stepNorm = 0.5900590498205096
chi = 0.24979761028311978
Iteration time (s) = 0.8904812335968018
RESTORATION
**************************************

[FRP] solve 761 of phase 13, thetak=2.023e-02, Delta=5.000e-04

**************************************
Iteration 830:
thetak = 0.020231445079208925
objk = 3.3939110624918443
trustRadius = 0.0005
sampleRadius = 0.0005
stepNorm = 0.5900590498205096
chi = 0.24979761028311978
Iteration time (s) = 0.7940032482147217
RESTORATION
**************************************

[FRP] solve 762 of phase 13, thetak=2.023e-02, Delta=5.000e-04

**************************************
Iteration 831:
thetak = 0.020231445079208925
objk = 3.3939110624918443
trustRadius = 0.0005
sampleRadius = 0.0005
stepNorm = 0.5900590498205096
chi = 0.24979761028311978
Iteration time (s) = 0.9528629779815674
RESTORATION
**************************************

[FRP] solve 763 of phase 13, thetak=2.023e-02, Delta=5.000e-04

**************************************
Iteration 832:
thetak = 0.020231445079208925
objk = 3.3939110624918443
trustRadius = 0.0005
sampleRadius = 0.0005
stepNorm = 0.5900590498205096
chi = 0.24979761028311978
Iteration time (s) = 0.8132264614105225
RESTORATION
**************************************

[FRP] solve 764 of phase 13, thetak=2.023e-02, Delta=5.000e-04

**************************************
Iteration 833:
thetak = 0.020231445079208925
objk = 3.3939110624918443
trustRadius = 0.0005
sampleRadius = 0.0005
stepNorm = 0.5900590498205096
chi = 0.24979761028311978
Iteration time (s) = 0.8923776149749756
RESTORATION
**************************************

[FRP] solve 765 of phase 13, thetak=2.023e-02, Delta=5.000e-04

**************************************
Iteration 834:
thetak = 0.020231445079208925
objk = 3.3939110624918443
trustRadius = 0.0005
sampleRadius = 0.0005
stepNorm = 0.5900590498205096
chi = 0.24979761028311978
Iteration time (s) = 0.8957736492156982
RESTORATION
**************************************

[FRP] solve 766 of phase 13, thetak=2.023e-02, Delta=5.000e-04

**************************************
Iteration 835:
thetak = 0.020231445079208925
objk = 3.3939110624918443
trustRadius = 0.0005
sampleRadius = 0.0005
stepNorm = 0.5900590498205096
chi = 0.24979761028311978
Iteration time (s) = 0.8882391452789307
RESTORATION
**************************************

[FRP] solve 767 of phase 13, thetak=2.023e-02, Delta=5.000e-04

**************************************
Iteration 836:
thetak = 0.020231445079208925
objk = 3.3939110624918443
trustRadius = 0.0005
sampleRadius = 0.0005
stepNorm = 0.5900590498205096
chi = 0.24979761028311978
Iteration time (s) = 0.8929767608642578
RESTORATION
**************************************

[FRP] solve 768 of phase 13, thetak=2.023e-02, Delta=5.000e-04

**************************************
Iteration 837:
thetak = 0.020231445079208925
objk = 3.3939110624918443
trustRadius = 0.0005
sampleRadius = 0.0005
stepNorm = 0.5900590498205096
chi = 0.24979761028311978
Iteration time (s) = 1.0743563175201416
RESTORATION
**************************************

[FRP] solve 769 of phase 13, thetak=2.023e-02, Delta=5.000e-04

**************************************
Iteration 838:
thetak = 0.020231445079208925
objk = 3.3939110624918443
trustRadius = 0.0005
sampleRadius = 0.0005
stepNorm = 0.5900590498205096
chi = 0.24979761028311978
Iteration time (s) = 0.7755813598632812
RESTORATION
**************************************

[FRP] solve 770 of phase 13, thetak=2.023e-02, Delta=5.000e-04

**************************************
Iteration 839:
thetak = 0.020231445079208925
objk = 3.3939110624918443
trustRadius = 0.0005
sampleRadius = 0.0005
stepNorm = 0.5900590498205096
chi = 0.24979761028311978
Iteration time (s) = 0.8934497833251953
RESTORATION
**************************************

[FRP] solve 771 of phase 13, thetak=2.023e-02, Delta=5.000e-04

**************************************
Iteration 840:
thetak = 0.020231445079208925
objk = 3.3939110624918443
trustRadius = 0.0005
sampleRadius = 0.0005
stepNorm = 0.5900590498205096
chi = 0.24979761028311978
Iteration time (s) = 0.8849620819091797
RESTORATION
**************************************

[FRP] solve 772 of phase 13, thetak=2.023e-02, Delta=5.000e-04

**************************************
Iteration 841:
thetak = 0.020231445079208925
objk = 3.3939110624918443
trustRadius = 0.0005
sampleRadius = 0.0005
stepNorm = 0.5900590498205096
chi = 0.24979761028311978
Iteration time (s) = 0.7918682098388672
RESTORATION
**************************************

[FRP] solve 773 of phase 13, thetak=2.023e-02, Delta=5.000e-04

**************************************
Iteration 842:
thetak = 0.020231445079208925
objk = 3.3939110624918443
trustRadius = 0.0005
sampleRadius = 0.0005
stepNorm = 0.5900590498205096
chi = 0.24979761028311978
Iteration time (s) = 0.8955347537994385
RESTORATION
**************************************

[FRP] solve 774 of phase 13, thetak=2.023e-02, Delta=5.000e-04

**************************************
Iteration 843:
thetak = 0.020231445079208925
objk = 3.3939110624918443
trustRadius = 0.0005
sampleRadius = 0.0005
stepNorm = 0.5900590498205096
chi = 0.24979761028311978
Iteration time (s) = 0.7826507091522217
RESTORATION
**************************************

[FRP] solve 775 of phase 13, thetak=2.023e-02, Delta=5.000e-04

**************************************
Iteration 844:
thetak = 0.020231445079208925
objk = 3.3939110624918443
trustRadius = 0.0005
sampleRadius = 0.0005
stepNorm = 0.5900590498205096
chi = 0.24979761028311978
Iteration time (s) = 0.9201276302337646
RESTORATION
**************************************

[FRP] solve 776 of phase 13, thetak=2.023e-02, Delta=5.000e-04

**************************************
Iteration 845:
thetak = 0.020231445079208925
objk = 3.3939110624918443
trustRadius = 0.0005
sampleRadius = 0.0005
stepNorm = 0.5900590498205096
chi = 0.24979761028311978
Iteration time (s) = 0.7834205627441406
RESTORATION
**************************************

[FRP] solve 777 of phase 13, thetak=2.023e-02, Delta=5.000e-04

**************************************
Iteration 846:
thetak = 0.020231445079208925
objk = 3.3939110624918443
trustRadius = 0.0005
sampleRadius = 0.0005
stepNorm = 0.5900590498205096
chi = 0.24979761028311978
Iteration time (s) = 0.7838852405548096
RESTORATION
**************************************

[FRP] solve 778 of phase 13, thetak=2.023e-02, Delta=5.000e-04

**************************************
Iteration 847:
thetak = 0.020231445079208925
objk = 3.3939110624918443
trustRadius = 0.0005
sampleRadius = 0.0005
stepNorm = 0.5900590498205096
chi = 0.24979761028311978
Iteration time (s) = 0.7819669246673584
RESTORATION
**************************************

[FRP] solve 779 of phase 13, thetak=2.023e-02, Delta=5.000e-04

**************************************
Iteration 848:
thetak = 0.020231445079208925
objk = 3.3939110624918443
trustRadius = 0.0005
sampleRadius = 0.0005
stepNorm = 0.5900590498205096
chi = 0.24979761028311978
Iteration time (s) = 0.7703514099121094
RESTORATION
**************************************

[FRP] solve 780 of phase 13, thetak=2.023e-02, Delta=5.000e-04

**************************************
Iteration 849:
thetak = 0.020231445079208925
objk = 3.3939110624918443
trustRadius = 0.0005
sampleRadius = 0.0005
stepNorm = 0.5900590498205096
chi = 0.24979761028311978
Iteration time (s) = 0.8872146606445312
RESTORATION
**************************************

[FRP] solve 781 of phase 13, thetak=2.023e-02, Delta=5.000e-04

**************************************
Iteration 850:
thetak = 0.020231445079208925
objk = 3.3939110624918443
trustRadius = 0.0005
sampleRadius = 0.0005
stepNorm = 0.5900590498205096
chi = 0.24979761028311978
Iteration time (s) = 0.8611090183258057
RESTORATION
**************************************

[FRP] solve 782 of phase 13, thetak=2.023e-02, Delta=5.000e-04

**************************************
Iteration 851:
thetak = 0.020231445079208925
objk = 3.3939110624918443
trustRadius = 0.0005
sampleRadius = 0.0005
stepNorm = 0.5900590498205096
chi = 0.24979761028311978
Iteration time (s) = 0.9286611080169678
RESTORATION
**************************************

[FRP] solve 783 of phase 13, thetak=2.023e-02, Delta=5.000e-04

**************************************
Iteration 852:
thetak = 0.020231445079208925
objk = 3.3939110624918443
trustRadius = 0.0005
sampleRadius = 0.0005
stepNorm = 0.5900590498205096
chi = 0.24979761028311978
Iteration time (s) = 0.7898159027099609
RESTORATION
**************************************

[FRP] solve 784 of phase 13, thetak=2.023e-02, Delta=5.000e-04

**************************************
Iteration 853:
thetak = 0.020231445079208925
objk = 3.3939110624918443
trustRadius = 0.0005
sampleRadius = 0.0005
stepNorm = 0.5900590498205096
chi = 0.24979761028311978
Iteration time (s) = 0.7924983501434326
RESTORATION
**************************************

[FRP] solve 785 of phase 13, thetak=2.023e-02, Delta=5.000e-04

**************************************
Iteration 854:
thetak = 0.020231445079208925
objk = 3.3939110624918443
trustRadius = 0.0005
sampleRadius = 0.0005
stepNorm = 0.5900590498205096
chi = 0.24979761028311978
Iteration time (s) = 0.8933544158935547
RESTORATION
**************************************

[FRP] solve 786 of phase 13, thetak=2.023e-02, Delta=5.000e-04

**************************************
Iteration 855:
thetak = 0.020231445079208925
objk = 3.3939110624918443
trustRadius = 0.0005
sampleRadius = 0.0005
stepNorm = 0.5900590498205096
chi = 0.24979761028311978
Iteration time (s) = 0.88897705078125
RESTORATION
**************************************

[FRP] solve 787 of phase 13, thetak=2.023e-02, Delta=5.000e-04

**************************************
Iteration 856:
thetak = 0.020231445079208925
objk = 3.3939110624918443
trustRadius = 0.0005
sampleRadius = 0.0005
stepNorm = 0.5900590498205096
chi = 0.24979761028311978
Iteration time (s) = 0.8823513984680176
RESTORATION
**************************************

[FRP] solve 788 of phase 13, thetak=2.023e-02, Delta=5.000e-04

**************************************
Iteration 857:
thetak = 0.020231445079208925
objk = 3.3939110624918443
trustRadius = 0.0005
sampleRadius = 0.0005
stepNorm = 0.5900590498205096
chi = 0.24979761028311978
Iteration time (s) = 0.8009166717529297
RESTORATION
**************************************

[FRP] solve 789 of phase 13, thetak=2.023e-02, Delta=5.000e-04

**************************************
Iteration 858:
thetak = 0.020231445079208925
objk = 3.3939110624918443
trustRadius = 0.0005
sampleRadius = 0.0005
stepNorm = 0.5900590498205096
chi = 0.24979761028311978
Iteration time (s) = 0.7947096824645996
RESTORATION
**************************************

[FRP] solve 790 of phase 13, thetak=2.023e-02, Delta=5.000e-04

**************************************
Iteration 859:
thetak = 0.020231445079208925
objk = 3.3939110624918443
trustRadius = 0.0005
sampleRadius = 0.0005
stepNorm = 0.5900590498205096
chi = 0.24979761028311978
Iteration time (s) = 0.786834716796875
RESTORATION
**************************************

[FRP] solve 791 of phase 13, thetak=2.023e-02, Delta=5.000e-04

**************************************
Iteration 860:
thetak = 0.020231445079208925
objk = 3.3939110624918443
trustRadius = 0.0005
sampleRadius = 0.0005
stepNorm = 0.5900590498205096
chi = 0.24979761028311978
Iteration time (s) = 0.9193434715270996
RESTORATION
**************************************

[FRP] solve 792 of phase 13, thetak=2.023e-02, Delta=5.000e-04

**************************************
Iteration 861:
thetak = 0.020231445079208925
objk = 3.3939110624918443
trustRadius = 0.0005
sampleRadius = 0.0005
stepNorm = 0.5900590498205096
chi = 0.24979761028311978
Iteration time (s) = 0.883760929107666
RESTORATION
**************************************

[FRP] solve 793 of phase 13, thetak=2.023e-02, Delta=5.000e-04

**************************************
Iteration 862:
thetak = 0.020231445079208925
objk = 3.3939110624918443
trustRadius = 0.0005
sampleRadius = 0.0005
stepNorm = 0.5900590498205096
chi = 0.24979761028311978
Iteration time (s) = 0.7895827293395996
RESTORATION
**************************************

[FRP] solve 794 of phase 13, thetak=2.023e-02, Delta=5.000e-04

**************************************
Iteration 863:
thetak = 0.020231445079208925
objk = 3.3939110624918443
trustRadius = 0.0005
sampleRadius = 0.0005
stepNorm = 0.5900590498205096
chi = 0.24979761028311978
Iteration time (s) = 0.8749210834503174
RESTORATION
**************************************

[FRP] solve 795 of phase 13, thetak=2.023e-02, Delta=5.000e-04

**************************************
Iteration 864:
thetak = 0.020231445079208925
objk = 3.3939110624918443
trustRadius = 0.0005
sampleRadius = 0.0005
stepNorm = 0.5900590498205096
chi = 0.24979761028311978
Iteration time (s) = 0.9019255638122559
RESTORATION
**************************************

[FRP] solve 796 of phase 13, thetak=2.023e-02, Delta=5.000e-04

**************************************
Iteration 865:
thetak = 0.020231445079208925
objk = 3.3939110624918443
trustRadius = 0.0005
sampleRadius = 0.0005
stepNorm = 0.5900590498205096
chi = 0.24979761028311978
Iteration time (s) = 0.8932631015777588
RESTORATION
**************************************

[FRP] solve 797 of phase 13, thetak=2.023e-02, Delta=5.000e-04

**************************************
Iteration 866:
thetak = 0.020231445079208925
objk = 3.3939110624918443
trustRadius = 0.0005
sampleRadius = 0.0005
stepNorm = 0.5900590498205096
chi = 0.24979761028311978
Iteration time (s) = 0.9138038158416748
RESTORATION
**************************************

[FRP] solve 798 of phase 13, thetak=2.023e-02, Delta=5.000e-04

**************************************
Iteration 867:
thetak = 0.020231445079208925
objk = 3.3939110624918443
trustRadius = 0.0005
sampleRadius = 0.0005
stepNorm = 0.5900590498205096
chi = 0.24979761028311978
Iteration time (s) = 0.7740323543548584
RESTORATION
**************************************

[FRP] solve 799 of phase 13, thetak=2.023e-02, Delta=5.000e-04

**************************************
Iteration 868:
thetak = 0.020231445079208925
objk = 3.3939110624918443
trustRadius = 0.0005
sampleRadius = 0.0005
stepNorm = 0.5900590498205096
chi = 0.24979761028311978
Iteration time (s) = 0.8836290836334229
RESTORATION
**************************************

[FRP] solve 800 of phase 13, thetak=2.023e-02, Delta=5.000e-04

**************************************
Iteration 869:
thetak = 0.020231445079208925
objk = 3.3939110624918443
trustRadius = 0.0005
sampleRadius = 0.0005
stepNorm = 0.5900590498205096
chi = 0.24979761028311978
Iteration time (s) = 0.9015522003173828
RESTORATION
**************************************

[FRP] solve 801 of phase 13, thetak=2.023e-02, Delta=5.000e-04

**************************************
Iteration 870:
thetak = 0.020231445079208925
objk = 3.3939110624918443
trustRadius = 0.0005
sampleRadius = 0.0005
stepNorm = 0.5900590498205096
chi = 0.24979761028311978
Iteration time (s) = 0.8089947700500488
RESTORATION
**************************************

[FRP] solve 802 of phase 13, thetak=2.023e-02, Delta=5.000e-04

**************************************
Iteration 871:
thetak = 0.020231445079208925
objk = 3.3939110624918443
trustRadius = 0.0005
sampleRadius = 0.0005
stepNorm = 0.5900590498205096
chi = 0.24979761028311978
Iteration time (s) = 0.8841569423675537
RESTORATION
**************************************

[FRP] solve 803 of phase 13, thetak=2.023e-02, Delta=5.000e-04

**************************************
Iteration 872:
thetak = 0.020231445079208925
objk = 3.3939110624918443
trustRadius = 0.0005
sampleRadius = 0.0005
stepNorm = 0.5900590498205096
chi = 0.24979761028311978
Iteration time (s) = 0.8982994556427002
RESTORATION
**************************************

[FRP] solve 804 of phase 13, thetak=2.023e-02, Delta=5.000e-04

**************************************
Iteration 873:
thetak = 0.020231445079208925
objk = 3.3939110624918443
trustRadius = 0.0005
sampleRadius = 0.0005
stepNorm = 0.5900590498205096
chi = 0.24979761028311978
Iteration time (s) = 0.8832905292510986
RESTORATION
**************************************

[FRP] solve 805 of phase 13, thetak=2.023e-02, Delta=5.000e-04

**************************************
Iteration 874:
thetak = 0.020231445079208925
objk = 3.3939110624918443
trustRadius = 0.0005
sampleRadius = 0.0005
stepNorm = 0.5900590498205096
chi = 0.24979761028311978
Iteration time (s) = 0.7713503837585449
RESTORATION
**************************************

[FRP] solve 806 of phase 13, thetak=2.023e-02, Delta=5.000e-04

**************************************
Iteration 875:
thetak = 0.020231445079208925
objk = 3.3939110624918443
trustRadius = 0.0005
sampleRadius = 0.0005
stepNorm = 0.5900590498205096
chi = 0.24979761028311978
Iteration time (s) = 0.9021346569061279
RESTORATION
**************************************

[FRP] solve 807 of phase 13, thetak=2.023e-02, Delta=5.000e-04

**************************************
Iteration 876:
thetak = 0.020231445079208925
objk = 3.3939110624918443
trustRadius = 0.0005
sampleRadius = 0.0005
stepNorm = 0.5900590498205096
chi = 0.24979761028311978
Iteration time (s) = 0.8941757678985596
RESTORATION
**************************************

[FRP] solve 808 of phase 13, thetak=2.023e-02, Delta=5.000e-04

**************************************
Iteration 877:
thetak = 0.020231445079208925
objk = 3.3939110624918443
trustRadius = 0.0005
sampleRadius = 0.0005
stepNorm = 0.5900590498205096
chi = 0.24979761028311978
Iteration time (s) = 0.9656617641448975
RESTORATION
**************************************

[FRP] solve 809 of phase 13, thetak=2.023e-02, Delta=5.000e-04

**************************************
Iteration 878:
thetak = 0.020231445079208925
objk = 3.3939110624918443
trustRadius = 0.0005
sampleRadius = 0.0005
stepNorm = 0.5900590498205096
chi = 0.24979761028311978
Iteration time (s) = 0.7874467372894287
RESTORATION
**************************************

[FRP] solve 810 of phase 13, thetak=2.023e-02, Delta=5.000e-04

**************************************
Iteration 879:
thetak = 0.020231445079208925
objk = 3.3939110624918443
trustRadius = 0.0005
sampleRadius = 0.0005
stepNorm = 0.5900590498205096
chi = 0.24979761028311978
Iteration time (s) = 0.7917733192443848
RESTORATION
**************************************

[FRP] solve 811 of phase 13, thetak=2.023e-02, Delta=5.000e-04

**************************************
Iteration 880:
thetak = 0.020231445079208925
objk = 3.3939110624918443
trustRadius = 0.0005
sampleRadius = 0.0005
stepNorm = 0.5900590498205096
chi = 0.24979761028311978
Iteration time (s) = 0.8871166706085205
RESTORATION
**************************************

[FRP] solve 812 of phase 13, thetak=2.023e-02, Delta=5.000e-04

**************************************
Iteration 881:
thetak = 0.020231445079208925
objk = 3.3939110624918443
trustRadius = 0.0005
sampleRadius = 0.0005
stepNorm = 0.5900590498205096
chi = 0.24979761028311978
Iteration time (s) = 0.7760193347930908
RESTORATION
**************************************

[FRP] solve 813 of phase 13, thetak=2.023e-02, Delta=5.000e-04

**************************************
Iteration 882:
thetak = 0.020231445079208925
objk = 3.3939110624918443
trustRadius = 0.0005
sampleRadius = 0.0005
stepNorm = 0.5900590498205096
chi = 0.24979761028311978
Iteration time (s) = 0.789438009262085
RESTORATION
**************************************

[FRP] solve 814 of phase 13, thetak=2.023e-02, Delta=5.000e-04

**************************************
Iteration 883:
thetak = 0.020231445079208925
objk = 3.3939110624918443
trustRadius = 0.0005
sampleRadius = 0.0005
stepNorm = 0.5900590498205096
chi = 0.24979761028311978
Iteration time (s) = 0.9003307819366455
RESTORATION
**************************************

[FRP] solve 815 of phase 13, thetak=2.023e-02, Delta=5.000e-04

**************************************
Iteration 884:
thetak = 0.020231445079208925
objk = 3.3939110624918443
trustRadius = 0.0005
sampleRadius = 0.0005
stepNorm = 0.5900590498205096
chi = 0.24979761028311978
Iteration time (s) = 1.0066676139831543
RESTORATION
**************************************

[FRP] solve 816 of phase 13, thetak=2.023e-02, Delta=5.000e-04

**************************************
Iteration 885:
thetak = 0.020231445079208925
objk = 3.3939110624918443
trustRadius = 0.0005
sampleRadius = 0.0005
stepNorm = 0.5900590498205096
chi = 0.24979761028311978
Iteration time (s) = 0.7746903896331787
RESTORATION
**************************************

[FRP] solve 817 of phase 13, thetak=2.023e-02, Delta=5.000e-04

**************************************
Iteration 886:
thetak = 0.020231445079208925
objk = 3.3939110624918443
trustRadius = 0.0005
sampleRadius = 0.0005
stepNorm = 0.5900590498205096
chi = 0.24979761028311978
Iteration time (s) = 0.902198076248169
RESTORATION
**************************************

[FRP] solve 818 of phase 13, thetak=2.023e-02, Delta=5.000e-04

**************************************
Iteration 887:
thetak = 0.020231445079208925
objk = 3.3939110624918443
trustRadius = 0.0005
sampleRadius = 0.0005
stepNorm = 0.5900590498205096
chi = 0.24979761028311978
Iteration time (s) = 1.2288131713867188
RESTORATION
**************************************

[FRP] solve 819 of phase 13, thetak=2.023e-02, Delta=5.000e-04

**************************************
Iteration 888:
thetak = 0.020231445079208925
objk = 3.3939110624918443
trustRadius = 0.0005
sampleRadius = 0.0005
stepNorm = 0.5900590498205096
chi = 0.24979761028311978
Iteration time (s) = 1.3997137546539307
RESTORATION
**************************************

[FRP] solve 820 of phase 13, thetak=2.023e-02, Delta=5.000e-04

**************************************
Iteration 889:
thetak = 0.020231445079208925
objk = 3.3939110624918443
trustRadius = 0.0005
sampleRadius = 0.0005
stepNorm = 0.5900590498205096
chi = 0.24979761028311978
Iteration time (s) = 1.7759778499603271
RESTORATION
**************************************

[FRP] solve 821 of phase 13, thetak=2.023e-02, Delta=5.000e-04

**************************************
Iteration 890:
thetak = 0.020231445079208925
objk = 3.3939110624918443
trustRadius = 0.0005
sampleRadius = 0.0005
stepNorm = 0.5900590498205096
chi = 0.24979761028311978
Iteration time (s) = 1.2270245552062988
RESTORATION
**************************************

[FRP] solve 822 of phase 13, thetak=2.023e-02, Delta=5.000e-04

**************************************
Iteration 891:
thetak = 0.020231445079208925
objk = 3.3939110624918443
trustRadius = 0.0005
sampleRadius = 0.0005
stepNorm = 0.5900590498205096
chi = 0.24979761028311978
Iteration time (s) = 0.8895292282104492
RESTORATION
**************************************

[FRP] solve 823 of phase 13, thetak=2.023e-02, Delta=5.000e-04

**************************************
Iteration 892:
thetak = 0.020231445079208925
objk = 3.3939110624918443
trustRadius = 0.0005
sampleRadius = 0.0005
stepNorm = 0.5900590498205096
chi = 0.24979761028311978
Iteration time (s) = 0.7813177108764648
RESTORATION
**************************************

[FRP] solve 824 of phase 13, thetak=2.023e-02, Delta=5.000e-04

**************************************
Iteration 893:
thetak = 0.020231445079208925
objk = 3.3939110624918443
trustRadius = 0.0005
sampleRadius = 0.0005
stepNorm = 0.5900590498205096
chi = 0.24979761028311978
Iteration time (s) = 0.7830052375793457
RESTORATION
**************************************

[FRP] solve 825 of phase 13, thetak=2.023e-02, Delta=5.000e-04

**************************************
Iteration 894:
thetak = 0.020231445079208925
objk = 3.3939110624918443
trustRadius = 0.0005
sampleRadius = 0.0005
stepNorm = 0.5900590498205096
chi = 0.24979761028311978
Iteration time (s) = 0.8325991630554199
RESTORATION
**************************************

[FRP] solve 826 of phase 13, thetak=2.023e-02, Delta=5.000e-04

**************************************
Iteration 895:
thetak = 0.020231445079208925
objk = 3.3939110624918443
trustRadius = 0.0005
sampleRadius = 0.0005
stepNorm = 0.5900590498205096
chi = 0.24979761028311978
Iteration time (s) = 0.9005889892578125
RESTORATION
**************************************

[FRP] solve 827 of phase 13, thetak=2.023e-02, Delta=5.000e-04

**************************************
Iteration 896:
thetak = 0.020231445079208925
objk = 3.3939110624918443
trustRadius = 0.0005
sampleRadius = 0.0005
stepNorm = 0.5900590498205096
chi = 0.24979761028311978
Iteration time (s) = 0.8925869464874268
RESTORATION
**************************************

[FRP] solve 828 of phase 13, thetak=2.023e-02, Delta=5.000e-04

**************************************
Iteration 897:
thetak = 0.020231445079208925
objk = 3.3939110624918443
trustRadius = 0.0005
sampleRadius = 0.0005
stepNorm = 0.5900590498205096
chi = 0.24979761028311978
Iteration time (s) = 0.9017174243927002
RESTORATION
**************************************

[FRP] solve 829 of phase 13, thetak=2.023e-02, Delta=5.000e-04

**************************************
Iteration 898:
thetak = 0.020231445079208925
objk = 3.3939110624918443
trustRadius = 0.0005
sampleRadius = 0.0005
stepNorm = 0.5900590498205096
chi = 0.24979761028311978
Iteration time (s) = 0.8981821537017822
RESTORATION
**************************************

[FRP] solve 830 of phase 13, thetak=2.023e-02, Delta=5.000e-04

**************************************
Iteration 899:
thetak = 0.020231445079208925
objk = 3.3939110624918443
trustRadius = 0.0005
sampleRadius = 0.0005
stepNorm = 0.5900590498205096
chi = 0.24979761028311978
Iteration time (s) = 0.8830423355102539
RESTORATION
**************************************

[FRP] solve 831 of phase 13, thetak=2.023e-02, Delta=5.000e-04

**************************************
Iteration 900:
thetak = 0.020231445079208925
objk = 3.3939110624918443
trustRadius = 0.0005
sampleRadius = 0.0005
stepNorm = 0.5900590498205096
chi = 0.24979761028311978
Iteration time (s) = 0.7898075580596924
RESTORATION
**************************************

[FRP] solve 832 of phase 13, thetak=2.023e-02, Delta=5.000e-04

**************************************
Iteration 901:
thetak = 0.020231445079208925
objk = 3.3939110624918443
trustRadius = 0.0005
sampleRadius = 0.0005
stepNorm = 0.5900590498205096
chi = 0.24979761028311978
Iteration time (s) = 0.958733081817627
RESTORATION
**************************************

[FRP] solve 833 of phase 13, thetak=2.023e-02, Delta=5.000e-04

**************************************
Iteration 902:
thetak = 0.020231445079208925
objk = 3.3939110624918443
trustRadius = 0.0005
sampleRadius = 0.0005
stepNorm = 0.5900590498205096
chi = 0.24979761028311978
Iteration time (s) = 0.7793130874633789
RESTORATION
**************************************

[FRP] solve 834 of phase 13, thetak=2.023e-02, Delta=5.000e-04

**************************************
Iteration 903:
thetak = 0.020231445079208925
objk = 3.3939110624918443
trustRadius = 0.0005
sampleRadius = 0.0005
stepNorm = 0.5900590498205096
chi = 0.24979761028311978
Iteration time (s) = 0.8868274688720703
RESTORATION
**************************************

[FRP] solve 835 of phase 13, thetak=2.023e-02, Delta=5.000e-04

**************************************
Iteration 904:
thetak = 0.020231445079208925
objk = 3.3939110624918443
trustRadius = 0.0005
sampleRadius = 0.0005
stepNorm = 0.5900590498205096
chi = 0.24979761028311978
Iteration time (s) = 0.9030606746673584
RESTORATION
**************************************

[FRP] solve 836 of phase 13, thetak=2.023e-02, Delta=5.000e-04

**************************************
Iteration 905:
thetak = 0.020231445079208925
objk = 3.3939110624918443
trustRadius = 0.0005
sampleRadius = 0.0005
stepNorm = 0.5900590498205096
chi = 0.24979761028311978
Iteration time (s) = 0.7782819271087646
RESTORATION
**************************************

[FRP] solve 837 of phase 13, thetak=2.023e-02, Delta=5.000e-04

**************************************
Iteration 906:
thetak = 0.020231445079208925
objk = 3.3939110624918443
trustRadius = 0.0005
sampleRadius = 0.0005
stepNorm = 0.5900590498205096
chi = 0.24979761028311978
Iteration time (s) = 0.7863848209381104
RESTORATION
**************************************

[FRP] solve 838 of phase 13, thetak=2.023e-02, Delta=5.000e-04

**************************************
Iteration 907:
thetak = 0.020231445079208925
objk = 3.3939110624918443
trustRadius = 0.0005
sampleRadius = 0.0005
stepNorm = 0.5900590498205096
chi = 0.24979761028311978
Iteration time (s) = 0.7915723323822021
RESTORATION
**************************************

[FRP] solve 839 of phase 13, thetak=2.023e-02, Delta=5.000e-04

**************************************
Iteration 908:
thetak = 0.020231445079208925
objk = 3.3939110624918443
trustRadius = 0.0005
sampleRadius = 0.0005
stepNorm = 0.5900590498205096
chi = 0.24979761028311978
Iteration time (s) = 0.9064373970031738
RESTORATION
**************************************

[FRP] solve 840 of phase 13, thetak=2.023e-02, Delta=5.000e-04

**************************************
Iteration 909:
thetak = 0.020231445079208925
objk = 3.3939110624918443
trustRadius = 0.0005
sampleRadius = 0.0005
stepNorm = 0.5900590498205096
chi = 0.24979761028311978
Iteration time (s) = 0.7990725040435791
RESTORATION
**************************************

[FRP] solve 841 of phase 13, thetak=2.023e-02, Delta=5.000e-04

**************************************
Iteration 910:
thetak = 0.020231445079208925
objk = 3.3939110624918443
trustRadius = 0.0005
sampleRadius = 0.0005
stepNorm = 0.5900590498205096
chi = 0.24979761028311978
Iteration time (s) = 0.7824993133544922
RESTORATION
**************************************

[FRP] solve 842 of phase 13, thetak=2.023e-02, Delta=5.000e-04

**************************************
Iteration 911:
thetak = 0.020231445079208925
objk = 3.3939110624918443
trustRadius = 0.0005
sampleRadius = 0.0005
stepNorm = 0.5900590498205096
chi = 0.24979761028311978
Iteration time (s) = 0.7750847339630127
RESTORATION
**************************************

[FRP] solve 843 of phase 13, thetak=2.023e-02, Delta=5.000e-04

**************************************
Iteration 912:
thetak = 0.020231445079208925
objk = 3.3939110624918443
trustRadius = 0.0005
sampleRadius = 0.0005
stepNorm = 0.5900590498205096
chi = 0.24979761028311978
Iteration time (s) = 0.8844616413116455
RESTORATION
**************************************

[FRP] solve 844 of phase 13, thetak=2.023e-02, Delta=5.000e-04

**************************************
Iteration 913:
thetak = 0.020231445079208925
objk = 3.3939110624918443
trustRadius = 0.0005
sampleRadius = 0.0005
stepNorm = 0.5900590498205096
chi = 0.24979761028311978
Iteration time (s) = 0.8837270736694336
RESTORATION
**************************************

[FRP] solve 845 of phase 13, thetak=2.023e-02, Delta=5.000e-04

**************************************
Iteration 914:
thetak = 0.020231445079208925
objk = 3.3939110624918443
trustRadius = 0.0005
sampleRadius = 0.0005
stepNorm = 0.5900590498205096
chi = 0.24979761028311978
Iteration time (s) = 0.9335324764251709
RESTORATION
**************************************

[FRP] solve 846 of phase 13, thetak=2.023e-02, Delta=5.000e-04

**************************************
Iteration 915:
thetak = 0.020231445079208925
objk = 3.3939110624918443
trustRadius = 0.0005
sampleRadius = 0.0005
stepNorm = 0.5900590498205096
chi = 0.24979761028311978
Iteration time (s) = 0.8909132480621338
RESTORATION
**************************************

[FRP] solve 847 of phase 13, thetak=2.023e-02, Delta=5.000e-04

**************************************
Iteration 916:
thetak = 0.020231445079208925
objk = 3.3939110624918443
trustRadius = 0.0005
sampleRadius = 0.0005
stepNorm = 0.5900590498205096
chi = 0.24979761028311978
Iteration time (s) = 0.8947281837463379
RESTORATION
**************************************

[FRP] solve 848 of phase 13, thetak=2.023e-02, Delta=5.000e-04

**************************************
Iteration 917:
thetak = 0.020231445079208925
objk = 3.3939110624918443
trustRadius = 0.0005
sampleRadius = 0.0005
stepNorm = 0.5900590498205096
chi = 0.24979761028311978
Iteration time (s) = 0.7825865745544434
RESTORATION
**************************************

[FRP] solve 849 of phase 13, thetak=2.023e-02, Delta=5.000e-04

**************************************
Iteration 918:
thetak = 0.020231445079208925
objk = 3.3939110624918443
trustRadius = 0.0005
sampleRadius = 0.0005
stepNorm = 0.5900590498205096
chi = 0.24979761028311978
Iteration time (s) = 0.8953180313110352
RESTORATION
**************************************

[FRP] solve 850 of phase 13, thetak=2.023e-02, Delta=5.000e-04

**************************************
Iteration 919:
thetak = 0.020231445079208925
objk = 3.3939110624918443
trustRadius = 0.0005
sampleRadius = 0.0005
stepNorm = 0.5900590498205096
chi = 0.24979761028311978
Iteration time (s) = 0.8802876472473145
RESTORATION
**************************************

[FRP] solve 851 of phase 13, thetak=2.023e-02, Delta=5.000e-04

**************************************
Iteration 920:
thetak = 0.020231445079208925
objk = 3.3939110624918443
trustRadius = 0.0005
sampleRadius = 0.0005
stepNorm = 0.5900590498205096
chi = 0.24979761028311978
Iteration time (s) = 0.9264559745788574
RESTORATION
**************************************

[FRP] solve 852 of phase 13, thetak=2.023e-02, Delta=5.000e-04

**************************************
Iteration 921:
thetak = 0.020231445079208925
objk = 3.3939110624918443
trustRadius = 0.0005
sampleRadius = 0.0005
stepNorm = 0.5900590498205096
chi = 0.24979761028311978
Iteration time (s) = 0.9700114727020264
RESTORATION
**************************************

[FRP] solve 853 of phase 13, thetak=2.023e-02, Delta=5.000e-04

**************************************
Iteration 922:
thetak = 0.020231445079208925
objk = 3.3939110624918443
trustRadius = 0.0005
sampleRadius = 0.0005
stepNorm = 0.5900590498205096
chi = 0.24979761028311978
Iteration time (s) = 0.918405294418335
RESTORATION
**************************************

[FRP] solve 854 of phase 13, thetak=2.023e-02, Delta=5.000e-04

**************************************
Iteration 923:
thetak = 0.020231445079208925
objk = 3.3939110624918443
trustRadius = 0.0005
sampleRadius = 0.0005
stepNorm = 0.5900590498205096
chi = 0.24979761028311978
Iteration time (s) = 0.8991470336914062
RESTORATION
**************************************

[FRP] solve 855 of phase 13, thetak=2.023e-02, Delta=5.000e-04

**************************************
Iteration 924:
thetak = 0.020231445079208925
objk = 3.3939110624918443
trustRadius = 0.0005
sampleRadius = 0.0005
stepNorm = 0.5900590498205096
chi = 0.24979761028311978
Iteration time (s) = 0.7897481918334961
RESTORATION
**************************************

[FRP] solve 856 of phase 13, thetak=2.023e-02, Delta=5.000e-04

**************************************
Iteration 925:
thetak = 0.020231445079208925
objk = 3.3939110624918443
trustRadius = 0.0005
sampleRadius = 0.0005
stepNorm = 0.5900590498205096
chi = 0.24979761028311978
Iteration time (s) = 0.8983092308044434
RESTORATION
**************************************

[FRP] solve 857 of phase 13, thetak=2.023e-02, Delta=5.000e-04

**************************************
Iteration 926:
thetak = 0.020231445079208925
objk = 3.3939110624918443
trustRadius = 0.0005
sampleRadius = 0.0005
stepNorm = 0.5900590498205096
chi = 0.24979761028311978
Iteration time (s) = 0.8958344459533691
RESTORATION
**************************************

[FRP] solve 858 of phase 13, thetak=2.023e-02, Delta=5.000e-04

**************************************
Iteration 927:
thetak = 0.020231445079208925
objk = 3.3939110624918443
trustRadius = 0.0005
sampleRadius = 0.0005
stepNorm = 0.5900590498205096
chi = 0.24979761028311978
Iteration time (s) = 1.0155713558197021
RESTORATION
**************************************

[FRP] solve 859 of phase 13, thetak=2.023e-02, Delta=5.000e-04

**************************************
Iteration 928:
thetak = 0.020231445079208925
objk = 3.3939110624918443
trustRadius = 0.0005
sampleRadius = 0.0005
stepNorm = 0.5900590498205096
chi = 0.24979761028311978
Iteration time (s) = 0.8941104412078857
RESTORATION
**************************************

[FRP] solve 860 of phase 13, thetak=2.023e-02, Delta=5.000e-04

**************************************
Iteration 929:
thetak = 0.020231445079208925
objk = 3.3939110624918443
trustRadius = 0.0005
sampleRadius = 0.0005
stepNorm = 0.5900590498205096
chi = 0.24979761028311978
Iteration time (s) = 0.8951113224029541
RESTORATION
**************************************

[FRP] solve 861 of phase 13, thetak=2.023e-02, Delta=5.000e-04

**************************************
Iteration 930:
thetak = 0.020231445079208925
objk = 3.3939110624918443
trustRadius = 0.0005
sampleRadius = 0.0005
stepNorm = 0.5900590498205096
chi = 0.24979761028311978
Iteration time (s) = 0.8969945907592773
RESTORATION
**************************************

[FRP] solve 862 of phase 13, thetak=2.023e-02, Delta=5.000e-04

**************************************
Iteration 931:
thetak = 0.020231445079208925
objk = 3.3939110624918443
trustRadius = 0.0005
sampleRadius = 0.0005
stepNorm = 0.5900590498205096
chi = 0.24979761028311978
Iteration time (s) = 0.887742280960083
RESTORATION
**************************************

[FRP] solve 863 of phase 13, thetak=2.023e-02, Delta=5.000e-04

**************************************
Iteration 932:
thetak = 0.020231445079208925
objk = 3.3939110624918443
trustRadius = 0.0005
sampleRadius = 0.0005
stepNorm = 0.5900590498205096
chi = 0.24979761028311978
Iteration time (s) = 0.9017856121063232
RESTORATION
**************************************

[FRP] solve 864 of phase 13, thetak=2.023e-02, Delta=5.000e-04

**************************************
Iteration 933:
thetak = 0.020231445079208925
objk = 3.3939110624918443
trustRadius = 0.0005
sampleRadius = 0.0005
stepNorm = 0.5900590498205096
chi = 0.24979761028311978
Iteration time (s) = 0.9684114456176758
RESTORATION
**************************************

[FRP] solve 865 of phase 13, thetak=2.023e-02, Delta=5.000e-04

**************************************
Iteration 934:
thetak = 0.020231445079208925
objk = 3.3939110624918443
trustRadius = 0.0005
sampleRadius = 0.0005
stepNorm = 0.5900590498205096
chi = 0.24979761028311978
Iteration time (s) = 0.9130330085754395
RESTORATION
**************************************

[FRP] solve 866 of phase 13, thetak=2.023e-02, Delta=5.000e-04

**************************************
Iteration 935:
thetak = 0.020231445079208925
objk = 3.3939110624918443
trustRadius = 0.0005
sampleRadius = 0.0005
stepNorm = 0.5900590498205096
chi = 0.24979761028311978
Iteration time (s) = 0.9041323661804199
RESTORATION
**************************************

[FRP] solve 867 of phase 13, thetak=2.023e-02, Delta=5.000e-04

**************************************
Iteration 936:
thetak = 0.020231445079208925
objk = 3.3939110624918443
trustRadius = 0.0005
sampleRadius = 0.0005
stepNorm = 0.5900590498205096
chi = 0.24979761028311978
Iteration time (s) = 0.7874166965484619
RESTORATION
**************************************

[FRP] solve 868 of phase 13, thetak=2.023e-02, Delta=5.000e-04

**************************************
Iteration 937:
thetak = 0.020231445079208925
objk = 3.3939110624918443
trustRadius = 0.0005
sampleRadius = 0.0005
stepNorm = 0.5900590498205096
chi = 0.24979761028311978
Iteration time (s) = 0.8967874050140381
RESTORATION
**************************************

[FRP] solve 869 of phase 13, thetak=2.023e-02, Delta=5.000e-04

**************************************
Iteration 938:
thetak = 0.020231445079208925
objk = 3.3939110624918443
trustRadius = 0.0005
sampleRadius = 0.0005
stepNorm = 0.5900590498205096
chi = 0.24979761028311978
Iteration time (s) = 0.7949249744415283
RESTORATION
**************************************

[FRP] solve 870 of phase 13, thetak=2.023e-02, Delta=5.000e-04

**************************************
Iteration 939:
thetak = 0.020231445079208925
objk = 3.3939110624918443
trustRadius = 0.0005
sampleRadius = 0.0005
stepNorm = 0.5900590498205096
chi = 0.24979761028311978
Iteration time (s) = 0.9109768867492676
RESTORATION
**************************************

[FRP] solve 871 of phase 13, thetak=2.023e-02, Delta=5.000e-04

**************************************
Iteration 940:
thetak = 0.020231445079208925
objk = 3.3939110624918443
trustRadius = 0.0005
sampleRadius = 0.0005
stepNorm = 0.5900590498205096
chi = 0.24979761028311978
Iteration time (s) = 0.9280171394348145
RESTORATION
**************************************

[FRP] solve 872 of phase 13, thetak=2.023e-02, Delta=5.000e-04

**************************************
Iteration 941:
thetak = 0.020231445079208925
objk = 3.3939110624918443
trustRadius = 0.0005
sampleRadius = 0.0005
stepNorm = 0.5900590498205096
chi = 0.24979761028311978
Iteration time (s) = 0.8987038135528564
RESTORATION
**************************************

[FRP] solve 873 of phase 13, thetak=2.023e-02, Delta=5.000e-04

**************************************
Iteration 942:
thetak = 0.020231445079208925
objk = 3.3939110624918443
trustRadius = 0.0005
sampleRadius = 0.0005
stepNorm = 0.5900590498205096
chi = 0.24979761028311978
Iteration time (s) = 0.7691690921783447
RESTORATION
**************************************

[FRP] solve 874 of phase 13, thetak=2.023e-02, Delta=5.000e-04

**************************************
Iteration 943:
thetak = 0.020231445079208925
objk = 3.3939110624918443
trustRadius = 0.0005
sampleRadius = 0.0005
stepNorm = 0.5900590498205096
chi = 0.24979761028311978
Iteration time (s) = 0.8885972499847412
RESTORATION
**************************************

[FRP] solve 875 of phase 13, thetak=2.023e-02, Delta=5.000e-04

**************************************
Iteration 944:
thetak = 0.020231445079208925
objk = 3.3939110624918443
trustRadius = 0.0005
sampleRadius = 0.0005
stepNorm = 0.5900590498205096
chi = 0.24979761028311978
Iteration time (s) = 0.8993701934814453
RESTORATION
**************************************

[FRP] solve 876 of phase 13, thetak=2.023e-02, Delta=5.000e-04

**************************************
Iteration 945:
thetak = 0.020231445079208925
objk = 3.3939110624918443
trustRadius = 0.0005
sampleRadius = 0.0005
stepNorm = 0.5900590498205096
chi = 0.24979761028311978
Iteration time (s) = 0.7948133945465088
RESTORATION
**************************************

[FRP] solve 877 of phase 13, thetak=2.023e-02, Delta=5.000e-04

**************************************
Iteration 946:
thetak = 0.020231445079208925
objk = 3.3939110624918443
trustRadius = 0.0005
sampleRadius = 0.0005
stepNorm = 0.5900590498205096
chi = 0.24979761028311978
Iteration time (s) = 0.9073541164398193
RESTORATION
**************************************

[FRP] solve 878 of phase 13, thetak=2.023e-02, Delta=5.000e-04

**************************************
Iteration 947:
thetak = 0.020231445079208925
objk = 3.3939110624918443
trustRadius = 0.0005
sampleRadius = 0.0005
stepNorm = 0.5900590498205096
chi = 0.24979761028311978
Iteration time (s) = 0.7806649208068848
RESTORATION
**************************************

[FRP] solve 879 of phase 13, thetak=2.023e-02, Delta=5.000e-04

**************************************
Iteration 948:
thetak = 0.020231445079208925
objk = 3.3939110624918443
trustRadius = 0.0005
sampleRadius = 0.0005
stepNorm = 0.5900590498205096
chi = 0.24979761028311978
Iteration time (s) = 0.7718276977539062
RESTORATION
**************************************

[FRP] solve 880 of phase 13, thetak=2.023e-02, Delta=5.000e-04

**************************************
Iteration 949:
thetak = 0.020231445079208925
objk = 3.3939110624918443
trustRadius = 0.0005
sampleRadius = 0.0005
stepNorm = 0.5900590498205096
chi = 0.24979761028311978
Iteration time (s) = 0.804990291595459
RESTORATION
**************************************

[FRP] solve 881 of phase 13, thetak=2.023e-02, Delta=5.000e-04

**************************************
Iteration 950:
thetak = 0.020231445079208925
objk = 3.3939110624918443
trustRadius = 0.0005
sampleRadius = 0.0005
stepNorm = 0.5900590498205096
chi = 0.24979761028311978
Iteration time (s) = 0.7811167240142822
RESTORATION
**************************************

[FRP] solve 882 of phase 13, thetak=2.023e-02, Delta=5.000e-04

**************************************
Iteration 951:
thetak = 0.020231445079208925
objk = 3.3939110624918443
trustRadius = 0.0005
sampleRadius = 0.0005
stepNorm = 0.5900590498205096
chi = 0.24979761028311978
Iteration time (s) = 0.7676560878753662
RESTORATION
**************************************

[FRP] solve 883 of phase 13, thetak=2.023e-02, Delta=5.000e-04

**************************************
Iteration 952:
thetak = 0.020231445079208925
objk = 3.3939110624918443
trustRadius = 0.0005
sampleRadius = 0.0005
stepNorm = 0.5900590498205096
chi = 0.24979761028311978
Iteration time (s) = 0.7983107566833496
RESTORATION
**************************************

[FRP] solve 884 of phase 13, thetak=2.023e-02, Delta=5.000e-04

**************************************
Iteration 953:
thetak = 0.020231445079208925
objk = 3.3939110624918443
trustRadius = 0.0005
sampleRadius = 0.0005
stepNorm = 0.5900590498205096
chi = 0.24979761028311978
Iteration time (s) = 0.914053201675415
RESTORATION
**************************************

[FRP] solve 885 of phase 13, thetak=2.023e-02, Delta=5.000e-04

**************************************
Iteration 954:
thetak = 0.020231445079208925
objk = 3.3939110624918443
trustRadius = 0.0005
sampleRadius = 0.0005
stepNorm = 0.5900590498205096
chi = 0.24979761028311978
Iteration time (s) = 0.9038844108581543
RESTORATION
**************************************

[FRP] solve 886 of phase 13, thetak=2.023e-02, Delta=5.000e-04

**************************************
Iteration 955:
thetak = 0.020231445079208925
objk = 3.3939110624918443
trustRadius = 0.0005
sampleRadius = 0.0005
stepNorm = 0.5900590498205096
chi = 0.24979761028311978
Iteration time (s) = 0.7898571491241455
RESTORATION
**************************************

[FRP] solve 887 of phase 13, thetak=2.023e-02, Delta=5.000e-04

**************************************
Iteration 956:
thetak = 0.020231445079208925
objk = 3.3939110624918443
trustRadius = 0.0005
sampleRadius = 0.0005
stepNorm = 0.5900590498205096
chi = 0.24979761028311978
Iteration time (s) = 0.7814357280731201
RESTORATION
**************************************

[FRP] solve 888 of phase 13, thetak=2.023e-02, Delta=5.000e-04

**************************************
Iteration 957:
thetak = 0.020231445079208925
objk = 3.3939110624918443
trustRadius = 0.0005
sampleRadius = 0.0005
stepNorm = 0.5900590498205096
chi = 0.24979761028311978
Iteration time (s) = 0.794896125793457
RESTORATION
**************************************

[FRP] solve 889 of phase 13, thetak=2.023e-02, Delta=5.000e-04

**************************************
Iteration 958:
thetak = 0.020231445079208925
objk = 3.3939110624918443
trustRadius = 0.0005
sampleRadius = 0.0005
stepNorm = 0.5900590498205096
chi = 0.24979761028311978
Iteration time (s) = 0.880648136138916
RESTORATION
**************************************

[FRP] solve 890 of phase 13, thetak=2.023e-02, Delta=5.000e-04

**************************************
Iteration 959:
thetak = 0.020231445079208925
objk = 3.3939110624918443
trustRadius = 0.0005
sampleRadius = 0.0005
stepNorm = 0.5900590498205096
chi = 0.24979761028311978
Iteration time (s) = 0.9043099880218506
RESTORATION
**************************************

[FRP] solve 891 of phase 13, thetak=2.023e-02, Delta=5.000e-04

**************************************
Iteration 960:
thetak = 0.020231445079208925
objk = 3.3939110624918443
trustRadius = 0.0005
sampleRadius = 0.0005
stepNorm = 0.5900590498205096
chi = 0.24979761028311978
Iteration time (s) = 0.793936014175415
RESTORATION
**************************************

[FRP] solve 892 of phase 13, thetak=2.023e-02, Delta=5.000e-04

**************************************
Iteration 961:
thetak = 0.020231445079208925
objk = 3.3939110624918443
trustRadius = 0.0005
sampleRadius = 0.0005
stepNorm = 0.5900590498205096
chi = 0.24979761028311978
Iteration time (s) = 0.908715009689331
RESTORATION
**************************************

[FRP] solve 893 of phase 13, thetak=2.023e-02, Delta=5.000e-04

**************************************
Iteration 962:
thetak = 0.020231445079208925
objk = 3.3939110624918443
trustRadius = 0.0005
sampleRadius = 0.0005
stepNorm = 0.5900590498205096
chi = 0.24979761028311978
Iteration time (s) = 0.8887345790863037
RESTORATION
**************************************

[FRP] solve 894 of phase 13, thetak=2.023e-02, Delta=5.000e-04

**************************************
Iteration 963:
thetak = 0.020231445079208925
objk = 3.3939110624918443
trustRadius = 0.0005
sampleRadius = 0.0005
stepNorm = 0.5900590498205096
chi = 0.24979761028311978
Iteration time (s) = 0.7881922721862793
RESTORATION
**************************************

[FRP] solve 895 of phase 13, thetak=2.023e-02, Delta=5.000e-04

**************************************
Iteration 964:
thetak = 0.020231445079208925
objk = 3.3939110624918443
trustRadius = 0.0005
sampleRadius = 0.0005
stepNorm = 0.5900590498205096
chi = 0.24979761028311978
Iteration time (s) = 0.7809844017028809
RESTORATION
**************************************

[FRP] solve 896 of phase 13, thetak=2.023e-02, Delta=5.000e-04

**************************************
Iteration 965:
thetak = 0.020231445079208925
objk = 3.3939110624918443
trustRadius = 0.0005
sampleRadius = 0.0005
stepNorm = 0.5900590498205096
chi = 0.24979761028311978
Iteration time (s) = 0.7970762252807617
RESTORATION
**************************************

[FRP] solve 897 of phase 13, thetak=2.023e-02, Delta=5.000e-04

**************************************
Iteration 966:
thetak = 0.020231445079208925
objk = 3.3939110624918443
trustRadius = 0.0005
sampleRadius = 0.0005
stepNorm = 0.5900590498205096
chi = 0.24979761028311978
Iteration time (s) = 0.9485452175140381
RESTORATION
**************************************

[FRP] solve 898 of phase 13, thetak=2.023e-02, Delta=5.000e-04

**************************************
Iteration 967:
thetak = 0.020231445079208925
objk = 3.3939110624918443
trustRadius = 0.0005
sampleRadius = 0.0005
stepNorm = 0.5900590498205096
chi = 0.24979761028311978
Iteration time (s) = 0.8907003402709961
RESTORATION
**************************************

[FRP] solve 899 of phase 13, thetak=2.023e-02, Delta=5.000e-04

**************************************
Iteration 968:
thetak = 0.020231445079208925
objk = 3.3939110624918443
trustRadius = 0.0005
sampleRadius = 0.0005
stepNorm = 0.5900590498205096
chi = 0.24979761028311978
Iteration time (s) = 0.790048360824585
RESTORATION
**************************************

[FRP] solve 900 of phase 13, thetak=2.023e-02, Delta=5.000e-04

**************************************
Iteration 969:
thetak = 0.020231445079208925
objk = 3.3939110624918443
trustRadius = 0.0005
sampleRadius = 0.0005
stepNorm = 0.5900590498205096
chi = 0.24979761028311978
Iteration time (s) = 0.7744371891021729
RESTORATION
**************************************

[FRP] solve 901 of phase 13, thetak=2.023e-02, Delta=5.000e-04

**************************************
Iteration 970:
thetak = 0.020231445079208925
objk = 3.3939110624918443
trustRadius = 0.0005
sampleRadius = 0.0005
stepNorm = 0.5900590498205096
chi = 0.24979761028311978
Iteration time (s) = 0.7945749759674072
RESTORATION
**************************************

[FRP] solve 902 of phase 13, thetak=2.023e-02, Delta=5.000e-04

**************************************
Iteration 971:
thetak = 0.020231445079208925
objk = 3.3939110624918443
trustRadius = 0.0005
sampleRadius = 0.0005
stepNorm = 0.5900590498205096
chi = 0.24979761028311978
Iteration time (s) = 0.7955267429351807
RESTORATION
**************************************

[FRP] solve 903 of phase 13, thetak=2.023e-02, Delta=5.000e-04

**************************************
Iteration 972:
thetak = 0.020231445079208925
objk = 3.3939110624918443
trustRadius = 0.0005
sampleRadius = 0.0005
stepNorm = 0.5900590498205096
chi = 0.24979761028311978
Iteration time (s) = 0.7929954528808594
RESTORATION
**************************************

[FRP] solve 904 of phase 13, thetak=2.023e-02, Delta=5.000e-04

**************************************
Iteration 973:
thetak = 0.020231445079208925
objk = 3.3939110624918443
trustRadius = 0.0005
sampleRadius = 0.0005
stepNorm = 0.5900590498205096
chi = 0.24979761028311978
Iteration time (s) = 0.8853578567504883
RESTORATION
**************************************

[FRP] solve 905 of phase 13, thetak=2.023e-02, Delta=5.000e-04

**************************************
Iteration 974:
thetak = 0.020231445079208925
objk = 3.3939110624918443
trustRadius = 0.0005
sampleRadius = 0.0005
stepNorm = 0.5900590498205096
chi = 0.24979761028311978
Iteration time (s) = 0.8086991310119629
RESTORATION
**************************************

[FRP] solve 906 of phase 13, thetak=2.023e-02, Delta=5.000e-04

**************************************
Iteration 975:
thetak = 0.020231445079208925
objk = 3.3939110624918443
trustRadius = 0.0005
sampleRadius = 0.0005
stepNorm = 0.5900590498205096
chi = 0.24979761028311978
Iteration time (s) = 0.775475025177002
RESTORATION
**************************************

[FRP] solve 907 of phase 13, thetak=2.023e-02, Delta=5.000e-04

**************************************
Iteration 976:
thetak = 0.020231445079208925
objk = 3.3939110624918443
trustRadius = 0.0005
sampleRadius = 0.0005
stepNorm = 0.5900590498205096
chi = 0.24979761028311978
Iteration time (s) = 0.898237943649292
RESTORATION
**************************************

[FRP] solve 908 of phase 13, thetak=2.023e-02, Delta=5.000e-04

**************************************
Iteration 977:
thetak = 0.020231445079208925
objk = 3.3939110624918443
trustRadius = 0.0005
sampleRadius = 0.0005
stepNorm = 0.5900590498205096
chi = 0.24979761028311978
Iteration time (s) = 0.7960495948791504
RESTORATION
**************************************

[FRP] solve 909 of phase 13, thetak=2.023e-02, Delta=5.000e-04

**************************************
Iteration 978:
thetak = 0.020231445079208925
objk = 3.3939110624918443
trustRadius = 0.0005
sampleRadius = 0.0005
stepNorm = 0.5900590498205096
chi = 0.24979761028311978
Iteration time (s) = 0.7836084365844727
RESTORATION
**************************************

[FRP] solve 910 of phase 13, thetak=2.023e-02, Delta=5.000e-04

**************************************
Iteration 979:
thetak = 0.020231445079208925
objk = 3.3939110624918443
trustRadius = 0.0005
sampleRadius = 0.0005
stepNorm = 0.5900590498205096
chi = 0.24979761028311978
Iteration time (s) = 0.9008936882019043
RESTORATION
**************************************

[FRP] solve 911 of phase 13, thetak=2.023e-02, Delta=5.000e-04

**************************************
Iteration 980:
thetak = 0.020231445079208925
objk = 3.3939110624918443
trustRadius = 0.0005
sampleRadius = 0.0005
stepNorm = 0.5900590498205096
chi = 0.24979761028311978
Iteration time (s) = 0.8908636569976807
RESTORATION
**************************************

[FRP] solve 912 of phase 13, thetak=2.023e-02, Delta=5.000e-04

**************************************
Iteration 981:
thetak = 0.020231445079208925
objk = 3.3939110624918443
trustRadius = 0.0005
sampleRadius = 0.0005
stepNorm = 0.5900590498205096
chi = 0.24979761028311978
Iteration time (s) = 0.9004697799682617
RESTORATION
**************************************

[FRP] solve 913 of phase 13, thetak=2.023e-02, Delta=5.000e-04

**************************************
Iteration 982:
thetak = 0.020231445079208925
objk = 3.3939110624918443
trustRadius = 0.0005
sampleRadius = 0.0005
stepNorm = 0.5900590498205096
chi = 0.24979761028311978
Iteration time (s) = 0.7918605804443359
RESTORATION
**************************************

[FRP] solve 914 of phase 13, thetak=2.023e-02, Delta=5.000e-04

**************************************
Iteration 983:
thetak = 0.020231445079208925
objk = 3.3939110624918443
trustRadius = 0.0005
sampleRadius = 0.0005
stepNorm = 0.5900590498205096
chi = 0.24979761028311978
Iteration time (s) = 0.8943278789520264
RESTORATION
**************************************

[FRP] solve 915 of phase 13, thetak=2.023e-02, Delta=5.000e-04

**************************************
Iteration 984:
thetak = 0.020231445079208925
objk = 3.3939110624918443
trustRadius = 0.0005
sampleRadius = 0.0005
stepNorm = 0.5900590498205096
chi = 0.24979761028311978
Iteration time (s) = 0.7880122661590576
RESTORATION
**************************************

[FRP] solve 916 of phase 13, thetak=2.023e-02, Delta=5.000e-04

**************************************
Iteration 985:
thetak = 0.020231445079208925
objk = 3.3939110624918443
trustRadius = 0.0005
sampleRadius = 0.0005
stepNorm = 0.5900590498205096
chi = 0.24979761028311978
Iteration time (s) = 0.7775144577026367
RESTORATION
**************************************

[FRP] solve 917 of phase 13, thetak=2.023e-02, Delta=5.000e-04

**************************************
Iteration 986:
thetak = 0.020231445079208925
objk = 3.3939110624918443
trustRadius = 0.0005
sampleRadius = 0.0005
stepNorm = 0.5900590498205096
chi = 0.24979761028311978
Iteration time (s) = 0.9121072292327881
RESTORATION
**************************************

[FRP] solve 918 of phase 13, thetak=2.023e-02, Delta=5.000e-04

**************************************
Iteration 987:
thetak = 0.020231445079208925
objk = 3.3939110624918443
trustRadius = 0.0005
sampleRadius = 0.0005
stepNorm = 0.5900590498205096
chi = 0.24979761028311978
Iteration time (s) = 0.8076159954071045
RESTORATION
**************************************

[FRP] solve 919 of phase 13, thetak=2.023e-02, Delta=5.000e-04

**************************************
Iteration 988:
thetak = 0.020231445079208925
objk = 3.3939110624918443
trustRadius = 0.0005
sampleRadius = 0.0005
stepNorm = 0.5900590498205096
chi = 0.24979761028311978
Iteration time (s) = 0.8979029655456543
RESTORATION
**************************************

[FRP] solve 920 of phase 13, thetak=2.023e-02, Delta=5.000e-04

**************************************
Iteration 989:
thetak = 0.020231445079208925
objk = 3.3939110624918443
trustRadius = 0.0005
sampleRadius = 0.0005
stepNorm = 0.5900590498205096
chi = 0.24979761028311978
Iteration time (s) = 0.7950341701507568
RESTORATION
**************************************

[FRP] solve 921 of phase 13, thetak=2.023e-02, Delta=5.000e-04

**************************************
Iteration 990:
thetak = 0.020231445079208925
objk = 3.3939110624918443
trustRadius = 0.0005
sampleRadius = 0.0005
stepNorm = 0.5900590498205096
chi = 0.24979761028311978
Iteration time (s) = 0.8100574016571045
RESTORATION
**************************************

[FRP] solve 922 of phase 13, thetak=2.023e-02, Delta=5.000e-04

**************************************
Iteration 991:
thetak = 0.020231445079208925
objk = 3.3939110624918443
trustRadius = 0.0005
sampleRadius = 0.0005
stepNorm = 0.5900590498205096
chi = 0.24979761028311978
Iteration time (s) = 0.8877897262573242
RESTORATION
**************************************

[FRP] solve 923 of phase 13, thetak=2.023e-02, Delta=5.000e-04

**************************************
Iteration 992:
thetak = 0.020231445079208925
objk = 3.3939110624918443
trustRadius = 0.0005
sampleRadius = 0.0005
stepNorm = 0.5900590498205096
chi = 0.24979761028311978
Iteration time (s) = 0.8881947994232178
RESTORATION
**************************************

[FRP] solve 924 of phase 13, thetak=2.023e-02, Delta=5.000e-04

**************************************
Iteration 993:
thetak = 0.020231445079208925
objk = 3.3939110624918443
trustRadius = 0.0005
sampleRadius = 0.0005
stepNorm = 0.5900590498205096
chi = 0.24979761028311978
Iteration time (s) = 0.888643741607666
RESTORATION
**************************************

[FRP] solve 925 of phase 13, thetak=2.023e-02, Delta=5.000e-04

**************************************
Iteration 994:
thetak = 0.020231445079208925
objk = 3.3939110624918443
trustRadius = 0.0005
sampleRadius = 0.0005
stepNorm = 0.5900590498205096
chi = 0.24979761028311978
Iteration time (s) = 0.8920688629150391
RESTORATION
**************************************

[FRP] solve 926 of phase 13, thetak=2.023e-02, Delta=5.000e-04

**************************************
Iteration 995:
thetak = 0.020231445079208925
objk = 3.3939110624918443
trustRadius = 0.0005
sampleRadius = 0.0005
stepNorm = 0.5900590498205096
chi = 0.24979761028311978
Iteration time (s) = 0.9001798629760742
RESTORATION
**************************************

[FRP] solve 927 of phase 13, thetak=2.023e-02, Delta=5.000e-04

**************************************
Iteration 996:
thetak = 0.020231445079208925
objk = 3.3939110624918443
trustRadius = 0.0005
sampleRadius = 0.0005
stepNorm = 0.5900590498205096
chi = 0.24979761028311978
Iteration time (s) = 0.8869171142578125
RESTORATION
**************************************

[FRP] solve 928 of phase 13, thetak=2.023e-02, Delta=5.000e-04

**************************************
Iteration 997:
thetak = 0.020231445079208925
objk = 3.3939110624918443
trustRadius = 0.0005
sampleRadius = 0.0005
stepNorm = 0.5900590498205096
chi = 0.24979761028311978
Iteration time (s) = 0.7901561260223389
RESTORATION
**************************************

[FRP] solve 929 of phase 13, thetak=2.023e-02, Delta=5.000e-04

**************************************
Iteration 998:
thetak = 0.020231445079208925
objk = 3.3939110624918443
trustRadius = 0.0005
sampleRadius = 0.0005
stepNorm = 0.5900590498205096
chi = 0.24979761028311978
Iteration time (s) = 0.9087095260620117
RESTORATION
**************************************

[FRP] solve 930 of phase 13, thetak=2.023e-02, Delta=5.000e-04

**************************************
Iteration 999:
thetak = 0.020231445079208925
objk = 3.3939110624918443
trustRadius = 0.0005
sampleRadius = 0.0005
stepNorm = 0.5900590498205096
chi = 0.24979761028311978
Iteration time (s) = 0.8956499099731445
RESTORATION
**************************************

[FRP] solve 931 of phase 13, thetak=2.023e-02, Delta=5.000e-04

**************************************
Iteration 1000:
thetak = 0.020231445079208925
objk = 3.3939110624918443
trustRadius = 0.0005
sampleRadius = 0.0005
stepNorm = 0.5900590498205096
chi = 0.24979761028311978
Iteration time (s) = 0.9066026210784912
RESTORATION
**************************************

EXIT: Maximum iterations

0	230.9871475034392	3.82871665748975	100000000.0		0.7298500537872314	1.0	0.1	97.88650821881674	135.05255892877764
1	35.18730066782294	0.5054281802329513	0.09719982770883345		0.26125001907348633	1.0	0.07500000000000001	373.8851320918123	232.9390671475944
2	21.676125724796908	0.29290696614110784	0.1330066586595027		0.9200818538665771	1.0	0.037500000000000006	629.9992839074616	140.94606494421794
3	27.796529008807497	1.6463476477265448	0.1380940705553135		0.8773200511932373	0.5	0.018750000000000003	314.99998457530137	489.0532189632437
4	27.796529008807497	1.6463476477265448	0.15219891648124698		0.91143798828125	0.25	0.018750000000000003	157.49997458289965	489.0532189632437
5	10.359806594180496	3.1894917341463014	0.14543320563517198		0.8999450206756592	0.625	0.028125000000000004	393.749840942153	331.55324438034404
6	10.359806594180496	3.1894917341463014	0.17765521498806075		0.8776688575744629	0.3125	0.014062500000000002	196.8749815950198	331.55324438034404
7	26.30239328359222	1.9165683162502078	0.18876391723047287		0.9538493156433105	0.78125	0.007031250000000001	216.18573732071627	134.67826278532422
8	26.30239328359222	1.9165683162502078	0.20282097533518997		0.8915224075317383	0.390625	0.007031250000000001	246.09369043254605	134.67826278532422
9	26.30239328359222	1.9165683162502078	0.30388127147014315		0.9559578895568848	0.1953125	0.0035156250000000005	100.09120294109997	134.67826278532422
10	4.18114764188574	11.351855325907962	0.6776680745768314		1.0610451698303223	0.48828125	0.0052734375	277.8175174618475	187.06127074190087
11	4.18114764188574	11.351855325907962	0.7107314978981905		0.8972043991088867	0.244140625	0.00263671875	153.8085597401149	187.06127074190087
12	4.18114764188574	11.351855325907962	0.5955894395230676		0.9994127750396729	0.1220703125	0.001318359375	37.54476092237576	187.06127074190087
13	8.28032412409304	12.17716909221982	0.6583714584720088		0.900855302810669	0.06103515625	0.001318359375	58.97665830574172	224.6060316642766
14	8.28032412409304	12.17716909221982	0.7942298341163193		0.9427728652954102	0.030517578125	0.0006591796875	64.98429046997425	224.6060316642766
15	8.416882066806636	5.288850627477655	0.26062476693863046		0.9525918960571289	0.0762939453125	0.0005	48.06517275249166	205.37998581131004
16	10.316639690072584	2.370264516669436	0.15548515550559316		1.0325121879577637	0.19073486328125	0.0005	120.16293119442145	253.44515856380164
17	8.395176801897437	1.776812683482722	0.22172413929109877		1.0327224731445312	0.19073486328125	0.0005	120.16292071188667	133.28222736938022
18	5.968997137791619	0.9479000894534054	0.06044958070235748		1.0816962718963623	0.476837158203125	0.0005	300.4073141524962	26.222634435879257
19	5.968997137791619	0.9479000894534054	0.0987311688961694		0.8865170478820801	0.2384185791015625	0.0005	150.2036478842436	26.222634435879257
20	5.732887035164534	1.6190635300173033	0.20773020051083665		0.9265317916870117	0.11920928955078125	0.0005	75.10181062555347	163.32295454173718
21	5.979527798724032	1.87357570861941	0.17106369798241197		0.9378530979156494	0.059604644775390625	0.0005	37.550917900878005	88.2211439161837
22	5.260017449163087	1.8347051519885627	0.12361504233782633		0.9454398155212402	0.059604644775390625	0.0005	37.55080128258726	125.77206181706171
23	2.6889882564775967	2.9937934962964166	0.21200164213296524		1.0203230381011963	0.14901161193847656	0.0005	93.87729508701977	88.22126053447445
24	2.6889882564775967	2.9937934962964166	0.24714135725330072		1.9318058490753174	0.07450580596923828	0.0005	46.93864781098159	88.22126053447445
25	2.6889882564775967	2.9937934962964166	0.24714135725330072		1.1224334239959717	0.03725290298461914	0.0005	39.442917717145434	88.22126053447445
26	0.8079050856903776	6.710099608885775	0.3193566999915119		0.9683165550231934	0.09313225746154785	0.00075	70.94156988527192	96.66872791715898
27	0.8079050856903776	6.710099608885775	0.29256996804275864		1.000277042388916	0.046566128730773926	0.0005	60.41734245992086	96.66872791715898
28	0.8079050856903776	6.710099608885775	0.29256996804275864		0.9939720630645752	0.023283064365386963	0.0005	9.615970066427394	96.66872791715898
29	0.25933965257476316	8.561402096670484	0.32345202128679135		0.7875480651855469	0.05820766091346741	0.00075	51.49714915473136	98.81417681526196
30	1.5219676086249134	2.7892852443076386	0.17174234130754573		0.9291031360626221	0.029103830456733704	0.0005	18.33537844851594	62.14341881964086
31	0.24335159775093085	2.806843576883599	0.18280722404738886		1.0561983585357666	0.07275957614183426	0.0005	45.83847657748947	43.80804037112492
32	0.24335159775093085	2.806843576883599	0.18280701396993834		0.9287633895874023	0.03637978807091713	0.0005	22.919199114906178	43.80804037112492
33	0.24335159775093085	2.806843576883599	0.18280701396993834		0.9201979637145996	0.018189894035458565	0.0005	22.900420132041404	43.80804037112492
34	0.17797779574146777	5.027715690911709	0.3664142729351371		1.0649714469909668	0.04547473508864641	0.0005	28.649073322054505	45.78775353198316
35	0.17797779574146777	5.027715690911709	0.3664142731434656		0.874281644821167	0.022737367544323206	0.0005	24.714783428451852	45.78775353198316
36	0.17797779574146777	5.027715690911709	0.3664142731434656		1.0156655311584473	0.011368683772161603	0.0005	8.579009783605883	45.78775353198316
37	0.005756595178944502	5.821246538209408	0.28370129184621695		1.0808305740356445	0.028421709430404007	0.00075	26.309561057144364	45.740543055814925
38	0.18530211143336525	2.786409798187092	0.18375878635103032		0.9525978565216064	0.07105427357601002	0.0005	44.764169491805035	27.834940896896597
39	0.18530211143336525	2.786409798187092	0.1837587608696051		0.992300271987915	0.03552713678800501	0.0005	22.382072286001204	27.834940896896597
40	0.1548932584014543	2.582707267791451	0.3858131091613735		0.8884637355804443	0.08881784197001252	0.0005	39.986471697659	8.000250007109129
41	0.1548932584014543	2.582707267791451	0.41259172506798436		0.9283897876739502	0.04440892098500626	0.0005	25.90072883245989	8.000250007109129
42	0.1548932584014543	2.582707267791451	0.41259172506798436		0.9346702098846436	0.02220446049250313	0.0005	26.777933862327316	8.000250007109129
43	0.08943421876882932	5.012790912187252	0.3218300673388845		1.0353336334228516	0.05551115123125783	0.0005	55.20601088273176	20.70202798644206
44	0.08943421876882932	5.012790912187252	0.32183006818935816		1.1431853771209717	0.027755575615628914	0.0005	41.17579859351436	20.70202798644206
45	0.08943421876882932	5.012790912187252	0.32183006818935816		1.3535208702087402	0.013877787807814457	0.0005	8.305116106146826	20.70202798644206
46	0.08943421876882932	5.012790912187252	0.32183006818935816		1.6355431079864502	0.006938893903907228	0.0005	3.407307719810717	20.70202798644206
47	0.12381421354786183	5.353483582390528	0.29576575400725674		1.7039666175842285	0.003469446951953614	0.0005	8.195361945414874	24.10933570625278
48	0.12381421354786183	5.353483582390528	0.2957657540714051		1.551600694656372	0.001734723475976807	0.0005	4.098437728701782	24.10933570625278
49	0.11758009875825917	5.056622915270453	0.27629912882377683		0.9249341487884521	0.004336808689942018	0.0005	8.83288093795224	20.010897977550997
50	0.11758009875825917	5.056622915270453	0.2762991288364156		0.9067220687866211	0.002168404344971009	0.0005	4.417652280846028	20.010897977550997
51	0.11758009875825917	5.056622915270453	0.2762991288364156		0.8865206241607666	0.0010842021724855044	0.0005	0.4590784150616821	20.010897977550997
52	0.07521550364918923	5.121443602524994	0.24558032047941145		1.0309839248657227	0.002710505431213761	0.0005	6.400862660872733	20.12811142380974
53	0.07521550364918923	5.121443602524994	0.24558032058083543		0.9109830856323242	0.0013552527156068805	0.0005	3.2008948280833494	20.12811142380974
54	0.07521550364918923	5.121443602524994	0.24558032058083543		0.9456336498260498	0.0006776263578034403	0.0005	0.19251334961717248	20.12811142380974
55	0.030315369729215193	5.135409220436131	0.4650363192660983		1.3737132549285889	0.0016940658945086007	0.0005	3.451455265062222	20.165575195684852
56	0.06641774477690233	4.792874114260085	0.32307172286814784		1.146205186843872	0.004235164736271502	0.0005	8.622149433838715	16.71411993062263
57	0.06641774477690233	4.792874114260085	0.32307172297392095		0.9184665679931641	0.002117582368135751	0.0005	4.312240926906924	16.71411993062263
58	0.03181846965838069	4.4489448311520485	0.25654541536017283		1.0713820457458496	0.005293955920339377	0.0005	10.770340710464211	12.401879003715706
59	0.03181846965838069	4.4489448311520485	0.25654541538410375		1.0280215740203857	0.0026469779601696886	0.0005	5.38701615940677	12.401879003715706
60	0.06881869011297634	4.024011448739995	0.24445958667170214		1.5084314346313477	0.006617444900424221	0.0005	11.108228691772496	7.0148628443089365
61	0.03673704841133429	3.0249339404747397	0.21149474998452794		0.9604709148406982	0.016543612251060553	0.0005	10.422463438871773	4.093365847463559
62	0.03673704841133429	3.0249339404747397	0.21149472114174855		0.9155538082122803	0.008271806125530277	0.0005	5.211226487738315	4.093365847463559
63	0.03673704841133429	3.0249339404747397	0.21149472114174855		1.1264660358428955	0.004135903062765138	0.0005	4.818219236850936	4.093365847463559
64	0.005065112584353665	3.4754223139967735	0.2643064553567238		0.9248037338256836	0.010339757656912845	0.0005	8.10213193635288	0.9453544953229596
65	0.005065112584353665	3.4754223139967735	0.2643064554769538		0.9948124885559082	0.0051698788284564225	0.0005	5.686865552206708	0.9453544953229596
66	0.005065112584353665	3.4754223139967735	0.2643064554769538		0.9262347221374512	0.0025849394142282113	0.0005	1.8999320080556146	0.9453544953229596
67	0.01253644476642388	3.642155467634003	0.22685908395974433		0.917229413986206	0.0012924697071141056	0.0005	2.6247853974429916	2.6247853974429916
68	0.020231445079208925	3.3939110624918443	0.24979761026769		1.0742466449737549	0.0032311742677852643	0.0005	3.7918069022383207	0.0
69	0.020231445079208925	3.3939110624918443	0.24979761028311978		0.9569108486175537	0.0016155871338926322	0.0005	3.279664242123644	0.0
70	0.020231445079208925	3.3939110624918443	0.24979761028311978		1.0522804260253906	0.0008077935669463161	0.0005	0.5914585602609226	0.0
71	0.020231445079208925	3.3939110624918443	0.24979761028311978		1.530940055847168	0.0005	0.0005	0.5900590498205096	0.0
72	0.020231445079208925	3.3939110624918443	0.24979761028311978		0.9496273994445801	0.0005	0.0005	0.5900590498205096	0.0
73	0.020231445079208925	3.3939110624918443	0.24979761028311978		0.9701473712921143	0.0005	0.0005	0.5900590498205096	0.0
74	0.020231445079208925	3.3939110624918443	0.24979761028311978		1.061286211013794	0.0005	0.0005	0.5900590498205096	0.0
75	0.020231445079208925	3.3939110624918443	0.24979761028311978		0.8382885456085205	0.0005	0.0005	0.5900590498205096	0.0
76	0.020231445079208925	3.3939110624918443	0.24979761028311978		0.8906581401824951	0.0005	0.0005	0.5900590498205096	0.0
77	0.020231445079208925	3.3939110624918443	0.24979761028311978		0.8871121406555176	0.0005	0.0005	0.5900590498205096	0.0
78	0.020231445079208925	3.3939110624918443	0.24979761028311978		0.8626899719238281	0.0005	0.0005	0.5900590498205096	0.0
79	0.020231445079208925	3.3939110624918443	0.24979761028311978		0.8133668899536133	0.0005	0.0005	0.5900590498205096	0.0
80	0.020231445079208925	3.3939110624918443	0.24979761028311978		0.9621608257293701	0.0005	0.0005	0.5900590498205096	0.0
81	0.020231445079208925	3.3939110624918443	0.24979761028311978		1.1127002239227295	0.0005	0.0005	0.5900590498205096	0.0
82	0.020231445079208925	3.3939110624918443	0.24979761028311978		1.020390272140503	0.0005	0.0005	0.5900590498205096	0.0
83	0.020231445079208925	3.3939110624918443	0.24979761028311978		1.1337034702301025	0.0005	0.0005	0.5900590498205096	0.0
84	0.020231445079208925	3.3939110624918443	0.24979761028311978		0.9421937465667725	0.0005	0.0005	0.5900590498205096	0.0
85	0.020231445079208925	3.3939110624918443	0.24979761028311978		0.9176573753356934	0.0005	0.0005	0.5900590498205096	0.0
86	0.020231445079208925	3.3939110624918443	0.24979761028311978		1.1710724830627441	0.0005	0.0005	0.5900590498205096	0.0
87	0.020231445079208925	3.3939110624918443	0.24979761028311978		0.9003090858459473	0.0005	0.0005	0.5900590498205096	0.0
88	0.020231445079208925	3.3939110624918443	0.24979761028311978		1.1681840419769287	0.0005	0.0005	0.5900590498205096	0.0
89	0.020231445079208925	3.3939110624918443	0.24979761028311978		0.9698882102966309	0.0005	0.0005	0.5900590498205096	0.0
90	0.020231445079208925	3.3939110624918443	0.24979761028311978		1.0403075218200684	0.0005	0.0005	0.5900590498205096	0.0
91	0.020231445079208925	3.3939110624918443	0.24979761028311978		1.5075385570526123	0.0005	0.0005	0.5900590498205096	0.0
92	0.020231445079208925	3.3939110624918443	0.24979761028311978		1.5622665882110596	0.0005	0.0005	0.5900590498205096	0.0
93	0.020231445079208925	3.3939110624918443	0.24979761028311978		1.34928297996521	0.0005	0.0005	0.5900590498205096	0.0
94	0.020231445079208925	3.3939110624918443	0.24979761028311978		1.1391947269439697	0.0005	0.0005	0.5900590498205096	0.0
95	0.020231445079208925	3.3939110624918443	0.24979761028311978		1.2754971981048584	0.0005	0.0005	0.5900590498205096	0.0
96	0.020231445079208925	3.3939110624918443	0.24979761028311978		1.043015480041504	0.0005	0.0005	0.5900590498205096	0.0
97	0.020231445079208925	3.3939110624918443	0.24979761028311978		0.9323310852050781	0.0005	0.0005	0.5900590498205096	0.0
98	0.020231445079208925	3.3939110624918443	0.24979761028311978		1.0000941753387451	0.0005	0.0005	0.5900590498205096	0.0
99	0.020231445079208925	3.3939110624918443	0.24979761028311978		0.908257007598877	0.0005	0.0005	0.5900590498205096	0.0
100	0.020231445079208925	3.3939110624918443	0.24979761028311978		1.0413289070129395	0.0005	0.0005	0.5900590498205096	0.0
101	0.020231445079208925	3.3939110624918443	0.24979761028311978		0.95070481300354	0.0005	0.0005	0.5900590498205096	0.0
102	0.020231445079208925	3.3939110624918443	0.24979761028311978		1.031764268875122	0.0005	0.0005	0.5900590498205096	0.0
103	0.020231445079208925	3.3939110624918443	0.24979761028311978		1.0855185985565186	0.0005	0.0005	0.5900590498205096	0.0
104	0.020231445079208925	3.3939110624918443	0.24979761028311978		0.9308366775512695	0.0005	0.0005	0.5900590498205096	0.0
105	0.020231445079208925	3.3939110624918443	0.24979761028311978		1.1530811786651611	0.0005	0.0005	0.5900590498205096	0.0
106	0.020231445079208925	3.3939110624918443	0.24979761028311978		1.3558425903320312	0.0005	0.0005	0.5900590498205096	0.0
107	0.020231445079208925	3.3939110624918443	0.24979761028311978		2.8884665966033936	0.0005	0.0005	0.5900590498205096	0.0
108	0.020231445079208925	3.3939110624918443	0.24979761028311978		1.3367805480957031	0.0005	0.0005	0.5900590498205096	0.0
109	0.020231445079208925	3.3939110624918443	0.24979761028311978		1.4165894985198975	0.0005	0.0005	0.5900590498205096	0.0
110	0.020231445079208925	3.3939110624918443	0.24979761028311978		1.14520263671875	0.0005	0.0005	0.5900590498205096	0.0
111	0.020231445079208925	3.3939110624918443	0.24979761028311978		0.9349672794342041	0.0005	0.0005	0.5900590498205096	0.0
112	0.020231445079208925	3.3939110624918443	0.24979761028311978		0.9102129936218262	0.0005	0.0005	0.5900590498205096	0.0
113	0.020231445079208925	3.3939110624918443	0.24979761028311978		0.8646402359008789	0.0005	0.0005	0.5900590498205096	0.0
114	0.020231445079208925	3.3939110624918443	0.24979761028311978		1.0418827533721924	0.0005	0.0005	0.5900590498205096	0.0
115	0.020231445079208925	3.3939110624918443	0.24979761028311978		1.0906548500061035	0.0005	0.0005	0.5900590498205096	0.0
116	0.020231445079208925	3.3939110624918443	0.24979761028311978		0.9531059265136719	0.0005	0.0005	0.5900590498205096	0.0
117	0.020231445079208925	3.3939110624918443	0.24979761028311978		1.0774798393249512	0.0005	0.0005	0.5900590498205096	0.0
118	0.020231445079208925	3.3939110624918443	0.24979761028311978		1.2447335720062256	0.0005	0.0005	0.5900590498205096	0.0
119	0.020231445079208925	3.3939110624918443	0.24979761028311978		1.311274766921997	0.0005	0.0005	0.5900590498205096	0.0
120	0.020231445079208925	3.3939110624918443	0.24979761028311978		1.5916194915771484	0.0005	0.0005	0.5900590498205096	0.0
121	0.020231445079208925	3.3939110624918443	0.24979761028311978		1.543431043624878	0.0005	0.0005	0.5900590498205096	0.0
122	0.020231445079208925	3.3939110624918443	0.24979761028311978		1.1773896217346191	0.0005	0.0005	0.5900590498205096	0.0
123	0.020231445079208925	3.3939110624918443	0.24979761028311978		1.5906636714935303	0.0005	0.0005	0.5900590498205096	0.0
124	0.020231445079208925	3.3939110624918443	0.24979761028311978		2.076404571533203	0.0005	0.0005	0.5900590498205096	0.0
125	0.020231445079208925	3.3939110624918443	0.24979761028311978		1.7217214107513428	0.0005	0.0005	0.5900590498205096	0.0
126	0.020231445079208925	3.3939110624918443	0.24979761028311978		1.1735470294952393	0.0005	0.0005	0.5900590498205096	0.0
127	0.020231445079208925	3.3939110624918443	0.24979761028311978		1.7449171543121338	0.0005	0.0005	0.5900590498205096	0.0
128	0.020231445079208925	3.3939110624918443	0.24979761028311978		1.3927547931671143	0.0005	0.0005	0.5900590498205096	0.0
129	0.020231445079208925	3.3939110624918443	0.24979761028311978		2.1978113651275635	0.0005	0.0005	0.5900590498205096	0.0
130	0.020231445079208925	3.3939110624918443	0.24979761028311978		1.974428415298462	0.0005	0.0005	0.5900590498205096	0.0
131	0.020231445079208925	3.3939110624918443	0.24979761028311978		1.505976915359497	0.0005	0.0005	0.5900590498205096	0.0
132	0.020231445079208925	3.3939110624918443	0.24979761028311978		1.238915205001831	0.0005	0.0005	0.5900590498205096	0.0
133	0.020231445079208925	3.3939110624918443	0.24979761028311978		1.099548101425171	0.0005	0.0005	0.5900590498205096	0.0
134	0.020231445079208925	3.3939110624918443	0.24979761028311978		1.1280708312988281	0.0005	0.0005	0.5900590498205096	0.0
135	0.020231445079208925	3.3939110624918443	0.24979761028311978		1.143643856048584	0.0005	0.0005	0.5900590498205096	0.0
136	0.020231445079208925	3.3939110624918443	0.24979761028311978		0.9924516677856445	0.0005	0.0005	0.5900590498205096	0.0
137	0.020231445079208925	3.3939110624918443	0.24979761028311978		0.969451904296875	0.0005	0.0005	0.5900590498205096	0.0
138	0.020231445079208925	3.3939110624918443	0.24979761028311978		1.1132164001464844	0.0005	0.0005	0.5900590498205096	0.0
139	0.020231445079208925	3.3939110624918443	0.24979761028311978		1.071747064590454	0.0005	0.0005	0.5900590498205096	0.0
140	0.020231445079208925	3.3939110624918443	0.24979761028311978		0.8889129161834717	0.0005	0.0005	0.5900590498205096	0.0
141	0.020231445079208925	3.3939110624918443	0.24979761028311978		0.9454066753387451	0.0005	0.0005	0.5900590498205096	0.0
142	0.020231445079208925	3.3939110624918443	0.24979761028311978		0.9927496910095215	0.0005	0.0005	0.5900590498205096	0.0
143	0.020231445079208925	3.3939110624918443	0.24979761028311978		0.8965811729431152	0.0005	0.0005	0.5900590498205096	0.0
144	0.020231445079208925	3.3939110624918443	0.24979761028311978		0.8978550434112549	0.0005	0.0005	0.5900590498205096	0.0
145	0.020231445079208925	3.3939110624918443	0.24979761028311978		0.9073343276977539	0.0005	0.0005	0.5900590498205096	0.0
146	0.020231445079208925	3.3939110624918443	0.24979761028311978		0.8981204032897949	0.0005	0.0005	0.5900590498205096	0.0
147	0.020231445079208925	3.3939110624918443	0.24979761028311978		0.8046085834503174	0.0005	0.0005	0.5900590498205096	0.0
148	0.020231445079208925	3.3939110624918443	0.24979761028311978		0.9421494007110596	0.0005	0.0005	0.5900590498205096	0.0
149	0.020231445079208925	3.3939110624918443	0.24979761028311978		0.8481795787811279	0.0005	0.0005	0.5900590498205096	0.0
150	0.020231445079208925	3.3939110624918443	0.24979761028311978		0.910078763961792	0.0005	0.0005	0.5900590498205096	0.0
151	0.020231445079208925	3.3939110624918443	0.24979761028311978		0.7796273231506348	0.0005	0.0005	0.5900590498205096	0.0
152	0.020231445079208925	3.3939110624918443	0.24979761028311978		1.0109672546386719	0.0005	0.0005	0.5900590498205096	0.0
153	0.020231445079208925	3.3939110624918443	0.24979761028311978		1.184812307357788	0.0005	0.0005	0.5900590498205096	0.0
154	0.020231445079208925	3.3939110624918443	0.24979761028311978		1.1917598247528076	0.0005	0.0005	0.5900590498205096	0.0
155	0.020231445079208925	3.3939110624918443	0.24979761028311978		1.4881327152252197	0.0005	0.0005	0.5900590498205096	0.0
156	0.020231445079208925	3.3939110624918443	0.24979761028311978		1.1590855121612549	0.0005	0.0005	0.5900590498205096	0.0
157	0.020231445079208925	3.3939110624918443	0.24979761028311978		1.1640572547912598	0.0005	0.0005	0.5900590498205096	0.0
158	0.020231445079208925	3.3939110624918443	0.24979761028311978		1.0946998596191406	0.0005	0.0005	0.5900590498205096	0.0
159	0.020231445079208925	3.3939110624918443	0.24979761028311978		1.2639033794403076	0.0005	0.0005	0.5900590498205096	0.0
160	0.020231445079208925	3.3939110624918443	0.24979761028311978		1.0401384830474854	0.0005	0.0005	0.5900590498205096	0.0
161	0.020231445079208925	3.3939110624918443	0.24979761028311978		1.150383710861206	0.0005	0.0005	0.5900590498205096	0.0
162	0.020231445079208925	3.3939110624918443	0.24979761028311978		0.9930176734924316	0.0005	0.0005	0.5900590498205096	0.0
163	0.020231445079208925	3.3939110624918443	0.24979761028311978		1.6390869617462158	0.0005	0.0005	0.5900590498205096	0.0
164	0.020231445079208925	3.3939110624918443	0.24979761028311978		1.5531823635101318	0.0005	0.0005	0.5900590498205096	0.0
165	0.020231445079208925	3.3939110624918443	0.24979761028311978		1.1188240051269531	0.0005	0.0005	0.5900590498205096	0.0
166	0.020231445079208925	3.3939110624918443	0.24979761028311978		1.172478199005127	0.0005	0.0005	0.5900590498205096	0.0
167	0.020231445079208925	3.3939110624918443	0.24979761028311978		1.7503776550292969	0.0005	0.0005	0.5900590498205096	0.0
168	0.020231445079208925	3.3939110624918443	0.24979761028311978		1.5816247463226318	0.0005	0.0005	0.5900590498205096	0.0
169	0.020231445079208925	3.3939110624918443	0.24979761028311978		1.4408023357391357	0.0005	0.0005	0.5900590498205096	0.0
170	0.020231445079208925	3.3939110624918443	0.24979761028311978		1.1733264923095703	0.0005	0.0005	0.5900590498205096	0.0
171	0.020231445079208925	3.3939110624918443	0.24979761028311978		1.6703596115112305	0.0005	0.0005	0.5900590498205096	0.0
172	0.020231445079208925	3.3939110624918443	0.24979761028311978		2.153989315032959	0.0005	0.0005	0.5900590498205096	0.0
173	0.020231445079208925	3.3939110624918443	0.24979761028311978		1.0738747119903564	0.0005	0.0005	0.5900590498205096	0.0
174	0.020231445079208925	3.3939110624918443	0.24979761028311978		1.112384557723999	0.0005	0.0005	0.5900590498205096	0.0
175	0.020231445079208925	3.3939110624918443	0.24979761028311978		1.26076340675354	0.0005	0.0005	0.5900590498205096	0.0
176	0.020231445079208925	3.3939110624918443	0.24979761028311978		1.3878962993621826	0.0005	0.0005	0.5900590498205096	0.0
177	0.020231445079208925	3.3939110624918443	0.24979761028311978		1.1867992877960205	0.0005	0.0005	0.5900590498205096	0.0
178	0.020231445079208925	3.3939110624918443	0.24979761028311978		1.353067398071289	0.0005	0.0005	0.5900590498205096	0.0
179	0.020231445079208925	3.3939110624918443	0.24979761028311978		1.0786969661712646	0.0005	0.0005	0.5900590498205096	0.0
180	0.020231445079208925	3.3939110624918443	0.24979761028311978		1.2345960140228271	0.0005	0.0005	0.5900590498205096	0.0
181	0.020231445079208925	3.3939110624918443	0.24979761028311978		1.0561623573303223	0.0005	0.0005	0.5900590498205096	0.0
182	0.020231445079208925	3.3939110624918443	0.24979761028311978		1.0659160614013672	0.0005	0.0005	0.5900590498205096	0.0
183	0.020231445079208925	3.3939110624918443	0.24979761028311978		1.140566349029541	0.0005	0.0005	0.5900590498205096	0.0
184	0.020231445079208925	3.3939110624918443	0.24979761028311978		0.9463760852813721	0.0005	0.0005	0.5900590498205096	0.0
185	0.020231445079208925	3.3939110624918443	0.24979761028311978		1.8015668392181396	0.0005	0.0005	0.5900590498205096	0.0
186	0.020231445079208925	3.3939110624918443	0.24979761028311978		1.3632714748382568	0.0005	0.0005	0.5900590498205096	0.0
187	0.020231445079208925	3.3939110624918443	0.24979761028311978		1.5630700588226318	0.0005	0.0005	0.5900590498205096	0.0
188	0.020231445079208925	3.3939110624918443	0.24979761028311978		1.30143404006958	0.0005	0.0005	0.5900590498205096	0.0
189	0.020231445079208925	3.3939110624918443	0.24979761028311978		1.5038044452667236	0.0005	0.0005	0.5900590498205096	0.0
190	0.020231445079208925	3.3939110624918443	0.24979761028311978		1.0253539085388184	0.0005	0.0005	0.5900590498205096	0.0
191	0.020231445079208925	3.3939110624918443	0.24979761028311978		1.1177606582641602	0.0005	0.0005	0.5900590498205096	0.0
192	0.020231445079208925	3.3939110624918443	0.24979761028311978		1.2056326866149902	0.0005	0.0005	0.5900590498205096	0.0
193	0.020231445079208925	3.3939110624918443	0.24979761028311978		1.0674054622650146	0.0005	0.0005	0.5900590498205096	0.0
194	0.020231445079208925	3.3939110624918443	0.24979761028311978		1.484616756439209	0.0005	0.0005	0.5900590498205096	0.0
195	0.020231445079208925	3.3939110624918443	0.24979761028311978		1.3593592643737793	0.0005	0.0005	0.5900590498205096	0.0
196	0.020231445079208925	3.3939110624918443	0.24979761028311978		1.2271032333374023	0.0005	0.0005	0.5900590498205096	0.0
197	0.020231445079208925	3.3939110624918443	0.24979761028311978		1.0246620178222656	0.0005	0.0005	0.5900590498205096	0.0
198	0.020231445079208925	3.3939110624918443	0.24979761028311978		0.9253420829772949	0.0005	0.0005	0.5900590498205096	0.0
199	0.020231445079208925	3.3939110624918443	0.24979761028311978		1.1378240585327148	0.0005	0.0005	0.5900590498205096	0.0
200	0.020231445079208925	3.3939110624918443	0.24979761028311978		1.0646111965179443	0.0005	0.0005	0.5900590498205096	0.0
201	0.020231445079208925	3.3939110624918443	0.24979761028311978		1.0823204517364502	0.0005	0.0005	0.5900590498205096	0.0
202	0.020231445079208925	3.3939110624918443	0.24979761028311978		1.2633907794952393	0.0005	0.0005	0.5900590498205096	0.0
203	0.020231445079208925	3.3939110624918443	0.24979761028311978		1.270810604095459	0.0005	0.0005	0.5900590498205096	0.0
204	0.020231445079208925	3.3939110624918443	0.24979761028311978		1.4254283905029297	0.0005	0.0005	0.5900590498205096	0.0
205	0.020231445079208925	3.3939110624918443	0.24979761028311978		1.1357111930847168	0.0005	0.0005	0.5900590498205096	0.0
206	0.020231445079208925	3.3939110624918443	0.24979761028311978		1.2988073825836182	0.0005	0.0005	0.5900590498205096	0.0
207	0.020231445079208925	3.3939110624918443	0.24979761028311978		1.117408037185669	0.0005	0.0005	0.5900590498205096	0.0
208	0.020231445079208925	3.3939110624918443	0.24979761028311978		1.2332744598388672	0.0005	0.0005	0.5900590498205096	0.0
209	0.020231445079208925	3.3939110624918443	0.24979761028311978		1.3848214149475098	0.0005	0.0005	0.5900590498205096	0.0
210	0.020231445079208925	3.3939110624918443	0.24979761028311978		1.085045337677002	0.0005	0.0005	0.5900590498205096	0.0
211	0.020231445079208925	3.3939110624918443	0.24979761028311978		1.1102244853973389	0.0005	0.0005	0.5900590498205096	0.0
212	0.020231445079208925	3.3939110624918443	0.24979761028311978		0.9941740036010742	0.0005	0.0005	0.5900590498205096	0.0
213	0.020231445079208925	3.3939110624918443	0.24979761028311978		0.9364664554595947	0.0005	0.0005	0.5900590498205096	0.0
214	0.020231445079208925	3.3939110624918443	0.24979761028311978		1.3660123348236084	0.0005	0.0005	0.5900590498205096	0.0
215	0.020231445079208925	3.3939110624918443	0.24979761028311978		1.0266292095184326	0.0005	0.0005	0.5900590498205096	0.0
216	0.020231445079208925	3.3939110624918443	0.24979761028311978		1.2481811046600342	0.0005	0.0005	0.5900590498205096	0.0
217	0.020231445079208925	3.3939110624918443	0.24979761028311978		1.105069875717163	0.0005	0.0005	0.5900590498205096	0.0
218	0.020231445079208925	3.3939110624918443	0.24979761028311978		0.9219415187835693	0.0005	0.0005	0.5900590498205096	0.0
219	0.020231445079208925	3.3939110624918443	0.24979761028311978		1.078035831451416	0.0005	0.0005	0.5900590498205096	0.0
220	0.020231445079208925	3.3939110624918443	0.24979761028311978		0.9996309280395508	0.0005	0.0005	0.5900590498205096	0.0
221	0.020231445079208925	3.3939110624918443	0.24979761028311978		0.917778730392456	0.0005	0.0005	0.5900590498205096	0.0
222	0.020231445079208925	3.3939110624918443	0.24979761028311978		0.9263515472412109	0.0005	0.0005	0.5900590498205096	0.0
223	0.020231445079208925	3.3939110624918443	0.24979761028311978		1.110335111618042	0.0005	0.0005	0.5900590498205096	0.0
224	0.020231445079208925	3.3939110624918443	0.24979761028311978		0.9115324020385742	0.0005	0.0005	0.5900590498205096	0.0
225	0.020231445079208925	3.3939110624918443	0.24979761028311978		0.9780397415161133	0.0005	0.0005	0.5900590498205096	0.0
226	0.020231445079208925	3.3939110624918443	0.24979761028311978		1.0348825454711914	0.0005	0.0005	0.5900590498205096	0.0
227	0.020231445079208925	3.3939110624918443	0.24979761028311978		0.934938907623291	0.0005	0.0005	0.5900590498205096	0.0
228	0.020231445079208925	3.3939110624918443	0.24979761028311978		0.9125328063964844	0.0005	0.0005	0.5900590498205096	0.0
229	0.020231445079208925	3.3939110624918443	0.24979761028311978		0.9228875637054443	0.0005	0.0005	0.5900590498205096	0.0
230	0.020231445079208925	3.3939110624918443	0.24979761028311978		0.9587359428405762	0.0005	0.0005	0.5900590498205096	0.0
231	0.020231445079208925	3.3939110624918443	0.24979761028311978		1.0584747791290283	0.0005	0.0005	0.5900590498205096	0.0
232	0.020231445079208925	3.3939110624918443	0.24979761028311978		1.0238451957702637	0.0005	0.0005	0.5900590498205096	0.0
233	0.020231445079208925	3.3939110624918443	0.24979761028311978		0.9458277225494385	0.0005	0.0005	0.5900590498205096	0.0
234	0.020231445079208925	3.3939110624918443	0.24979761028311978		1.04850435256958	0.0005	0.0005	0.5900590498205096	0.0
235	0.020231445079208925	3.3939110624918443	0.24979761028311978		1.012732982635498	0.0005	0.0005	0.5900590498205096	0.0
236	0.020231445079208925	3.3939110624918443	0.24979761028311978		2.1842846870422363	0.0005	0.0005	0.5900590498205096	0.0
237	0.020231445079208925	3.3939110624918443	0.24979761028311978		2.0093178749084473	0.0005	0.0005	0.5900590498205096	0.0
238	0.020231445079208925	3.3939110624918443	0.24979761028311978		1.3487625122070312	0.0005	0.0005	0.5900590498205096	0.0
239	0.020231445079208925	3.3939110624918443	0.24979761028311978		1.0307996273040771	0.0005	0.0005	0.5900590498205096	0.0
240	0.020231445079208925	3.3939110624918443	0.24979761028311978		1.0703210830688477	0.0005	0.0005	0.5900590498205096	0.0
241	0.020231445079208925	3.3939110624918443	0.24979761028311978		0.9506435394287109	0.0005	0.0005	0.5900590498205096	0.0
242	0.020231445079208925	3.3939110624918443	0.24979761028311978		1.054642915725708	0.0005	0.0005	0.5900590498205096	0.0
243	0.020231445079208925	3.3939110624918443	0.24979761028311978		1.0815799236297607	0.0005	0.0005	0.5900590498205096	0.0
244	0.020231445079208925	3.3939110624918443	0.24979761028311978		1.0008032321929932	0.0005	0.0005	0.5900590498205096	0.0
245	0.020231445079208925	3.3939110624918443	0.24979761028311978		0.8549900054931641	0.0005	0.0005	0.5900590498205096	0.0
246	0.020231445079208925	3.3939110624918443	0.24979761028311978		0.9324014186859131	0.0005	0.0005	0.5900590498205096	0.0
247	0.020231445079208925	3.3939110624918443	0.24979761028311978		0.8932654857635498	0.0005	0.0005	0.5900590498205096	0.0
248	0.020231445079208925	3.3939110624918443	0.24979761028311978		0.8776724338531494	0.0005	0.0005	0.5900590498205096	0.0
249	0.020231445079208925	3.3939110624918443	0.24979761028311978		0.7993142604827881	0.0005	0.0005	0.5900590498205096	0.0
250	0.020231445079208925	3.3939110624918443	0.24979761028311978		0.8911714553833008	0.0005	0.0005	0.5900590498205096	0.0
251	0.020231445079208925	3.3939110624918443	0.24979761028311978		0.8976016044616699	0.0005	0.0005	0.5900590498205096	0.0
252	0.020231445079208925	3.3939110624918443	0.24979761028311978		1.5405540466308594	0.0005	0.0005	0.5900590498205096	0.0
253	0.020231445079208925	3.3939110624918443	0.24979761028311978		1.1334991455078125	0.0005	0.0005	0.5900590498205096	0.0
254	0.020231445079208925	3.3939110624918443	0.24979761028311978		0.9479897022247314	0.0005	0.0005	0.5900590498205096	0.0
255	0.020231445079208925	3.3939110624918443	0.24979761028311978		0.9292192459106445	0.0005	0.0005	0.5900590498205096	0.0
256	0.020231445079208925	3.3939110624918443	0.24979761028311978		0.9430270195007324	0.0005	0.0005	0.5900590498205096	0.0
257	0.020231445079208925	3.3939110624918443	0.24979761028311978		1.1012964248657227	0.0005	0.0005	0.5900590498205096	0.0
258	0.020231445079208925	3.3939110624918443	0.24979761028311978		0.8982667922973633	0.0005	0.0005	0.5900590498205096	0.0
259	0.020231445079208925	3.3939110624918443	0.24979761028311978		0.8956434726715088	0.0005	0.0005	0.5900590498205096	0.0
260	0.020231445079208925	3.3939110624918443	0.24979761028311978		0.943789005279541	0.0005	0.0005	0.5900590498205096	0.0
261	0.020231445079208925	3.3939110624918443	0.24979761028311978		1.0681970119476318	0.0005	0.0005	0.5900590498205096	0.0
262	0.020231445079208925	3.3939110624918443	0.24979761028311978		1.238093376159668	0.0005	0.0005	0.5900590498205096	0.0
263	0.020231445079208925	3.3939110624918443	0.24979761028311978		1.1531322002410889	0.0005	0.0005	0.5900590498205096	0.0
264	0.020231445079208925	3.3939110624918443	0.24979761028311978		1.1557602882385254	0.0005	0.0005	0.5900590498205096	0.0
265	0.020231445079208925	3.3939110624918443	0.24979761028311978		1.2679264545440674	0.0005	0.0005	0.5900590498205096	0.0
266	0.020231445079208925	3.3939110624918443	0.24979761028311978		1.0918936729431152	0.0005	0.0005	0.5900590498205096	0.0
267	0.020231445079208925	3.3939110624918443	0.24979761028311978		1.4138619899749756	0.0005	0.0005	0.5900590498205096	0.0
268	0.020231445079208925	3.3939110624918443	0.24979761028311978		1.1748135089874268	0.0005	0.0005	0.5900590498205096	0.0
269	0.020231445079208925	3.3939110624918443	0.24979761028311978		1.3122265338897705	0.0005	0.0005	0.5900590498205096	0.0
270	0.020231445079208925	3.3939110624918443	0.24979761028311978		1.6070261001586914	0.0005	0.0005	0.5900590498205096	0.0
271	0.020231445079208925	3.3939110624918443	0.24979761028311978		1.2285351753234863	0.0005	0.0005	0.5900590498205096	0.0
272	0.020231445079208925	3.3939110624918443	0.24979761028311978		1.2225213050842285	0.0005	0.0005	0.5900590498205096	0.0
273	0.020231445079208925	3.3939110624918443	0.24979761028311978		1.060849666595459	0.0005	0.0005	0.5900590498205096	0.0
274	0.020231445079208925	3.3939110624918443	0.24979761028311978		1.0308218002319336	0.0005	0.0005	0.5900590498205096	0.0
275	0.020231445079208925	3.3939110624918443	0.24979761028311978		0.9530024528503418	0.0005	0.0005	0.5900590498205096	0.0
276	0.020231445079208925	3.3939110624918443	0.24979761028311978		1.0946199893951416	0.0005	0.0005	0.5900590498205096	0.0
277	0.020231445079208925	3.3939110624918443	0.24979761028311978		1.1404662132263184	0.0005	0.0005	0.5900590498205096	0.0
278	0.020231445079208925	3.3939110624918443	0.24979761028311978		0.9263484477996826	0.0005	0.0005	0.5900590498205096	0.0
279	0.020231445079208925	3.3939110624918443	0.24979761028311978		0.815392017364502	0.0005	0.0005	0.5900590498205096	0.0
280	0.020231445079208925	3.3939110624918443	0.24979761028311978		0.9552695751190186	0.0005	0.0005	0.5900590498205096	0.0
281	0.020231445079208925	3.3939110624918443	0.24979761028311978		0.9204196929931641	0.0005	0.0005	0.5900590498205096	0.0
282	0.020231445079208925	3.3939110624918443	0.24979761028311978		1.0441505908966064	0.0005	0.0005	0.5900590498205096	0.0
283	0.020231445079208925	3.3939110624918443	0.24979761028311978		1.1910340785980225	0.0005	0.0005	0.5900590498205096	0.0
284	0.020231445079208925	3.3939110624918443	0.24979761028311978		0.9552996158599854	0.0005	0.0005	0.5900590498205096	0.0
285	0.020231445079208925	3.3939110624918443	0.24979761028311978		1.0866966247558594	0.0005	0.0005	0.5900590498205096	0.0
286	0.020231445079208925	3.3939110624918443	0.24979761028311978		1.4261481761932373	0.0005	0.0005	0.5900590498205096	0.0
287	0.020231445079208925	3.3939110624918443	0.24979761028311978		1.3734276294708252	0.0005	0.0005	0.5900590498205096	0.0
288	0.020231445079208925	3.3939110624918443	0.24979761028311978		0.9263050556182861	0.0005	0.0005	0.5900590498205096	0.0
289	0.020231445079208925	3.3939110624918443	0.24979761028311978		1.0444564819335938	0.0005	0.0005	0.5900590498205096	0.0
290	0.020231445079208925	3.3939110624918443	0.24979761028311978		0.9229786396026611	0.0005	0.0005	0.5900590498205096	0.0
291	0.020231445079208925	3.3939110624918443	0.24979761028311978		0.7903180122375488	0.0005	0.0005	0.5900590498205096	0.0
292	0.020231445079208925	3.3939110624918443	0.24979761028311978		0.9245195388793945	0.0005	0.0005	0.5900590498205096	0.0
293	0.020231445079208925	3.3939110624918443	0.24979761028311978		1.0972483158111572	0.0005	0.0005	0.5900590498205096	0.0
294	0.020231445079208925	3.3939110624918443	0.24979761028311978		0.954801082611084	0.0005	0.0005	0.5900590498205096	0.0
295	0.020231445079208925	3.3939110624918443	0.24979761028311978		1.120671033859253	0.0005	0.0005	0.5900590498205096	0.0
296	0.020231445079208925	3.3939110624918443	0.24979761028311978		1.167259693145752	0.0005	0.0005	0.5900590498205096	0.0
297	0.020231445079208925	3.3939110624918443	0.24979761028311978		1.2804560661315918	0.0005	0.0005	0.5900590498205096	0.0
298	0.020231445079208925	3.3939110624918443	0.24979761028311978		1.8089652061462402	0.0005	0.0005	0.5900590498205096	0.0
299	0.020231445079208925	3.3939110624918443	0.24979761028311978		1.3539776802062988	0.0005	0.0005	0.5900590498205096	0.0
300	0.020231445079208925	3.3939110624918443	0.24979761028311978		1.2706518173217773	0.0005	0.0005	0.5900590498205096	0.0
301	0.020231445079208925	3.3939110624918443	0.24979761028311978		1.2503774166107178	0.0005	0.0005	0.5900590498205096	0.0
302	0.020231445079208925	3.3939110624918443	0.24979761028311978		1.464080810546875	0.0005	0.0005	0.5900590498205096	0.0
303	0.020231445079208925	3.3939110624918443	0.24979761028311978		1.1227121353149414	0.0005	0.0005	0.5900590498205096	0.0
304	0.020231445079208925	3.3939110624918443	0.24979761028311978		1.1296658515930176	0.0005	0.0005	0.5900590498205096	0.0
305	0.020231445079208925	3.3939110624918443	0.24979761028311978		0.9385976791381836	0.0005	0.0005	0.5900590498205096	0.0
306	0.020231445079208925	3.3939110624918443	0.24979761028311978		0.9189152717590332	0.0005	0.0005	0.5900590498205096	0.0
307	0.020231445079208925	3.3939110624918443	0.24979761028311978		1.1016361713409424	0.0005	0.0005	0.5900590498205096	0.0
308	0.020231445079208925	3.3939110624918443	0.24979761028311978		1.1709024906158447	0.0005	0.0005	0.5900590498205096	0.0
309	0.020231445079208925	3.3939110624918443	0.24979761028311978		0.9352965354919434	0.0005	0.0005	0.5900590498205096	0.0
310	0.020231445079208925	3.3939110624918443	0.24979761028311978		1.0474698543548584	0.0005	0.0005	0.5900590498205096	0.0
311	0.020231445079208925	3.3939110624918443	0.24979761028311978		1.0911386013031006	0.0005	0.0005	0.5900590498205096	0.0
312	0.020231445079208925	3.3939110624918443	0.24979761028311978		1.287571907043457	0.0005	0.0005	0.5900590498205096	0.0
313	0.020231445079208925	3.3939110624918443	0.24979761028311978		0.9419388771057129	0.0005	0.0005	0.5900590498205096	0.0
314	0.020231445079208925	3.3939110624918443	0.24979761028311978		0.9479844570159912	0.0005	0.0005	0.5900590498205096	0.0
315	0.020231445079208925	3.3939110624918443	0.24979761028311978		1.0349395275115967	0.0005	0.0005	0.5900590498205096	0.0
316	0.020231445079208925	3.3939110624918443	0.24979761028311978		0.9452173709869385	0.0005	0.0005	0.5900590498205096	0.0
317	0.020231445079208925	3.3939110624918443	0.24979761028311978		1.0803372859954834	0.0005	0.0005	0.5900590498205096	0.0
318	0.020231445079208925	3.3939110624918443	0.24979761028311978		1.1567652225494385	0.0005	0.0005	0.5900590498205096	0.0
319	0.020231445079208925	3.3939110624918443	0.24979761028311978		1.0094432830810547	0.0005	0.0005	0.5900590498205096	0.0
320	0.020231445079208925	3.3939110624918443	0.24979761028311978		1.1082515716552734	0.0005	0.0005	0.5900590498205096	0.0
321	0.020231445079208925	3.3939110624918443	0.24979761028311978		0.9060547351837158	0.0005	0.0005	0.5900590498205096	0.0
322	0.020231445079208925	3.3939110624918443	0.24979761028311978		0.9186348915100098	0.0005	0.0005	0.5900590498205096	0.0
323	0.020231445079208925	3.3939110624918443	0.24979761028311978		0.9859879016876221	0.0005	0.0005	0.5900590498205096	0.0
324	0.020231445079208925	3.3939110624918443	0.24979761028311978		1.0955185890197754	0.0005	0.0005	0.5900590498205096	0.0
325	0.020231445079208925	3.3939110624918443	0.24979761028311978		1.0881247520446777	0.0005	0.0005	0.5900590498205096	0.0
326	0.020231445079208925	3.3939110624918443	0.24979761028311978		1.0157442092895508	0.0005	0.0005	0.5900590498205096	0.0
327	0.020231445079208925	3.3939110624918443	0.24979761028311978		0.9334089756011963	0.0005	0.0005	0.5900590498205096	0.0
328	0.020231445079208925	3.3939110624918443	0.24979761028311978		1.0272490978240967	0.0005	0.0005	0.5900590498205096	0.0
329	0.020231445079208925	3.3939110624918443	0.24979761028311978		1.0748202800750732	0.0005	0.0005	0.5900590498205096	0.0
330	0.020231445079208925	3.3939110624918443	0.24979761028311978		1.1258032321929932	0.0005	0.0005	0.5900590498205096	0.0
331	0.020231445079208925	3.3939110624918443	0.24979761028311978		1.0708286762237549	0.0005	0.0005	0.5900590498205096	0.0
332	0.020231445079208925	3.3939110624918443	0.24979761028311978		1.1405107975006104	0.0005	0.0005	0.5900590498205096	0.0
333	0.020231445079208925	3.3939110624918443	0.24979761028311978		1.4527287483215332	0.0005	0.0005	0.5900590498205096	0.0
334	0.020231445079208925	3.3939110624918443	0.24979761028311978		1.9308006763458252	0.0005	0.0005	0.5900590498205096	0.0
335	0.020231445079208925	3.3939110624918443	0.24979761028311978		0.9264261722564697	0.0005	0.0005	0.5900590498205096	0.0
336	0.020231445079208925	3.3939110624918443	0.24979761028311978		1.0728297233581543	0.0005	0.0005	0.5900590498205096	0.0
337	0.020231445079208925	3.3939110624918443	0.24979761028311978		0.9488303661346436	0.0005	0.0005	0.5900590498205096	0.0
338	0.020231445079208925	3.3939110624918443	0.24979761028311978		0.97117018699646	0.0005	0.0005	0.5900590498205096	0.0
339	0.020231445079208925	3.3939110624918443	0.24979761028311978		0.9723775386810303	0.0005	0.0005	0.5900590498205096	0.0
340	0.020231445079208925	3.3939110624918443	0.24979761028311978		0.9326741695404053	0.0005	0.0005	0.5900590498205096	0.0
341	0.020231445079208925	3.3939110624918443	0.24979761028311978		0.9332754611968994	0.0005	0.0005	0.5900590498205096	0.0
342	0.020231445079208925	3.3939110624918443	0.24979761028311978		1.4906933307647705	0.0005	0.0005	0.5900590498205096	0.0
343	0.020231445079208925	3.3939110624918443	0.24979761028311978		1.0342845916748047	0.0005	0.0005	0.5900590498205096	0.0
344	0.020231445079208925	3.3939110624918443	0.24979761028311978		0.8994290828704834	0.0005	0.0005	0.5900590498205096	0.0
345	0.020231445079208925	3.3939110624918443	0.24979761028311978		1.1755456924438477	0.0005	0.0005	0.5900590498205096	0.0
346	0.020231445079208925	3.3939110624918443	0.24979761028311978		1.1135649681091309	0.0005	0.0005	0.5900590498205096	0.0
347	0.020231445079208925	3.3939110624918443	0.24979761028311978		0.9300060272216797	0.0005	0.0005	0.5900590498205096	0.0
348	0.020231445079208925	3.3939110624918443	0.24979761028311978		1.04075026512146	0.0005	0.0005	0.5900590498205096	0.0
349	0.020231445079208925	3.3939110624918443	0.24979761028311978		0.9175360202789307	0.0005	0.0005	0.5900590498205096	0.0
350	0.020231445079208925	3.3939110624918443	0.24979761028311978		0.8986213207244873	0.0005	0.0005	0.5900590498205096	0.0
351	0.020231445079208925	3.3939110624918443	0.24979761028311978		0.9810822010040283	0.0005	0.0005	0.5900590498205096	0.0
352	0.020231445079208925	3.3939110624918443	0.24979761028311978		0.9173696041107178	0.0005	0.0005	0.5900590498205096	0.0
353	0.020231445079208925	3.3939110624918443	0.24979761028311978		0.9082016944885254	0.0005	0.0005	0.5900590498205096	0.0
354	0.020231445079208925	3.3939110624918443	0.24979761028311978		0.9888348579406738	0.0005	0.0005	0.5900590498205096	0.0
355	0.020231445079208925	3.3939110624918443	0.24979761028311978		0.9329280853271484	0.0005	0.0005	0.5900590498205096	0.0
356	0.020231445079208925	3.3939110624918443	0.24979761028311978		0.9198503494262695	0.0005	0.0005	0.5900590498205096	0.0
357	0.020231445079208925	3.3939110624918443	0.24979761028311978		0.9816679954528809	0.0005	0.0005	0.5900590498205096	0.0
358	0.020231445079208925	3.3939110624918443	0.24979761028311978		0.9375832080841064	0.0005	0.0005	0.5900590498205096	0.0
359	0.020231445079208925	3.3939110624918443	0.24979761028311978		1.1689510345458984	0.0005	0.0005	0.5900590498205096	0.0
360	0.020231445079208925	3.3939110624918443	0.24979761028311978		0.9334845542907715	0.0005	0.0005	0.5900590498205096	0.0
361	0.020231445079208925	3.3939110624918443	0.24979761028311978		0.9846663475036621	0.0005	0.0005	0.5900590498205096	0.0
362	0.020231445079208925	3.3939110624918443	0.24979761028311978		0.9740843772888184	0.0005	0.0005	0.5900590498205096	0.0
363	0.020231445079208925	3.3939110624918443	0.24979761028311978		0.9801738262176514	0.0005	0.0005	0.5900590498205096	0.0
364	0.020231445079208925	3.3939110624918443	0.24979761028311978		1.62827467918396	0.0005	0.0005	0.5900590498205096	0.0
365	0.020231445079208925	3.3939110624918443	0.24979761028311978		0.8901724815368652	0.0005	0.0005	0.5900590498205096	0.0
366	0.020231445079208925	3.3939110624918443	0.24979761028311978		0.7977337837219238	0.0005	0.0005	0.5900590498205096	0.0
367	0.020231445079208925	3.3939110624918443	0.24979761028311978		0.8974628448486328	0.0005	0.0005	0.5900590498205096	0.0
368	0.020231445079208925	3.3939110624918443	0.24979761028311978		0.9739370346069336	0.0005	0.0005	0.5900590498205096	0.0
369	0.020231445079208925	3.3939110624918443	0.24979761028311978		0.9620969295501709	0.0005	0.0005	0.5900590498205096	0.0
370	0.020231445079208925	3.3939110624918443	0.24979761028311978		0.9125475883483887	0.0005	0.0005	0.5900590498205096	0.0
371	0.020231445079208925	3.3939110624918443	0.24979761028311978		0.9065842628479004	0.0005	0.0005	0.5900590498205096	0.0
372	0.020231445079208925	3.3939110624918443	0.24979761028311978		1.0322589874267578	0.0005	0.0005	0.5900590498205096	0.0
373	0.020231445079208925	3.3939110624918443	0.24979761028311978		1.0822324752807617	0.0005	0.0005	0.5900590498205096	0.0
374	0.020231445079208925	3.3939110624918443	0.24979761028311978		0.9774553775787354	0.0005	0.0005	0.5900590498205096	0.0
375	0.020231445079208925	3.3939110624918443	0.24979761028311978		0.9176390171051025	0.0005	0.0005	0.5900590498205096	0.0
376	0.020231445079208925	3.3939110624918443	0.24979761028311978		0.7894589900970459	0.0005	0.0005	0.5900590498205096	0.0
377	0.020231445079208925	3.3939110624918443	0.24979761028311978		0.9242923259735107	0.0005	0.0005	0.5900590498205096	0.0
378	0.020231445079208925	3.3939110624918443	0.24979761028311978		0.8892970085144043	0.0005	0.0005	0.5900590498205096	0.0
379	0.020231445079208925	3.3939110624918443	0.24979761028311978		1.030501127243042	0.0005	0.0005	0.5900590498205096	0.0
380	0.020231445079208925	3.3939110624918443	0.24979761028311978		1.0549850463867188	0.0005	0.0005	0.5900590498205096	0.0
381	0.020231445079208925	3.3939110624918443	0.24979761028311978		0.893627405166626	0.0005	0.0005	0.5900590498205096	0.0
382	0.020231445079208925	3.3939110624918443	0.24979761028311978		0.9774768352508545	0.0005	0.0005	0.5900590498205096	0.0
383	0.020231445079208925	3.3939110624918443	0.24979761028311978		0.8945493698120117	0.0005	0.0005	0.5900590498205096	0.0
384	0.020231445079208925	3.3939110624918443	0.24979761028311978		0.9230968952178955	0.0005	0.0005	0.5900590498205096	0.0
385	0.020231445079208925	3.3939110624918443	0.24979761028311978		1.1238043308258057	0.0005	0.0005	0.5900590498205096	0.0
386	0.020231445079208925	3.3939110624918443	0.24979761028311978		1.198462724685669	0.0005	0.0005	0.5900590498205096	0.0
387	0.020231445079208925	3.3939110624918443	0.24979761028311978		0.8181121349334717	0.0005	0.0005	0.5900590498205096	0.0
388	0.020231445079208925	3.3939110624918443	0.24979761028311978		1.002027988433838	0.0005	0.0005	0.5900590498205096	0.0
389	0.020231445079208925	3.3939110624918443	0.24979761028311978		1.0097622871398926	0.0005	0.0005	0.5900590498205096	0.0
390	0.020231445079208925	3.3939110624918443	0.24979761028311978		0.8908617496490479	0.0005	0.0005	0.5900590498205096	0.0
391	0.020231445079208925	3.3939110624918443	0.24979761028311978		0.9640927314758301	0.0005	0.0005	0.5900590498205096	0.0
392	0.020231445079208925	3.3939110624918443	0.24979761028311978		1.0773823261260986	0.0005	0.0005	0.5900590498205096	0.0
393	0.020231445079208925	3.3939110624918443	0.24979761028311978		0.9637172222137451	0.0005	0.0005	0.5900590498205096	0.0
394	0.020231445079208925	3.3939110624918443	0.24979761028311978		0.9083466529846191	0.0005	0.0005	0.5900590498205096	0.0
395	0.020231445079208925	3.3939110624918443	0.24979761028311978		0.8993170261383057	0.0005	0.0005	0.5900590498205096	0.0
396	0.020231445079208925	3.3939110624918443	0.24979761028311978		0.9075515270233154	0.0005	0.0005	0.5900590498205096	0.0
397	0.020231445079208925	3.3939110624918443	0.24979761028311978		0.9870562553405762	0.0005	0.0005	0.5900590498205096	0.0
398	0.020231445079208925	3.3939110624918443	0.24979761028311978		1.0647926330566406	0.0005	0.0005	0.5900590498205096	0.0
399	0.020231445079208925	3.3939110624918443	0.24979761028311978		1.166351079940796	0.0005	0.0005	0.5900590498205096	0.0
400	0.020231445079208925	3.3939110624918443	0.24979761028311978		1.1374552249908447	0.0005	0.0005	0.5900590498205096	0.0
401	0.020231445079208925	3.3939110624918443	0.24979761028311978		1.0296525955200195	0.0005	0.0005	0.5900590498205096	0.0
402	0.020231445079208925	3.3939110624918443	0.24979761028311978		1.021749496459961	0.0005	0.0005	0.5900590498205096	0.0
403	0.020231445079208925	3.3939110624918443	0.24979761028311978		1.0382368564605713	0.0005	0.0005	0.5900590498205096	0.0
404	0.020231445079208925	3.3939110624918443	0.24979761028311978		0.8966526985168457	0.0005	0.0005	0.5900590498205096	0.0
405	0.020231445079208925	3.3939110624918443	0.24979761028311978		0.8897514343261719	0.0005	0.0005	0.5900590498205096	0.0
406	0.020231445079208925	3.3939110624918443	0.24979761028311978		0.8946096897125244	0.0005	0.0005	0.5900590498205096	0.0
407	0.020231445079208925	3.3939110624918443	0.24979761028311978		0.8921301364898682	0.0005	0.0005	0.5900590498205096	0.0
408	0.020231445079208925	3.3939110624918443	0.24979761028311978		0.795194149017334	0.0005	0.0005	0.5900590498205096	0.0
409	0.020231445079208925	3.3939110624918443	0.24979761028311978		0.9245412349700928	0.0005	0.0005	0.5900590498205096	0.0
410	0.020231445079208925	3.3939110624918443	0.24979761028311978		0.9071409702301025	0.0005	0.0005	0.5900590498205096	0.0
411	0.020231445079208925	3.3939110624918443	0.24979761028311978		0.9085407257080078	0.0005	0.0005	0.5900590498205096	0.0
412	0.020231445079208925	3.3939110624918443	0.24979761028311978		0.8067197799682617	0.0005	0.0005	0.5900590498205096	0.0
413	0.020231445079208925	3.3939110624918443	0.24979761028311978		0.888070821762085	0.0005	0.0005	0.5900590498205096	0.0
414	0.020231445079208925	3.3939110624918443	0.24979761028311978		0.8935592174530029	0.0005	0.0005	0.5900590498205096	0.0
415	0.020231445079208925	3.3939110624918443	0.24979761028311978		1.216864824295044	0.0005	0.0005	0.5900590498205096	0.0
416	0.020231445079208925	3.3939110624918443	0.24979761028311978		0.9773592948913574	0.0005	0.0005	0.5900590498205096	0.0
417	0.020231445079208925	3.3939110624918443	0.24979761028311978		0.902411699295044	0.0005	0.0005	0.5900590498205096	0.0
418	0.020231445079208925	3.3939110624918443	0.24979761028311978		0.9624559879302979	0.0005	0.0005	0.5900590498205096	0.0
419	0.020231445079208925	3.3939110624918443	0.24979761028311978		1.032977819442749	0.0005	0.0005	0.5900590498205096	0.0
420	0.020231445079208925	3.3939110624918443	0.24979761028311978		0.9034848213195801	0.0005	0.0005	0.5900590498205096	0.0
421	0.020231445079208925	3.3939110624918443	0.24979761028311978		1.0037388801574707	0.0005	0.0005	0.5900590498205096	0.0
422	0.020231445079208925	3.3939110624918443	0.24979761028311978		0.9704127311706543	0.0005	0.0005	0.5900590498205096	0.0
423	0.020231445079208925	3.3939110624918443	0.24979761028311978		1.0129501819610596	0.0005	0.0005	0.5900590498205096	0.0
424	0.020231445079208925	3.3939110624918443	0.24979761028311978		1.00689697265625	0.0005	0.0005	0.5900590498205096	0.0
425	0.020231445079208925	3.3939110624918443	0.24979761028311978		0.9606063365936279	0.0005	0.0005	0.5900590498205096	0.0
426	0.020231445079208925	3.3939110624918443	0.24979761028311978		0.899808406829834	0.0005	0.0005	0.5900590498205096	0.0
427	0.020231445079208925	3.3939110624918443	0.24979761028311978		1.1827867031097412	0.0005	0.0005	0.5900590498205096	0.0
428	0.020231445079208925	3.3939110624918443	0.24979761028311978		0.972907304763794	0.0005	0.0005	0.5900590498205096	0.0
429	0.020231445079208925	3.3939110624918443	0.24979761028311978		0.9260106086730957	0.0005	0.0005	0.5900590498205096	0.0
430	0.020231445079208925	3.3939110624918443	0.24979761028311978		1.0185096263885498	0.0005	0.0005	0.5900590498205096	0.0
431	0.020231445079208925	3.3939110624918443	0.24979761028311978		0.944249153137207	0.0005	0.0005	0.5900590498205096	0.0
432	0.020231445079208925	3.3939110624918443	0.24979761028311978		0.873042106628418	0.0005	0.0005	0.5900590498205096	0.0
433	0.020231445079208925	3.3939110624918443	0.24979761028311978		1.0003204345703125	0.0005	0.0005	0.5900590498205096	0.0
434	0.020231445079208925	3.3939110624918443	0.24979761028311978		0.9132490158081055	0.0005	0.0005	0.5900590498205096	0.0
435	0.020231445079208925	3.3939110624918443	0.24979761028311978		1.2019741535186768	0.0005	0.0005	0.5900590498205096	0.0
436	0.020231445079208925	3.3939110624918443	0.24979761028311978		1.1088898181915283	0.0005	0.0005	0.5900590498205096	0.0
437	0.020231445079208925	3.3939110624918443	0.24979761028311978		1.0700581073760986	0.0005	0.0005	0.5900590498205096	0.0
438	0.020231445079208925	3.3939110624918443	0.24979761028311978		0.9508631229400635	0.0005	0.0005	0.5900590498205096	0.0
439	0.020231445079208925	3.3939110624918443	0.24979761028311978		1.0638649463653564	0.0005	0.0005	0.5900590498205096	0.0
440	0.020231445079208925	3.3939110624918443	0.24979761028311978		0.9691412448883057	0.0005	0.0005	0.5900590498205096	0.0
441	0.020231445079208925	3.3939110624918443	0.24979761028311978		0.8974959850311279	0.0005	0.0005	0.5900590498205096	0.0
442	0.020231445079208925	3.3939110624918443	0.24979761028311978		0.8818871974945068	0.0005	0.0005	0.5900590498205096	0.0
443	0.020231445079208925	3.3939110624918443	0.24979761028311978		0.8895087242126465	0.0005	0.0005	0.5900590498205096	0.0
444	0.020231445079208925	3.3939110624918443	0.24979761028311978		0.9085493087768555	0.0005	0.0005	0.5900590498205096	0.0
445	0.020231445079208925	3.3939110624918443	0.24979761028311978		1.0985922813415527	0.0005	0.0005	0.5900590498205096	0.0
446	0.020231445079208925	3.3939110624918443	0.24979761028311978		0.9635436534881592	0.0005	0.0005	0.5900590498205096	0.0
447	0.020231445079208925	3.3939110624918443	0.24979761028311978		0.905024528503418	0.0005	0.0005	0.5900590498205096	0.0
448	0.020231445079208925	3.3939110624918443	0.24979761028311978		0.9047689437866211	0.0005	0.0005	0.5900590498205096	0.0
449	0.020231445079208925	3.3939110624918443	0.24979761028311978		0.9128553867340088	0.0005	0.0005	0.5900590498205096	0.0
450	0.020231445079208925	3.3939110624918443	0.24979761028311978		1.031609058380127	0.0005	0.0005	0.5900590498205096	0.0
451	0.020231445079208925	3.3939110624918443	0.24979761028311978		1.0957674980163574	0.0005	0.0005	0.5900590498205096	0.0
452	0.020231445079208925	3.3939110624918443	0.24979761028311978		0.7952663898468018	0.0005	0.0005	0.5900590498205096	0.0
453	0.020231445079208925	3.3939110624918443	0.24979761028311978		0.9018445014953613	0.0005	0.0005	0.5900590498205096	0.0
454	0.020231445079208925	3.3939110624918443	0.24979761028311978		1.0332221984863281	0.0005	0.0005	0.5900590498205096	0.0
455	0.020231445079208925	3.3939110624918443	0.24979761028311978		0.9544298648834229	0.0005	0.0005	0.5900590498205096	0.0
456	0.020231445079208925	3.3939110624918443	0.24979761028311978		1.0033295154571533	0.0005	0.0005	0.5900590498205096	0.0
457	0.020231445079208925	3.3939110624918443	0.24979761028311978		1.0431137084960938	0.0005	0.0005	0.5900590498205096	0.0
458	0.020231445079208925	3.3939110624918443	0.24979761028311978		0.8949813842773438	0.0005	0.0005	0.5900590498205096	0.0
459	0.020231445079208925	3.3939110624918443	0.24979761028311978		0.8947329521179199	0.0005	0.0005	0.5900590498205096	0.0
460	0.020231445079208925	3.3939110624918443	0.24979761028311978		0.9775707721710205	0.0005	0.0005	0.5900590498205096	0.0
461	0.020231445079208925	3.3939110624918443	0.24979761028311978		0.9409399032592773	0.0005	0.0005	0.5900590498205096	0.0
462	0.020231445079208925	3.3939110624918443	0.24979761028311978		1.161510705947876	0.0005	0.0005	0.5900590498205096	0.0
463	0.020231445079208925	3.3939110624918443	0.24979761028311978		1.0130181312561035	0.0005	0.0005	0.5900590498205096	0.0
464	0.020231445079208925	3.3939110624918443	0.24979761028311978		1.042313814163208	0.0005	0.0005	0.5900590498205096	0.0
465	0.020231445079208925	3.3939110624918443	0.24979761028311978		1.0112133026123047	0.0005	0.0005	0.5900590498205096	0.0
466	0.020231445079208925	3.3939110624918443	0.24979761028311978		0.936192512512207	0.0005	0.0005	0.5900590498205096	0.0
467	0.020231445079208925	3.3939110624918443	0.24979761028311978		0.9579448699951172	0.0005	0.0005	0.5900590498205096	0.0
468	0.020231445079208925	3.3939110624918443	0.24979761028311978		1.2864346504211426	0.0005	0.0005	0.5900590498205096	0.0
469	0.020231445079208925	3.3939110624918443	0.24979761028311978		1.0635285377502441	0.0005	0.0005	0.5900590498205096	0.0
470	0.020231445079208925	3.3939110624918443	0.24979761028311978		1.0878326892852783	0.0005	0.0005	0.5900590498205096	0.0
471	0.020231445079208925	3.3939110624918443	0.24979761028311978		0.8918373584747314	0.0005	0.0005	0.5900590498205096	0.0
472	0.020231445079208925	3.3939110624918443	0.24979761028311978		0.8852674961090088	0.0005	0.0005	0.5900590498205096	0.0
473	0.020231445079208925	3.3939110624918443	0.24979761028311978		0.900409460067749	0.0005	0.0005	0.5900590498205096	0.0
474	0.020231445079208925	3.3939110624918443	0.24979761028311978		0.9258880615234375	0.0005	0.0005	0.5900590498205096	0.0
475	0.020231445079208925	3.3939110624918443	0.24979761028311978		0.8917324542999268	0.0005	0.0005	0.5900590498205096	0.0
476	0.020231445079208925	3.3939110624918443	0.24979761028311978		0.8972616195678711	0.0005	0.0005	0.5900590498205096	0.0
477	0.020231445079208925	3.3939110624918443	0.24979761028311978		0.8867058753967285	0.0005	0.0005	0.5900590498205096	0.0
478	0.020231445079208925	3.3939110624918443	0.24979761028311978		0.8898711204528809	0.0005	0.0005	0.5900590498205096	0.0
479	0.020231445079208925	3.3939110624918443	0.24979761028311978		0.7956390380859375	0.0005	0.0005	0.5900590498205096	0.0
480	0.020231445079208925	3.3939110624918443	0.24979761028311978		0.9199461936950684	0.0005	0.0005	0.5900590498205096	0.0
481	0.020231445079208925	3.3939110624918443	0.24979761028311978		0.88002610206604	0.0005	0.0005	0.5900590498205096	0.0
482	0.020231445079208925	3.3939110624918443	0.24979761028311978		0.9182603359222412	0.0005	0.0005	0.5900590498205096	0.0
483	0.020231445079208925	3.3939110624918443	0.24979761028311978		0.8871612548828125	0.0005	0.0005	0.5900590498205096	0.0
484	0.020231445079208925	3.3939110624918443	0.24979761028311978		0.7891190052032471	0.0005	0.0005	0.5900590498205096	0.0
485	0.020231445079208925	3.3939110624918443	0.24979761028311978		0.789243221282959	0.0005	0.0005	0.5900590498205096	0.0
486	0.020231445079208925	3.3939110624918443	0.24979761028311978		0.788884162902832	0.0005	0.0005	0.5900590498205096	0.0
487	0.020231445079208925	3.3939110624918443	0.24979761028311978		0.9759726524353027	0.0005	0.0005	0.5900590498205096	0.0
488	0.020231445079208925	3.3939110624918443	0.24979761028311978		0.7985019683837891	0.0005	0.0005	0.5900590498205096	0.0
489	0.020231445079208925	3.3939110624918443	0.24979761028311978		0.7779858112335205	0.0005	0.0005	0.5900590498205096	0.0
490	0.020231445079208925	3.3939110624918443	0.24979761028311978		0.771540641784668	0.0005	0.0005	0.5900590498205096	0.0
491	0.020231445079208925	3.3939110624918443	0.24979761028311978		0.8836848735809326	0.0005	0.0005	0.5900590498205096	0.0
492	0.020231445079208925	3.3939110624918443	0.24979761028311978		0.7778785228729248	0.0005	0.0005	0.5900590498205096	0.0
493	0.020231445079208925	3.3939110624918443	0.24979761028311978		0.9490213394165039	0.0005	0.0005	0.5900590498205096	0.0
494	0.020231445079208925	3.3939110624918443	0.24979761028311978		0.8983190059661865	0.0005	0.0005	0.5900590498205096	0.0
495	0.020231445079208925	3.3939110624918443	0.24979761028311978		0.7950959205627441	0.0005	0.0005	0.5900590498205096	0.0
496	0.020231445079208925	3.3939110624918443	0.24979761028311978		0.770164966583252	0.0005	0.0005	0.5900590498205096	0.0
497	0.020231445079208925	3.3939110624918443	0.24979761028311978		0.7879631519317627	0.0005	0.0005	0.5900590498205096	0.0
498	0.020231445079208925	3.3939110624918443	0.24979761028311978		0.7848243713378906	0.0005	0.0005	0.5900590498205096	0.0
499	0.020231445079208925	3.3939110624918443	0.24979761028311978		0.8806188106536865	0.0005	0.0005	0.5900590498205096	0.0
500	0.020231445079208925	3.3939110624918443	0.24979761028311978		0.9294788837432861	0.0005	0.0005	0.5900590498205096	0.0
501	0.020231445079208925	3.3939110624918443	0.24979761028311978		0.7870824337005615	0.0005	0.0005	0.5900590498205096	0.0
502	0.020231445079208925	3.3939110624918443	0.24979761028311978		0.8924832344055176	0.0005	0.0005	0.5900590498205096	0.0
503	0.020231445079208925	3.3939110624918443	0.24979761028311978		0.7840945720672607	0.0005	0.0005	0.5900590498205096	0.0
504	0.020231445079208925	3.3939110624918443	0.24979761028311978		0.8751449584960938	0.0005	0.0005	0.5900590498205096	0.0
505	0.020231445079208925	3.3939110624918443	0.24979761028311978		0.8703014850616455	0.0005	0.0005	0.5900590498205096	0.0
506	0.020231445079208925	3.3939110624918443	0.24979761028311978		0.7943804264068604	0.0005	0.0005	0.5900590498205096	0.0
507	0.020231445079208925	3.3939110624918443	0.24979761028311978		0.9312071800231934	0.0005	0.0005	0.5900590498205096	0.0
508	0.020231445079208925	3.3939110624918443	0.24979761028311978		0.7757139205932617	0.0005	0.0005	0.5900590498205096	0.0
509	0.020231445079208925	3.3939110624918443	0.24979761028311978		0.8985481262207031	0.0005	0.0005	0.5900590498205096	0.0
510	0.020231445079208925	3.3939110624918443	0.24979761028311978		0.7755138874053955	0.0005	0.0005	0.5900590498205096	0.0
511	0.020231445079208925	3.3939110624918443	0.24979761028311978		0.9041528701782227	0.0005	0.0005	0.5900590498205096	0.0
512	0.020231445079208925	3.3939110624918443	0.24979761028311978		0.9002971649169922	0.0005	0.0005	0.5900590498205096	0.0
513	0.020231445079208925	3.3939110624918443	0.24979761028311978		0.9554252624511719	0.0005	0.0005	0.5900590498205096	0.0
514	0.020231445079208925	3.3939110624918443	0.24979761028311978		0.7999234199523926	0.0005	0.0005	0.5900590498205096	0.0
515	0.020231445079208925	3.3939110624918443	0.24979761028311978		0.8779091835021973	0.0005	0.0005	0.5900590498205096	0.0
516	0.020231445079208925	3.3939110624918443	0.24979761028311978		0.787318229675293	0.0005	0.0005	0.5900590498205096	0.0
517	0.020231445079208925	3.3939110624918443	0.24979761028311978		0.7892744541168213	0.0005	0.0005	0.5900590498205096	0.0
518	0.020231445079208925	3.3939110624918443	0.24979761028311978		0.7778060436248779	0.0005	0.0005	0.5900590498205096	0.0
519	0.020231445079208925	3.3939110624918443	0.24979761028311978		0.9007053375244141	0.0005	0.0005	0.5900590498205096	0.0
520	0.020231445079208925	3.3939110624918443	0.24979761028311978		0.8988566398620605	0.0005	0.0005	0.5900590498205096	0.0
521	0.020231445079208925	3.3939110624918443	0.24979761028311978		0.9008538722991943	0.0005	0.0005	0.5900590498205096	0.0
522	0.020231445079208925	3.3939110624918443	0.24979761028311978		0.7947735786437988	0.0005	0.0005	0.5900590498205096	0.0
523	0.020231445079208925	3.3939110624918443	0.24979761028311978		0.8979616165161133	0.0005	0.0005	0.5900590498205096	0.0
524	0.020231445079208925	3.3939110624918443	0.24979761028311978		0.7814598083496094	0.0005	0.0005	0.5900590498205096	0.0
525	0.020231445079208925	3.3939110624918443	0.24979761028311978		0.8984031677246094	0.0005	0.0005	0.5900590498205096	0.0
526	0.020231445079208925	3.3939110624918443	0.24979761028311978		0.9015142917633057	0.0005	0.0005	0.5900590498205096	0.0
527	0.020231445079208925	3.3939110624918443	0.24979761028311978		0.8345122337341309	0.0005	0.0005	0.5900590498205096	0.0
528	0.020231445079208925	3.3939110624918443	0.24979761028311978		0.8871519565582275	0.0005	0.0005	0.5900590498205096	0.0
529	0.020231445079208925	3.3939110624918443	0.24979761028311978		0.8973617553710938	0.0005	0.0005	0.5900590498205096	0.0
530	0.020231445079208925	3.3939110624918443	0.24979761028311978		0.7720296382904053	0.0005	0.0005	0.5900590498205096	0.0
531	0.020231445079208925	3.3939110624918443	0.24979761028311978		0.8948452472686768	0.0005	0.0005	0.5900590498205096	0.0
532	0.020231445079208925	3.3939110624918443	0.24979761028311978		0.8905861377716064	0.0005	0.0005	0.5900590498205096	0.0
533	0.020231445079208925	3.3939110624918443	0.24979761028311978		0.939368724822998	0.0005	0.0005	0.5900590498205096	0.0
534	0.020231445079208925	3.3939110624918443	0.24979761028311978		0.790395975112915	0.0005	0.0005	0.5900590498205096	0.0
535	0.020231445079208925	3.3939110624918443	0.24979761028311978		0.873953104019165	0.0005	0.0005	0.5900590498205096	0.0
536	0.020231445079208925	3.3939110624918443	0.24979761028311978		0.7905919551849365	0.0005	0.0005	0.5900590498205096	0.0
537	0.020231445079208925	3.3939110624918443	0.24979761028311978		0.7582404613494873	0.0005	0.0005	0.5900590498205096	0.0
538	0.020231445079208925	3.3939110624918443	0.24979761028311978		0.9043047428131104	0.0005	0.0005	0.5900590498205096	0.0
539	0.020231445079208925	3.3939110624918443	0.24979761028311978		0.7912704944610596	0.0005	0.0005	0.5900590498205096	0.0
540	0.020231445079208925	3.3939110624918443	0.24979761028311978		0.9504408836364746	0.0005	0.0005	0.5900590498205096	0.0
541	0.020231445079208925	3.3939110624918443	0.24979761028311978		0.8833613395690918	0.0005	0.0005	0.5900590498205096	0.0
542	0.020231445079208925	3.3939110624918443	0.24979761028311978		0.8866801261901855	0.0005	0.0005	0.5900590498205096	0.0
543	0.020231445079208925	3.3939110624918443	0.24979761028311978		0.8953030109405518	0.0005	0.0005	0.5900590498205096	0.0
544	0.020231445079208925	3.3939110624918443	0.24979761028311978		0.7866764068603516	0.0005	0.0005	0.5900590498205096	0.0
545	0.020231445079208925	3.3939110624918443	0.24979761028311978		0.8791396617889404	0.0005	0.0005	0.5900590498205096	0.0
546	0.020231445079208925	3.3939110624918443	0.24979761028311978		0.9224526882171631	0.0005	0.0005	0.5900590498205096	0.0
547	0.020231445079208925	3.3939110624918443	0.24979761028311978		0.7851033210754395	0.0005	0.0005	0.5900590498205096	0.0
548	0.020231445079208925	3.3939110624918443	0.24979761028311978		0.7821636199951172	0.0005	0.0005	0.5900590498205096	0.0
549	0.020231445079208925	3.3939110624918443	0.24979761028311978		0.7735707759857178	0.0005	0.0005	0.5900590498205096	0.0
550	0.020231445079208925	3.3939110624918443	0.24979761028311978		0.9023396968841553	0.0005	0.0005	0.5900590498205096	0.0
551	0.020231445079208925	3.3939110624918443	0.24979761028311978		0.8934237957000732	0.0005	0.0005	0.5900590498205096	0.0
552	0.020231445079208925	3.3939110624918443	0.24979761028311978		0.7847139835357666	0.0005	0.0005	0.5900590498205096	0.0
553	0.020231445079208925	3.3939110624918443	0.24979761028311978		0.8905892372131348	0.0005	0.0005	0.5900590498205096	0.0
554	0.020231445079208925	3.3939110624918443	0.24979761028311978		0.7942478656768799	0.0005	0.0005	0.5900590498205096	0.0
555	0.020231445079208925	3.3939110624918443	0.24979761028311978		0.7911176681518555	0.0005	0.0005	0.5900590498205096	0.0
556	0.020231445079208925	3.3939110624918443	0.24979761028311978		0.7793371677398682	0.0005	0.0005	0.5900590498205096	0.0
557	0.020231445079208925	3.3939110624918443	0.24979761028311978		0.7872703075408936	0.0005	0.0005	0.5900590498205096	0.0
558	0.020231445079208925	3.3939110624918443	0.24979761028311978		0.7827599048614502	0.0005	0.0005	0.5900590498205096	0.0
559	0.020231445079208925	3.3939110624918443	0.24979761028311978		0.7821207046508789	0.0005	0.0005	0.5900590498205096	0.0
560	0.020231445079208925	3.3939110624918443	0.24979761028311978		0.8398425579071045	0.0005	0.0005	0.5900590498205096	0.0
561	0.020231445079208925	3.3939110624918443	0.24979761028311978		0.8879976272583008	0.0005	0.0005	0.5900590498205096	0.0
562	0.020231445079208925	3.3939110624918443	0.24979761028311978		0.8924472332000732	0.0005	0.0005	0.5900590498205096	0.0
563	0.020231445079208925	3.3939110624918443	0.24979761028311978		0.7687864303588867	0.0005	0.0005	0.5900590498205096	0.0
564	0.020231445079208925	3.3939110624918443	0.24979761028311978		0.889951229095459	0.0005	0.0005	0.5900590498205096	0.0
565	0.020231445079208925	3.3939110624918443	0.24979761028311978		0.7760968208312988	0.0005	0.0005	0.5900590498205096	0.0
566	0.020231445079208925	3.3939110624918443	0.24979761028311978		0.8961849212646484	0.0005	0.0005	0.5900590498205096	0.0
567	0.020231445079208925	3.3939110624918443	0.24979761028311978		0.9593949317932129	0.0005	0.0005	0.5900590498205096	0.0
568	0.020231445079208925	3.3939110624918443	0.24979761028311978		0.8851542472839355	0.0005	0.0005	0.5900590498205096	0.0
569	0.020231445079208925	3.3939110624918443	0.24979761028311978		0.8907465934753418	0.0005	0.0005	0.5900590498205096	0.0
570	0.020231445079208925	3.3939110624918443	0.24979761028311978		0.7911083698272705	0.0005	0.0005	0.5900590498205096	0.0
571	0.020231445079208925	3.3939110624918443	0.24979761028311978		0.8068594932556152	0.0005	0.0005	0.5900590498205096	0.0
572	0.020231445079208925	3.3939110624918443	0.24979761028311978		0.8769285678863525	0.0005	0.0005	0.5900590498205096	0.0
573	0.020231445079208925	3.3939110624918443	0.24979761028311978		0.9649441242218018	0.0005	0.0005	0.5900590498205096	0.0
574	0.020231445079208925	3.3939110624918443	0.24979761028311978		0.7975177764892578	0.0005	0.0005	0.5900590498205096	0.0
575	0.020231445079208925	3.3939110624918443	0.24979761028311978		0.7783191204071045	0.0005	0.0005	0.5900590498205096	0.0
576	0.020231445079208925	3.3939110624918443	0.24979761028311978		0.8905248641967773	0.0005	0.0005	0.5900590498205096	0.0
577	0.020231445079208925	3.3939110624918443	0.24979761028311978		0.8062703609466553	0.0005	0.0005	0.5900590498205096	0.0
578	0.020231445079208925	3.3939110624918443	0.24979761028311978		0.7827091217041016	0.0005	0.0005	0.5900590498205096	0.0
579	0.020231445079208925	3.3939110624918443	0.24979761028311978		0.8930690288543701	0.0005	0.0005	0.5900590498205096	0.0
580	0.020231445079208925	3.3939110624918443	0.24979761028311978		0.9207491874694824	0.0005	0.0005	0.5900590498205096	0.0
581	0.020231445079208925	3.3939110624918443	0.24979761028311978		0.8002910614013672	0.0005	0.0005	0.5900590498205096	0.0
582	0.020231445079208925	3.3939110624918443	0.24979761028311978		0.7921171188354492	0.0005	0.0005	0.5900590498205096	0.0
583	0.020231445079208925	3.3939110624918443	0.24979761028311978		0.7792866230010986	0.0005	0.0005	0.5900590498205096	0.0
584	0.020231445079208925	3.3939110624918443	0.24979761028311978		0.8823401927947998	0.0005	0.0005	0.5900590498205096	0.0
585	0.020231445079208925	3.3939110624918443	0.24979761028311978		0.8039994239807129	0.0005	0.0005	0.5900590498205096	0.0
586	0.020231445079208925	3.3939110624918443	0.24979761028311978		0.8963654041290283	0.0005	0.0005	0.5900590498205096	0.0
587	0.020231445079208925	3.3939110624918443	0.24979761028311978		0.9357743263244629	0.0005	0.0005	0.5900590498205096	0.0
588	0.020231445079208925	3.3939110624918443	0.24979761028311978		0.8714830875396729	0.0005	0.0005	0.5900590498205096	0.0
589	0.020231445079208925	3.3939110624918443	0.24979761028311978		0.7908427715301514	0.0005	0.0005	0.5900590498205096	0.0
590	0.020231445079208925	3.3939110624918443	0.24979761028311978		0.7718384265899658	0.0005	0.0005	0.5900590498205096	0.0
591	0.020231445079208925	3.3939110624918443	0.24979761028311978		0.8843584060668945	0.0005	0.0005	0.5900590498205096	0.0
592	0.020231445079208925	3.3939110624918443	0.24979761028311978		0.8825750350952148	0.0005	0.0005	0.5900590498205096	0.0
593	0.020231445079208925	3.3939110624918443	0.24979761028311978		1.0388188362121582	0.0005	0.0005	0.5900590498205096	0.0
594	0.020231445079208925	3.3939110624918443	0.24979761028311978		0.8820648193359375	0.0005	0.0005	0.5900590498205096	0.0
595	0.020231445079208925	3.3939110624918443	0.24979761028311978		0.8885183334350586	0.0005	0.0005	0.5900590498205096	0.0
596	0.020231445079208925	3.3939110624918443	0.24979761028311978		0.8945367336273193	0.0005	0.0005	0.5900590498205096	0.0
597	0.020231445079208925	3.3939110624918443	0.24979761028311978		0.8847930431365967	0.0005	0.0005	0.5900590498205096	0.0
598	0.020231445079208925	3.3939110624918443	0.24979761028311978		0.894932746887207	0.0005	0.0005	0.5900590498205096	0.0
599	0.020231445079208925	3.3939110624918443	0.24979761028311978		0.945528507232666	0.0005	0.0005	0.5900590498205096	0.0
600	0.020231445079208925	3.3939110624918443	0.24979761028311978		0.8999829292297363	0.0005	0.0005	0.5900590498205096	0.0
601	0.020231445079208925	3.3939110624918443	0.24979761028311978		0.8755745887756348	0.0005	0.0005	0.5900590498205096	0.0
602	0.020231445079208925	3.3939110624918443	0.24979761028311978		0.8946387767791748	0.0005	0.0005	0.5900590498205096	0.0
603	0.020231445079208925	3.3939110624918443	0.24979761028311978		0.7805931568145752	0.0005	0.0005	0.5900590498205096	0.0
604	0.020231445079208925	3.3939110624918443	0.24979761028311978		0.8826189041137695	0.0005	0.0005	0.5900590498205096	0.0
605	0.020231445079208925	3.3939110624918443	0.24979761028311978		0.9109330177307129	0.0005	0.0005	0.5900590498205096	0.0
606	0.020231445079208925	3.3939110624918443	0.24979761028311978		1.0871357917785645	0.0005	0.0005	0.5900590498205096	0.0
607	0.020231445079208925	3.3939110624918443	0.24979761028311978		0.785832405090332	0.0005	0.0005	0.5900590498205096	0.0
608	0.020231445079208925	3.3939110624918443	0.24979761028311978		0.8881540298461914	0.0005	0.0005	0.5900590498205096	0.0
609	0.020231445079208925	3.3939110624918443	0.24979761028311978		0.7851037979125977	0.0005	0.0005	0.5900590498205096	0.0
610	0.020231445079208925	3.3939110624918443	0.24979761028311978		0.8989884853363037	0.0005	0.0005	0.5900590498205096	0.0
611	0.020231445079208925	3.3939110624918443	0.24979761028311978		0.8932180404663086	0.0005	0.0005	0.5900590498205096	0.0
612	0.020231445079208925	3.3939110624918443	0.24979761028311978		1.0208532810211182	0.0005	0.0005	0.5900590498205096	0.0
613	0.020231445079208925	3.3939110624918443	0.24979761028311978		0.7837069034576416	0.0005	0.0005	0.5900590498205096	0.0
614	0.020231445079208925	3.3939110624918443	0.24979761028311978		0.7769684791564941	0.0005	0.0005	0.5900590498205096	0.0
615	0.020231445079208925	3.3939110624918443	0.24979761028311978		0.8987381458282471	0.0005	0.0005	0.5900590498205096	0.0
616	0.020231445079208925	3.3939110624918443	0.24979761028311978		0.8824441432952881	0.0005	0.0005	0.5900590498205096	0.0
617	0.020231445079208925	3.3939110624918443	0.24979761028311978		0.784672737121582	0.0005	0.0005	0.5900590498205096	0.0
618	0.020231445079208925	3.3939110624918443	0.24979761028311978		0.7955777645111084	0.0005	0.0005	0.5900590498205096	0.0
619	0.020231445079208925	3.3939110624918443	0.24979761028311978		0.8843646049499512	0.0005	0.0005	0.5900590498205096	0.0
620	0.020231445079208925	3.3939110624918443	0.24979761028311978		0.8959331512451172	0.0005	0.0005	0.5900590498205096	0.0
621	0.020231445079208925	3.3939110624918443	0.24979761028311978		0.8573200702667236	0.0005	0.0005	0.5900590498205096	0.0
622	0.020231445079208925	3.3939110624918443	0.24979761028311978		0.9015870094299316	0.0005	0.0005	0.5900590498205096	0.0
623	0.020231445079208925	3.3939110624918443	0.24979761028311978		0.8865499496459961	0.0005	0.0005	0.5900590498205096	0.0
624	0.020231445079208925	3.3939110624918443	0.24979761028311978		0.8928525447845459	0.0005	0.0005	0.5900590498205096	0.0
625	0.020231445079208925	3.3939110624918443	0.24979761028311978		0.9221255779266357	0.0005	0.0005	0.5900590498205096	0.0
626	0.020231445079208925	3.3939110624918443	0.24979761028311978		0.9251792430877686	0.0005	0.0005	0.5900590498205096	0.0
627	0.020231445079208925	3.3939110624918443	0.24979761028311978		0.790142297744751	0.0005	0.0005	0.5900590498205096	0.0
628	0.020231445079208925	3.3939110624918443	0.24979761028311978		0.8714478015899658	0.0005	0.0005	0.5900590498205096	0.0
629	0.020231445079208925	3.3939110624918443	0.24979761028311978		0.7894821166992188	0.0005	0.0005	0.5900590498205096	0.0
630	0.020231445079208925	3.3939110624918443	0.24979761028311978		0.7831707000732422	0.0005	0.0005	0.5900590498205096	0.0
631	0.020231445079208925	3.3939110624918443	0.24979761028311978		0.8949038982391357	0.0005	0.0005	0.5900590498205096	0.0
632	0.020231445079208925	3.3939110624918443	0.24979761028311978		0.9106407165527344	0.0005	0.0005	0.5900590498205096	0.0
633	0.020231445079208925	3.3939110624918443	0.24979761028311978		0.8847904205322266	0.0005	0.0005	0.5900590498205096	0.0
634	0.020231445079208925	3.3939110624918443	0.24979761028311978		0.773247480392456	0.0005	0.0005	0.5900590498205096	0.0
635	0.020231445079208925	3.3939110624918443	0.24979761028311978		0.8699393272399902	0.0005	0.0005	0.5900590498205096	0.0
636	0.020231445079208925	3.3939110624918443	0.24979761028311978		0.8983550071716309	0.0005	0.0005	0.5900590498205096	0.0
637	0.020231445079208925	3.3939110624918443	0.24979761028311978		0.7758100032806396	0.0005	0.0005	0.5900590498205096	0.0
638	0.020231445079208925	3.3939110624918443	0.24979761028311978		0.9344244003295898	0.0005	0.0005	0.5900590498205096	0.0
639	0.020231445079208925	3.3939110624918443	0.24979761028311978		0.7870099544525146	0.0005	0.0005	0.5900590498205096	0.0
640	0.020231445079208925	3.3939110624918443	0.24979761028311978		0.7785301208496094	0.0005	0.0005	0.5900590498205096	0.0
641	0.020231445079208925	3.3939110624918443	0.24979761028311978		0.8924000263214111	0.0005	0.0005	0.5900590498205096	0.0
642	0.020231445079208925	3.3939110624918443	0.24979761028311978		0.8856658935546875	0.0005	0.0005	0.5900590498205096	0.0
643	0.020231445079208925	3.3939110624918443	0.24979761028311978		0.8822731971740723	0.0005	0.0005	0.5900590498205096	0.0
644	0.020231445079208925	3.3939110624918443	0.24979761028311978		0.8982853889465332	0.0005	0.0005	0.5900590498205096	0.0
645	0.020231445079208925	3.3939110624918443	0.24979761028311978		0.9373795986175537	0.0005	0.0005	0.5900590498205096	0.0
646	0.020231445079208925	3.3939110624918443	0.24979761028311978		0.891730546951294	0.0005	0.0005	0.5900590498205096	0.0
647	0.020231445079208925	3.3939110624918443	0.24979761028311978		0.8856608867645264	0.0005	0.0005	0.5900590498205096	0.0
648	0.020231445079208925	3.3939110624918443	0.24979761028311978		0.8977272510528564	0.0005	0.0005	0.5900590498205096	0.0
649	0.020231445079208925	3.3939110624918443	0.24979761028311978		0.7804186344146729	0.0005	0.0005	0.5900590498205096	0.0
650	0.020231445079208925	3.3939110624918443	0.24979761028311978		0.9033329486846924	0.0005	0.0005	0.5900590498205096	0.0
651	0.020231445079208925	3.3939110624918443	0.24979761028311978		0.9079129695892334	0.0005	0.0005	0.5900590498205096	0.0
652	0.020231445079208925	3.3939110624918443	0.24979761028311978		0.8352923393249512	0.0005	0.0005	0.5900590498205096	0.0
653	0.020231445079208925	3.3939110624918443	0.24979761028311978		0.88675856590271	0.0005	0.0005	0.5900590498205096	0.0
654	0.020231445079208925	3.3939110624918443	0.24979761028311978		0.7714118957519531	0.0005	0.0005	0.5900590498205096	0.0
655	0.020231445079208925	3.3939110624918443	0.24979761028311978		0.895392894744873	0.0005	0.0005	0.5900590498205096	0.0
656	0.020231445079208925	3.3939110624918443	0.24979761028311978		0.7929189205169678	0.0005	0.0005	0.5900590498205096	0.0
657	0.020231445079208925	3.3939110624918443	0.24979761028311978		0.903864860534668	0.0005	0.0005	0.5900590498205096	0.0
658	0.020231445079208925	3.3939110624918443	0.24979761028311978		0.9489953517913818	0.0005	0.0005	0.5900590498205096	0.0
659	0.020231445079208925	3.3939110624918443	0.24979761028311978		0.8911573886871338	0.0005	0.0005	0.5900590498205096	0.0
660	0.020231445079208925	3.3939110624918443	0.24979761028311978		0.7511367797851562	0.0005	0.0005	0.5900590498205096	0.0
661	0.020231445079208925	3.3939110624918443	0.24979761028311978		0.9038066864013672	0.0005	0.0005	0.5900590498205096	0.0
662	0.020231445079208925	3.3939110624918443	0.24979761028311978		0.8896822929382324	0.0005	0.0005	0.5900590498205096	0.0
663	0.020231445079208925	3.3939110624918443	0.24979761028311978		0.8930485248565674	0.0005	0.0005	0.5900590498205096	0.0
664	0.020231445079208925	3.3939110624918443	0.24979761028311978		0.8887712955474854	0.0005	0.0005	0.5900590498205096	0.0
665	0.020231445079208925	3.3939110624918443	0.24979761028311978		0.9415602684020996	0.0005	0.0005	0.5900590498205096	0.0
666	0.020231445079208925	3.3939110624918443	0.24979761028311978		0.9174656867980957	0.0005	0.0005	0.5900590498205096	0.0
667	0.020231445079208925	3.3939110624918443	0.24979761028311978		0.9184415340423584	0.0005	0.0005	0.5900590498205096	0.0
668	0.020231445079208925	3.3939110624918443	0.24979761028311978		1.0369787216186523	0.0005	0.0005	0.5900590498205096	0.0
669	0.020231445079208925	3.3939110624918443	0.24979761028311978		0.7928886413574219	0.0005	0.0005	0.5900590498205096	0.0
670	0.020231445079208925	3.3939110624918443	0.24979761028311978		0.7647285461425781	0.0005	0.0005	0.5900590498205096	0.0
671	0.020231445079208925	3.3939110624918443	0.24979761028311978		0.938241720199585	0.0005	0.0005	0.5900590498205096	0.0
672	0.020231445079208925	3.3939110624918443	0.24979761028311978		0.7839581966400146	0.0005	0.0005	0.5900590498205096	0.0
673	0.020231445079208925	3.3939110624918443	0.24979761028311978		0.7985517978668213	0.0005	0.0005	0.5900590498205096	0.0
674	0.020231445079208925	3.3939110624918443	0.24979761028311978		0.7805497646331787	0.0005	0.0005	0.5900590498205096	0.0
675	0.020231445079208925	3.3939110624918443	0.24979761028311978		0.78835129737854	0.0005	0.0005	0.5900590498205096	0.0
676	0.020231445079208925	3.3939110624918443	0.24979761028311978		0.8771321773529053	0.0005	0.0005	0.5900590498205096	0.0
677	0.020231445079208925	3.3939110624918443	0.24979761028311978		0.8945741653442383	0.0005	0.0005	0.5900590498205096	0.0
678	0.020231445079208925	3.3939110624918443	0.24979761028311978		1.00006103515625	0.0005	0.0005	0.5900590498205096	0.0
679	0.020231445079208925	3.3939110624918443	0.24979761028311978		0.7770061492919922	0.0005	0.0005	0.5900590498205096	0.0
680	0.020231445079208925	3.3939110624918443	0.24979761028311978		0.896526575088501	0.0005	0.0005	0.5900590498205096	0.0
681	0.020231445079208925	3.3939110624918443	0.24979761028311978		0.8980815410614014	0.0005	0.0005	0.5900590498205096	0.0
682	0.020231445079208925	3.3939110624918443	0.24979761028311978		0.8988039493560791	0.0005	0.0005	0.5900590498205096	0.0
683	0.020231445079208925	3.3939110624918443	0.24979761028311978		0.8863575458526611	0.0005	0.0005	0.5900590498205096	0.0
684	0.020231445079208925	3.3939110624918443	0.24979761028311978		0.9189212322235107	0.0005	0.0005	0.5900590498205096	0.0
685	0.020231445079208925	3.3939110624918443	0.24979761028311978		0.8823673725128174	0.0005	0.0005	0.5900590498205096	0.0
686	0.020231445079208925	3.3939110624918443	0.24979761028311978		0.8045439720153809	0.0005	0.0005	0.5900590498205096	0.0
687	0.020231445079208925	3.3939110624918443	0.24979761028311978		0.7750277519226074	0.0005	0.0005	0.5900590498205096	0.0
688	0.020231445079208925	3.3939110624918443	0.24979761028311978		0.8942348957061768	0.0005	0.0005	0.5900590498205096	0.0
689	0.020231445079208925	3.3939110624918443	0.24979761028311978		0.801821231842041	0.0005	0.0005	0.5900590498205096	0.0
690	0.020231445079208925	3.3939110624918443	0.24979761028311978		0.9032635688781738	0.0005	0.0005	0.5900590498205096	0.0
691	0.020231445079208925	3.3939110624918443	0.24979761028311978		0.7908430099487305	0.0005	0.0005	0.5900590498205096	0.0
692	0.020231445079208925	3.3939110624918443	0.24979761028311978		0.8837919235229492	0.0005	0.0005	0.5900590498205096	0.0
693	0.020231445079208925	3.3939110624918443	0.24979761028311978		0.7823240756988525	0.0005	0.0005	0.5900590498205096	0.0
694	0.020231445079208925	3.3939110624918443	0.24979761028311978		0.788327693939209	0.0005	0.0005	0.5900590498205096	0.0
695	0.020231445079208925	3.3939110624918443	0.24979761028311978		0.9054250717163086	0.0005	0.0005	0.5900590498205096	0.0
696	0.020231445079208925	3.3939110624918443	0.24979761028311978		0.8817534446716309	0.0005	0.0005	0.5900590498205096	0.0
697	0.020231445079208925	3.3939110624918443	0.24979761028311978		0.9076159000396729	0.0005	0.0005	0.5900590498205096	0.0
698	0.020231445079208925	3.3939110624918443	0.24979761028311978		0.7825727462768555	0.0005	0.0005	0.5900590498205096	0.0
699	0.020231445079208925	3.3939110624918443	0.24979761028311978		0.7796313762664795	0.0005	0.0005	0.5900590498205096	0.0
700	0.020231445079208925	3.3939110624918443	0.24979761028311978		0.8906552791595459	0.0005	0.0005	0.5900590498205096	0.0
701	0.020231445079208925	3.3939110624918443	0.24979761028311978		0.7802939414978027	0.0005	0.0005	0.5900590498205096	0.0
702	0.020231445079208925	3.3939110624918443	0.24979761028311978		0.784076452255249	0.0005	0.0005	0.5900590498205096	0.0
703	0.020231445079208925	3.3939110624918443	0.24979761028311978		0.8940560817718506	0.0005	0.0005	0.5900590498205096	0.0
704	0.020231445079208925	3.3939110624918443	0.24979761028311978		0.9307525157928467	0.0005	0.0005	0.5900590498205096	0.0
705	0.020231445079208925	3.3939110624918443	0.24979761028311978		0.7868378162384033	0.0005	0.0005	0.5900590498205096	0.0
706	0.020231445079208925	3.3939110624918443	0.24979761028311978		0.7725677490234375	0.0005	0.0005	0.5900590498205096	0.0
707	0.020231445079208925	3.3939110624918443	0.24979761028311978		0.888228178024292	0.0005	0.0005	0.5900590498205096	0.0
708	0.020231445079208925	3.3939110624918443	0.24979761028311978		0.7801518440246582	0.0005	0.0005	0.5900590498205096	0.0
709	0.020231445079208925	3.3939110624918443	0.24979761028311978		0.7929189205169678	0.0005	0.0005	0.5900590498205096	0.0
710	0.020231445079208925	3.3939110624918443	0.24979761028311978		0.7760469913482666	0.0005	0.0005	0.5900590498205096	0.0
711	0.020231445079208925	3.3939110624918443	0.24979761028311978		0.9111125469207764	0.0005	0.0005	0.5900590498205096	0.0
712	0.020231445079208925	3.3939110624918443	0.24979761028311978		0.7888846397399902	0.0005	0.0005	0.5900590498205096	0.0
713	0.020231445079208925	3.3939110624918443	0.24979761028311978		0.8927164077758789	0.0005	0.0005	0.5900590498205096	0.0
714	0.020231445079208925	3.3939110624918443	0.24979761028311978		0.8899502754211426	0.0005	0.0005	0.5900590498205096	0.0
715	0.020231445079208925	3.3939110624918443	0.24979761028311978		0.914210319519043	0.0005	0.0005	0.5900590498205096	0.0
716	0.020231445079208925	3.3939110624918443	0.24979761028311978		0.9075498580932617	0.0005	0.0005	0.5900590498205096	0.0
717	0.020231445079208925	3.3939110624918443	0.24979761028311978		0.8421814441680908	0.0005	0.0005	0.5900590498205096	0.0
718	0.020231445079208925	3.3939110624918443	0.24979761028311978		0.9152922630310059	0.0005	0.0005	0.5900590498205096	0.0
719	0.020231445079208925	3.3939110624918443	0.24979761028311978		0.7856159210205078	0.0005	0.0005	0.5900590498205096	0.0
720	0.020231445079208925	3.3939110624918443	0.24979761028311978		0.8937337398529053	0.0005	0.0005	0.5900590498205096	0.0
721	0.020231445079208925	3.3939110624918443	0.24979761028311978		0.8941247463226318	0.0005	0.0005	0.5900590498205096	0.0
722	0.020231445079208925	3.3939110624918443	0.24979761028311978		0.8893182277679443	0.0005	0.0005	0.5900590498205096	0.0
723	0.020231445079208925	3.3939110624918443	0.24979761028311978		0.9037551879882812	0.0005	0.0005	0.5900590498205096	0.0
724	0.020231445079208925	3.3939110624918443	0.24979761028311978		0.928290843963623	0.0005	0.0005	0.5900590498205096	0.0
725	0.020231445079208925	3.3939110624918443	0.24979761028311978		0.7894330024719238	0.0005	0.0005	0.5900590498205096	0.0
726	0.020231445079208925	3.3939110624918443	0.24979761028311978		0.8854646682739258	0.0005	0.0005	0.5900590498205096	0.0
727	0.020231445079208925	3.3939110624918443	0.24979761028311978		0.9025216102600098	0.0005	0.0005	0.5900590498205096	0.0
728	0.020231445079208925	3.3939110624918443	0.24979761028311978		0.7903850078582764	0.0005	0.0005	0.5900590498205096	0.0
729	0.020231445079208925	3.3939110624918443	0.24979761028311978		0.8830928802490234	0.0005	0.0005	0.5900590498205096	0.0
730	0.020231445079208925	3.3939110624918443	0.24979761028311978		0.915590763092041	0.0005	0.0005	0.5900590498205096	0.0
731	0.020231445079208925	3.3939110624918443	0.24979761028311978		0.8047516345977783	0.0005	0.0005	0.5900590498205096	0.0
732	0.020231445079208925	3.3939110624918443	0.24979761028311978		0.7839350700378418	0.0005	0.0005	0.5900590498205096	0.0
733	0.020231445079208925	3.3939110624918443	0.24979761028311978		0.880079984664917	0.0005	0.0005	0.5900590498205096	0.0
734	0.020231445079208925	3.3939110624918443	0.24979761028311978		0.7692995071411133	0.0005	0.0005	0.5900590498205096	0.0
735	0.020231445079208925	3.3939110624918443	0.24979761028311978		0.8834958076477051	0.0005	0.0005	0.5900590498205096	0.0
736	0.020231445079208925	3.3939110624918443	0.24979761028311978		0.8896162509918213	0.0005	0.0005	0.5900590498205096	0.0
737	0.020231445079208925	3.3939110624918443	0.24979761028311978		0.9927921295166016	0.0005	0.0005	0.5900590498205096	0.0
738	0.020231445079208925	3.3939110624918443	0.24979761028311978		0.7663087844848633	0.0005	0.0005	0.5900590498205096	0.0
739	0.020231445079208925	3.3939110624918443	0.24979761028311978		0.8874368667602539	0.0005	0.0005	0.5900590498205096	0.0
740	0.020231445079208925	3.3939110624918443	0.24979761028311978		0.8058855533599854	0.0005	0.0005	0.5900590498205096	0.0
741	0.020231445079208925	3.3939110624918443	0.24979761028311978		0.887291431427002	0.0005	0.0005	0.5900590498205096	0.0
742	0.020231445079208925	3.3939110624918443	0.24979761028311978		0.8971028327941895	0.0005	0.0005	0.5900590498205096	0.0
743	0.020231445079208925	3.3939110624918443	0.24979761028311978		0.7835571765899658	0.0005	0.0005	0.5900590498205096	0.0
744	0.020231445079208925	3.3939110624918443	0.24979761028311978		0.9395599365234375	0.0005	0.0005	0.5900590498205096	0.0
745	0.020231445079208925	3.3939110624918443	0.24979761028311978		0.8944666385650635	0.0005	0.0005	0.5900590498205096	0.0
746	0.020231445079208925	3.3939110624918443	0.24979761028311978		0.7924895286560059	0.0005	0.0005	0.5900590498205096	0.0
747	0.020231445079208925	3.3939110624918443	0.24979761028311978		0.7826004028320312	0.0005	0.0005	0.5900590498205096	0.0
748	0.020231445079208925	3.3939110624918443	0.24979761028311978		0.7786908149719238	0.0005	0.0005	0.5900590498205096	0.0
749	0.020231445079208925	3.3939110624918443	0.24979761028311978		0.7857379913330078	0.0005	0.0005	0.5900590498205096	0.0
750	0.020231445079208925	3.3939110624918443	0.24979761028311978		0.819188117980957	0.0005	0.0005	0.5900590498205096	0.0
751	0.020231445079208925	3.3939110624918443	0.24979761028311978		0.7934439182281494	0.0005	0.0005	0.5900590498205096	0.0
752	0.020231445079208925	3.3939110624918443	0.24979761028311978		0.8917019367218018	0.0005	0.0005	0.5900590498205096	0.0
753	0.020231445079208925	3.3939110624918443	0.24979761028311978		0.7827847003936768	0.0005	0.0005	0.5900590498205096	0.0
754	0.020231445079208925	3.3939110624918443	0.24979761028311978		0.8819434642791748	0.0005	0.0005	0.5900590498205096	0.0
755	0.020231445079208925	3.3939110624918443	0.24979761028311978		0.8850295543670654	0.0005	0.0005	0.5900590498205096	0.0
756	0.020231445079208925	3.3939110624918443	0.24979761028311978		0.8943350315093994	0.0005	0.0005	0.5900590498205096	0.0
757	0.020231445079208925	3.3939110624918443	0.24979761028311978		0.8562395572662354	0.0005	0.0005	0.5900590498205096	0.0
758	0.020231445079208925	3.3939110624918443	0.24979761028311978		0.8892931938171387	0.0005	0.0005	0.5900590498205096	0.0
759	0.020231445079208925	3.3939110624918443	0.24979761028311978		0.7765145301818848	0.0005	0.0005	0.5900590498205096	0.0
760	0.020231445079208925	3.3939110624918443	0.24979761028311978		0.7838830947875977	0.0005	0.0005	0.5900590498205096	0.0
761	0.020231445079208925	3.3939110624918443	0.24979761028311978		0.790428638458252	0.0005	0.0005	0.5900590498205096	0.0
762	0.020231445079208925	3.3939110624918443	0.24979761028311978		0.7786698341369629	0.0005	0.0005	0.5900590498205096	0.0
763	0.020231445079208925	3.3939110624918443	0.24979761028311978		0.7852871417999268	0.0005	0.0005	0.5900590498205096	0.0
764	0.020231445079208925	3.3939110624918443	0.24979761028311978		0.9202589988708496	0.0005	0.0005	0.5900590498205096	0.0
765	0.020231445079208925	3.3939110624918443	0.24979761028311978		0.7808737754821777	0.0005	0.0005	0.5900590498205096	0.0
766	0.020231445079208925	3.3939110624918443	0.24979761028311978		0.7927424907684326	0.0005	0.0005	0.5900590498205096	0.0
767	0.020231445079208925	3.3939110624918443	0.24979761028311978		0.8912408351898193	0.0005	0.0005	0.5900590498205096	0.0
768	0.020231445079208925	3.3939110624918443	0.24979761028311978		0.8809120655059814	0.0005	0.0005	0.5900590498205096	0.0
769	0.020231445079208925	3.3939110624918443	0.24979761028311978		0.7850260734558105	0.0005	0.0005	0.5900590498205096	0.0
770	0.020231445079208925	3.3939110624918443	0.24979761028311978		0.7874941825866699	0.0005	0.0005	0.5900590498205096	0.0
771	0.020231445079208925	3.3939110624918443	0.24979761028311978		0.9157524108886719	0.0005	0.0005	0.5900590498205096	0.0
772	0.020231445079208925	3.3939110624918443	0.24979761028311978		0.7921788692474365	0.0005	0.0005	0.5900590498205096	0.0
773	0.020231445079208925	3.3939110624918443	0.24979761028311978		0.7826924324035645	0.0005	0.0005	0.5900590498205096	0.0
774	0.020231445079208925	3.3939110624918443	0.24979761028311978		0.7776861190795898	0.0005	0.0005	0.5900590498205096	0.0
775	0.020231445079208925	3.3939110624918443	0.24979761028311978		0.7840762138366699	0.0005	0.0005	0.5900590498205096	0.0
776	0.020231445079208925	3.3939110624918443	0.24979761028311978		0.7743241786956787	0.0005	0.0005	0.5900590498205096	0.0
777	0.020231445079208925	3.3939110624918443	0.24979761028311978		0.7870597839355469	0.0005	0.0005	0.5900590498205096	0.0
778	0.020231445079208925	3.3939110624918443	0.24979761028311978		0.9397823810577393	0.0005	0.0005	0.5900590498205096	0.0
779	0.020231445079208925	3.3939110624918443	0.24979761028311978		0.8720138072967529	0.0005	0.0005	0.5900590498205096	0.0
780	0.020231445079208925	3.3939110624918443	0.24979761028311978		0.7819254398345947	0.0005	0.0005	0.5900590498205096	0.0
781	0.020231445079208925	3.3939110624918443	0.24979761028311978		0.8181350231170654	0.0005	0.0005	0.5900590498205096	0.0
782	0.020231445079208925	3.3939110624918443	0.24979761028311978		0.7776565551757812	0.0005	0.0005	0.5900590498205096	0.0
783	0.020231445079208925	3.3939110624918443	0.24979761028311978		0.7818341255187988	0.0005	0.0005	0.5900590498205096	0.0
784	0.020231445079208925	3.3939110624918443	0.24979761028311978		0.7741520404815674	0.0005	0.0005	0.5900590498205096	0.0
785	0.020231445079208925	3.3939110624918443	0.24979761028311978		0.9108016490936279	0.0005	0.0005	0.5900590498205096	0.0
786	0.020231445079208925	3.3939110624918443	0.24979761028311978		0.7939839363098145	0.0005	0.0005	0.5900590498205096	0.0
787	0.020231445079208925	3.3939110624918443	0.24979761028311978		0.8812353610992432	0.0005	0.0005	0.5900590498205096	0.0
788	0.020231445079208925	3.3939110624918443	0.24979761028311978		0.8881378173828125	0.0005	0.0005	0.5900590498205096	0.0
789	0.020231445079208925	3.3939110624918443	0.24979761028311978		0.7792396545410156	0.0005	0.0005	0.5900590498205096	0.0
790	0.020231445079208925	3.3939110624918443	0.24979761028311978		0.7769834995269775	0.0005	0.0005	0.5900590498205096	0.0
791	0.020231445079208925	3.3939110624918443	0.24979761028311978		0.800243616104126	0.0005	0.0005	0.5900590498205096	0.0
792	0.020231445079208925	3.3939110624918443	0.24979761028311978		0.9314064979553223	0.0005	0.0005	0.5900590498205096	0.0
793	0.020231445079208925	3.3939110624918443	0.24979761028311978		0.7834408283233643	0.0005	0.0005	0.5900590498205096	0.0
794	0.020231445079208925	3.3939110624918443	0.24979761028311978		0.792975664138794	0.0005	0.0005	0.5900590498205096	0.0
795	0.020231445079208925	3.3939110624918443	0.24979761028311978		0.9190483093261719	0.0005	0.0005	0.5900590498205096	0.0
796	0.020231445079208925	3.3939110624918443	0.24979761028311978		0.8983452320098877	0.0005	0.0005	0.5900590498205096	0.0
797	0.020231445079208925	3.3939110624918443	0.24979761028311978		0.8884422779083252	0.0005	0.0005	0.5900590498205096	0.0
798	0.020231445079208925	3.3939110624918443	0.24979761028311978		0.9651317596435547	0.0005	0.0005	0.5900590498205096	0.0
799	0.020231445079208925	3.3939110624918443	0.24979761028311978		0.7703702449798584	0.0005	0.0005	0.5900590498205096	0.0
800	0.020231445079208925	3.3939110624918443	0.24979761028311978		0.7875611782073975	0.0005	0.0005	0.5900590498205096	0.0
801	0.020231445079208925	3.3939110624918443	0.24979761028311978		0.8068418502807617	0.0005	0.0005	0.5900590498205096	0.0
802	0.020231445079208925	3.3939110624918443	0.24979761028311978		0.908635139465332	0.0005	0.0005	0.5900590498205096	0.0
803	0.020231445079208925	3.3939110624918443	0.24979761028311978		0.897472620010376	0.0005	0.0005	0.5900590498205096	0.0
804	0.020231445079208925	3.3939110624918443	0.24979761028311978		0.89499831199646	0.0005	0.0005	0.5900590498205096	0.0
805	0.020231445079208925	3.3939110624918443	0.24979761028311978		1.0146815776824951	0.0005	0.0005	0.5900590498205096	0.0
806	0.020231445079208925	3.3939110624918443	0.24979761028311978		0.8871583938598633	0.0005	0.0005	0.5900590498205096	0.0
807	0.020231445079208925	3.3939110624918443	0.24979761028311978		0.7837319374084473	0.0005	0.0005	0.5900590498205096	0.0
808	0.020231445079208925	3.3939110624918443	0.24979761028311978		0.7960798740386963	0.0005	0.0005	0.5900590498205096	0.0
809	0.020231445079208925	3.3939110624918443	0.24979761028311978		0.7756302356719971	0.0005	0.0005	0.5900590498205096	0.0
810	0.020231445079208925	3.3939110624918443	0.24979761028311978		0.7853958606719971	0.0005	0.0005	0.5900590498205096	0.0
811	0.020231445079208925	3.3939110624918443	0.24979761028311978		0.9409363269805908	0.0005	0.0005	0.5900590498205096	0.0
812	0.020231445079208925	3.3939110624918443	0.24979761028311978		0.8918120861053467	0.0005	0.0005	0.5900590498205096	0.0
813	0.020231445079208925	3.3939110624918443	0.24979761028311978		0.7797031402587891	0.0005	0.0005	0.5900590498205096	0.0
814	0.020231445079208925	3.3939110624918443	0.24979761028311978		0.8975005149841309	0.0005	0.0005	0.5900590498205096	0.0
815	0.020231445079208925	3.3939110624918443	0.24979761028311978		0.766869306564331	0.0005	0.0005	0.5900590498205096	0.0
816	0.020231445079208925	3.3939110624918443	0.24979761028311978		0.7751655578613281	0.0005	0.0005	0.5900590498205096	0.0
817	0.020231445079208925	3.3939110624918443	0.24979761028311978		0.7810642719268799	0.0005	0.0005	0.5900590498205096	0.0
818	0.020231445079208925	3.3939110624918443	0.24979761028311978		0.9393720626831055	0.0005	0.0005	0.5900590498205096	0.0
819	0.020231445079208925	3.3939110624918443	0.24979761028311978		0.8878786563873291	0.0005	0.0005	0.5900590498205096	0.0
820	0.020231445079208925	3.3939110624918443	0.24979761028311978		0.7844548225402832	0.0005	0.0005	0.5900590498205096	0.0
821	0.020231445079208925	3.3939110624918443	0.24979761028311978		0.8950026035308838	0.0005	0.0005	0.5900590498205096	0.0
822	0.020231445079208925	3.3939110624918443	0.24979761028311978		0.891892671585083	0.0005	0.0005	0.5900590498205096	0.0
823	0.020231445079208925	3.3939110624918443	0.24979761028311978		0.8874328136444092	0.0005	0.0005	0.5900590498205096	0.0
824	0.020231445079208925	3.3939110624918443	0.24979761028311978		0.787691593170166	0.0005	0.0005	0.5900590498205096	0.0
825	0.020231445079208925	3.3939110624918443	0.24979761028311978		1.006160020828247	0.0005	0.0005	0.5900590498205096	0.0
826	0.020231445079208925	3.3939110624918443	0.24979761028311978		0.789846658706665	0.0005	0.0005	0.5900590498205096	0.0
827	0.020231445079208925	3.3939110624918443	0.24979761028311978		0.8887925148010254	0.0005	0.0005	0.5900590498205096	0.0
828	0.020231445079208925	3.3939110624918443	0.24979761028311978		0.7749755382537842	0.0005	0.0005	0.5900590498205096	0.0
829	0.020231445079208925	3.3939110624918443	0.24979761028311978		0.8904812335968018	0.0005	0.0005	0.5900590498205096	0.0
830	0.020231445079208925	3.3939110624918443	0.24979761028311978		0.7940032482147217	0.0005	0.0005	0.5900590498205096	0.0
831	0.020231445079208925	3.3939110624918443	0.24979761028311978		0.9528629779815674	0.0005	0.0005	0.5900590498205096	0.0
832	0.020231445079208925	3.3939110624918443	0.24979761028311978		0.8132264614105225	0.0005	0.0005	0.5900590498205096	0.0
833	0.020231445079208925	3.3939110624918443	0.24979761028311978		0.8923776149749756	0.0005	0.0005	0.5900590498205096	0.0
834	0.020231445079208925	3.3939110624918443	0.24979761028311978		0.8957736492156982	0.0005	0.0005	0.5900590498205096	0.0
835	0.020231445079208925	3.3939110624918443	0.24979761028311978		0.8882391452789307	0.0005	0.0005	0.5900590498205096	0.0
836	0.020231445079208925	3.3939110624918443	0.24979761028311978		0.8929767608642578	0.0005	0.0005	0.5900590498205096	0.0
837	0.020231445079208925	3.3939110624918443	0.24979761028311978		1.0743563175201416	0.0005	0.0005	0.5900590498205096	0.0
838	0.020231445079208925	3.3939110624918443	0.24979761028311978		0.7755813598632812	0.0005	0.0005	0.5900590498205096	0.0
839	0.020231445079208925	3.3939110624918443	0.24979761028311978		0.8934497833251953	0.0005	0.0005	0.5900590498205096	0.0
840	0.020231445079208925	3.3939110624918443	0.24979761028311978		0.8849620819091797	0.0005	0.0005	0.5900590498205096	0.0
841	0.020231445079208925	3.3939110624918443	0.24979761028311978		0.7918682098388672	0.0005	0.0005	0.5900590498205096	0.0
842	0.020231445079208925	3.3939110624918443	0.24979761028311978		0.8955347537994385	0.0005	0.0005	0.5900590498205096	0.0
843	0.020231445079208925	3.3939110624918443	0.24979761028311978		0.7826507091522217	0.0005	0.0005	0.5900590498205096	0.0
844	0.020231445079208925	3.3939110624918443	0.24979761028311978		0.9201276302337646	0.0005	0.0005	0.5900590498205096	0.0
845	0.020231445079208925	3.3939110624918443	0.24979761028311978		0.7834205627441406	0.0005	0.0005	0.5900590498205096	0.0
846	0.020231445079208925	3.3939110624918443	0.24979761028311978		0.7838852405548096	0.0005	0.0005	0.5900590498205096	0.0
847	0.020231445079208925	3.3939110624918443	0.24979761028311978		0.7819669246673584	0.0005	0.0005	0.5900590498205096	0.0
848	0.020231445079208925	3.3939110624918443	0.24979761028311978		0.7703514099121094	0.0005	0.0005	0.5900590498205096	0.0
849	0.020231445079208925	3.3939110624918443	0.24979761028311978		0.8872146606445312	0.0005	0.0005	0.5900590498205096	0.0
850	0.020231445079208925	3.3939110624918443	0.24979761028311978		0.8611090183258057	0.0005	0.0005	0.5900590498205096	0.0
851	0.020231445079208925	3.3939110624918443	0.24979761028311978		0.9286611080169678	0.0005	0.0005	0.5900590498205096	0.0
852	0.020231445079208925	3.3939110624918443	0.24979761028311978		0.7898159027099609	0.0005	0.0005	0.5900590498205096	0.0
853	0.020231445079208925	3.3939110624918443	0.24979761028311978		0.7924983501434326	0.0005	0.0005	0.5900590498205096	0.0
854	0.020231445079208925	3.3939110624918443	0.24979761028311978		0.8933544158935547	0.0005	0.0005	0.5900590498205096	0.0
855	0.020231445079208925	3.3939110624918443	0.24979761028311978		0.88897705078125	0.0005	0.0005	0.5900590498205096	0.0
856	0.020231445079208925	3.3939110624918443	0.24979761028311978		0.8823513984680176	0.0005	0.0005	0.5900590498205096	0.0
857	0.020231445079208925	3.3939110624918443	0.24979761028311978		0.8009166717529297	0.0005	0.0005	0.5900590498205096	0.0
858	0.020231445079208925	3.3939110624918443	0.24979761028311978		0.7947096824645996	0.0005	0.0005	0.5900590498205096	0.0
859	0.020231445079208925	3.3939110624918443	0.24979761028311978		0.786834716796875	0.0005	0.0005	0.5900590498205096	0.0
860	0.020231445079208925	3.3939110624918443	0.24979761028311978		0.9193434715270996	0.0005	0.0005	0.5900590498205096	0.0
861	0.020231445079208925	3.3939110624918443	0.24979761028311978		0.883760929107666	0.0005	0.0005	0.5900590498205096	0.0
862	0.020231445079208925	3.3939110624918443	0.24979761028311978		0.7895827293395996	0.0005	0.0005	0.5900590498205096	0.0
863	0.020231445079208925	3.3939110624918443	0.24979761028311978		0.8749210834503174	0.0005	0.0005	0.5900590498205096	0.0
864	0.020231445079208925	3.3939110624918443	0.24979761028311978		0.9019255638122559	0.0005	0.0005	0.5900590498205096	0.0
865	0.020231445079208925	3.3939110624918443	0.24979761028311978		0.8932631015777588	0.0005	0.0005	0.5900590498205096	0.0
866	0.020231445079208925	3.3939110624918443	0.24979761028311978		0.9138038158416748	0.0005	0.0005	0.5900590498205096	0.0
867	0.020231445079208925	3.3939110624918443	0.24979761028311978		0.7740323543548584	0.0005	0.0005	0.5900590498205096	0.0
868	0.020231445079208925	3.3939110624918443	0.24979761028311978		0.8836290836334229	0.0005	0.0005	0.5900590498205096	0.0
869	0.020231445079208925	3.3939110624918443	0.24979761028311978		0.9015522003173828	0.0005	0.0005	0.5900590498205096	0.0
870	0.020231445079208925	3.3939110624918443	0.24979761028311978		0.8089947700500488	0.0005	0.0005	0.5900590498205096	0.0
871	0.020231445079208925	3.3939110624918443	0.24979761028311978		0.8841569423675537	0.0005	0.0005	0.5900590498205096	0.0
872	0.020231445079208925	3.3939110624918443	0.24979761028311978		0.8982994556427002	0.0005	0.0005	0.5900590498205096	0.0
873	0.020231445079208925	3.3939110624918443	0.24979761028311978		0.8832905292510986	0.0005	0.0005	0.5900590498205096	0.0
874	0.020231445079208925	3.3939110624918443	0.24979761028311978		0.7713503837585449	0.0005	0.0005	0.5900590498205096	0.0
875	0.020231445079208925	3.3939110624918443	0.24979761028311978		0.9021346569061279	0.0005	0.0005	0.5900590498205096	0.0
876	0.020231445079208925	3.3939110624918443	0.24979761028311978		0.8941757678985596	0.0005	0.0005	0.5900590498205096	0.0
877	0.020231445079208925	3.3939110624918443	0.24979761028311978		0.9656617641448975	0.0005	0.0005	0.5900590498205096	0.0
878	0.020231445079208925	3.3939110624918443	0.24979761028311978		0.7874467372894287	0.0005	0.0005	0.5900590498205096	0.0
879	0.020231445079208925	3.3939110624918443	0.24979761028311978		0.7917733192443848	0.0005	0.0005	0.5900590498205096	0.0
880	0.020231445079208925	3.3939110624918443	0.24979761028311978		0.8871166706085205	0.0005	0.0005	0.5900590498205096	0.0
881	0.020231445079208925	3.3939110624918443	0.24979761028311978		0.7760193347930908	0.0005	0.0005	0.5900590498205096	0.0
882	0.020231445079208925	3.3939110624918443	0.24979761028311978		0.789438009262085	0.0005	0.0005	0.5900590498205096	0.0
883	0.020231445079208925	3.3939110624918443	0.24979761028311978		0.9003307819366455	0.0005	0.0005	0.5900590498205096	0.0
884	0.020231445079208925	3.3939110624918443	0.24979761028311978		1.0066676139831543	0.0005	0.0005	0.5900590498205096	0.0
885	0.020231445079208925	3.3939110624918443	0.24979761028311978		0.7746903896331787	0.0005	0.0005	0.5900590498205096	0.0
886	0.020231445079208925	3.3939110624918443	0.24979761028311978		0.902198076248169	0.0005	0.0005	0.5900590498205096	0.0
887	0.020231445079208925	3.3939110624918443	0.24979761028311978		1.2288131713867188	0.0005	0.0005	0.5900590498205096	0.0
888	0.020231445079208925	3.3939110624918443	0.24979761028311978		1.3997137546539307	0.0005	0.0005	0.5900590498205096	0.0
889	0.020231445079208925	3.3939110624918443	0.24979761028311978		1.7759778499603271	0.0005	0.0005	0.5900590498205096	0.0
890	0.020231445079208925	3.3939110624918443	0.24979761028311978		1.2270245552062988	0.0005	0.0005	0.5900590498205096	0.0
891	0.020231445079208925	3.3939110624918443	0.24979761028311978		0.8895292282104492	0.0005	0.0005	0.5900590498205096	0.0
892	0.020231445079208925	3.3939110624918443	0.24979761028311978		0.7813177108764648	0.0005	0.0005	0.5900590498205096	0.0
893	0.020231445079208925	3.3939110624918443	0.24979761028311978		0.7830052375793457	0.0005	0.0005	0.5900590498205096	0.0
894	0.020231445079208925	3.3939110624918443	0.24979761028311978		0.8325991630554199	0.0005	0.0005	0.5900590498205096	0.0
895	0.020231445079208925	3.3939110624918443	0.24979761028311978		0.9005889892578125	0.0005	0.0005	0.5900590498205096	0.0
896	0.020231445079208925	3.3939110624918443	0.24979761028311978		0.8925869464874268	0.0005	0.0005	0.5900590498205096	0.0
897	0.020231445079208925	3.3939110624918443	0.24979761028311978		0.9017174243927002	0.0005	0.0005	0.5900590498205096	0.0
898	0.020231445079208925	3.3939110624918443	0.24979761028311978		0.8981821537017822	0.0005	0.0005	0.5900590498205096	0.0
899	0.020231445079208925	3.3939110624918443	0.24979761028311978		0.8830423355102539	0.0005	0.0005	0.5900590498205096	0.0
900	0.020231445079208925	3.3939110624918443	0.24979761028311978		0.7898075580596924	0.0005	0.0005	0.5900590498205096	0.0
901	0.020231445079208925	3.3939110624918443	0.24979761028311978		0.958733081817627	0.0005	0.0005	0.5900590498205096	0.0
902	0.020231445079208925	3.3939110624918443	0.24979761028311978		0.7793130874633789	0.0005	0.0005	0.5900590498205096	0.0
903	0.020231445079208925	3.3939110624918443	0.24979761028311978		0.8868274688720703	0.0005	0.0005	0.5900590498205096	0.0
904	0.020231445079208925	3.3939110624918443	0.24979761028311978		0.9030606746673584	0.0005	0.0005	0.5900590498205096	0.0
905	0.020231445079208925	3.3939110624918443	0.24979761028311978		0.7782819271087646	0.0005	0.0005	0.5900590498205096	0.0
906	0.020231445079208925	3.3939110624918443	0.24979761028311978		0.7863848209381104	0.0005	0.0005	0.5900590498205096	0.0
907	0.020231445079208925	3.3939110624918443	0.24979761028311978		0.7915723323822021	0.0005	0.0005	0.5900590498205096	0.0
908	0.020231445079208925	3.3939110624918443	0.24979761028311978		0.9064373970031738	0.0005	0.0005	0.5900590498205096	0.0
909	0.020231445079208925	3.3939110624918443	0.24979761028311978		0.7990725040435791	0.0005	0.0005	0.5900590498205096	0.0
910	0.020231445079208925	3.3939110624918443	0.24979761028311978		0.7824993133544922	0.0005	0.0005	0.5900590498205096	0.0
911	0.020231445079208925	3.3939110624918443	0.24979761028311978		0.7750847339630127	0.0005	0.0005	0.5900590498205096	0.0
912	0.020231445079208925	3.3939110624918443	0.24979761028311978		0.8844616413116455	0.0005	0.0005	0.5900590498205096	0.0
913	0.020231445079208925	3.3939110624918443	0.24979761028311978		0.8837270736694336	0.0005	0.0005	0.5900590498205096	0.0
914	0.020231445079208925	3.3939110624918443	0.24979761028311978		0.9335324764251709	0.0005	0.0005	0.5900590498205096	0.0
915	0.020231445079208925	3.3939110624918443	0.24979761028311978		0.8909132480621338	0.0005	0.0005	0.5900590498205096	0.0
916	0.020231445079208925	3.3939110624918443	0.24979761028311978		0.8947281837463379	0.0005	0.0005	0.5900590498205096	0.0
917	0.020231445079208925	3.3939110624918443	0.24979761028311978		0.7825865745544434	0.0005	0.0005	0.5900590498205096	0.0
918	0.020231445079208925	3.3939110624918443	0.24979761028311978		0.8953180313110352	0.0005	0.0005	0.5900590498205096	0.0
919	0.020231445079208925	3.3939110624918443	0.24979761028311978		0.8802876472473145	0.0005	0.0005	0.5900590498205096	0.0
920	0.020231445079208925	3.3939110624918443	0.24979761028311978		0.9264559745788574	0.0005	0.0005	0.5900590498205096	0.0
921	0.020231445079208925	3.3939110624918443	0.24979761028311978		0.9700114727020264	0.0005	0.0005	0.5900590498205096	0.0
922	0.020231445079208925	3.3939110624918443	0.24979761028311978		0.918405294418335	0.0005	0.0005	0.5900590498205096	0.0
923	0.020231445079208925	3.3939110624918443	0.24979761028311978		0.8991470336914062	0.0005	0.0005	0.5900590498205096	0.0
924	0.020231445079208925	3.3939110624918443	0.24979761028311978		0.7897481918334961	0.0005	0.0005	0.5900590498205096	0.0
925	0.020231445079208925	3.3939110624918443	0.24979761028311978		0.8983092308044434	0.0005	0.0005	0.5900590498205096	0.0
926	0.020231445079208925	3.3939110624918443	0.24979761028311978		0.8958344459533691	0.0005	0.0005	0.5900590498205096	0.0
927	0.020231445079208925	3.3939110624918443	0.24979761028311978		1.0155713558197021	0.0005	0.0005	0.5900590498205096	0.0
928	0.020231445079208925	3.3939110624918443	0.24979761028311978		0.8941104412078857	0.0005	0.0005	0.5900590498205096	0.0
929	0.020231445079208925	3.3939110624918443	0.24979761028311978		0.8951113224029541	0.0005	0.0005	0.5900590498205096	0.0
930	0.020231445079208925	3.3939110624918443	0.24979761028311978		0.8969945907592773	0.0005	0.0005	0.5900590498205096	0.0
931	0.020231445079208925	3.3939110624918443	0.24979761028311978		0.887742280960083	0.0005	0.0005	0.5900590498205096	0.0
932	0.020231445079208925	3.3939110624918443	0.24979761028311978		0.9017856121063232	0.0005	0.0005	0.5900590498205096	0.0
933	0.020231445079208925	3.3939110624918443	0.24979761028311978		0.9684114456176758	0.0005	0.0005	0.5900590498205096	0.0
934	0.020231445079208925	3.3939110624918443	0.24979761028311978		0.9130330085754395	0.0005	0.0005	0.5900590498205096	0.0
935	0.020231445079208925	3.3939110624918443	0.24979761028311978		0.9041323661804199	0.0005	0.0005	0.5900590498205096	0.0
936	0.020231445079208925	3.3939110624918443	0.24979761028311978		0.7874166965484619	0.0005	0.0005	0.5900590498205096	0.0
937	0.020231445079208925	3.3939110624918443	0.24979761028311978		0.8967874050140381	0.0005	0.0005	0.5900590498205096	0.0
938	0.020231445079208925	3.3939110624918443	0.24979761028311978		0.7949249744415283	0.0005	0.0005	0.5900590498205096	0.0
939	0.020231445079208925	3.3939110624918443	0.24979761028311978		0.9109768867492676	0.0005	0.0005	0.5900590498205096	0.0
940	0.020231445079208925	3.3939110624918443	0.24979761028311978		0.9280171394348145	0.0005	0.0005	0.5900590498205096	0.0
941	0.020231445079208925	3.3939110624918443	0.24979761028311978		0.8987038135528564	0.0005	0.0005	0.5900590498205096	0.0
942	0.020231445079208925	3.3939110624918443	0.24979761028311978		0.7691690921783447	0.0005	0.0005	0.5900590498205096	0.0
943	0.020231445079208925	3.3939110624918443	0.24979761028311978		0.8885972499847412	0.0005	0.0005	0.5900590498205096	0.0
944	0.020231445079208925	3.3939110624918443	0.24979761028311978		0.8993701934814453	0.0005	0.0005	0.5900590498205096	0.0
945	0.020231445079208925	3.3939110624918443	0.24979761028311978		0.7948133945465088	0.0005	0.0005	0.5900590498205096	0.0
946	0.020231445079208925	3.3939110624918443	0.24979761028311978		0.9073541164398193	0.0005	0.0005	0.5900590498205096	0.0
947	0.020231445079208925	3.3939110624918443	0.24979761028311978		0.7806649208068848	0.0005	0.0005	0.5900590498205096	0.0
948	0.020231445079208925	3.3939110624918443	0.24979761028311978		0.7718276977539062	0.0005	0.0005	0.5900590498205096	0.0
949	0.020231445079208925	3.3939110624918443	0.24979761028311978		0.804990291595459	0.0005	0.0005	0.5900590498205096	0.0
950	0.020231445079208925	3.3939110624918443	0.24979761028311978		0.7811167240142822	0.0005	0.0005	0.5900590498205096	0.0
951	0.020231445079208925	3.3939110624918443	0.24979761028311978		0.7676560878753662	0.0005	0.0005	0.5900590498205096	0.0
952	0.020231445079208925	3.3939110624918443	0.24979761028311978		0.7983107566833496	0.0005	0.0005	0.5900590498205096	0.0
953	0.020231445079208925	3.3939110624918443	0.24979761028311978		0.914053201675415	0.0005	0.0005	0.5900590498205096	0.0
954	0.020231445079208925	3.3939110624918443	0.24979761028311978		0.9038844108581543	0.0005	0.0005	0.5900590498205096	0.0
955	0.020231445079208925	3.3939110624918443	0.24979761028311978		0.7898571491241455	0.0005	0.0005	0.5900590498205096	0.0
956	0.020231445079208925	3.3939110624918443	0.24979761028311978		0.7814357280731201	0.0005	0.0005	0.5900590498205096	0.0
957	0.020231445079208925	3.3939110624918443	0.24979761028311978		0.794896125793457	0.0005	0.0005	0.5900590498205096	0.0
958	0.020231445079208925	3.3939110624918443	0.24979761028311978		0.880648136138916	0.0005	0.0005	0.5900590498205096	0.0
959	0.020231445079208925	3.3939110624918443	0.24979761028311978		0.9043099880218506	0.0005	0.0005	0.5900590498205096	0.0
960	0.020231445079208925	3.3939110624918443	0.24979761028311978		0.793936014175415	0.0005	0.0005	0.5900590498205096	0.0
961	0.020231445079208925	3.3939110624918443	0.24979761028311978		0.908715009689331	0.0005	0.0005	0.5900590498205096	0.0
962	0.020231445079208925	3.3939110624918443	0.24979761028311978		0.8887345790863037	0.0005	0.0005	0.5900590498205096	0.0
963	0.020231445079208925	3.3939110624918443	0.24979761028311978		0.7881922721862793	0.0005	0.0005	0.5900590498205096	0.0
964	0.020231445079208925	3.3939110624918443	0.24979761028311978		0.7809844017028809	0.0005	0.0005	0.5900590498205096	0.0
965	0.020231445079208925	3.3939110624918443	0.24979761028311978		0.7970762252807617	0.0005	0.0005	0.5900590498205096	0.0
966	0.020231445079208925	3.3939110624918443	0.24979761028311978		0.9485452175140381	0.0005	0.0005	0.5900590498205096	0.0
967	0.020231445079208925	3.3939110624918443	0.24979761028311978		0.8907003402709961	0.0005	0.0005	0.5900590498205096	0.0
968	0.020231445079208925	3.3939110624918443	0.24979761028311978		0.790048360824585	0.0005	0.0005	0.5900590498205096	0.0
969	0.020231445079208925	3.3939110624918443	0.24979761028311978		0.7744371891021729	0.0005	0.0005	0.5900590498205096	0.0
970	0.020231445079208925	3.3939110624918443	0.24979761028311978		0.7945749759674072	0.0005	0.0005	0.5900590498205096	0.0
971	0.020231445079208925	3.3939110624918443	0.24979761028311978		0.7955267429351807	0.0005	0.0005	0.5900590498205096	0.0
972	0.020231445079208925	3.3939110624918443	0.24979761028311978		0.7929954528808594	0.0005	0.0005	0.5900590498205096	0.0
973	0.020231445079208925	3.3939110624918443	0.24979761028311978		0.8853578567504883	0.0005	0.0005	0.5900590498205096	0.0
974	0.020231445079208925	3.3939110624918443	0.24979761028311978		0.8086991310119629	0.0005	0.0005	0.5900590498205096	0.0
975	0.020231445079208925	3.3939110624918443	0.24979761028311978		0.775475025177002	0.0005	0.0005	0.5900590498205096	0.0
976	0.020231445079208925	3.3939110624918443	0.24979761028311978		0.898237943649292	0.0005	0.0005	0.5900590498205096	0.0
977	0.020231445079208925	3.3939110624918443	0.24979761028311978		0.7960495948791504	0.0005	0.0005	0.5900590498205096	0.0
978	0.020231445079208925	3.3939110624918443	0.24979761028311978		0.7836084365844727	0.0005	0.0005	0.5900590498205096	0.0
979	0.020231445079208925	3.3939110624918443	0.24979761028311978		0.9008936882019043	0.0005	0.0005	0.5900590498205096	0.0
980	0.020231445079208925	3.3939110624918443	0.24979761028311978		0.8908636569976807	0.0005	0.0005	0.5900590498205096	0.0
981	0.020231445079208925	3.3939110624918443	0.24979761028311978		0.9004697799682617	0.0005	0.0005	0.5900590498205096	0.0
982	0.020231445079208925	3.3939110624918443	0.24979761028311978		0.7918605804443359	0.0005	0.0005	0.5900590498205096	0.0
983	0.020231445079208925	3.3939110624918443	0.24979761028311978		0.8943278789520264	0.0005	0.0005	0.5900590498205096	0.0
984	0.020231445079208925	3.3939110624918443	0.24979761028311978		0.7880122661590576	0.0005	0.0005	0.5900590498205096	0.0
985	0.020231445079208925	3.3939110624918443	0.24979761028311978		0.7775144577026367	0.0005	0.0005	0.5900590498205096	0.0
986	0.020231445079208925	3.3939110624918443	0.24979761028311978		0.9121072292327881	0.0005	0.0005	0.5900590498205096	0.0
987	0.020231445079208925	3.3939110624918443	0.24979761028311978		0.8076159954071045	0.0005	0.0005	0.5900590498205096	0.0
988	0.020231445079208925	3.3939110624918443	0.24979761028311978		0.8979029655456543	0.0005	0.0005	0.5900590498205096	0.0
989	0.020231445079208925	3.3939110624918443	0.24979761028311978		0.7950341701507568	0.0005	0.0005	0.5900590498205096	0.0
990	0.020231445079208925	3.3939110624918443	0.24979761028311978		0.8100574016571045	0.0005	0.0005	0.5900590498205096	0.0
991	0.020231445079208925	3.3939110624918443	0.24979761028311978		0.8877897262573242	0.0005	0.0005	0.5900590498205096	0.0
992	0.020231445079208925	3.3939110624918443	0.24979761028311978		0.8881947994232178	0.0005	0.0005	0.5900590498205096	0.0
993	0.020231445079208925	3.3939110624918443	0.24979761028311978		0.888643741607666	0.0005	0.0005	0.5900590498205096	0.0
994	0.020231445079208925	3.3939110624918443	0.24979761028311978		0.8920688629150391	0.0005	0.0005	0.5900590498205096	0.0
995	0.020231445079208925	3.3939110624918443	0.24979761028311978		0.9001798629760742	0.0005	0.0005	0.5900590498205096	0.0
996	0.020231445079208925	3.3939110624918443	0.24979761028311978		0.8869171142578125	0.0005	0.0005	0.5900590498205096	0.0
997	0.020231445079208925	3.3939110624918443	0.24979761028311978		0.7901561260223389	0.0005	0.0005	0.5900590498205096	0.0
998	0.020231445079208925	3.3939110624918443	0.24979761028311978		0.9087095260620117	0.0005	0.0005	0.5900590498205096	0.0
999	0.020231445079208925	3.3939110624918443	0.24979761028311978		0.8956499099731445	0.0005	0.0005	0.5900590498205096	0.0
1000	0.020231445079208925	3.3939110624918443	0.24979761028311978		0.9066026210784912	0.0005	0.0005	0.5900590498205096	0.0

========== Optimization Summary ==========
Total Time (s): 964.904560
Total Iterations: 1000
==========================================


========== RUN SUMMARY ==========
Iterations            : 1001
Problem size          : 51 variables  (x|y|z = 4|7|40)
    x = black-box inputs | y = black-box outputs | z = remaining
Black-box blocks      : 2  (outputs per block: block1=3, block2=4)
Constraints           : 39  (equality 36 | inequality 3)
Wall time (s)         : 965.745
CPU time (s)          : 155.344   (process_time)
External BB evaluations (true black-box callback calls):
    block1      : 398
    block2      : 345
    TOTAL       : 743
    (evaluateDx sweeps: 2002)
BB cache              : 26291 hits / 27034 requests (97.3% hit rate); 743 true evaluations
System:
  OS              : Windows-11-10.0.26200-SP0
  Processor       : Intel64 Family 6 Model 140 Stepping 1, GenuineIntel
  Architecture    : AMD64
  Python          : 3.12.12
  CPU cores       : 8 logical, 4 physical
  RAM             : 15.7 GB
  numpy / pyomo   : 2.4.2 / 6.10.1.a0 (VOTD)
=================================

======================================================================
POST-SOLVE ECONOMICS AND BALANCE CHECK
======================================================================
  CH4_produced_kg_yr: 5217638.316956868
  CH4_into_PSA_mol_s: 11.406718000711342
  CH4_PSA_output_mol_s: 0.6352170333950343
  PSA_CH4_recovery: 0.05568797557329121
  H2_electrolyser_mol_s: 64.96837262356962
  SOEL_kW: 17534.96377110144
  H2_to_CH4_stoich_ratio: 1.4239059083322234
  PSA_CH4_balance_gap: 0.9443120940102211
  CAPEX_total_USD: 82915541.21844617
  CAPEX_annualised_USD_yr: 4376198.850998516
  OPEX_avg_USD_yr: 13589658.912120596
  TAC_USD_yr: 17965857.763119113
  LCOCH4_PSA_output_basis_USD_kg: 61.83189487970078
  LCOCH4_USD_kg: 3.4432930517110867
  LCOCH4_with_H2_credit_USD_kg: 3.0934671223138426
  CAPEX_share: {'SOEL': 0.8882152459766118, 'DFM': 0.05826655936057751, 'COMP': 0.026144721508470824, 'GC': 0.002726600097772545, 'PSA': 0.02173626034011334, 'FURNACE': 0.002910612716453884}
  OPEX_share: {'SOEL': 0.7612785446234368, 'DFM': 0.12973585125280088, 'COMP': 0.042393953252010105, 'GC': 0.004421212023407636, 'PSA': 0.03678350114611034, 'FURNACE': 0.02538693770223419}
  H2_balance_rel_err: 0.08451849791444752
  C_unaccounted_frac: 0.034028597936878124
  reactor_per_cycle_mmol: {'CO2_in': 2.6396152608103027, 'CH4_out': 2.1446254278098973, 'H2_out': 20.54161614171366, 'CO2_out': 0.405167426582244, 'H2_fed': 31.808526755171894}
ECONOMICS_DICT {"CH4_produced_kg_yr": 5217638.316956868, "CH4_into_PSA_mol_s": 11.406718000711342, "CH4_PSA_output_mol_s": 0.6352170333950343, "PSA_CH4_recovery": 0.05568797557329121, "H2_electrolyser_mol_s": 64.96837262356962, "SOEL_kW": 17534.96377110144, "H2_to_CH4_stoich_ratio": 1.4239059083322234, "PSA_CH4_balance_gap": 0.9443120940102211, "CAPEX_total_USD": 82915541.21844617, "CAPEX_annualised_USD_yr": 4376198.850998516, "OPEX_avg_USD_yr": 13589658.912120596, "TAC_USD_yr": 17965857.763119113, "LCOCH4_PSA_output_basis_USD_kg": 61.83189487970078, "LCOCH4_USD_kg": 3.4432930517110867, "LCOCH4_with_H2_credit_USD_kg": 3.0934671223138426, "CAPEX_share": {"SOEL": 0.8882152459766118, "DFM": 0.05826655936057751, "COMP": 0.026144721508470824, "GC": 0.002726600097772545, "PSA": 0.02173626034011334, "FURNACE": 0.002910612716453884}, "OPEX_share": {"SOEL": 0.7612785446234368, "DFM": 0.12973585125280088, "COMP": 0.042393953252010105, "GC": 0.004421212023407636, "PSA": 0.03678350114611034, "FURNACE": 0.02538693770223419}, "H2_balance_rel_err": 0.08451849791444752, "C_unaccounted_frac": 0.034028597936878124, "reactor_per_cycle_mmol": {"CO2_in": 2.6396152608103027, "CH4_out": 2.1446254278098973, "H2_out": 20.54161614171366, "CO2_out": 0.405167426582244, "H2_fed": 31.808526755171894}}
