[flowsheet] cache: 1695 reactor and 1479 PSA evaluation(s) loaded
[flowsheet] initialised 44 variable(s) from x0_units_fixed.json
[gjh] using: <repo>\atrfu\gjh.exe
========== A-TRFu SOLVER ==========
Globalization strategy: 1 (Funnel)
Hypervolume sampling  : multiple_black_boxes=0
Restoration strategy  : 1 (R1 classic (contract on reject))
Problem size          : 51 variables  (x|y|z = 4|7|40);  2 black-box block(s)
    x = black-box inputs | y = black-box outputs | z = remaining
Constraints           : 39  (equality 36 | inequality 3)
Tolerances            : ep_i=1.0e-05, ep_chi=1.0e-03, ep_delta=1.0e-03, max_it=1000
===================================


**************************************
Iteration 0:
thetak = 230.9871475034392
objk = 3.82871665748975
trustRadius = 1.0
sampleRadius = 0.1
stepNorm = 97.88650821881674
chi = 100000000.0
Iteration time (s) = 0.8209273815155029
theta-type step
**************************************


**************************************
Iteration 1:
thetak = 35.18730066782294
objk = 0.5054281802329513
trustRadius = 1.0
sampleRadius = 0.05
stepNorm = 373.8851269948907
chi = 0.09804518467584643
Iteration time (s) = 0.9682683944702148
theta-type step
**************************************


**************************************
Iteration 2:
thetak = 21.784008952650474
objk = 0.29302300176296625
trustRadius = 1.0
sampleRadius = 0.05
stepNorm = 629.9993734779133
chi = 0.13281982702403988
Iteration time (s) = 0.948359489440918
theta-type step
**************************************


**************************************
Iteration 3:
thetak = 27.53999403488017
objk = 1.5466036337250157
trustRadius = 0.5
sampleRadius = 0.05
stepNorm = 314.9999770007802
chi = 0.1245481054427043
Iteration time (s) = 0.875781774520874
step rejected
**************************************


**************************************
Iteration 4:
thetak = 27.53999403488017
objk = 1.5466036337250157
trustRadius = 0.25
sampleRadius = 0.05
stepNorm = 157.49997617644658
chi = 0.1546187817786131
Iteration time (s) = 0.9463798999786377
theta-type step
**************************************


**************************************
Iteration 5:
thetak = 11.366900728271967
objk = 3.3250544862014046
trustRadius = 0.625
sampleRadius = 0.05
stepNorm = 393.74985680703736
chi = 0.1684459382497727
Iteration time (s) = 0.8967142105102539
step rejected
**************************************


**************************************
Iteration 6:
thetak = 11.366900728271967
objk = 3.3250544862014046
trustRadius = 0.3125
sampleRadius = 0.05
stepNorm = 196.8749819296179
chi = 0.2081822205643652
Iteration time (s) = 0.8804969787597656
f-type step
**************************************


**************************************
Iteration 7:
thetak = 26.023747344495703
objk = 2.0147763614367697
trustRadius = 0.78125
sampleRadius = 0.05
stepNorm = 156.01561399217735
chi = 0.1737322711132414
Iteration time (s) = 0.9546914100646973
step rejected
**************************************


**************************************
Iteration 8:
thetak = 26.023747344495703
objk = 2.0147763614367697
trustRadius = 0.390625
sampleRadius = 0.05
stepNorm = 246.0936383070821
chi = 0.18329968220910567
Iteration time (s) = 0.8990943431854248
step rejected
**************************************

[FRP] solve 1 of phase 1, thetak=2.602e+01, Delta=1.953e-01

**************************************
Iteration 9:
thetak = 26.023747344495703
objk = 2.0147763614367697
trustRadius = 0.1953125
sampleRadius = 0.05
stepNorm = 98.99855411023408
chi = 0.18329968220910567
Iteration time (s) = 0.866506814956665
theta-type step
**************************************


**************************************
Iteration 10:
thetak = 1.484113858873976
objk = 12.771449130398281
trustRadius = 0.48828125
sampleRadius = 0.05
stepNorm = 307.61705081950544
chi = 0.39406122983958847
Iteration time (s) = 0.7743682861328125
step rejected
**************************************


**************************************
Iteration 11:
thetak = 1.484113858873976
objk = 12.771449130398281
trustRadius = 0.244140625
sampleRadius = 0.05
stepNorm = 153.80857794691366
chi = 0.39406122590117615
Iteration time (s) = 0.8941154479980469
step rejected
**************************************

[FRP] solve 1 of phase 2, thetak=1.484e+00, Delta=1.221e-01

**************************************
Iteration 12:
thetak = 1.484113858873976
objk = 12.771449130398281
trustRadius = 0.1220703125
sampleRadius = 0.05
stepNorm = 23.59418058262372
chi = 0.39406122590117615
Iteration time (s) = 0.8731043338775635
theta-type step
**************************************


**************************************
Iteration 13:
thetak = 0.12197455839238085
objk = 14.127068217280925
trustRadius = 0.30517578125
sampleRadius = 0.05
stepNorm = 192.26072828660972
chi = 0.40179749727323366
Iteration time (s) = 0.8813726902008057
step rejected
**************************************


**************************************
Iteration 14:
thetak = 0.12197455839238085
objk = 14.127068217280925
trustRadius = 0.152587890625
sampleRadius = 0.05
stepNorm = 96.13034836915244
chi = 0.40179750245010026
Iteration time (s) = 0.8802938461303711
relax-theta-type step
**************************************


**************************************
Iteration 15:
thetak = 9.14141913223841
objk = 2.6914480974061616
trustRadius = 0.0762939453125
sampleRadius = 0.05
stepNorm = 48.065082267277546
chi = 0.18721629760232067
Iteration time (s) = 0.8909626007080078
theta-type step
**************************************


**************************************
Iteration 16:
thetak = 5.8203009692264
objk = 2.8913387637783767
trustRadius = 0.19073486328125
sampleRadius = 0.05
stepNorm = 120.16294843349664
chi = 0.166757230675697
Iteration time (s) = 0.8664984703063965
step rejected
**************************************


**************************************
Iteration 17:
thetak = 5.8203009692264
objk = 2.8913387637783767
trustRadius = 0.095367431640625
sampleRadius = 0.05
stepNorm = 60.081457640248686
chi = 0.2501404780811151
Iteration time (s) = 0.90299391746521
f-type step
**************************************


**************************************
Iteration 18:
thetak = 5.036071419093162
objk = 2.4914095999430748
trustRadius = 0.2384185791015625
sampleRadius = 0.05
stepNorm = 150.20360935977448
chi = 0.2512137764376632
Iteration time (s) = 0.8663792610168457
step rejected
**************************************


**************************************
Iteration 19:
thetak = 5.036071419093162
objk = 2.4914095999430748
trustRadius = 0.11920928955078125
sampleRadius = 0.05
stepNorm = 75.10183559286352
chi = 0.2621258180915303
Iteration time (s) = 0.8758821487426758
relax-theta-type step
**************************************


**************************************
Iteration 20:
thetak = 7.521149557866156
objk = 2.025312009159302
trustRadius = 0.059604644775390625
sampleRadius = 0.05
stepNorm = 37.55090502784657
chi = 0.15262245111838235
Iteration time (s) = 0.8778767585754395
theta-type step
**************************************


**************************************
Iteration 21:
thetak = 1.8715075310647609
objk = 2.1585796690150127
trustRadius = 0.14901161193847656
sampleRadius = 0.05
stepNorm = 35.02063997876962
chi = 0.1565805781674237
Iteration time (s) = 0.8686890602111816
f-type step
**************************************


**************************************
Iteration 22:
thetak = 4.381803345045405
objk = 1.8732053348957736
trustRadius = 0.3725290298461914
sampleRadius = 0.05
stepNorm = 205.89674907722647
chi = 0.21098335512722083
Iteration time (s) = 0.8663091659545898
step rejected
**************************************


**************************************
Iteration 23:
thetak = 4.381803345045405
objk = 1.8732053348957736
trustRadius = 0.1862645149230957
sampleRadius = 0.05
stepNorm = 7.842504660039317
chi = 0.24857350911420809
Iteration time (s) = 0.7609896659851074
theta-type step
**************************************


**************************************
Iteration 24:
thetak = 1.8393132491238329
objk = 1.8206279625956332
trustRadius = 0.46566128730773926
sampleRadius = 0.05
stepNorm = 138.54169210425437
chi = 0.13537411666788482
Iteration time (s) = 0.8769559860229492
step rejected
**************************************


**************************************
Iteration 25:
thetak = 1.8393132491238329
objk = 1.8206279625956332
trustRadius = 0.23283064365386963
sampleRadius = 0.05
stepNorm = 146.68324991290012
chi = 0.20410965058587374
Iteration time (s) = 0.7657349109649658
step rejected
**************************************

[FRP] solve 1 of phase 3, thetak=1.839e+00, Delta=1.164e-01

**************************************
Iteration 26:
thetak = 1.8393132491238329
objk = 1.8206279625956332
trustRadius = 0.11641532182693481
sampleRadius = 0.05
stepNorm = 39.23022913676307
chi = 0.20410965058587374
Iteration time (s) = 0.762615442276001
theta-type step
**************************************


**************************************
Iteration 27:
thetak = 1.4332993414350716
objk = 6.174964583713855
trustRadius = 0.29103830456733704
sampleRadius = 0.05
stepNorm = 183.3540930391129
chi = 0.3134332983913792
Iteration time (s) = 0.7873423099517822
step rejected
**************************************


**************************************
Iteration 28:
thetak = 1.4332993414350716
objk = 6.174964583713855
trustRadius = 0.14551915228366852
sampleRadius = 0.05
stepNorm = 91.67679822949486
chi = 0.3134331647569848
Iteration time (s) = 0.7721312046051025
step rejected
**************************************

[FRP] solve 1 of phase 4, thetak=1.433e+00, Delta=7.276e-02

**************************************
Iteration 29:
thetak = 1.4332993414350716
objk = 6.174964583713855
trustRadius = 0.07275957614183426
sampleRadius = 0.05
stepNorm = 27.3954528426587
chi = 0.3134331647569848
Iteration time (s) = 0.7613661289215088
theta-type step
**************************************


**************************************
Iteration 30:
thetak = 0.29952378366207233
objk = 7.2777692886645635
trustRadius = 0.18189894035458565
sampleRadius = 0.05
stepNorm = 114.59625479260177
chi = 0.3195425436469738
Iteration time (s) = 0.7465176582336426
step rejected
**************************************


**************************************
Iteration 31:
thetak = 0.29952378366207233
objk = 7.2777692886645635
trustRadius = 0.09094947017729282
sampleRadius = 0.05
stepNorm = 57.29814851839404
chi = 0.3195425590387917
Iteration time (s) = 0.8662965297698975
step rejected
**************************************

[FRP] solve 1 of phase 5, thetak=2.995e-01, Delta=4.547e-02

**************************************
Iteration 32:
thetak = 0.29952378366207233
objk = 7.2777692886645635
trustRadius = 0.04547473508864641
sampleRadius = 0.022737367544323206
stepNorm = 12.546206681580884
chi = 0.3247219544846174
Iteration time (s) = 0.8732450008392334
theta-type step
**************************************


**************************************
Iteration 33:
thetak = 0.003658546036086568
objk = 7.640244970917484
trustRadius = 0.11368683772161603
sampleRadius = 0.022737367544323206
stepNorm = 71.62269163254746
chi = 0.33587841052103595
Iteration time (s) = 0.7670412063598633
step rejected
**************************************


**************************************
Iteration 34:
thetak = 0.003658546036086568
objk = 7.640244970917484
trustRadius = 0.056843418860808015
sampleRadius = 0.022737367544323206
stepNorm = 43.153578148115606
chi = 0.33587841307114286
Iteration time (s) = 0.7817516326904297
step rejected
**************************************

[FRP] solve 1 of phase 6, thetak=3.659e-03, Delta=2.842e-02

**************************************
Iteration 35:
thetak = 0.003658546036086568
objk = 7.640244970917484
trustRadius = 0.028421709430404007
sampleRadius = 0.022737367544323206
stepNorm = 5.280530446672401
chi = 0.33587841307114286
Iteration time (s) = 0.865135908126831
theta-type step
**************************************


**************************************
Iteration 36:
thetak = 0.005219690194231796
objk = 7.770945483034421
trustRadius = 0.014210854715202004
sampleRadius = 0.007105427357601002
stepNorm = 27.881237464939154
chi = 0.3499948678653812
Iteration time (s) = 0.757133960723877
f-type step
**************************************


**************************************
Iteration 37:
thetak = 0.2621125408098253
objk = 5.119159879369688
trustRadius = 0.03552713678800501
sampleRadius = 0.007105427357601002
stepNorm = 27.581015686721322
chi = 0.27711788192746034
Iteration time (s) = 0.8754398822784424
step rejected
**************************************


**************************************
Iteration 38:
thetak = 0.2621125408098253
objk = 5.119159879369688
trustRadius = 0.017763568394002505
sampleRadius = 0.007105427357601002
stepNorm = 19.53992417556203
chi = 0.27711787149007244
Iteration time (s) = 0.888920783996582
f-type step
**************************************


**************************************
Iteration 39:
thetak = 0.18484604508384192
objk = 3.0010752216133447
trustRadius = 0.04440892098500626
sampleRadius = 0.007105427357601002
stepNorm = 27.977595788205093
chi = 0.16621027575922365
Iteration time (s) = 0.6577727794647217
step rejected
**************************************


**************************************
Iteration 40:
thetak = 0.18484604508384192
objk = 3.0010752216133447
trustRadius = 0.02220446049250313
sampleRadius = 0.007105427357601002
stepNorm = 13.98878145583268
chi = 0.24526493675457495
Iteration time (s) = 0.7738814353942871
f-type step
**************************************


**************************************
Iteration 41:
thetak = 0.2906720207551527
objk = 2.277787655640174
trustRadius = 0.05551115123125783
sampleRadius = 0.007105427357601002
stepNorm = 34.972003685784074
chi = 0.15282073159708923
Iteration time (s) = 0.8736405372619629
step rejected
**************************************


**************************************
Iteration 42:
thetak = 0.2906720207551527
objk = 2.277787655640174
trustRadius = 0.027755575615628914
sampleRadius = 0.007105427357601002
stepNorm = 17.485986385580162
chi = 0.21972748289020627
Iteration time (s) = 0.8768942356109619
step rejected
**************************************

[FRP] solve 1 of phase 7, thetak=2.907e-01, Delta=1.388e-02

**************************************
Iteration 43:
thetak = 0.2906720207551527
objk = 2.277787655640174
trustRadius = 0.013877787807814457
sampleRadius = 0.007105427357601002
stepNorm = 16.533255644852048
chi = 0.21972748289020627
Iteration time (s) = 0.767780065536499
theta-type step
**************************************


**************************************
Iteration 44:
thetak = 0.03111956372547075
objk = 3.791809167033309
trustRadius = 0.03469446951953614
sampleRadius = 0.007105427357601002
stepNorm = 21.857491668791
chi = 0.26521487984625775
Iteration time (s) = 0.6524825096130371
step rejected
**************************************


**************************************
Iteration 45:
thetak = 0.03111956372547075
objk = 3.791809167033309
trustRadius = 0.01734723475976807
sampleRadius = 0.007105427357601002
stepNorm = 11.77462935859856
chi = 0.26521487990480197
Iteration time (s) = 0.8819108009338379
f-type step
**************************************


**************************************
Iteration 46:
thetak = 0.06005455887794574
objk = 2.2372520355204113
trustRadius = 0.04336808689942018
sampleRadius = 0.007105427357601002
stepNorm = 26.69379205385337
chi = 0.15304062052389034
Iteration time (s) = 0.8742146492004395
step rejected
**************************************


**************************************
Iteration 47:
thetak = 0.06005455887794574
objk = 2.2372520355204113
trustRadius = 0.02168404344971009
sampleRadius = 0.007105427357601002
stepNorm = 13.66092370879386
chi = 0.22604339092585524
Iteration time (s) = 0.8593668937683105
step rejected
**************************************

[FRP] solve 1 of phase 8, thetak=6.005e-02, Delta=1.084e-02

**************************************
Iteration 48:
thetak = 0.06005455887794574
objk = 2.2372520355204113
trustRadius = 0.010842021724855044
sampleRadius = 0.007105427357601002
stepNorm = 13.101681381521153
chi = 0.22604339092585524
Iteration time (s) = 0.8694448471069336
theta-type step
**************************************


**************************************
Iteration 49:
thetak = 0.017953823449919387
objk = 3.396410552684695
trustRadius = 0.02710505431213761
sampleRadius = 0.007105427357601002
stepNorm = 17.07616070311451
chi = 0.2609477149046656
Iteration time (s) = 0.768510103225708
step rejected
**************************************


**************************************
Iteration 50:
thetak = 0.017953823449919387
objk = 3.396410552684695
trustRadius = 0.013552527156068805
sampleRadius = 0.007105427357601002
stepNorm = 9.66291239249582
chi = 0.2609477149035187
Iteration time (s) = 0.6712844371795654
step rejected
**************************************

[FRP] solve 1 of phase 9, thetak=1.795e-02, Delta=6.776e-03

**************************************
Iteration 51:
thetak = 0.017953823449919387
objk = 3.396410552684695
trustRadius = 0.006776263578034403
sampleRadius = 0.0033881317890172014
stepNorm = 4.783092251029956
chi = 0.26089219821509285
Iteration time (s) = 0.8719818592071533
theta-type step
**************************************


**************************************
Iteration 52:
thetak = 9.759945244432189e-05
objk = 3.8320248864536297
trustRadius = 0.016940658945086007
sampleRadius = 0.0033881317890172014
stepNorm = 13.737329122904278
chi = 0.2649263172441713
Iteration time (s) = 0.877763032913208
step rejected
**************************************


**************************************
Iteration 53:
thetak = 9.759945244432189e-05
objk = 3.8320248864536297
trustRadius = 0.008470329472543003
sampleRadius = 0.0033881317890172014
stepNorm = 16.00403385423723
chi = 0.2649263171175759
Iteration time (s) = 0.6744751930236816
step rejected
**************************************

[FRP] solve 1 of phase 10, thetak=9.760e-05, Delta=4.235e-03

**************************************
Iteration 54:
thetak = 9.759945244432189e-05
objk = 3.8320248864536297
trustRadius = 0.004235164736271502
sampleRadius = 0.0033881317890172014
stepNorm = 1.859427296332754
chi = 0.2649263171175759
Iteration time (s) = 0.5627455711364746
theta-type step
**************************************


**************************************
Iteration 55:
thetak = 0.0028693149968362086
objk = 4.005696620254133
trustRadius = 0.002117582368135751
sampleRadius = 0.0010587911840678754
stepNorm = 4.2743586865345335
chi = 0.26236849207929525
Iteration time (s) = 0.7655215263366699
f-type step
**************************************


**************************************
Iteration 56:
thetak = 0.005741150522522283
objk = 3.641622703635711
trustRadius = 0.005293955920339377
sampleRadius = 0.0010587911840678754
stepNorm = 10.849578516081948
chi = 0.2592170009786894
Iteration time (s) = 0.8767654895782471
step rejected
**************************************


**************************************
Iteration 57:
thetak = 0.005741150522522283
objk = 3.641622703635711
trustRadius = 0.0026469779601696886
sampleRadius = 0.0010587911840678754
stepNorm = 5.425741154018375
chi = 0.2592170007101218
Iteration time (s) = 0.7650859355926514
f-type step
**************************************


**************************************
Iteration 58:
thetak = 0.014407347982740076
objk = 3.2181764932075194
trustRadius = 0.006617444900424221
sampleRadius = 0.0010587911840678754
stepNorm = 7.628734209401792
chi = 0.24559857195343035
Iteration time (s) = 0.7753736972808838
step rejected
**************************************


**************************************
Iteration 59:
thetak = 0.014407347982740076
objk = 3.2181764932075194
trustRadius = 0.0033087224502121107
sampleRadius = 0.0010587911840678754
stepNorm = 6.717250935819855
chi = 0.24559857156397727
Iteration time (s) = 0.8641812801361084
f-type step
**************************************


**************************************
Iteration 60:
thetak = 0.004247058818295275
objk = 2.6966624217995903
trustRadius = 0.008271806125530277
sampleRadius = 0.0010587911840678754
stepNorm = 5.424491228611684
chi = 0.24305671847291413
Iteration time (s) = 0.8697421550750732
step rejected
**************************************


**************************************
Iteration 61:
thetak = 0.004247058818295275
objk = 2.6966624217995903
trustRadius = 0.004135903062765138
sampleRadius = 0.0010587911840678754
stepNorm = 4.549492175113878
chi = 0.2430567179057547
Iteration time (s) = 0.7754597663879395
step rejected
**************************************

[FRP] solve 1 of phase 11, thetak=4.247e-03, Delta=2.068e-03

**************************************
Iteration 62:
thetak = 0.004247058818295275
objk = 2.6966624217995903
trustRadius = 0.002067951531382569
sampleRadius = 0.0010587911840678754
stepNorm = 1.8644046120544573
chi = 0.2430567179057547
Iteration time (s) = 0.7724971771240234
theta-type step
**************************************


**************************************
Iteration 63:
thetak = 0.0009395840900299351
objk = 2.8786070793257514
trustRadius = 0.0051698788284564225
sampleRadius = 0.0010587911840678754
stepNorm = 5.686865517675364
chi = 0.24700453837943706
Iteration time (s) = 0.7690536975860596
step rejected
**************************************


**************************************
Iteration 64:
thetak = 0.0009395840900299351
objk = 2.8786070793257514
trustRadius = 0.0025849394142282113
sampleRadius = 0.0010587911840678754
stepNorm = 3.315897202996055
chi = 0.24700453818331256
Iteration time (s) = 0.8665716648101807
step rejected
**************************************

[FRP] solve 1 of phase 12, thetak=9.396e-04, Delta=1.292e-03

**************************************
Iteration 65:
thetak = 0.0009395840900299351
objk = 2.8786070793257514
trustRadius = 0.0012924697071141056
sampleRadius = 0.0010587911840678754
stepNorm = 0.7277691162160522
chi = 0.24700453818331256
Iteration time (s) = 0.7734060287475586
theta-type step
**************************************


**************************************
Iteration 66:
thetak = 0.00035865935002156284
objk = 2.9397584114054673
trustRadius = 0.0032311742677852643
sampleRadius = 0.0010587911840678754
stepNorm = 3.9281792508939617
chi = 0.2492664874217611
Iteration time (s) = 0.8760509490966797
step rejected
**************************************


**************************************
Iteration 67:
thetak = 0.00035865935002156284
objk = 2.9397584114054673
trustRadius = 0.0016155871338926322
sampleRadius = 0.0010587911840678754
stepNorm = 3.0517657874753894
chi = 0.24926648726539916
Iteration time (s) = 0.7742738723754883
step rejected
**************************************

[FRP] solve 1 of phase 13, thetak=3.587e-04, Delta=8.078e-04

**************************************
Iteration 68:
thetak = 0.00035865935002156284
objk = 2.9397584114054673
trustRadius = 0.0008077935669463161
sampleRadius = 0.0005
stepNorm = 0.2832243068113627
chi = 0.27151727957391764
Iteration time (s) = 0.7713518142700195
theta-type step
**************************************


**************************************
Iteration 69:
thetak = 0.0012105373812212883
objk = 2.964008535007378
trustRadius = 0.0005
sampleRadius = 0.0005
stepNorm = 1.0111865587641091
chi = 0.2721718335620584
Iteration time (s) = 0.886465311050415
step rejected
**************************************


**************************************
Iteration 70:
thetak = 0.0012105373812212883
objk = 2.964008535007378
trustRadius = 0.0005
sampleRadius = 0.0005
stepNorm = 1.0111865587641233
chi = 0.2721718334584159
Iteration time (s) = 0.7998473644256592
step rejected
**************************************

[FRP] solve 1 of phase 14, thetak=1.211e-03, Delta=5.000e-04

**************************************
Iteration 71:
thetak = 0.0012105373812212883
objk = 2.964008535007378
trustRadius = 0.0005
sampleRadius = 0.0005
stepNorm = 0.10762843383191978
chi = 0.2721718334584159
Iteration time (s) = 0.7711527347564697
theta-type step
**************************************


**************************************
Iteration 72:
thetak = 0.0011111415977851369
objk = 2.9732791031585237
trustRadius = 0.0005
sampleRadius = 0.0005
stepNorm = 1.2547775868819713
chi = 0.27130503942224365
Iteration time (s) = 0.646817684173584
step rejected
**************************************


**************************************
Iteration 73:
thetak = 0.0011111415977851369
objk = 2.9732791031585237
trustRadius = 0.0005
sampleRadius = 0.0005
stepNorm = 1.2547775868819713
chi = 0.27130503938520323
Iteration time (s) = 0.8859765529632568
step rejected
**************************************

[FRP] solve 1 of phase 15, thetak=1.111e-03, Delta=5.000e-04

**************************************
Iteration 74:
thetak = 0.0011111415977851369
objk = 2.9732791031585237
trustRadius = 0.0005
sampleRadius = 0.0005
stepNorm = 0.10842054187478567
chi = 0.27130503938520323
Iteration time (s) = 0.7671542167663574
theta-type step
**************************************


**************************************
Iteration 75:
thetak = 0.0006553256072254991
objk = 2.9824499947691856
trustRadius = 0.00125
sampleRadius = 0.0005
stepNorm = 2.5259829308746973
chi = 0.2726719480367609
Iteration time (s) = 0.6621870994567871
step rejected
**************************************


**************************************
Iteration 76:
thetak = 0.0006553256072254991
objk = 2.9824499947691856
trustRadius = 0.000625
sampleRadius = 0.0005
stepNorm = 1.262665694520301
chi = 0.272671947958842
Iteration time (s) = 0.8787112236022949
step rejected
**************************************

[FRP] solve 1 of phase 16, thetak=6.553e-04, Delta=5.000e-04

**************************************
Iteration 77:
thetak = 0.0006553256072254991
objk = 2.9824499947691856
trustRadius = 0.0005
sampleRadius = 0.0005
stepNorm = 0.1042341756775329
chi = 0.272671947958842
Iteration time (s) = 0.8727936744689941
theta-type step
**************************************


**************************************
Iteration 78:
thetak = 0.0005362339958692505
objk = 2.991411128001944
trustRadius = 0.0005
sampleRadius = 0.0005
stepNorm = 1.0104899109581922
chi = 0.2729111544021665
Iteration time (s) = 0.7640020847320557
step rejected
**************************************


**************************************
Iteration 79:
thetak = 0.0005362339958692505
objk = 2.991411128001944
trustRadius = 0.0005
sampleRadius = 0.0005
stepNorm = 1.010489910958178
chi = 0.27291115429231627
Iteration time (s) = 0.7692034244537354
step rejected
**************************************

[FRP] solve 1 of phase 17, thetak=5.362e-04, Delta=5.000e-04

**************************************
Iteration 80:
thetak = 0.0005362339958692505
objk = 2.991411128001944
trustRadius = 0.0005
sampleRadius = 0.0005
stepNorm = 0.1022317811785527
chi = 0.27291115429231627
Iteration time (s) = 0.8810980319976807
theta-type step
**************************************


**************************************
Iteration 81:
thetak = 0.0007426304709927667
objk = 3.0002746300307472
trustRadius = 0.0005
sampleRadius = 0.0005
stepNorm = 1.254778832258566
chi = 0.2720199251399048
Iteration time (s) = 0.6382448673248291
step rejected
**************************************


**************************************
Iteration 82:
thetak = 0.0007426304709927667
objk = 3.0002746300307472
trustRadius = 0.0005
sampleRadius = 0.0005
stepNorm = 1.254778832258566
chi = 0.272019925106033
Iteration time (s) = 0.8760960102081299
step rejected
**************************************

[FRP] solve 1 of phase 18, thetak=7.426e-04, Delta=5.000e-04

**************************************
Iteration 83:
thetak = 0.0007426304709927667
objk = 3.0002746300307472
trustRadius = 0.0005
sampleRadius = 0.0005
stepNorm = 0.10281900471948546
chi = 0.272019925106033
Iteration time (s) = 0.7791805267333984
theta-type step
**************************************


**************************************
Iteration 84:
thetak = 0.000614155918607499
objk = 3.0089889929896403
trustRadius = 0.0005
sampleRadius = 0.0005
stepNorm = 1.0100744222535454
chi = 0.2733865090444175
Iteration time (s) = 0.7686572074890137
step rejected
**************************************


**************************************
Iteration 85:
thetak = 0.000614155918607499
objk = 3.0089889929896403
trustRadius = 0.0005
sampleRadius = 0.0005
stepNorm = 1.0100744222535312
chi = 0.2733865089633991
Iteration time (s) = 0.7712411880493164
step rejected
**************************************

[FRP] solve 1 of phase 19, thetak=6.142e-04, Delta=5.000e-04

**************************************
Iteration 86:
thetak = 0.000614155918607499
objk = 3.0089889929896403
trustRadius = 0.0005
sampleRadius = 0.0005
stepNorm = 0.09905585945176654
chi = 0.2733865089633991
Iteration time (s) = 0.7626597881317139
theta-type step
**************************************


**************************************
Iteration 87:
thetak = 0.0005229911585901605
objk = 3.017520807305863
trustRadius = 0.0005
sampleRadius = 0.0005
stepNorm = 1.010476408954311
chi = 0.27361435379628724
Iteration time (s) = 0.7492082118988037
step rejected
**************************************


**************************************
Iteration 88:
thetak = 0.0005229911585901605
objk = 3.017520807305863
trustRadius = 0.0005
sampleRadius = 0.0005
stepNorm = 1.0104764089544531
chi = 0.27361435369037085
Iteration time (s) = 0.8900461196899414
step rejected
**************************************

[FRP] solve 1 of phase 20, thetak=5.230e-04, Delta=5.000e-04

**************************************
Iteration 89:
thetak = 0.0005229911585901605
objk = 3.017520807305863
trustRadius = 0.0005
sampleRadius = 0.0005
stepNorm = 0.09729538053300502
chi = 0.27361435369037085
Iteration time (s) = 0.6603026390075684
RESTORATION
**************************************

[FRP] solve 2 of phase 20, thetak=5.230e-04, Delta=5.000e-04

**************************************
Iteration 90:
thetak = 0.0005229911585901605
objk = 3.017520807305863
trustRadius = 0.0005
sampleRadius = 0.0005
stepNorm = 0.09729538053300502
chi = 0.27361435369037085
Iteration time (s) = 0.758392333984375
RESTORATION
**************************************

[FRP] solve 3 of phase 20, thetak=5.230e-04, Delta=5.000e-04

**************************************
Iteration 91:
thetak = 0.0005229911585901605
objk = 3.017520807305863
trustRadius = 0.0005
sampleRadius = 0.0005
stepNorm = 0.09729538053300502
chi = 0.27361435369037085
Iteration time (s) = 0.8770618438720703
RESTORATION
**************************************

[FRP] solve 4 of phase 20, thetak=5.230e-04, Delta=5.000e-04

**************************************
Iteration 92:
thetak = 0.0005229911585901605
objk = 3.017520807305863
trustRadius = 0.0005
sampleRadius = 0.0005
stepNorm = 0.09729538053300502
chi = 0.27361435369037085
Iteration time (s) = 0.6478939056396484
RESTORATION
**************************************

[FRP] solve 5 of phase 20, thetak=5.230e-04, Delta=5.000e-04

**************************************
Iteration 93:
thetak = 0.0005229911585901605
objk = 3.017520807305863
trustRadius = 0.0005
sampleRadius = 0.0005
stepNorm = 0.09729538053300502
chi = 0.27361435369037085
Iteration time (s) = 0.7516889572143555
RESTORATION
**************************************

[FRP] solve 6 of phase 20, thetak=5.230e-04, Delta=5.000e-04

**************************************
Iteration 94:
thetak = 0.0005229911585901605
objk = 3.017520807305863
trustRadius = 0.0005
sampleRadius = 0.0005
stepNorm = 0.09729538053300502
chi = 0.27361435369037085
Iteration time (s) = 0.6558029651641846
RESTORATION
**************************************

[FRP] solve 7 of phase 20, thetak=5.230e-04, Delta=5.000e-04

**************************************
Iteration 95:
thetak = 0.0005229911585901605
objk = 3.017520807305863
trustRadius = 0.0005
sampleRadius = 0.0005
stepNorm = 0.09729538053300502
chi = 0.27361435369037085
Iteration time (s) = 0.7829062938690186
RESTORATION
**************************************

[FRP] solve 8 of phase 20, thetak=5.230e-04, Delta=5.000e-04

**************************************
Iteration 96:
thetak = 0.0005229911585901605
objk = 3.017520807305863
trustRadius = 0.0005
sampleRadius = 0.0005
stepNorm = 0.09729538053300502
chi = 0.27361435369037085
Iteration time (s) = 0.7578487396240234
RESTORATION
**************************************

[FRP] solve 9 of phase 20, thetak=5.230e-04, Delta=5.000e-04

**************************************
Iteration 97:
thetak = 0.0005229911585901605
objk = 3.017520807305863
trustRadius = 0.0005
sampleRadius = 0.0005
stepNorm = 0.09729538053300502
chi = 0.27361435369037085
Iteration time (s) = 0.649824857711792
RESTORATION
**************************************

[FRP] solve 10 of phase 20, thetak=5.230e-04, Delta=5.000e-04

**************************************
Iteration 98:
thetak = 0.0005229911585901605
objk = 3.017520807305863
trustRadius = 0.0005
sampleRadius = 0.0005
stepNorm = 0.09729538053300502
chi = 0.27361435369037085
Iteration time (s) = 0.7641289234161377
RESTORATION
**************************************

[FRP] solve 11 of phase 20, thetak=5.230e-04, Delta=5.000e-04

**************************************
Iteration 99:
thetak = 0.0005229911585901605
objk = 3.017520807305863
trustRadius = 0.0005
sampleRadius = 0.0005
stepNorm = 0.09729538053300502
chi = 0.27361435369037085
Iteration time (s) = 0.7581996917724609
RESTORATION
**************************************

[FRP] solve 12 of phase 20, thetak=5.230e-04, Delta=5.000e-04

**************************************
Iteration 100:
thetak = 0.0005229911585901605
objk = 3.017520807305863
trustRadius = 0.0005
sampleRadius = 0.0005
stepNorm = 0.09729538053300502
chi = 0.27361435369037085
Iteration time (s) = 0.7394084930419922
RESTORATION
**************************************

[FRP] solve 13 of phase 20, thetak=5.230e-04, Delta=5.000e-04

**************************************
Iteration 101:
thetak = 0.0005229911585901605
objk = 3.017520807305863
trustRadius = 0.0005
sampleRadius = 0.0005
stepNorm = 0.09729538053300502
chi = 0.27361435369037085
Iteration time (s) = 0.6536145210266113
RESTORATION
**************************************

[FRP] solve 14 of phase 20, thetak=5.230e-04, Delta=5.000e-04

**************************************
Iteration 102:
thetak = 0.0005229911585901605
objk = 3.017520807305863
trustRadius = 0.0005
sampleRadius = 0.0005
stepNorm = 0.09729538053300502
chi = 0.27361435369037085
Iteration time (s) = 0.6648843288421631
RESTORATION
**************************************

[FRP] solve 15 of phase 20, thetak=5.230e-04, Delta=5.000e-04

**************************************
Iteration 103:
thetak = 0.0005229911585901605
objk = 3.017520807305863
trustRadius = 0.0005
sampleRadius = 0.0005
stepNorm = 0.09729538053300502
chi = 0.27361435369037085
Iteration time (s) = 0.8778471946716309
RESTORATION
**************************************

[FRP] solve 16 of phase 20, thetak=5.230e-04, Delta=5.000e-04

**************************************
Iteration 104:
thetak = 0.0005229911585901605
objk = 3.017520807305863
trustRadius = 0.0005
sampleRadius = 0.0005
stepNorm = 0.09729538053300502
chi = 0.27361435369037085
Iteration time (s) = 0.7558748722076416
RESTORATION
**************************************

[FRP] solve 17 of phase 20, thetak=5.230e-04, Delta=5.000e-04

**************************************
Iteration 105:
thetak = 0.0005229911585901605
objk = 3.017520807305863
trustRadius = 0.0005
sampleRadius = 0.0005
stepNorm = 0.09729538053300502
chi = 0.27361435369037085
Iteration time (s) = 0.7568237781524658
RESTORATION
**************************************

[FRP] solve 18 of phase 20, thetak=5.230e-04, Delta=5.000e-04

**************************************
Iteration 106:
thetak = 0.0005229911585901605
objk = 3.017520807305863
trustRadius = 0.0005
sampleRadius = 0.0005
stepNorm = 0.09729538053300502
chi = 0.27361435369037085
Iteration time (s) = 0.7701256275177002
RESTORATION
**************************************

[FRP] solve 19 of phase 20, thetak=5.230e-04, Delta=5.000e-04

**************************************
Iteration 107:
thetak = 0.0005229911585901605
objk = 3.017520807305863
trustRadius = 0.0005
sampleRadius = 0.0005
stepNorm = 0.09729538053300502
chi = 0.27361435369037085
Iteration time (s) = 0.7637162208557129
RESTORATION
**************************************

[FRP] solve 20 of phase 20, thetak=5.230e-04, Delta=5.000e-04

**************************************
Iteration 108:
thetak = 0.0005229911585901605
objk = 3.017520807305863
trustRadius = 0.0005
sampleRadius = 0.0005
stepNorm = 0.09729538053300502
chi = 0.27361435369037085
Iteration time (s) = 0.6657884120941162
RESTORATION
**************************************

[FRP] solve 21 of phase 20, thetak=5.230e-04, Delta=5.000e-04

**************************************
Iteration 109:
thetak = 0.0005229911585901605
objk = 3.017520807305863
trustRadius = 0.0005
sampleRadius = 0.0005
stepNorm = 0.09729538053300502
chi = 0.27361435369037085
Iteration time (s) = 0.7600686550140381
RESTORATION
**************************************

[FRP] solve 22 of phase 20, thetak=5.230e-04, Delta=5.000e-04

**************************************
Iteration 110:
thetak = 0.0005229911585901605
objk = 3.017520807305863
trustRadius = 0.0005
sampleRadius = 0.0005
stepNorm = 0.09729538053300502
chi = 0.27361435369037085
Iteration time (s) = 0.7714359760284424
RESTORATION
**************************************

[FRP] solve 23 of phase 20, thetak=5.230e-04, Delta=5.000e-04

**************************************
Iteration 111:
thetak = 0.0005229911585901605
objk = 3.017520807305863
trustRadius = 0.0005
sampleRadius = 0.0005
stepNorm = 0.09729538053300502
chi = 0.27361435369037085
Iteration time (s) = 0.7551145553588867
RESTORATION
**************************************

[FRP] solve 24 of phase 20, thetak=5.230e-04, Delta=5.000e-04

**************************************
Iteration 112:
thetak = 0.0005229911585901605
objk = 3.017520807305863
trustRadius = 0.0005
sampleRadius = 0.0005
stepNorm = 0.09729538053300502
chi = 0.27361435369037085
Iteration time (s) = 0.653179407119751
RESTORATION
**************************************

[FRP] solve 25 of phase 20, thetak=5.230e-04, Delta=5.000e-04

**************************************
Iteration 113:
thetak = 0.0005229911585901605
objk = 3.017520807305863
trustRadius = 0.0005
sampleRadius = 0.0005
stepNorm = 0.09729538053300502
chi = 0.27361435369037085
Iteration time (s) = 0.7714838981628418
RESTORATION
**************************************

[FRP] solve 26 of phase 20, thetak=5.230e-04, Delta=5.000e-04

**************************************
Iteration 114:
thetak = 0.0005229911585901605
objk = 3.017520807305863
trustRadius = 0.0005
sampleRadius = 0.0005
stepNorm = 0.09729538053300502
chi = 0.27361435369037085
Iteration time (s) = 0.7606966495513916
RESTORATION
**************************************

[FRP] solve 27 of phase 20, thetak=5.230e-04, Delta=5.000e-04

**************************************
Iteration 115:
thetak = 0.0005229911585901605
objk = 3.017520807305863
trustRadius = 0.0005
sampleRadius = 0.0005
stepNorm = 0.09729538053300502
chi = 0.27361435369037085
Iteration time (s) = 0.7637913227081299
RESTORATION
**************************************

[FRP] solve 28 of phase 20, thetak=5.230e-04, Delta=5.000e-04

**************************************
Iteration 116:
thetak = 0.0005229911585901605
objk = 3.017520807305863
trustRadius = 0.0005
sampleRadius = 0.0005
stepNorm = 0.09729538053300502
chi = 0.27361435369037085
Iteration time (s) = 0.6736831665039062
RESTORATION
**************************************

[FRP] solve 29 of phase 20, thetak=5.230e-04, Delta=5.000e-04

**************************************
Iteration 117:
thetak = 0.0005229911585901605
objk = 3.017520807305863
trustRadius = 0.0005
sampleRadius = 0.0005
stepNorm = 0.09729538053300502
chi = 0.27361435369037085
Iteration time (s) = 0.7674438953399658
RESTORATION
**************************************

[FRP] solve 30 of phase 20, thetak=5.230e-04, Delta=5.000e-04

**************************************
Iteration 118:
thetak = 0.0005229911585901605
objk = 3.017520807305863
trustRadius = 0.0005
sampleRadius = 0.0005
stepNorm = 0.09729538053300502
chi = 0.27361435369037085
Iteration time (s) = 0.761756420135498
RESTORATION
**************************************

[FRP] solve 31 of phase 20, thetak=5.230e-04, Delta=5.000e-04

**************************************
Iteration 119:
thetak = 0.0005229911585901605
objk = 3.017520807305863
trustRadius = 0.0005
sampleRadius = 0.0005
stepNorm = 0.09729538053300502
chi = 0.27361435369037085
Iteration time (s) = 0.6685185432434082
RESTORATION
**************************************

[FRP] solve 32 of phase 20, thetak=5.230e-04, Delta=5.000e-04

**************************************
Iteration 120:
thetak = 0.0005229911585901605
objk = 3.017520807305863
trustRadius = 0.0005
sampleRadius = 0.0005
stepNorm = 0.09729538053300502
chi = 0.27361435369037085
Iteration time (s) = 0.8755521774291992
RESTORATION
**************************************

[FRP] solve 33 of phase 20, thetak=5.230e-04, Delta=5.000e-04

**************************************
Iteration 121:
thetak = 0.0005229911585901605
objk = 3.017520807305863
trustRadius = 0.0005
sampleRadius = 0.0005
stepNorm = 0.09729538053300502
chi = 0.27361435369037085
Iteration time (s) = 0.7818436622619629
RESTORATION
**************************************

[FRP] solve 34 of phase 20, thetak=5.230e-04, Delta=5.000e-04

**************************************
Iteration 122:
thetak = 0.0005229911585901605
objk = 3.017520807305863
trustRadius = 0.0005
sampleRadius = 0.0005
stepNorm = 0.09729538053300502
chi = 0.27361435369037085
Iteration time (s) = 0.7821695804595947
RESTORATION
**************************************

[FRP] solve 35 of phase 20, thetak=5.230e-04, Delta=5.000e-04

**************************************
Iteration 123:
thetak = 0.0005229911585901605
objk = 3.017520807305863
trustRadius = 0.0005
sampleRadius = 0.0005
stepNorm = 0.09729538053300502
chi = 0.27361435369037085
Iteration time (s) = 0.7599353790283203
RESTORATION
**************************************

[FRP] solve 36 of phase 20, thetak=5.230e-04, Delta=5.000e-04

**************************************
Iteration 124:
thetak = 0.0005229911585901605
objk = 3.017520807305863
trustRadius = 0.0005
sampleRadius = 0.0005
stepNorm = 0.09729538053300502
chi = 0.27361435369037085
Iteration time (s) = 0.6523816585540771
RESTORATION
**************************************

[FRP] solve 37 of phase 20, thetak=5.230e-04, Delta=5.000e-04

**************************************
Iteration 125:
thetak = 0.0005229911585901605
objk = 3.017520807305863
trustRadius = 0.0005
sampleRadius = 0.0005
stepNorm = 0.09729538053300502
chi = 0.27361435369037085
Iteration time (s) = 0.7919957637786865
RESTORATION
**************************************

[FRP] solve 38 of phase 20, thetak=5.230e-04, Delta=5.000e-04

**************************************
Iteration 126:
thetak = 0.0005229911585901605
objk = 3.017520807305863
trustRadius = 0.0005
sampleRadius = 0.0005
stepNorm = 0.09729538053300502
chi = 0.27361435369037085
Iteration time (s) = 0.7646105289459229
RESTORATION
**************************************

[FRP] solve 39 of phase 20, thetak=5.230e-04, Delta=5.000e-04

**************************************
Iteration 127:
thetak = 0.0005229911585901605
objk = 3.017520807305863
trustRadius = 0.0005
sampleRadius = 0.0005
stepNorm = 0.09729538053300502
chi = 0.27361435369037085
Iteration time (s) = 0.7698965072631836
RESTORATION
**************************************

[FRP] solve 40 of phase 20, thetak=5.230e-04, Delta=5.000e-04

**************************************
Iteration 128:
thetak = 0.0005229911585901605
objk = 3.017520807305863
trustRadius = 0.0005
sampleRadius = 0.0005
stepNorm = 0.09729538053300502
chi = 0.27361435369037085
Iteration time (s) = 0.7657277584075928
RESTORATION
**************************************

[FRP] solve 41 of phase 20, thetak=5.230e-04, Delta=5.000e-04

**************************************
Iteration 129:
thetak = 0.0005229911585901605
objk = 3.017520807305863
trustRadius = 0.0005
sampleRadius = 0.0005
stepNorm = 0.09729538053300502
chi = 0.27361435369037085
Iteration time (s) = 0.7597343921661377
RESTORATION
**************************************

[FRP] solve 42 of phase 20, thetak=5.230e-04, Delta=5.000e-04

**************************************
Iteration 130:
thetak = 0.0005229911585901605
objk = 3.017520807305863
trustRadius = 0.0005
sampleRadius = 0.0005
stepNorm = 0.09729538053300502
chi = 0.27361435369037085
Iteration time (s) = 0.7550637722015381
RESTORATION
**************************************

[FRP] solve 43 of phase 20, thetak=5.230e-04, Delta=5.000e-04

**************************************
Iteration 131:
thetak = 0.0005229911585901605
objk = 3.017520807305863
trustRadius = 0.0005
sampleRadius = 0.0005
stepNorm = 0.09729538053300502
chi = 0.27361435369037085
Iteration time (s) = 0.6606588363647461
RESTORATION
**************************************

[FRP] solve 44 of phase 20, thetak=5.230e-04, Delta=5.000e-04

**************************************
Iteration 132:
thetak = 0.0005229911585901605
objk = 3.017520807305863
trustRadius = 0.0005
sampleRadius = 0.0005
stepNorm = 0.09729538053300502
chi = 0.27361435369037085
Iteration time (s) = 0.7788398265838623
RESTORATION
**************************************

[FRP] solve 45 of phase 20, thetak=5.230e-04, Delta=5.000e-04

**************************************
Iteration 133:
thetak = 0.0005229911585901605
objk = 3.017520807305863
trustRadius = 0.0005
sampleRadius = 0.0005
stepNorm = 0.09729538053300502
chi = 0.27361435369037085
Iteration time (s) = 0.7668943405151367
RESTORATION
**************************************

[FRP] solve 46 of phase 20, thetak=5.230e-04, Delta=5.000e-04

**************************************
Iteration 134:
thetak = 0.0005229911585901605
objk = 3.017520807305863
trustRadius = 0.0005
sampleRadius = 0.0005
stepNorm = 0.09729538053300502
chi = 0.27361435369037085
Iteration time (s) = 0.753718376159668
RESTORATION
**************************************

[FRP] solve 47 of phase 20, thetak=5.230e-04, Delta=5.000e-04

**************************************
Iteration 135:
thetak = 0.0005229911585901605
objk = 3.017520807305863
trustRadius = 0.0005
sampleRadius = 0.0005
stepNorm = 0.09729538053300502
chi = 0.27361435369037085
Iteration time (s) = 0.6731522083282471
RESTORATION
**************************************

[FRP] solve 48 of phase 20, thetak=5.230e-04, Delta=5.000e-04

**************************************
Iteration 136:
thetak = 0.0005229911585901605
objk = 3.017520807305863
trustRadius = 0.0005
sampleRadius = 0.0005
stepNorm = 0.09729538053300502
chi = 0.27361435369037085
Iteration time (s) = 0.7687749862670898
RESTORATION
**************************************

[FRP] solve 49 of phase 20, thetak=5.230e-04, Delta=5.000e-04

**************************************
Iteration 137:
thetak = 0.0005229911585901605
objk = 3.017520807305863
trustRadius = 0.0005
sampleRadius = 0.0005
stepNorm = 0.09729538053300502
chi = 0.27361435369037085
Iteration time (s) = 0.7634997367858887
RESTORATION
**************************************

[FRP] solve 50 of phase 20, thetak=5.230e-04, Delta=5.000e-04

**************************************
Iteration 138:
thetak = 0.0005229911585901605
objk = 3.017520807305863
trustRadius = 0.0005
sampleRadius = 0.0005
stepNorm = 0.09729538053300502
chi = 0.27361435369037085
Iteration time (s) = 0.6760959625244141
RESTORATION
**************************************

[FRP] solve 51 of phase 20, thetak=5.230e-04, Delta=5.000e-04

**************************************
Iteration 139:
thetak = 0.0005229911585901605
objk = 3.017520807305863
trustRadius = 0.0005
sampleRadius = 0.0005
stepNorm = 0.09729538053300502
chi = 0.27361435369037085
Iteration time (s) = 0.7400107383728027
RESTORATION
**************************************

[FRP] solve 52 of phase 20, thetak=5.230e-04, Delta=5.000e-04

**************************************
Iteration 140:
thetak = 0.0005229911585901605
objk = 3.017520807305863
trustRadius = 0.0005
sampleRadius = 0.0005
stepNorm = 0.09729538053300502
chi = 0.27361435369037085
Iteration time (s) = 0.7657928466796875
RESTORATION
**************************************

[FRP] solve 53 of phase 20, thetak=5.230e-04, Delta=5.000e-04

**************************************
Iteration 141:
thetak = 0.0005229911585901605
objk = 3.017520807305863
trustRadius = 0.0005
sampleRadius = 0.0005
stepNorm = 0.09729538053300502
chi = 0.27361435369037085
Iteration time (s) = 0.6675412654876709
RESTORATION
**************************************

[FRP] solve 54 of phase 20, thetak=5.230e-04, Delta=5.000e-04

**************************************
Iteration 142:
thetak = 0.0005229911585901605
objk = 3.017520807305863
trustRadius = 0.0005
sampleRadius = 0.0005
stepNorm = 0.09729538053300502
chi = 0.27361435369037085
Iteration time (s) = 0.6495659351348877
RESTORATION
**************************************

[FRP] solve 55 of phase 20, thetak=5.230e-04, Delta=5.000e-04

**************************************
Iteration 143:
thetak = 0.0005229911585901605
objk = 3.017520807305863
trustRadius = 0.0005
sampleRadius = 0.0005
stepNorm = 0.09729538053300502
chi = 0.27361435369037085
Iteration time (s) = 0.7710530757904053
RESTORATION
**************************************

[FRP] solve 56 of phase 20, thetak=5.230e-04, Delta=5.000e-04

**************************************
Iteration 144:
thetak = 0.0005229911585901605
objk = 3.017520807305863
trustRadius = 0.0005
sampleRadius = 0.0005
stepNorm = 0.09729538053300502
chi = 0.27361435369037085
Iteration time (s) = 0.7554395198822021
RESTORATION
**************************************

[FRP] solve 57 of phase 20, thetak=5.230e-04, Delta=5.000e-04

**************************************
Iteration 145:
thetak = 0.0005229911585901605
objk = 3.017520807305863
trustRadius = 0.0005
sampleRadius = 0.0005
stepNorm = 0.09729538053300502
chi = 0.27361435369037085
Iteration time (s) = 0.7573890686035156
RESTORATION
**************************************

[FRP] solve 58 of phase 20, thetak=5.230e-04, Delta=5.000e-04

**************************************
Iteration 146:
thetak = 0.0005229911585901605
objk = 3.017520807305863
trustRadius = 0.0005
sampleRadius = 0.0005
stepNorm = 0.09729538053300502
chi = 0.27361435369037085
Iteration time (s) = 0.7429161071777344
RESTORATION
**************************************

[FRP] solve 59 of phase 20, thetak=5.230e-04, Delta=5.000e-04

**************************************
Iteration 147:
thetak = 0.0005229911585901605
objk = 3.017520807305863
trustRadius = 0.0005
sampleRadius = 0.0005
stepNorm = 0.09729538053300502
chi = 0.27361435369037085
Iteration time (s) = 0.7754886150360107
RESTORATION
**************************************

[FRP] solve 60 of phase 20, thetak=5.230e-04, Delta=5.000e-04

**************************************
Iteration 148:
thetak = 0.0005229911585901605
objk = 3.017520807305863
trustRadius = 0.0005
sampleRadius = 0.0005
stepNorm = 0.09729538053300502
chi = 0.27361435369037085
Iteration time (s) = 0.7801318168640137
RESTORATION
**************************************

[FRP] solve 61 of phase 20, thetak=5.230e-04, Delta=5.000e-04

**************************************
Iteration 149:
thetak = 0.0005229911585901605
objk = 3.017520807305863
trustRadius = 0.0005
sampleRadius = 0.0005
stepNorm = 0.09729538053300502
chi = 0.27361435369037085
Iteration time (s) = 0.8814723491668701
RESTORATION
**************************************

[FRP] solve 62 of phase 20, thetak=5.230e-04, Delta=5.000e-04

**************************************
Iteration 150:
thetak = 0.0005229911585901605
objk = 3.017520807305863
trustRadius = 0.0005
sampleRadius = 0.0005
stepNorm = 0.09729538053300502
chi = 0.27361435369037085
Iteration time (s) = 1.5554883480072021
RESTORATION
**************************************

[FRP] solve 63 of phase 20, thetak=5.230e-04, Delta=5.000e-04

**************************************
Iteration 151:
thetak = 0.0005229911585901605
objk = 3.017520807305863
trustRadius = 0.0005
sampleRadius = 0.0005
stepNorm = 0.09729538053300502
chi = 0.27361435369037085
Iteration time (s) = 0.7882130146026611
RESTORATION
**************************************

[FRP] solve 64 of phase 20, thetak=5.230e-04, Delta=5.000e-04

**************************************
Iteration 152:
thetak = 0.0005229911585901605
objk = 3.017520807305863
trustRadius = 0.0005
sampleRadius = 0.0005
stepNorm = 0.09729538053300502
chi = 0.27361435369037085
Iteration time (s) = 0.8748805522918701
RESTORATION
**************************************

[FRP] solve 65 of phase 20, thetak=5.230e-04, Delta=5.000e-04

**************************************
Iteration 153:
thetak = 0.0005229911585901605
objk = 3.017520807305863
trustRadius = 0.0005
sampleRadius = 0.0005
stepNorm = 0.09729538053300502
chi = 0.27361435369037085
Iteration time (s) = 0.90574049949646
RESTORATION
**************************************

[FRP] solve 66 of phase 20, thetak=5.230e-04, Delta=5.000e-04

**************************************
Iteration 154:
thetak = 0.0005229911585901605
objk = 3.017520807305863
trustRadius = 0.0005
sampleRadius = 0.0005
stepNorm = 0.09729538053300502
chi = 0.27361435369037085
Iteration time (s) = 0.7681493759155273
RESTORATION
**************************************

[FRP] solve 67 of phase 20, thetak=5.230e-04, Delta=5.000e-04

**************************************
Iteration 155:
thetak = 0.0005229911585901605
objk = 3.017520807305863
trustRadius = 0.0005
sampleRadius = 0.0005
stepNorm = 0.09729538053300502
chi = 0.27361435369037085
Iteration time (s) = 0.744267463684082
RESTORATION
**************************************

[FRP] solve 68 of phase 20, thetak=5.230e-04, Delta=5.000e-04

**************************************
Iteration 156:
thetak = 0.0005229911585901605
objk = 3.017520807305863
trustRadius = 0.0005
sampleRadius = 0.0005
stepNorm = 0.09729538053300502
chi = 0.27361435369037085
Iteration time (s) = 0.7650914192199707
RESTORATION
**************************************

[FRP] solve 69 of phase 20, thetak=5.230e-04, Delta=5.000e-04

**************************************
Iteration 157:
thetak = 0.0005229911585901605
objk = 3.017520807305863
trustRadius = 0.0005
sampleRadius = 0.0005
stepNorm = 0.09729538053300502
chi = 0.27361435369037085
Iteration time (s) = 0.7689929008483887
RESTORATION
**************************************

[FRP] solve 70 of phase 20, thetak=5.230e-04, Delta=5.000e-04

**************************************
Iteration 158:
thetak = 0.0005229911585901605
objk = 3.017520807305863
trustRadius = 0.0005
sampleRadius = 0.0005
stepNorm = 0.09729538053300502
chi = 0.27361435369037085
Iteration time (s) = 0.5550448894500732
RESTORATION
**************************************

[FRP] solve 71 of phase 20, thetak=5.230e-04, Delta=5.000e-04

**************************************
Iteration 159:
thetak = 0.0005229911585901605
objk = 3.017520807305863
trustRadius = 0.0005
sampleRadius = 0.0005
stepNorm = 0.09729538053300502
chi = 0.27361435369037085
Iteration time (s) = 0.6486005783081055
RESTORATION
**************************************

[FRP] solve 72 of phase 20, thetak=5.230e-04, Delta=5.000e-04

**************************************
Iteration 160:
thetak = 0.0005229911585901605
objk = 3.017520807305863
trustRadius = 0.0005
sampleRadius = 0.0005
stepNorm = 0.09729538053300502
chi = 0.27361435369037085
Iteration time (s) = 0.7630665302276611
RESTORATION
**************************************

[FRP] solve 73 of phase 20, thetak=5.230e-04, Delta=5.000e-04

**************************************
Iteration 161:
thetak = 0.0005229911585901605
objk = 3.017520807305863
trustRadius = 0.0005
sampleRadius = 0.0005
stepNorm = 0.09729538053300502
chi = 0.27361435369037085
Iteration time (s) = 0.7891452312469482
RESTORATION
**************************************

[FRP] solve 74 of phase 20, thetak=5.230e-04, Delta=5.000e-04

**************************************
Iteration 162:
thetak = 0.0005229911585901605
objk = 3.017520807305863
trustRadius = 0.0005
sampleRadius = 0.0005
stepNorm = 0.09729538053300502
chi = 0.27361435369037085
Iteration time (s) = 0.6415860652923584
RESTORATION
**************************************

[FRP] solve 75 of phase 20, thetak=5.230e-04, Delta=5.000e-04

**************************************
Iteration 163:
thetak = 0.0005229911585901605
objk = 3.017520807305863
trustRadius = 0.0005
sampleRadius = 0.0005
stepNorm = 0.09729538053300502
chi = 0.27361435369037085
Iteration time (s) = 0.7748606204986572
RESTORATION
**************************************

[FRP] solve 76 of phase 20, thetak=5.230e-04, Delta=5.000e-04

**************************************
Iteration 164:
thetak = 0.0005229911585901605
objk = 3.017520807305863
trustRadius = 0.0005
sampleRadius = 0.0005
stepNorm = 0.09729538053300502
chi = 0.27361435369037085
Iteration time (s) = 0.7575125694274902
RESTORATION
**************************************

[FRP] solve 77 of phase 20, thetak=5.230e-04, Delta=5.000e-04

**************************************
Iteration 165:
thetak = 0.0005229911585901605
objk = 3.017520807305863
trustRadius = 0.0005
sampleRadius = 0.0005
stepNorm = 0.09729538053300502
chi = 0.27361435369037085
Iteration time (s) = 0.9234607219696045
RESTORATION
**************************************

[FRP] solve 78 of phase 20, thetak=5.230e-04, Delta=5.000e-04

**************************************
Iteration 166:
thetak = 0.0005229911585901605
objk = 3.017520807305863
trustRadius = 0.0005
sampleRadius = 0.0005
stepNorm = 0.09729538053300502
chi = 0.27361435369037085
Iteration time (s) = 0.6658926010131836
RESTORATION
**************************************

[FRP] solve 79 of phase 20, thetak=5.230e-04, Delta=5.000e-04

**************************************
Iteration 167:
thetak = 0.0005229911585901605
objk = 3.017520807305863
trustRadius = 0.0005
sampleRadius = 0.0005
stepNorm = 0.09729538053300502
chi = 0.27361435369037085
Iteration time (s) = 0.7771408557891846
RESTORATION
**************************************

[FRP] solve 80 of phase 20, thetak=5.230e-04, Delta=5.000e-04

**************************************
Iteration 168:
thetak = 0.0005229911585901605
objk = 3.017520807305863
trustRadius = 0.0005
sampleRadius = 0.0005
stepNorm = 0.09729538053300502
chi = 0.27361435369037085
Iteration time (s) = 0.768012523651123
RESTORATION
**************************************

[FRP] solve 81 of phase 20, thetak=5.230e-04, Delta=5.000e-04

**************************************
Iteration 169:
thetak = 0.0005229911585901605
objk = 3.017520807305863
trustRadius = 0.0005
sampleRadius = 0.0005
stepNorm = 0.09729538053300502
chi = 0.27361435369037085
Iteration time (s) = 0.7659976482391357
RESTORATION
**************************************

[FRP] solve 82 of phase 20, thetak=5.230e-04, Delta=5.000e-04

**************************************
Iteration 170:
thetak = 0.0005229911585901605
objk = 3.017520807305863
trustRadius = 0.0005
sampleRadius = 0.0005
stepNorm = 0.09729538053300502
chi = 0.27361435369037085
Iteration time (s) = 0.7742881774902344
RESTORATION
**************************************

[FRP] solve 83 of phase 20, thetak=5.230e-04, Delta=5.000e-04

**************************************
Iteration 171:
thetak = 0.0005229911585901605
objk = 3.017520807305863
trustRadius = 0.0005
sampleRadius = 0.0005
stepNorm = 0.09729538053300502
chi = 0.27361435369037085
Iteration time (s) = 0.7588911056518555
RESTORATION
**************************************

[FRP] solve 84 of phase 20, thetak=5.230e-04, Delta=5.000e-04

**************************************
Iteration 172:
thetak = 0.0005229911585901605
objk = 3.017520807305863
trustRadius = 0.0005
sampleRadius = 0.0005
stepNorm = 0.09729538053300502
chi = 0.27361435369037085
Iteration time (s) = 0.8878028392791748
RESTORATION
**************************************

[FRP] solve 85 of phase 20, thetak=5.230e-04, Delta=5.000e-04

**************************************
Iteration 173:
thetak = 0.0005229911585901605
objk = 3.017520807305863
trustRadius = 0.0005
sampleRadius = 0.0005
stepNorm = 0.09729538053300502
chi = 0.27361435369037085
Iteration time (s) = 0.7653937339782715
RESTORATION
**************************************

[FRP] solve 86 of phase 20, thetak=5.230e-04, Delta=5.000e-04

**************************************
Iteration 174:
thetak = 0.0005229911585901605
objk = 3.017520807305863
trustRadius = 0.0005
sampleRadius = 0.0005
stepNorm = 0.09729538053300502
chi = 0.27361435369037085
Iteration time (s) = 0.6559319496154785
RESTORATION
**************************************

[FRP] solve 87 of phase 20, thetak=5.230e-04, Delta=5.000e-04

**************************************
Iteration 175:
thetak = 0.0005229911585901605
objk = 3.017520807305863
trustRadius = 0.0005
sampleRadius = 0.0005
stepNorm = 0.09729538053300502
chi = 0.27361435369037085
Iteration time (s) = 0.8480455875396729
RESTORATION
**************************************

[FRP] solve 88 of phase 20, thetak=5.230e-04, Delta=5.000e-04

**************************************
Iteration 176:
thetak = 0.0005229911585901605
objk = 3.017520807305863
trustRadius = 0.0005
sampleRadius = 0.0005
stepNorm = 0.09729538053300502
chi = 0.27361435369037085
Iteration time (s) = 0.8937599658966064
RESTORATION
**************************************

[FRP] solve 89 of phase 20, thetak=5.230e-04, Delta=5.000e-04

**************************************
Iteration 177:
thetak = 0.0005229911585901605
objk = 3.017520807305863
trustRadius = 0.0005
sampleRadius = 0.0005
stepNorm = 0.09729538053300502
chi = 0.27361435369037085
Iteration time (s) = 0.7436974048614502
RESTORATION
**************************************

[FRP] solve 90 of phase 20, thetak=5.230e-04, Delta=5.000e-04

**************************************
Iteration 178:
thetak = 0.0005229911585901605
objk = 3.017520807305863
trustRadius = 0.0005
sampleRadius = 0.0005
stepNorm = 0.09729538053300502
chi = 0.27361435369037085
Iteration time (s) = 0.7610971927642822
RESTORATION
**************************************

[FRP] solve 91 of phase 20, thetak=5.230e-04, Delta=5.000e-04

**************************************
Iteration 179:
thetak = 0.0005229911585901605
objk = 3.017520807305863
trustRadius = 0.0005
sampleRadius = 0.0005
stepNorm = 0.09729538053300502
chi = 0.27361435369037085
Iteration time (s) = 0.765235424041748
RESTORATION
**************************************

[FRP] solve 92 of phase 20, thetak=5.230e-04, Delta=5.000e-04

**************************************
Iteration 180:
thetak = 0.0005229911585901605
objk = 3.017520807305863
trustRadius = 0.0005
sampleRadius = 0.0005
stepNorm = 0.09729538053300502
chi = 0.27361435369037085
Iteration time (s) = 0.7640218734741211
RESTORATION
**************************************

[FRP] solve 93 of phase 20, thetak=5.230e-04, Delta=5.000e-04

**************************************
Iteration 181:
thetak = 0.0005229911585901605
objk = 3.017520807305863
trustRadius = 0.0005
sampleRadius = 0.0005
stepNorm = 0.09729538053300502
chi = 0.27361435369037085
Iteration time (s) = 0.7597312927246094
RESTORATION
**************************************

[FRP] solve 94 of phase 20, thetak=5.230e-04, Delta=5.000e-04

**************************************
Iteration 182:
thetak = 0.0005229911585901605
objk = 3.017520807305863
trustRadius = 0.0005
sampleRadius = 0.0005
stepNorm = 0.09729538053300502
chi = 0.27361435369037085
Iteration time (s) = 0.6680433750152588
RESTORATION
**************************************

[FRP] solve 95 of phase 20, thetak=5.230e-04, Delta=5.000e-04

**************************************
Iteration 183:
thetak = 0.0005229911585901605
objk = 3.017520807305863
trustRadius = 0.0005
sampleRadius = 0.0005
stepNorm = 0.09729538053300502
chi = 0.27361435369037085
Iteration time (s) = 0.768153190612793
RESTORATION
**************************************

[FRP] solve 96 of phase 20, thetak=5.230e-04, Delta=5.000e-04

**************************************
Iteration 184:
thetak = 0.0005229911585901605
objk = 3.017520807305863
trustRadius = 0.0005
sampleRadius = 0.0005
stepNorm = 0.09729538053300502
chi = 0.27361435369037085
Iteration time (s) = 0.656804084777832
RESTORATION
**************************************

[FRP] solve 97 of phase 20, thetak=5.230e-04, Delta=5.000e-04

**************************************
Iteration 185:
thetak = 0.0005229911585901605
objk = 3.017520807305863
trustRadius = 0.0005
sampleRadius = 0.0005
stepNorm = 0.09729538053300502
chi = 0.27361435369037085
Iteration time (s) = 0.7585883140563965
RESTORATION
**************************************

[FRP] solve 98 of phase 20, thetak=5.230e-04, Delta=5.000e-04

**************************************
Iteration 186:
thetak = 0.0005229911585901605
objk = 3.017520807305863
trustRadius = 0.0005
sampleRadius = 0.0005
stepNorm = 0.09729538053300502
chi = 0.27361435369037085
Iteration time (s) = 0.6856873035430908
RESTORATION
**************************************

[FRP] solve 99 of phase 20, thetak=5.230e-04, Delta=5.000e-04

**************************************
Iteration 187:
thetak = 0.0005229911585901605
objk = 3.017520807305863
trustRadius = 0.0005
sampleRadius = 0.0005
stepNorm = 0.09729538053300502
chi = 0.27361435369037085
Iteration time (s) = 0.9286205768585205
RESTORATION
**************************************

[FRP] solve 100 of phase 20, thetak=5.230e-04, Delta=5.000e-04

**************************************
Iteration 188:
thetak = 0.0005229911585901605
objk = 3.017520807305863
trustRadius = 0.0005
sampleRadius = 0.0005
stepNorm = 0.09729538053300502
chi = 0.27361435369037085
Iteration time (s) = 0.6636843681335449
RESTORATION
**************************************

[FRP] solve 101 of phase 20, thetak=5.230e-04, Delta=5.000e-04

**************************************
Iteration 189:
thetak = 0.0005229911585901605
objk = 3.017520807305863
trustRadius = 0.0005
sampleRadius = 0.0005
stepNorm = 0.09729538053300502
chi = 0.27361435369037085
Iteration time (s) = 0.7486782073974609
RESTORATION
**************************************

[FRP] solve 102 of phase 20, thetak=5.230e-04, Delta=5.000e-04

**************************************
Iteration 190:
thetak = 0.0005229911585901605
objk = 3.017520807305863
trustRadius = 0.0005
sampleRadius = 0.0005
stepNorm = 0.09729538053300502
chi = 0.27361435369037085
Iteration time (s) = 0.7910964488983154
RESTORATION
**************************************

[FRP] solve 103 of phase 20, thetak=5.230e-04, Delta=5.000e-04

**************************************
Iteration 191:
thetak = 0.0005229911585901605
objk = 3.017520807305863
trustRadius = 0.0005
sampleRadius = 0.0005
stepNorm = 0.09729538053300502
chi = 0.27361435369037085
Iteration time (s) = 0.7510166168212891
RESTORATION
**************************************

[FRP] solve 104 of phase 20, thetak=5.230e-04, Delta=5.000e-04

**************************************
Iteration 192:
thetak = 0.0005229911585901605
objk = 3.017520807305863
trustRadius = 0.0005
sampleRadius = 0.0005
stepNorm = 0.09729538053300502
chi = 0.27361435369037085
Iteration time (s) = 0.7580356597900391
RESTORATION
**************************************

[FRP] solve 105 of phase 20, thetak=5.230e-04, Delta=5.000e-04

**************************************
Iteration 193:
thetak = 0.0005229911585901605
objk = 3.017520807305863
trustRadius = 0.0005
sampleRadius = 0.0005
stepNorm = 0.09729538053300502
chi = 0.27361435369037085
Iteration time (s) = 0.6842648983001709
RESTORATION
**************************************

[FRP] solve 106 of phase 20, thetak=5.230e-04, Delta=5.000e-04

**************************************
Iteration 194:
thetak = 0.0005229911585901605
objk = 3.017520807305863
trustRadius = 0.0005
sampleRadius = 0.0005
stepNorm = 0.09729538053300502
chi = 0.27361435369037085
Iteration time (s) = 0.7753734588623047
RESTORATION
**************************************

[FRP] solve 107 of phase 20, thetak=5.230e-04, Delta=5.000e-04

**************************************
Iteration 195:
thetak = 0.0005229911585901605
objk = 3.017520807305863
trustRadius = 0.0005
sampleRadius = 0.0005
stepNorm = 0.09729538053300502
chi = 0.27361435369037085
Iteration time (s) = 0.7713806629180908
RESTORATION
**************************************

[FRP] solve 108 of phase 20, thetak=5.230e-04, Delta=5.000e-04

**************************************
Iteration 196:
thetak = 0.0005229911585901605
objk = 3.017520807305863
trustRadius = 0.0005
sampleRadius = 0.0005
stepNorm = 0.09729538053300502
chi = 0.27361435369037085
Iteration time (s) = 0.6366598606109619
RESTORATION
**************************************

[FRP] solve 109 of phase 20, thetak=5.230e-04, Delta=5.000e-04

**************************************
Iteration 197:
thetak = 0.0005229911585901605
objk = 3.017520807305863
trustRadius = 0.0005
sampleRadius = 0.0005
stepNorm = 0.09729538053300502
chi = 0.27361435369037085
Iteration time (s) = 0.6599526405334473
RESTORATION
**************************************

[FRP] solve 110 of phase 20, thetak=5.230e-04, Delta=5.000e-04

**************************************
Iteration 198:
thetak = 0.0005229911585901605
objk = 3.017520807305863
trustRadius = 0.0005
sampleRadius = 0.0005
stepNorm = 0.09729538053300502
chi = 0.27361435369037085
Iteration time (s) = 0.904843807220459
RESTORATION
**************************************

[FRP] solve 111 of phase 20, thetak=5.230e-04, Delta=5.000e-04

**************************************
Iteration 199:
thetak = 0.0005229911585901605
objk = 3.017520807305863
trustRadius = 0.0005
sampleRadius = 0.0005
stepNorm = 0.09729538053300502
chi = 0.27361435369037085
Iteration time (s) = 0.8107771873474121
RESTORATION
**************************************

[FRP] solve 112 of phase 20, thetak=5.230e-04, Delta=5.000e-04

**************************************
Iteration 200:
thetak = 0.0005229911585901605
objk = 3.017520807305863
trustRadius = 0.0005
sampleRadius = 0.0005
stepNorm = 0.09729538053300502
chi = 0.27361435369037085
Iteration time (s) = 0.7559924125671387
RESTORATION
**************************************

[FRP] solve 113 of phase 20, thetak=5.230e-04, Delta=5.000e-04

**************************************
Iteration 201:
thetak = 0.0005229911585901605
objk = 3.017520807305863
trustRadius = 0.0005
sampleRadius = 0.0005
stepNorm = 0.09729538053300502
chi = 0.27361435369037085
Iteration time (s) = 0.6451656818389893
RESTORATION
**************************************

[FRP] solve 114 of phase 20, thetak=5.230e-04, Delta=5.000e-04

**************************************
Iteration 202:
thetak = 0.0005229911585901605
objk = 3.017520807305863
trustRadius = 0.0005
sampleRadius = 0.0005
stepNorm = 0.09729538053300502
chi = 0.27361435369037085
Iteration time (s) = 0.7773439884185791
RESTORATION
**************************************

[FRP] solve 115 of phase 20, thetak=5.230e-04, Delta=5.000e-04

**************************************
Iteration 203:
thetak = 0.0005229911585901605
objk = 3.017520807305863
trustRadius = 0.0005
sampleRadius = 0.0005
stepNorm = 0.09729538053300502
chi = 0.27361435369037085
Iteration time (s) = 0.6628186702728271
RESTORATION
**************************************

[FRP] solve 116 of phase 20, thetak=5.230e-04, Delta=5.000e-04

**************************************
Iteration 204:
thetak = 0.0005229911585901605
objk = 3.017520807305863
trustRadius = 0.0005
sampleRadius = 0.0005
stepNorm = 0.09729538053300502
chi = 0.27361435369037085
Iteration time (s) = 0.6772158145904541
RESTORATION
**************************************

[FRP] solve 117 of phase 20, thetak=5.230e-04, Delta=5.000e-04

**************************************
Iteration 205:
thetak = 0.0005229911585901605
objk = 3.017520807305863
trustRadius = 0.0005
sampleRadius = 0.0005
stepNorm = 0.09729538053300502
chi = 0.27361435369037085
Iteration time (s) = 0.6555089950561523
RESTORATION
**************************************

[FRP] solve 118 of phase 20, thetak=5.230e-04, Delta=5.000e-04

**************************************
Iteration 206:
thetak = 0.0005229911585901605
objk = 3.017520807305863
trustRadius = 0.0005
sampleRadius = 0.0005
stepNorm = 0.09729538053300502
chi = 0.27361435369037085
Iteration time (s) = 0.780752420425415
RESTORATION
**************************************

[FRP] solve 119 of phase 20, thetak=5.230e-04, Delta=5.000e-04

**************************************
Iteration 207:
thetak = 0.0005229911585901605
objk = 3.017520807305863
trustRadius = 0.0005
sampleRadius = 0.0005
stepNorm = 0.09729538053300502
chi = 0.27361435369037085
Iteration time (s) = 0.7490746974945068
RESTORATION
**************************************

[FRP] solve 120 of phase 20, thetak=5.230e-04, Delta=5.000e-04

**************************************
Iteration 208:
thetak = 0.0005229911585901605
objk = 3.017520807305863
trustRadius = 0.0005
sampleRadius = 0.0005
stepNorm = 0.09729538053300502
chi = 0.27361435369037085
Iteration time (s) = 0.7701904773712158
RESTORATION
**************************************

[FRP] solve 121 of phase 20, thetak=5.230e-04, Delta=5.000e-04

**************************************
Iteration 209:
thetak = 0.0005229911585901605
objk = 3.017520807305863
trustRadius = 0.0005
sampleRadius = 0.0005
stepNorm = 0.09729538053300502
chi = 0.27361435369037085
Iteration time (s) = 0.6648690700531006
RESTORATION
**************************************

[FRP] solve 122 of phase 20, thetak=5.230e-04, Delta=5.000e-04

**************************************
Iteration 210:
thetak = 0.0005229911585901605
objk = 3.017520807305863
trustRadius = 0.0005
sampleRadius = 0.0005
stepNorm = 0.09729538053300502
chi = 0.27361435369037085
Iteration time (s) = 0.7732133865356445
RESTORATION
**************************************

[FRP] solve 123 of phase 20, thetak=5.230e-04, Delta=5.000e-04

**************************************
Iteration 211:
thetak = 0.0005229911585901605
objk = 3.017520807305863
trustRadius = 0.0005
sampleRadius = 0.0005
stepNorm = 0.09729538053300502
chi = 0.27361435369037085
Iteration time (s) = 0.7538723945617676
RESTORATION
**************************************

[FRP] solve 124 of phase 20, thetak=5.230e-04, Delta=5.000e-04

**************************************
Iteration 212:
thetak = 0.0005229911585901605
objk = 3.017520807305863
trustRadius = 0.0005
sampleRadius = 0.0005
stepNorm = 0.09729538053300502
chi = 0.27361435369037085
Iteration time (s) = 0.6541440486907959
RESTORATION
**************************************

[FRP] solve 125 of phase 20, thetak=5.230e-04, Delta=5.000e-04

**************************************
Iteration 213:
thetak = 0.0005229911585901605
objk = 3.017520807305863
trustRadius = 0.0005
sampleRadius = 0.0005
stepNorm = 0.09729538053300502
chi = 0.27361435369037085
Iteration time (s) = 0.7850782871246338
RESTORATION
**************************************

[FRP] solve 126 of phase 20, thetak=5.230e-04, Delta=5.000e-04

**************************************
Iteration 214:
thetak = 0.0005229911585901605
objk = 3.017520807305863
trustRadius = 0.0005
sampleRadius = 0.0005
stepNorm = 0.09729538053300502
chi = 0.27361435369037085
Iteration time (s) = 0.7525804042816162
RESTORATION
**************************************

[FRP] solve 127 of phase 20, thetak=5.230e-04, Delta=5.000e-04

**************************************
Iteration 215:
thetak = 0.0005229911585901605
objk = 3.017520807305863
trustRadius = 0.0005
sampleRadius = 0.0005
stepNorm = 0.09729538053300502
chi = 0.27361435369037085
Iteration time (s) = 0.6799836158752441
RESTORATION
**************************************

[FRP] solve 128 of phase 20, thetak=5.230e-04, Delta=5.000e-04

**************************************
Iteration 216:
thetak = 0.0005229911585901605
objk = 3.017520807305863
trustRadius = 0.0005
sampleRadius = 0.0005
stepNorm = 0.09729538053300502
chi = 0.27361435369037085
Iteration time (s) = 0.6729609966278076
RESTORATION
**************************************

[FRP] solve 129 of phase 20, thetak=5.230e-04, Delta=5.000e-04

**************************************
Iteration 217:
thetak = 0.0005229911585901605
objk = 3.017520807305863
trustRadius = 0.0005
sampleRadius = 0.0005
stepNorm = 0.09729538053300502
chi = 0.27361435369037085
Iteration time (s) = 0.6535906791687012
RESTORATION
**************************************

[FRP] solve 130 of phase 20, thetak=5.230e-04, Delta=5.000e-04

**************************************
Iteration 218:
thetak = 0.0005229911585901605
objk = 3.017520807305863
trustRadius = 0.0005
sampleRadius = 0.0005
stepNorm = 0.09729538053300502
chi = 0.27361435369037085
Iteration time (s) = 0.7625370025634766
RESTORATION
**************************************

[FRP] solve 131 of phase 20, thetak=5.230e-04, Delta=5.000e-04

**************************************
Iteration 219:
thetak = 0.0005229911585901605
objk = 3.017520807305863
trustRadius = 0.0005
sampleRadius = 0.0005
stepNorm = 0.09729538053300502
chi = 0.27361435369037085
Iteration time (s) = 0.6576218605041504
RESTORATION
**************************************

[FRP] solve 132 of phase 20, thetak=5.230e-04, Delta=5.000e-04

**************************************
Iteration 220:
thetak = 0.0005229911585901605
objk = 3.017520807305863
trustRadius = 0.0005
sampleRadius = 0.0005
stepNorm = 0.09729538053300502
chi = 0.27361435369037085
Iteration time (s) = 0.5528404712677002
RESTORATION
**************************************

[FRP] solve 133 of phase 20, thetak=5.230e-04, Delta=5.000e-04

**************************************
Iteration 221:
thetak = 0.0005229911585901605
objk = 3.017520807305863
trustRadius = 0.0005
sampleRadius = 0.0005
stepNorm = 0.09729538053300502
chi = 0.27361435369037085
Iteration time (s) = 0.7962701320648193
RESTORATION
**************************************

[FRP] solve 134 of phase 20, thetak=5.230e-04, Delta=5.000e-04

**************************************
Iteration 222:
thetak = 0.0005229911585901605
objk = 3.017520807305863
trustRadius = 0.0005
sampleRadius = 0.0005
stepNorm = 0.09729538053300502
chi = 0.27361435369037085
Iteration time (s) = 0.7460510730743408
RESTORATION
**************************************

[FRP] solve 135 of phase 20, thetak=5.230e-04, Delta=5.000e-04

**************************************
Iteration 223:
thetak = 0.0005229911585901605
objk = 3.017520807305863
trustRadius = 0.0005
sampleRadius = 0.0005
stepNorm = 0.09729538053300502
chi = 0.27361435369037085
Iteration time (s) = 0.7568635940551758
RESTORATION
**************************************

[FRP] solve 136 of phase 20, thetak=5.230e-04, Delta=5.000e-04

**************************************
Iteration 224:
thetak = 0.0005229911585901605
objk = 3.017520807305863
trustRadius = 0.0005
sampleRadius = 0.0005
stepNorm = 0.09729538053300502
chi = 0.27361435369037085
Iteration time (s) = 0.7713940143585205
RESTORATION
**************************************

[FRP] solve 137 of phase 20, thetak=5.230e-04, Delta=5.000e-04

**************************************
Iteration 225:
thetak = 0.0005229911585901605
objk = 3.017520807305863
trustRadius = 0.0005
sampleRadius = 0.0005
stepNorm = 0.09729538053300502
chi = 0.27361435369037085
Iteration time (s) = 0.7784552574157715
RESTORATION
**************************************

[FRP] solve 138 of phase 20, thetak=5.230e-04, Delta=5.000e-04

**************************************
Iteration 226:
thetak = 0.0005229911585901605
objk = 3.017520807305863
trustRadius = 0.0005
sampleRadius = 0.0005
stepNorm = 0.09729538053300502
chi = 0.27361435369037085
Iteration time (s) = 0.6604752540588379
RESTORATION
**************************************

[FRP] solve 139 of phase 20, thetak=5.230e-04, Delta=5.000e-04

**************************************
Iteration 227:
thetak = 0.0005229911585901605
objk = 3.017520807305863
trustRadius = 0.0005
sampleRadius = 0.0005
stepNorm = 0.09729538053300502
chi = 0.27361435369037085
Iteration time (s) = 0.6745343208312988
RESTORATION
**************************************

[FRP] solve 140 of phase 20, thetak=5.230e-04, Delta=5.000e-04

**************************************
Iteration 228:
thetak = 0.0005229911585901605
objk = 3.017520807305863
trustRadius = 0.0005
sampleRadius = 0.0005
stepNorm = 0.09729538053300502
chi = 0.27361435369037085
Iteration time (s) = 0.7615396976470947
RESTORATION
**************************************

[FRP] solve 141 of phase 20, thetak=5.230e-04, Delta=5.000e-04

**************************************
Iteration 229:
thetak = 0.0005229911585901605
objk = 3.017520807305863
trustRadius = 0.0005
sampleRadius = 0.0005
stepNorm = 0.09729538053300502
chi = 0.27361435369037085
Iteration time (s) = 0.7546133995056152
RESTORATION
**************************************

[FRP] solve 142 of phase 20, thetak=5.230e-04, Delta=5.000e-04

**************************************
Iteration 230:
thetak = 0.0005229911585901605
objk = 3.017520807305863
trustRadius = 0.0005
sampleRadius = 0.0005
stepNorm = 0.09729538053300502
chi = 0.27361435369037085
Iteration time (s) = 0.6673369407653809
RESTORATION
**************************************

[FRP] solve 143 of phase 20, thetak=5.230e-04, Delta=5.000e-04

**************************************
Iteration 231:
thetak = 0.0005229911585901605
objk = 3.017520807305863
trustRadius = 0.0005
sampleRadius = 0.0005
stepNorm = 0.09729538053300502
chi = 0.27361435369037085
Iteration time (s) = 0.7540149688720703
RESTORATION
**************************************

[FRP] solve 144 of phase 20, thetak=5.230e-04, Delta=5.000e-04

**************************************
Iteration 232:
thetak = 0.0005229911585901605
objk = 3.017520807305863
trustRadius = 0.0005
sampleRadius = 0.0005
stepNorm = 0.09729538053300502
chi = 0.27361435369037085
Iteration time (s) = 0.6665308475494385
RESTORATION
**************************************

[FRP] solve 145 of phase 20, thetak=5.230e-04, Delta=5.000e-04

**************************************
Iteration 233:
thetak = 0.0005229911585901605
objk = 3.017520807305863
trustRadius = 0.0005
sampleRadius = 0.0005
stepNorm = 0.09729538053300502
chi = 0.27361435369037085
Iteration time (s) = 0.8857905864715576
RESTORATION
**************************************

[FRP] solve 146 of phase 20, thetak=5.230e-04, Delta=5.000e-04

**************************************
Iteration 234:
thetak = 0.0005229911585901605
objk = 3.017520807305863
trustRadius = 0.0005
sampleRadius = 0.0005
stepNorm = 0.09729538053300502
chi = 0.27361435369037085
Iteration time (s) = 0.763033390045166
RESTORATION
**************************************

[FRP] solve 147 of phase 20, thetak=5.230e-04, Delta=5.000e-04

**************************************
Iteration 235:
thetak = 0.0005229911585901605
objk = 3.017520807305863
trustRadius = 0.0005
sampleRadius = 0.0005
stepNorm = 0.09729538053300502
chi = 0.27361435369037085
Iteration time (s) = 0.6538093090057373
RESTORATION
**************************************

[FRP] solve 148 of phase 20, thetak=5.230e-04, Delta=5.000e-04

**************************************
Iteration 236:
thetak = 0.0005229911585901605
objk = 3.017520807305863
trustRadius = 0.0005
sampleRadius = 0.0005
stepNorm = 0.09729538053300502
chi = 0.27361435369037085
Iteration time (s) = 0.7749738693237305
RESTORATION
**************************************

[FRP] solve 149 of phase 20, thetak=5.230e-04, Delta=5.000e-04

**************************************
Iteration 237:
thetak = 0.0005229911585901605
objk = 3.017520807305863
trustRadius = 0.0005
sampleRadius = 0.0005
stepNorm = 0.09729538053300502
chi = 0.27361435369037085
Iteration time (s) = 0.7613623142242432
RESTORATION
**************************************

[FRP] solve 150 of phase 20, thetak=5.230e-04, Delta=5.000e-04

**************************************
Iteration 238:
thetak = 0.0005229911585901605
objk = 3.017520807305863
trustRadius = 0.0005
sampleRadius = 0.0005
stepNorm = 0.09729538053300502
chi = 0.27361435369037085
Iteration time (s) = 0.7490553855895996
RESTORATION
**************************************

[FRP] solve 151 of phase 20, thetak=5.230e-04, Delta=5.000e-04

**************************************
Iteration 239:
thetak = 0.0005229911585901605
objk = 3.017520807305863
trustRadius = 0.0005
sampleRadius = 0.0005
stepNorm = 0.09729538053300502
chi = 0.27361435369037085
Iteration time (s) = 0.6528341770172119
RESTORATION
**************************************

[FRP] solve 152 of phase 20, thetak=5.230e-04, Delta=5.000e-04

**************************************
Iteration 240:
thetak = 0.0005229911585901605
objk = 3.017520807305863
trustRadius = 0.0005
sampleRadius = 0.0005
stepNorm = 0.09729538053300502
chi = 0.27361435369037085
Iteration time (s) = 0.6777381896972656
RESTORATION
**************************************

[FRP] solve 153 of phase 20, thetak=5.230e-04, Delta=5.000e-04

**************************************
Iteration 241:
thetak = 0.0005229911585901605
objk = 3.017520807305863
trustRadius = 0.0005
sampleRadius = 0.0005
stepNorm = 0.09729538053300502
chi = 0.27361435369037085
Iteration time (s) = 0.7772843837738037
RESTORATION
**************************************

[FRP] solve 154 of phase 20, thetak=5.230e-04, Delta=5.000e-04

**************************************
Iteration 242:
thetak = 0.0005229911585901605
objk = 3.017520807305863
trustRadius = 0.0005
sampleRadius = 0.0005
stepNorm = 0.09729538053300502
chi = 0.27361435369037085
Iteration time (s) = 0.6544239521026611
RESTORATION
**************************************

[FRP] solve 155 of phase 20, thetak=5.230e-04, Delta=5.000e-04

**************************************
Iteration 243:
thetak = 0.0005229911585901605
objk = 3.017520807305863
trustRadius = 0.0005
sampleRadius = 0.0005
stepNorm = 0.09729538053300502
chi = 0.27361435369037085
Iteration time (s) = 0.762688398361206
RESTORATION
**************************************

[FRP] solve 156 of phase 20, thetak=5.230e-04, Delta=5.000e-04

**************************************
Iteration 244:
thetak = 0.0005229911585901605
objk = 3.017520807305863
trustRadius = 0.0005
sampleRadius = 0.0005
stepNorm = 0.09729538053300502
chi = 0.27361435369037085
Iteration time (s) = 0.8015000820159912
RESTORATION
**************************************

[FRP] solve 157 of phase 20, thetak=5.230e-04, Delta=5.000e-04

**************************************
Iteration 245:
thetak = 0.0005229911585901605
objk = 3.017520807305863
trustRadius = 0.0005
sampleRadius = 0.0005
stepNorm = 0.09729538053300502
chi = 0.27361435369037085
Iteration time (s) = 0.6387302875518799
RESTORATION
**************************************

[FRP] solve 158 of phase 20, thetak=5.230e-04, Delta=5.000e-04

**************************************
Iteration 246:
thetak = 0.0005229911585901605
objk = 3.017520807305863
trustRadius = 0.0005
sampleRadius = 0.0005
stepNorm = 0.09729538053300502
chi = 0.27361435369037085
Iteration time (s) = 0.7611277103424072
RESTORATION
**************************************

[FRP] solve 159 of phase 20, thetak=5.230e-04, Delta=5.000e-04

**************************************
Iteration 247:
thetak = 0.0005229911585901605
objk = 3.017520807305863
trustRadius = 0.0005
sampleRadius = 0.0005
stepNorm = 0.09729538053300502
chi = 0.27361435369037085
Iteration time (s) = 0.6677184104919434
RESTORATION
**************************************

[FRP] solve 160 of phase 20, thetak=5.230e-04, Delta=5.000e-04

**************************************
Iteration 248:
thetak = 0.0005229911585901605
objk = 3.017520807305863
trustRadius = 0.0005
sampleRadius = 0.0005
stepNorm = 0.09729538053300502
chi = 0.27361435369037085
Iteration time (s) = 0.672112226486206
RESTORATION
**************************************

[FRP] solve 161 of phase 20, thetak=5.230e-04, Delta=5.000e-04

**************************************
Iteration 249:
thetak = 0.0005229911585901605
objk = 3.017520807305863
trustRadius = 0.0005
sampleRadius = 0.0005
stepNorm = 0.09729538053300502
chi = 0.27361435369037085
Iteration time (s) = 0.7670679092407227
RESTORATION
**************************************

[FRP] solve 162 of phase 20, thetak=5.230e-04, Delta=5.000e-04

**************************************
Iteration 250:
thetak = 0.0005229911585901605
objk = 3.017520807305863
trustRadius = 0.0005
sampleRadius = 0.0005
stepNorm = 0.09729538053300502
chi = 0.27361435369037085
Iteration time (s) = 0.772857666015625
RESTORATION
**************************************

[FRP] solve 163 of phase 20, thetak=5.230e-04, Delta=5.000e-04

**************************************
Iteration 251:
thetak = 0.0005229911585901605
objk = 3.017520807305863
trustRadius = 0.0005
sampleRadius = 0.0005
stepNorm = 0.09729538053300502
chi = 0.27361435369037085
Iteration time (s) = 0.7745711803436279
RESTORATION
**************************************

[FRP] solve 164 of phase 20, thetak=5.230e-04, Delta=5.000e-04

**************************************
Iteration 252:
thetak = 0.0005229911585901605
objk = 3.017520807305863
trustRadius = 0.0005
sampleRadius = 0.0005
stepNorm = 0.09729538053300502
chi = 0.27361435369037085
Iteration time (s) = 0.7605376243591309
RESTORATION
**************************************

[FRP] solve 165 of phase 20, thetak=5.230e-04, Delta=5.000e-04

**************************************
Iteration 253:
thetak = 0.0005229911585901605
objk = 3.017520807305863
trustRadius = 0.0005
sampleRadius = 0.0005
stepNorm = 0.09729538053300502
chi = 0.27361435369037085
Iteration time (s) = 0.7588310241699219
RESTORATION
**************************************

[FRP] solve 166 of phase 20, thetak=5.230e-04, Delta=5.000e-04

**************************************
Iteration 254:
thetak = 0.0005229911585901605
objk = 3.017520807305863
trustRadius = 0.0005
sampleRadius = 0.0005
stepNorm = 0.09729538053300502
chi = 0.27361435369037085
Iteration time (s) = 0.6651239395141602
RESTORATION
**************************************

[FRP] solve 167 of phase 20, thetak=5.230e-04, Delta=5.000e-04

**************************************
Iteration 255:
thetak = 0.0005229911585901605
objk = 3.017520807305863
trustRadius = 0.0005
sampleRadius = 0.0005
stepNorm = 0.09729538053300502
chi = 0.27361435369037085
Iteration time (s) = 0.6713275909423828
RESTORATION
**************************************

[FRP] solve 168 of phase 20, thetak=5.230e-04, Delta=5.000e-04

**************************************
Iteration 256:
thetak = 0.0005229911585901605
objk = 3.017520807305863
trustRadius = 0.0005
sampleRadius = 0.0005
stepNorm = 0.09729538053300502
chi = 0.27361435369037085
Iteration time (s) = 0.7712826728820801
RESTORATION
**************************************

[FRP] solve 169 of phase 20, thetak=5.230e-04, Delta=5.000e-04

**************************************
Iteration 257:
thetak = 0.0005229911585901605
objk = 3.017520807305863
trustRadius = 0.0005
sampleRadius = 0.0005
stepNorm = 0.09729538053300502
chi = 0.27361435369037085
Iteration time (s) = 0.749335527420044
RESTORATION
**************************************

[FRP] solve 170 of phase 20, thetak=5.230e-04, Delta=5.000e-04

**************************************
Iteration 258:
thetak = 0.0005229911585901605
objk = 3.017520807305863
trustRadius = 0.0005
sampleRadius = 0.0005
stepNorm = 0.09729538053300502
chi = 0.27361435369037085
Iteration time (s) = 0.6659097671508789
RESTORATION
**************************************

[FRP] solve 171 of phase 20, thetak=5.230e-04, Delta=5.000e-04

**************************************
Iteration 259:
thetak = 0.0005229911585901605
objk = 3.017520807305863
trustRadius = 0.0005
sampleRadius = 0.0005
stepNorm = 0.09729538053300502
chi = 0.27361435369037085
Iteration time (s) = 0.6807348728179932
RESTORATION
**************************************

[FRP] solve 172 of phase 20, thetak=5.230e-04, Delta=5.000e-04

**************************************
Iteration 260:
thetak = 0.0005229911585901605
objk = 3.017520807305863
trustRadius = 0.0005
sampleRadius = 0.0005
stepNorm = 0.09729538053300502
chi = 0.27361435369037085
Iteration time (s) = 0.7680144309997559
RESTORATION
**************************************

[FRP] solve 173 of phase 20, thetak=5.230e-04, Delta=5.000e-04

**************************************
Iteration 261:
thetak = 0.0005229911585901605
objk = 3.017520807305863
trustRadius = 0.0005
sampleRadius = 0.0005
stepNorm = 0.09729538053300502
chi = 0.27361435369037085
Iteration time (s) = 0.6697759628295898
RESTORATION
**************************************

[FRP] solve 174 of phase 20, thetak=5.230e-04, Delta=5.000e-04

**************************************
Iteration 262:
thetak = 0.0005229911585901605
objk = 3.017520807305863
trustRadius = 0.0005
sampleRadius = 0.0005
stepNorm = 0.09729538053300502
chi = 0.27361435369037085
Iteration time (s) = 0.6389505863189697
RESTORATION
**************************************

[FRP] solve 175 of phase 20, thetak=5.230e-04, Delta=5.000e-04

**************************************
Iteration 263:
thetak = 0.0005229911585901605
objk = 3.017520807305863
trustRadius = 0.0005
sampleRadius = 0.0005
stepNorm = 0.09729538053300502
chi = 0.27361435369037085
Iteration time (s) = 0.7696449756622314
RESTORATION
**************************************

[FRP] solve 176 of phase 20, thetak=5.230e-04, Delta=5.000e-04

**************************************
Iteration 264:
thetak = 0.0005229911585901605
objk = 3.017520807305863
trustRadius = 0.0005
sampleRadius = 0.0005
stepNorm = 0.09729538053300502
chi = 0.27361435369037085
Iteration time (s) = 0.869194507598877
RESTORATION
**************************************

[FRP] solve 177 of phase 20, thetak=5.230e-04, Delta=5.000e-04

**************************************
Iteration 265:
thetak = 0.0005229911585901605
objk = 3.017520807305863
trustRadius = 0.0005
sampleRadius = 0.0005
stepNorm = 0.09729538053300502
chi = 0.27361435369037085
Iteration time (s) = 0.7553591728210449
RESTORATION
**************************************

[FRP] solve 178 of phase 20, thetak=5.230e-04, Delta=5.000e-04

**************************************
Iteration 266:
thetak = 0.0005229911585901605
objk = 3.017520807305863
trustRadius = 0.0005
sampleRadius = 0.0005
stepNorm = 0.09729538053300502
chi = 0.27361435369037085
Iteration time (s) = 0.6608920097351074
RESTORATION
**************************************

[FRP] solve 179 of phase 20, thetak=5.230e-04, Delta=5.000e-04

**************************************
Iteration 267:
thetak = 0.0005229911585901605
objk = 3.017520807305863
trustRadius = 0.0005
sampleRadius = 0.0005
stepNorm = 0.09729538053300502
chi = 0.27361435369037085
Iteration time (s) = 0.7737443447113037
RESTORATION
**************************************

[FRP] solve 180 of phase 20, thetak=5.230e-04, Delta=5.000e-04

**************************************
Iteration 268:
thetak = 0.0005229911585901605
objk = 3.017520807305863
trustRadius = 0.0005
sampleRadius = 0.0005
stepNorm = 0.09729538053300502
chi = 0.27361435369037085
Iteration time (s) = 0.6590113639831543
RESTORATION
**************************************

[FRP] solve 181 of phase 20, thetak=5.230e-04, Delta=5.000e-04

**************************************
Iteration 269:
thetak = 0.0005229911585901605
objk = 3.017520807305863
trustRadius = 0.0005
sampleRadius = 0.0005
stepNorm = 0.09729538053300502
chi = 0.27361435369037085
Iteration time (s) = 0.7577083110809326
RESTORATION
**************************************

[FRP] solve 182 of phase 20, thetak=5.230e-04, Delta=5.000e-04

**************************************
Iteration 270:
thetak = 0.0005229911585901605
objk = 3.017520807305863
trustRadius = 0.0005
sampleRadius = 0.0005
stepNorm = 0.09729538053300502
chi = 0.27361435369037085
Iteration time (s) = 0.7486021518707275
RESTORATION
**************************************

[FRP] solve 183 of phase 20, thetak=5.230e-04, Delta=5.000e-04

**************************************
Iteration 271:
thetak = 0.0005229911585901605
objk = 3.017520807305863
trustRadius = 0.0005
sampleRadius = 0.0005
stepNorm = 0.09729538053300502
chi = 0.27361435369037085
Iteration time (s) = 0.773310661315918
RESTORATION
**************************************

[FRP] solve 184 of phase 20, thetak=5.230e-04, Delta=5.000e-04

**************************************
Iteration 272:
thetak = 0.0005229911585901605
objk = 3.017520807305863
trustRadius = 0.0005
sampleRadius = 0.0005
stepNorm = 0.09729538053300502
chi = 0.27361435369037085
Iteration time (s) = 0.7669134140014648
RESTORATION
**************************************

[FRP] solve 185 of phase 20, thetak=5.230e-04, Delta=5.000e-04

**************************************
Iteration 273:
thetak = 0.0005229911585901605
objk = 3.017520807305863
trustRadius = 0.0005
sampleRadius = 0.0005
stepNorm = 0.09729538053300502
chi = 0.27361435369037085
Iteration time (s) = 0.6696512699127197
RESTORATION
**************************************

[FRP] solve 186 of phase 20, thetak=5.230e-04, Delta=5.000e-04

**************************************
Iteration 274:
thetak = 0.0005229911585901605
objk = 3.017520807305863
trustRadius = 0.0005
sampleRadius = 0.0005
stepNorm = 0.09729538053300502
chi = 0.27361435369037085
Iteration time (s) = 0.6608836650848389
RESTORATION
**************************************

[FRP] solve 187 of phase 20, thetak=5.230e-04, Delta=5.000e-04

**************************************
Iteration 275:
thetak = 0.0005229911585901605
objk = 3.017520807305863
trustRadius = 0.0005
sampleRadius = 0.0005
stepNorm = 0.09729538053300502
chi = 0.27361435369037085
Iteration time (s) = 0.7690126895904541
RESTORATION
**************************************

[FRP] solve 188 of phase 20, thetak=5.230e-04, Delta=5.000e-04

**************************************
Iteration 276:
thetak = 0.0005229911585901605
objk = 3.017520807305863
trustRadius = 0.0005
sampleRadius = 0.0005
stepNorm = 0.09729538053300502
chi = 0.27361435369037085
Iteration time (s) = 0.6665620803833008
RESTORATION
**************************************

[FRP] solve 189 of phase 20, thetak=5.230e-04, Delta=5.000e-04

**************************************
Iteration 277:
thetak = 0.0005229911585901605
objk = 3.017520807305863
trustRadius = 0.0005
sampleRadius = 0.0005
stepNorm = 0.09729538053300502
chi = 0.27361435369037085
Iteration time (s) = 0.6363644599914551
RESTORATION
**************************************

[FRP] solve 190 of phase 20, thetak=5.230e-04, Delta=5.000e-04

**************************************
Iteration 278:
thetak = 0.0005229911585901605
objk = 3.017520807305863
trustRadius = 0.0005
sampleRadius = 0.0005
stepNorm = 0.09729538053300502
chi = 0.27361435369037085
Iteration time (s) = 0.7588202953338623
RESTORATION
**************************************

[FRP] solve 191 of phase 20, thetak=5.230e-04, Delta=5.000e-04

**************************************
Iteration 279:
thetak = 0.0005229911585901605
objk = 3.017520807305863
trustRadius = 0.0005
sampleRadius = 0.0005
stepNorm = 0.09729538053300502
chi = 0.27361435369037085
Iteration time (s) = 0.6584024429321289
RESTORATION
**************************************

[FRP] solve 192 of phase 20, thetak=5.230e-04, Delta=5.000e-04

**************************************
Iteration 280:
thetak = 0.0005229911585901605
objk = 3.017520807305863
trustRadius = 0.0005
sampleRadius = 0.0005
stepNorm = 0.09729538053300502
chi = 0.27361435369037085
Iteration time (s) = 0.7639210224151611
RESTORATION
**************************************

[FRP] solve 193 of phase 20, thetak=5.230e-04, Delta=5.000e-04

**************************************
Iteration 281:
thetak = 0.0005229911585901605
objk = 3.017520807305863
trustRadius = 0.0005
sampleRadius = 0.0005
stepNorm = 0.09729538053300502
chi = 0.27361435369037085
Iteration time (s) = 0.7683839797973633
RESTORATION
**************************************

[FRP] solve 194 of phase 20, thetak=5.230e-04, Delta=5.000e-04

**************************************
Iteration 282:
thetak = 0.0005229911585901605
objk = 3.017520807305863
trustRadius = 0.0005
sampleRadius = 0.0005
stepNorm = 0.09729538053300502
chi = 0.27361435369037085
Iteration time (s) = 0.6669654846191406
RESTORATION
**************************************

[FRP] solve 195 of phase 20, thetak=5.230e-04, Delta=5.000e-04

**************************************
Iteration 283:
thetak = 0.0005229911585901605
objk = 3.017520807305863
trustRadius = 0.0005
sampleRadius = 0.0005
stepNorm = 0.09729538053300502
chi = 0.27361435369037085
Iteration time (s) = 0.7562875747680664
RESTORATION
**************************************

[FRP] solve 196 of phase 20, thetak=5.230e-04, Delta=5.000e-04

**************************************
Iteration 284:
thetak = 0.0005229911585901605
objk = 3.017520807305863
trustRadius = 0.0005
sampleRadius = 0.0005
stepNorm = 0.09729538053300502
chi = 0.27361435369037085
Iteration time (s) = 0.7507922649383545
RESTORATION
**************************************

[FRP] solve 197 of phase 20, thetak=5.230e-04, Delta=5.000e-04

**************************************
Iteration 285:
thetak = 0.0005229911585901605
objk = 3.017520807305863
trustRadius = 0.0005
sampleRadius = 0.0005
stepNorm = 0.09729538053300502
chi = 0.27361435369037085
Iteration time (s) = 0.7621455192565918
RESTORATION
**************************************

[FRP] solve 198 of phase 20, thetak=5.230e-04, Delta=5.000e-04

**************************************
Iteration 286:
thetak = 0.0005229911585901605
objk = 3.017520807305863
trustRadius = 0.0005
sampleRadius = 0.0005
stepNorm = 0.09729538053300502
chi = 0.27361435369037085
Iteration time (s) = 0.7572154998779297
RESTORATION
**************************************

[FRP] solve 199 of phase 20, thetak=5.230e-04, Delta=5.000e-04

**************************************
Iteration 287:
thetak = 0.0005229911585901605
objk = 3.017520807305863
trustRadius = 0.0005
sampleRadius = 0.0005
stepNorm = 0.09729538053300502
chi = 0.27361435369037085
Iteration time (s) = 0.8767573833465576
RESTORATION
**************************************

[FRP] solve 200 of phase 20, thetak=5.230e-04, Delta=5.000e-04

**************************************
Iteration 288:
thetak = 0.0005229911585901605
objk = 3.017520807305863
trustRadius = 0.0005
sampleRadius = 0.0005
stepNorm = 0.09729538053300502
chi = 0.27361435369037085
Iteration time (s) = 0.6684439182281494
RESTORATION
**************************************

[FRP] solve 201 of phase 20, thetak=5.230e-04, Delta=5.000e-04

**************************************
Iteration 289:
thetak = 0.0005229911585901605
objk = 3.017520807305863
trustRadius = 0.0005
sampleRadius = 0.0005
stepNorm = 0.09729538053300502
chi = 0.27361435369037085
Iteration time (s) = 0.7615830898284912
RESTORATION
**************************************

[FRP] solve 202 of phase 20, thetak=5.230e-04, Delta=5.000e-04

**************************************
Iteration 290:
thetak = 0.0005229911585901605
objk = 3.017520807305863
trustRadius = 0.0005
sampleRadius = 0.0005
stepNorm = 0.09729538053300502
chi = 0.27361435369037085
Iteration time (s) = 0.88092041015625
RESTORATION
**************************************

[FRP] solve 203 of phase 20, thetak=5.230e-04, Delta=5.000e-04

**************************************
Iteration 291:
thetak = 0.0005229911585901605
objk = 3.017520807305863
trustRadius = 0.0005
sampleRadius = 0.0005
stepNorm = 0.09729538053300502
chi = 0.27361435369037085
Iteration time (s) = 0.6632955074310303
RESTORATION
**************************************

[FRP] solve 204 of phase 20, thetak=5.230e-04, Delta=5.000e-04

**************************************
Iteration 292:
thetak = 0.0005229911585901605
objk = 3.017520807305863
trustRadius = 0.0005
sampleRadius = 0.0005
stepNorm = 0.09729538053300502
chi = 0.27361435369037085
Iteration time (s) = 0.7491159439086914
RESTORATION
**************************************

[FRP] solve 205 of phase 20, thetak=5.230e-04, Delta=5.000e-04

**************************************
Iteration 293:
thetak = 0.0005229911585901605
objk = 3.017520807305863
trustRadius = 0.0005
sampleRadius = 0.0005
stepNorm = 0.09729538053300502
chi = 0.27361435369037085
Iteration time (s) = 0.6601307392120361
RESTORATION
**************************************

[FRP] solve 206 of phase 20, thetak=5.230e-04, Delta=5.000e-04

**************************************
Iteration 294:
thetak = 0.0005229911585901605
objk = 3.017520807305863
trustRadius = 0.0005
sampleRadius = 0.0005
stepNorm = 0.09729538053300502
chi = 0.27361435369037085
Iteration time (s) = 0.8757748603820801
RESTORATION
**************************************

[FRP] solve 207 of phase 20, thetak=5.230e-04, Delta=5.000e-04

**************************************
Iteration 295:
thetak = 0.0005229911585901605
objk = 3.017520807305863
trustRadius = 0.0005
sampleRadius = 0.0005
stepNorm = 0.09729538053300502
chi = 0.27361435369037085
Iteration time (s) = 0.7605605125427246
RESTORATION
**************************************

[FRP] solve 208 of phase 20, thetak=5.230e-04, Delta=5.000e-04

**************************************
Iteration 296:
thetak = 0.0005229911585901605
objk = 3.017520807305863
trustRadius = 0.0005
sampleRadius = 0.0005
stepNorm = 0.09729538053300502
chi = 0.27361435369037085
Iteration time (s) = 0.6542048454284668
RESTORATION
**************************************

[FRP] solve 209 of phase 20, thetak=5.230e-04, Delta=5.000e-04

**************************************
Iteration 297:
thetak = 0.0005229911585901605
objk = 3.017520807305863
trustRadius = 0.0005
sampleRadius = 0.0005
stepNorm = 0.09729538053300502
chi = 0.27361435369037085
Iteration time (s) = 0.6768651008605957
RESTORATION
**************************************

[FRP] solve 210 of phase 20, thetak=5.230e-04, Delta=5.000e-04

**************************************
Iteration 298:
thetak = 0.0005229911585901605
objk = 3.017520807305863
trustRadius = 0.0005
sampleRadius = 0.0005
stepNorm = 0.09729538053300502
chi = 0.27361435369037085
Iteration time (s) = 0.7641549110412598
RESTORATION
**************************************

[FRP] solve 211 of phase 20, thetak=5.230e-04, Delta=5.000e-04

**************************************
Iteration 299:
thetak = 0.0005229911585901605
objk = 3.017520807305863
trustRadius = 0.0005
sampleRadius = 0.0005
stepNorm = 0.09729538053300502
chi = 0.27361435369037085
Iteration time (s) = 0.6636953353881836
RESTORATION
**************************************

[FRP] solve 212 of phase 20, thetak=5.230e-04, Delta=5.000e-04

**************************************
Iteration 300:
thetak = 0.0005229911585901605
objk = 3.017520807305863
trustRadius = 0.0005
sampleRadius = 0.0005
stepNorm = 0.09729538053300502
chi = 0.27361435369037085
Iteration time (s) = 0.7521984577178955
RESTORATION
**************************************

[FRP] solve 213 of phase 20, thetak=5.230e-04, Delta=5.000e-04

**************************************
Iteration 301:
thetak = 0.0005229911585901605
objk = 3.017520807305863
trustRadius = 0.0005
sampleRadius = 0.0005
stepNorm = 0.09729538053300502
chi = 0.27361435369037085
Iteration time (s) = 0.7554771900177002
RESTORATION
**************************************

[FRP] solve 214 of phase 20, thetak=5.230e-04, Delta=5.000e-04

**************************************
Iteration 302:
thetak = 0.0005229911585901605
objk = 3.017520807305863
trustRadius = 0.0005
sampleRadius = 0.0005
stepNorm = 0.09729538053300502
chi = 0.27361435369037085
Iteration time (s) = 0.783076286315918
RESTORATION
**************************************

[FRP] solve 215 of phase 20, thetak=5.230e-04, Delta=5.000e-04

**************************************
Iteration 303:
thetak = 0.0005229911585901605
objk = 3.017520807305863
trustRadius = 0.0005
sampleRadius = 0.0005
stepNorm = 0.09729538053300502
chi = 0.27361435369037085
Iteration time (s) = 0.7579131126403809
RESTORATION
**************************************

[FRP] solve 216 of phase 20, thetak=5.230e-04, Delta=5.000e-04

**************************************
Iteration 304:
thetak = 0.0005229911585901605
objk = 3.017520807305863
trustRadius = 0.0005
sampleRadius = 0.0005
stepNorm = 0.09729538053300502
chi = 0.27361435369037085
Iteration time (s) = 0.6454870700836182
RESTORATION
**************************************

[FRP] solve 217 of phase 20, thetak=5.230e-04, Delta=5.000e-04

**************************************
Iteration 305:
thetak = 0.0005229911585901605
objk = 3.017520807305863
trustRadius = 0.0005
sampleRadius = 0.0005
stepNorm = 0.09729538053300502
chi = 0.27361435369037085
Iteration time (s) = 0.8832199573516846
RESTORATION
**************************************

[FRP] solve 218 of phase 20, thetak=5.230e-04, Delta=5.000e-04

**************************************
Iteration 306:
thetak = 0.0005229911585901605
objk = 3.017520807305863
trustRadius = 0.0005
sampleRadius = 0.0005
stepNorm = 0.09729538053300502
chi = 0.27361435369037085
Iteration time (s) = 0.7562518119812012
RESTORATION
**************************************

[FRP] solve 219 of phase 20, thetak=5.230e-04, Delta=5.000e-04

**************************************
Iteration 307:
thetak = 0.0005229911585901605
objk = 3.017520807305863
trustRadius = 0.0005
sampleRadius = 0.0005
stepNorm = 0.09729538053300502
chi = 0.27361435369037085
Iteration time (s) = 0.6511595249176025
RESTORATION
**************************************

[FRP] solve 220 of phase 20, thetak=5.230e-04, Delta=5.000e-04

**************************************
Iteration 308:
thetak = 0.0005229911585901605
objk = 3.017520807305863
trustRadius = 0.0005
sampleRadius = 0.0005
stepNorm = 0.09729538053300502
chi = 0.27361435369037085
Iteration time (s) = 0.7621748447418213
RESTORATION
**************************************

[FRP] solve 221 of phase 20, thetak=5.230e-04, Delta=5.000e-04

**************************************
Iteration 309:
thetak = 0.0005229911585901605
objk = 3.017520807305863
trustRadius = 0.0005
sampleRadius = 0.0005
stepNorm = 0.09729538053300502
chi = 0.27361435369037085
Iteration time (s) = 0.8200576305389404
RESTORATION
**************************************

[FRP] solve 222 of phase 20, thetak=5.230e-04, Delta=5.000e-04

**************************************
Iteration 310:
thetak = 0.0005229911585901605
objk = 3.017520807305863
trustRadius = 0.0005
sampleRadius = 0.0005
stepNorm = 0.09729538053300502
chi = 0.27361435369037085
Iteration time (s) = 0.7769834995269775
RESTORATION
**************************************

[FRP] solve 223 of phase 20, thetak=5.230e-04, Delta=5.000e-04

**************************************
Iteration 311:
thetak = 0.0005229911585901605
objk = 3.017520807305863
trustRadius = 0.0005
sampleRadius = 0.0005
stepNorm = 0.09729538053300502
chi = 0.27361435369037085
Iteration time (s) = 0.8927230834960938
RESTORATION
**************************************

[FRP] solve 224 of phase 20, thetak=5.230e-04, Delta=5.000e-04

**************************************
Iteration 312:
thetak = 0.0005229911585901605
objk = 3.017520807305863
trustRadius = 0.0005
sampleRadius = 0.0005
stepNorm = 0.09729538053300502
chi = 0.27361435369037085
Iteration time (s) = 1.4355473518371582
RESTORATION
**************************************

[FRP] solve 225 of phase 20, thetak=5.230e-04, Delta=5.000e-04

**************************************
Iteration 313:
thetak = 0.0005229911585901605
objk = 3.017520807305863
trustRadius = 0.0005
sampleRadius = 0.0005
stepNorm = 0.09729538053300502
chi = 0.27361435369037085
Iteration time (s) = 0.977118968963623
RESTORATION
**************************************

[FRP] solve 226 of phase 20, thetak=5.230e-04, Delta=5.000e-04

**************************************
Iteration 314:
thetak = 0.0005229911585901605
objk = 3.017520807305863
trustRadius = 0.0005
sampleRadius = 0.0005
stepNorm = 0.09729538053300502
chi = 0.27361435369037085
Iteration time (s) = 0.889629602432251
RESTORATION
**************************************

[FRP] solve 227 of phase 20, thetak=5.230e-04, Delta=5.000e-04

**************************************
Iteration 315:
thetak = 0.0005229911585901605
objk = 3.017520807305863
trustRadius = 0.0005
sampleRadius = 0.0005
stepNorm = 0.09729538053300502
chi = 0.27361435369037085
Iteration time (s) = 0.8867244720458984
RESTORATION
**************************************

[FRP] solve 228 of phase 20, thetak=5.230e-04, Delta=5.000e-04

**************************************
Iteration 316:
thetak = 0.0005229911585901605
objk = 3.017520807305863
trustRadius = 0.0005
sampleRadius = 0.0005
stepNorm = 0.09729538053300502
chi = 0.27361435369037085
Iteration time (s) = 0.6575148105621338
RESTORATION
**************************************

[FRP] solve 229 of phase 20, thetak=5.230e-04, Delta=5.000e-04

**************************************
Iteration 317:
thetak = 0.0005229911585901605
objk = 3.017520807305863
trustRadius = 0.0005
sampleRadius = 0.0005
stepNorm = 0.09729538053300502
chi = 0.27361435369037085
Iteration time (s) = 0.6657819747924805
RESTORATION
**************************************

[FRP] solve 230 of phase 20, thetak=5.230e-04, Delta=5.000e-04

**************************************
Iteration 318:
thetak = 0.0005229911585901605
objk = 3.017520807305863
trustRadius = 0.0005
sampleRadius = 0.0005
stepNorm = 0.09729538053300502
chi = 0.27361435369037085
Iteration time (s) = 0.7666752338409424
RESTORATION
**************************************

[FRP] solve 231 of phase 20, thetak=5.230e-04, Delta=5.000e-04

**************************************
Iteration 319:
thetak = 0.0005229911585901605
objk = 3.017520807305863
trustRadius = 0.0005
sampleRadius = 0.0005
stepNorm = 0.09729538053300502
chi = 0.27361435369037085
Iteration time (s) = 0.7801778316497803
RESTORATION
**************************************

[FRP] solve 232 of phase 20, thetak=5.230e-04, Delta=5.000e-04

**************************************
Iteration 320:
thetak = 0.0005229911585901605
objk = 3.017520807305863
trustRadius = 0.0005
sampleRadius = 0.0005
stepNorm = 0.09729538053300502
chi = 0.27361435369037085
Iteration time (s) = 0.7595987319946289
RESTORATION
**************************************

[FRP] solve 233 of phase 20, thetak=5.230e-04, Delta=5.000e-04

**************************************
Iteration 321:
thetak = 0.0005229911585901605
objk = 3.017520807305863
trustRadius = 0.0005
sampleRadius = 0.0005
stepNorm = 0.09729538053300502
chi = 0.27361435369037085
Iteration time (s) = 0.7653748989105225
RESTORATION
**************************************

[FRP] solve 234 of phase 20, thetak=5.230e-04, Delta=5.000e-04

**************************************
Iteration 322:
thetak = 0.0005229911585901605
objk = 3.017520807305863
trustRadius = 0.0005
sampleRadius = 0.0005
stepNorm = 0.09729538053300502
chi = 0.27361435369037085
Iteration time (s) = 0.7504475116729736
RESTORATION
**************************************

[FRP] solve 235 of phase 20, thetak=5.230e-04, Delta=5.000e-04

**************************************
Iteration 323:
thetak = 0.0005229911585901605
objk = 3.017520807305863
trustRadius = 0.0005
sampleRadius = 0.0005
stepNorm = 0.09729538053300502
chi = 0.27361435369037085
Iteration time (s) = 0.771007776260376
RESTORATION
**************************************

[FRP] solve 236 of phase 20, thetak=5.230e-04, Delta=5.000e-04

**************************************
Iteration 324:
thetak = 0.0005229911585901605
objk = 3.017520807305863
trustRadius = 0.0005
sampleRadius = 0.0005
stepNorm = 0.09729538053300502
chi = 0.27361435369037085
Iteration time (s) = 0.764538049697876
RESTORATION
**************************************

[FRP] solve 237 of phase 20, thetak=5.230e-04, Delta=5.000e-04

**************************************
Iteration 325:
thetak = 0.0005229911585901605
objk = 3.017520807305863
trustRadius = 0.0005
sampleRadius = 0.0005
stepNorm = 0.09729538053300502
chi = 0.27361435369037085
Iteration time (s) = 0.6690859794616699
RESTORATION
**************************************

[FRP] solve 238 of phase 20, thetak=5.230e-04, Delta=5.000e-04

**************************************
Iteration 326:
thetak = 0.0005229911585901605
objk = 3.017520807305863
trustRadius = 0.0005
sampleRadius = 0.0005
stepNorm = 0.09729538053300502
chi = 0.27361435369037085
Iteration time (s) = 0.7780439853668213
RESTORATION
**************************************

[FRP] solve 239 of phase 20, thetak=5.230e-04, Delta=5.000e-04

**************************************
Iteration 327:
thetak = 0.0005229911585901605
objk = 3.017520807305863
trustRadius = 0.0005
sampleRadius = 0.0005
stepNorm = 0.09729538053300502
chi = 0.27361435369037085
Iteration time (s) = 0.6355278491973877
RESTORATION
**************************************

[FRP] solve 240 of phase 20, thetak=5.230e-04, Delta=5.000e-04

**************************************
Iteration 328:
thetak = 0.0005229911585901605
objk = 3.017520807305863
trustRadius = 0.0005
sampleRadius = 0.0005
stepNorm = 0.09729538053300502
chi = 0.27361435369037085
Iteration time (s) = 0.7753996849060059
RESTORATION
**************************************

[FRP] solve 241 of phase 20, thetak=5.230e-04, Delta=5.000e-04

**************************************
Iteration 329:
thetak = 0.0005229911585901605
objk = 3.017520807305863
trustRadius = 0.0005
sampleRadius = 0.0005
stepNorm = 0.09729538053300502
chi = 0.27361435369037085
Iteration time (s) = 0.5569343566894531
RESTORATION
**************************************

[FRP] solve 242 of phase 20, thetak=5.230e-04, Delta=5.000e-04

**************************************
Iteration 330:
thetak = 0.0005229911585901605
objk = 3.017520807305863
trustRadius = 0.0005
sampleRadius = 0.0005
stepNorm = 0.09729538053300502
chi = 0.27361435369037085
Iteration time (s) = 0.6745147705078125
RESTORATION
**************************************

[FRP] solve 243 of phase 20, thetak=5.230e-04, Delta=5.000e-04

**************************************
Iteration 331:
thetak = 0.0005229911585901605
objk = 3.017520807305863
trustRadius = 0.0005
sampleRadius = 0.0005
stepNorm = 0.09729538053300502
chi = 0.27361435369037085
Iteration time (s) = 0.7527415752410889
RESTORATION
**************************************

[FRP] solve 244 of phase 20, thetak=5.230e-04, Delta=5.000e-04

**************************************
Iteration 332:
thetak = 0.0005229911585901605
objk = 3.017520807305863
trustRadius = 0.0005
sampleRadius = 0.0005
stepNorm = 0.09729538053300502
chi = 0.27361435369037085
Iteration time (s) = 0.6718127727508545
RESTORATION
**************************************

[FRP] solve 245 of phase 20, thetak=5.230e-04, Delta=5.000e-04

**************************************
Iteration 333:
thetak = 0.0005229911585901605
objk = 3.017520807305863
trustRadius = 0.0005
sampleRadius = 0.0005
stepNorm = 0.09729538053300502
chi = 0.27361435369037085
Iteration time (s) = 0.7804574966430664
RESTORATION
**************************************

[FRP] solve 246 of phase 20, thetak=5.230e-04, Delta=5.000e-04

**************************************
Iteration 334:
thetak = 0.0005229911585901605
objk = 3.017520807305863
trustRadius = 0.0005
sampleRadius = 0.0005
stepNorm = 0.09729538053300502
chi = 0.27361435369037085
Iteration time (s) = 0.7730331420898438
RESTORATION
**************************************

[FRP] solve 247 of phase 20, thetak=5.230e-04, Delta=5.000e-04

**************************************
Iteration 335:
thetak = 0.0005229911585901605
objk = 3.017520807305863
trustRadius = 0.0005
sampleRadius = 0.0005
stepNorm = 0.09729538053300502
chi = 0.27361435369037085
Iteration time (s) = 0.7791347503662109
RESTORATION
**************************************

[FRP] solve 248 of phase 20, thetak=5.230e-04, Delta=5.000e-04

**************************************
Iteration 336:
thetak = 0.0005229911585901605
objk = 3.017520807305863
trustRadius = 0.0005
sampleRadius = 0.0005
stepNorm = 0.09729538053300502
chi = 0.27361435369037085
Iteration time (s) = 0.7826066017150879
RESTORATION
**************************************

[FRP] solve 249 of phase 20, thetak=5.230e-04, Delta=5.000e-04

**************************************
Iteration 337:
thetak = 0.0005229911585901605
objk = 3.017520807305863
trustRadius = 0.0005
sampleRadius = 0.0005
stepNorm = 0.09729538053300502
chi = 0.27361435369037085
Iteration time (s) = 0.7619516849517822
RESTORATION
**************************************

[FRP] solve 250 of phase 20, thetak=5.230e-04, Delta=5.000e-04

**************************************
Iteration 338:
thetak = 0.0005229911585901605
objk = 3.017520807305863
trustRadius = 0.0005
sampleRadius = 0.0005
stepNorm = 0.09729538053300502
chi = 0.27361435369037085
Iteration time (s) = 0.7795517444610596
RESTORATION
**************************************

[FRP] solve 251 of phase 20, thetak=5.230e-04, Delta=5.000e-04

**************************************
Iteration 339:
thetak = 0.0005229911585901605
objk = 3.017520807305863
trustRadius = 0.0005
sampleRadius = 0.0005
stepNorm = 0.09729538053300502
chi = 0.27361435369037085
Iteration time (s) = 0.7498316764831543
RESTORATION
**************************************

[FRP] solve 252 of phase 20, thetak=5.230e-04, Delta=5.000e-04

**************************************
Iteration 340:
thetak = 0.0005229911585901605
objk = 3.017520807305863
trustRadius = 0.0005
sampleRadius = 0.0005
stepNorm = 0.09729538053300502
chi = 0.27361435369037085
Iteration time (s) = 0.692335844039917
RESTORATION
**************************************

[FRP] solve 253 of phase 20, thetak=5.230e-04, Delta=5.000e-04

**************************************
Iteration 341:
thetak = 0.0005229911585901605
objk = 3.017520807305863
trustRadius = 0.0005
sampleRadius = 0.0005
stepNorm = 0.09729538053300502
chi = 0.27361435369037085
Iteration time (s) = 0.8962466716766357
RESTORATION
**************************************

[FRP] solve 254 of phase 20, thetak=5.230e-04, Delta=5.000e-04

**************************************
Iteration 342:
thetak = 0.0005229911585901605
objk = 3.017520807305863
trustRadius = 0.0005
sampleRadius = 0.0005
stepNorm = 0.09729538053300502
chi = 0.27361435369037085
Iteration time (s) = 0.7726974487304688
RESTORATION
**************************************

[FRP] solve 255 of phase 20, thetak=5.230e-04, Delta=5.000e-04

**************************************
Iteration 343:
thetak = 0.0005229911585901605
objk = 3.017520807305863
trustRadius = 0.0005
sampleRadius = 0.0005
stepNorm = 0.09729538053300502
chi = 0.27361435369037085
Iteration time (s) = 0.7687430381774902
RESTORATION
**************************************

[FRP] solve 256 of phase 20, thetak=5.230e-04, Delta=5.000e-04

**************************************
Iteration 344:
thetak = 0.0005229911585901605
objk = 3.017520807305863
trustRadius = 0.0005
sampleRadius = 0.0005
stepNorm = 0.09729538053300502
chi = 0.27361435369037085
Iteration time (s) = 0.7728185653686523
RESTORATION
**************************************

[FRP] solve 257 of phase 20, thetak=5.230e-04, Delta=5.000e-04

**************************************
Iteration 345:
thetak = 0.0005229911585901605
objk = 3.017520807305863
trustRadius = 0.0005
sampleRadius = 0.0005
stepNorm = 0.09729538053300502
chi = 0.27361435369037085
Iteration time (s) = 0.6586613655090332
RESTORATION
**************************************

[FRP] solve 258 of phase 20, thetak=5.230e-04, Delta=5.000e-04

**************************************
Iteration 346:
thetak = 0.0005229911585901605
objk = 3.017520807305863
trustRadius = 0.0005
sampleRadius = 0.0005
stepNorm = 0.09729538053300502
chi = 0.27361435369037085
Iteration time (s) = 0.7618765830993652
RESTORATION
**************************************

[FRP] solve 259 of phase 20, thetak=5.230e-04, Delta=5.000e-04

**************************************
Iteration 347:
thetak = 0.0005229911585901605
objk = 3.017520807305863
trustRadius = 0.0005
sampleRadius = 0.0005
stepNorm = 0.09729538053300502
chi = 0.27361435369037085
Iteration time (s) = 0.7925059795379639
RESTORATION
**************************************

[FRP] solve 260 of phase 20, thetak=5.230e-04, Delta=5.000e-04

**************************************
Iteration 348:
thetak = 0.0005229911585901605
objk = 3.017520807305863
trustRadius = 0.0005
sampleRadius = 0.0005
stepNorm = 0.09729538053300502
chi = 0.27361435369037085
Iteration time (s) = 0.7899618148803711
RESTORATION
**************************************

[FRP] solve 261 of phase 20, thetak=5.230e-04, Delta=5.000e-04

**************************************
Iteration 349:
thetak = 0.0005229911585901605
objk = 3.017520807305863
trustRadius = 0.0005
sampleRadius = 0.0005
stepNorm = 0.09729538053300502
chi = 0.27361435369037085
Iteration time (s) = 0.7730963230133057
RESTORATION
**************************************

[FRP] solve 262 of phase 20, thetak=5.230e-04, Delta=5.000e-04

**************************************
Iteration 350:
thetak = 0.0005229911585901605
objk = 3.017520807305863
trustRadius = 0.0005
sampleRadius = 0.0005
stepNorm = 0.09729538053300502
chi = 0.27361435369037085
Iteration time (s) = 0.9016692638397217
RESTORATION
**************************************

[FRP] solve 263 of phase 20, thetak=5.230e-04, Delta=5.000e-04

**************************************
Iteration 351:
thetak = 0.0005229911585901605
objk = 3.017520807305863
trustRadius = 0.0005
sampleRadius = 0.0005
stepNorm = 0.09729538053300502
chi = 0.27361435369037085
Iteration time (s) = 0.7771728038787842
RESTORATION
**************************************

[FRP] solve 264 of phase 20, thetak=5.230e-04, Delta=5.000e-04

**************************************
Iteration 352:
thetak = 0.0005229911585901605
objk = 3.017520807305863
trustRadius = 0.0005
sampleRadius = 0.0005
stepNorm = 0.09729538053300502
chi = 0.27361435369037085
Iteration time (s) = 0.772019624710083
RESTORATION
**************************************

[FRP] solve 265 of phase 20, thetak=5.230e-04, Delta=5.000e-04

**************************************
Iteration 353:
thetak = 0.0005229911585901605
objk = 3.017520807305863
trustRadius = 0.0005
sampleRadius = 0.0005
stepNorm = 0.09729538053300502
chi = 0.27361435369037085
Iteration time (s) = 0.7921957969665527
RESTORATION
**************************************

[FRP] solve 266 of phase 20, thetak=5.230e-04, Delta=5.000e-04

**************************************
Iteration 354:
thetak = 0.0005229911585901605
objk = 3.017520807305863
trustRadius = 0.0005
sampleRadius = 0.0005
stepNorm = 0.09729538053300502
chi = 0.27361435369037085
Iteration time (s) = 0.7864236831665039
RESTORATION
**************************************

[FRP] solve 267 of phase 20, thetak=5.230e-04, Delta=5.000e-04

**************************************
Iteration 355:
thetak = 0.0005229911585901605
objk = 3.017520807305863
trustRadius = 0.0005
sampleRadius = 0.0005
stepNorm = 0.09729538053300502
chi = 0.27361435369037085
Iteration time (s) = 0.7792658805847168
RESTORATION
**************************************

[FRP] solve 268 of phase 20, thetak=5.230e-04, Delta=5.000e-04

**************************************
Iteration 356:
thetak = 0.0005229911585901605
objk = 3.017520807305863
trustRadius = 0.0005
sampleRadius = 0.0005
stepNorm = 0.09729538053300502
chi = 0.27361435369037085
Iteration time (s) = 0.7731227874755859
RESTORATION
**************************************

[FRP] solve 269 of phase 20, thetak=5.230e-04, Delta=5.000e-04

**************************************
Iteration 357:
thetak = 0.0005229911585901605
objk = 3.017520807305863
trustRadius = 0.0005
sampleRadius = 0.0005
stepNorm = 0.09729538053300502
chi = 0.27361435369037085
Iteration time (s) = 0.7942924499511719
RESTORATION
**************************************

[FRP] solve 270 of phase 20, thetak=5.230e-04, Delta=5.000e-04

**************************************
Iteration 358:
thetak = 0.0005229911585901605
objk = 3.017520807305863
trustRadius = 0.0005
sampleRadius = 0.0005
stepNorm = 0.09729538053300502
chi = 0.27361435369037085
Iteration time (s) = 0.6656441688537598
RESTORATION
**************************************

[FRP] solve 271 of phase 20, thetak=5.230e-04, Delta=5.000e-04

**************************************
Iteration 359:
thetak = 0.0005229911585901605
objk = 3.017520807305863
trustRadius = 0.0005
sampleRadius = 0.0005
stepNorm = 0.09729538053300502
chi = 0.27361435369037085
Iteration time (s) = 0.9438009262084961
RESTORATION
**************************************

[FRP] solve 272 of phase 20, thetak=5.230e-04, Delta=5.000e-04

**************************************
Iteration 360:
thetak = 0.0005229911585901605
objk = 3.017520807305863
trustRadius = 0.0005
sampleRadius = 0.0005
stepNorm = 0.09729538053300502
chi = 0.27361435369037085
Iteration time (s) = 0.7746121883392334
RESTORATION
**************************************

[FRP] solve 273 of phase 20, thetak=5.230e-04, Delta=5.000e-04

**************************************
Iteration 361:
thetak = 0.0005229911585901605
objk = 3.017520807305863
trustRadius = 0.0005
sampleRadius = 0.0005
stepNorm = 0.09729538053300502
chi = 0.27361435369037085
Iteration time (s) = 0.8144400119781494
RESTORATION
**************************************

[FRP] solve 274 of phase 20, thetak=5.230e-04, Delta=5.000e-04

**************************************
Iteration 362:
thetak = 0.0005229911585901605
objk = 3.017520807305863
trustRadius = 0.0005
sampleRadius = 0.0005
stepNorm = 0.09729538053300502
chi = 0.27361435369037085
Iteration time (s) = 0.7570979595184326
RESTORATION
**************************************

[FRP] solve 275 of phase 20, thetak=5.230e-04, Delta=5.000e-04

**************************************
Iteration 363:
thetak = 0.0005229911585901605
objk = 3.017520807305863
trustRadius = 0.0005
sampleRadius = 0.0005
stepNorm = 0.09729538053300502
chi = 0.27361435369037085
Iteration time (s) = 0.7524313926696777
RESTORATION
**************************************

[FRP] solve 276 of phase 20, thetak=5.230e-04, Delta=5.000e-04

**************************************
Iteration 364:
thetak = 0.0005229911585901605
objk = 3.017520807305863
trustRadius = 0.0005
sampleRadius = 0.0005
stepNorm = 0.09729538053300502
chi = 0.27361435369037085
Iteration time (s) = 0.7550301551818848
RESTORATION
**************************************

[FRP] solve 277 of phase 20, thetak=5.230e-04, Delta=5.000e-04

**************************************
Iteration 365:
thetak = 0.0005229911585901605
objk = 3.017520807305863
trustRadius = 0.0005
sampleRadius = 0.0005
stepNorm = 0.09729538053300502
chi = 0.27361435369037085
Iteration time (s) = 0.6590509414672852
RESTORATION
**************************************

[FRP] solve 278 of phase 20, thetak=5.230e-04, Delta=5.000e-04

**************************************
Iteration 366:
thetak = 0.0005229911585901605
objk = 3.017520807305863
trustRadius = 0.0005
sampleRadius = 0.0005
stepNorm = 0.09729538053300502
chi = 0.27361435369037085
Iteration time (s) = 0.6653938293457031
RESTORATION
**************************************

[FRP] solve 279 of phase 20, thetak=5.230e-04, Delta=5.000e-04

**************************************
Iteration 367:
thetak = 0.0005229911585901605
objk = 3.017520807305863
trustRadius = 0.0005
sampleRadius = 0.0005
stepNorm = 0.09729538053300502
chi = 0.27361435369037085
Iteration time (s) = 0.7806081771850586
RESTORATION
**************************************

[FRP] solve 280 of phase 20, thetak=5.230e-04, Delta=5.000e-04

**************************************
Iteration 368:
thetak = 0.0005229911585901605
objk = 3.017520807305863
trustRadius = 0.0005
sampleRadius = 0.0005
stepNorm = 0.09729538053300502
chi = 0.27361435369037085
Iteration time (s) = 0.7621514797210693
RESTORATION
**************************************

[FRP] solve 281 of phase 20, thetak=5.230e-04, Delta=5.000e-04

**************************************
Iteration 369:
thetak = 0.0005229911585901605
objk = 3.017520807305863
trustRadius = 0.0005
sampleRadius = 0.0005
stepNorm = 0.09729538053300502
chi = 0.27361435369037085
Iteration time (s) = 0.6702656745910645
RESTORATION
**************************************

[FRP] solve 282 of phase 20, thetak=5.230e-04, Delta=5.000e-04

**************************************
Iteration 370:
thetak = 0.0005229911585901605
objk = 3.017520807305863
trustRadius = 0.0005
sampleRadius = 0.0005
stepNorm = 0.09729538053300502
chi = 0.27361435369037085
Iteration time (s) = 0.7227199077606201
RESTORATION
**************************************

[FRP] solve 283 of phase 20, thetak=5.230e-04, Delta=5.000e-04

**************************************
Iteration 371:
thetak = 0.0005229911585901605
objk = 3.017520807305863
trustRadius = 0.0005
sampleRadius = 0.0005
stepNorm = 0.09729538053300502
chi = 0.27361435369037085
Iteration time (s) = 0.7631740570068359
RESTORATION
**************************************

[FRP] solve 284 of phase 20, thetak=5.230e-04, Delta=5.000e-04

**************************************
Iteration 372:
thetak = 0.0005229911585901605
objk = 3.017520807305863
trustRadius = 0.0005
sampleRadius = 0.0005
stepNorm = 0.09729538053300502
chi = 0.27361435369037085
Iteration time (s) = 0.7433109283447266
RESTORATION
**************************************

[FRP] solve 285 of phase 20, thetak=5.230e-04, Delta=5.000e-04

**************************************
Iteration 373:
thetak = 0.0005229911585901605
objk = 3.017520807305863
trustRadius = 0.0005
sampleRadius = 0.0005
stepNorm = 0.09729538053300502
chi = 0.27361435369037085
Iteration time (s) = 0.664095401763916
RESTORATION
**************************************

[FRP] solve 286 of phase 20, thetak=5.230e-04, Delta=5.000e-04

**************************************
Iteration 374:
thetak = 0.0005229911585901605
objk = 3.017520807305863
trustRadius = 0.0005
sampleRadius = 0.0005
stepNorm = 0.09729538053300502
chi = 0.27361435369037085
Iteration time (s) = 0.663999080657959
RESTORATION
**************************************

[FRP] solve 287 of phase 20, thetak=5.230e-04, Delta=5.000e-04

**************************************
Iteration 375:
thetak = 0.0005229911585901605
objk = 3.017520807305863
trustRadius = 0.0005
sampleRadius = 0.0005
stepNorm = 0.09729538053300502
chi = 0.27361435369037085
Iteration time (s) = 0.8596041202545166
RESTORATION
**************************************

[FRP] solve 288 of phase 20, thetak=5.230e-04, Delta=5.000e-04

**************************************
Iteration 376:
thetak = 0.0005229911585901605
objk = 3.017520807305863
trustRadius = 0.0005
sampleRadius = 0.0005
stepNorm = 0.09729538053300502
chi = 0.27361435369037085
Iteration time (s) = 0.7878053188323975
RESTORATION
**************************************

[FRP] solve 289 of phase 20, thetak=5.230e-04, Delta=5.000e-04

**************************************
Iteration 377:
thetak = 0.0005229911585901605
objk = 3.017520807305863
trustRadius = 0.0005
sampleRadius = 0.0005
stepNorm = 0.09729538053300502
chi = 0.27361435369037085
Iteration time (s) = 0.7731552124023438
RESTORATION
**************************************

[FRP] solve 290 of phase 20, thetak=5.230e-04, Delta=5.000e-04

**************************************
Iteration 378:
thetak = 0.0005229911585901605
objk = 3.017520807305863
trustRadius = 0.0005
sampleRadius = 0.0005
stepNorm = 0.09729538053300502
chi = 0.27361435369037085
Iteration time (s) = 0.772789478302002
RESTORATION
**************************************

[FRP] solve 291 of phase 20, thetak=5.230e-04, Delta=5.000e-04

**************************************
Iteration 379:
thetak = 0.0005229911585901605
objk = 3.017520807305863
trustRadius = 0.0005
sampleRadius = 0.0005
stepNorm = 0.09729538053300502
chi = 0.27361435369037085
Iteration time (s) = 0.7734193801879883
RESTORATION
**************************************

[FRP] solve 292 of phase 20, thetak=5.230e-04, Delta=5.000e-04

**************************************
Iteration 380:
thetak = 0.0005229911585901605
objk = 3.017520807305863
trustRadius = 0.0005
sampleRadius = 0.0005
stepNorm = 0.09729538053300502
chi = 0.27361435369037085
Iteration time (s) = 0.781425952911377
RESTORATION
**************************************

[FRP] solve 293 of phase 20, thetak=5.230e-04, Delta=5.000e-04

**************************************
Iteration 381:
thetak = 0.0005229911585901605
objk = 3.017520807305863
trustRadius = 0.0005
sampleRadius = 0.0005
stepNorm = 0.09729538053300502
chi = 0.27361435369037085
Iteration time (s) = 0.8670990467071533
RESTORATION
**************************************

[FRP] solve 294 of phase 20, thetak=5.230e-04, Delta=5.000e-04

**************************************
Iteration 382:
thetak = 0.0005229911585901605
objk = 3.017520807305863
trustRadius = 0.0005
sampleRadius = 0.0005
stepNorm = 0.09729538053300502
chi = 0.27361435369037085
Iteration time (s) = 0.8739674091339111
RESTORATION
**************************************

[FRP] solve 295 of phase 20, thetak=5.230e-04, Delta=5.000e-04

**************************************
Iteration 383:
thetak = 0.0005229911585901605
objk = 3.017520807305863
trustRadius = 0.0005
sampleRadius = 0.0005
stepNorm = 0.09729538053300502
chi = 0.27361435369037085
Iteration time (s) = 0.6604013442993164
RESTORATION
**************************************

[FRP] solve 296 of phase 20, thetak=5.230e-04, Delta=5.000e-04

**************************************
Iteration 384:
thetak = 0.0005229911585901605
objk = 3.017520807305863
trustRadius = 0.0005
sampleRadius = 0.0005
stepNorm = 0.09729538053300502
chi = 0.27361435369037085
Iteration time (s) = 0.6729815006256104
RESTORATION
**************************************

[FRP] solve 297 of phase 20, thetak=5.230e-04, Delta=5.000e-04

**************************************
Iteration 385:
thetak = 0.0005229911585901605
objk = 3.017520807305863
trustRadius = 0.0005
sampleRadius = 0.0005
stepNorm = 0.09729538053300502
chi = 0.27361435369037085
Iteration time (s) = 0.880014181137085
RESTORATION
**************************************

[FRP] solve 298 of phase 20, thetak=5.230e-04, Delta=5.000e-04

**************************************
Iteration 386:
thetak = 0.0005229911585901605
objk = 3.017520807305863
trustRadius = 0.0005
sampleRadius = 0.0005
stepNorm = 0.09729538053300502
chi = 0.27361435369037085
Iteration time (s) = 0.7820134162902832
RESTORATION
**************************************

[FRP] solve 299 of phase 20, thetak=5.230e-04, Delta=5.000e-04

**************************************
Iteration 387:
thetak = 0.0005229911585901605
objk = 3.017520807305863
trustRadius = 0.0005
sampleRadius = 0.0005
stepNorm = 0.09729538053300502
chi = 0.27361435369037085
Iteration time (s) = 0.7370738983154297
RESTORATION
**************************************

[FRP] solve 300 of phase 20, thetak=5.230e-04, Delta=5.000e-04

**************************************
Iteration 388:
thetak = 0.0005229911585901605
objk = 3.017520807305863
trustRadius = 0.0005
sampleRadius = 0.0005
stepNorm = 0.09729538053300502
chi = 0.27361435369037085
Iteration time (s) = 0.6566417217254639
RESTORATION
**************************************

[FRP] solve 301 of phase 20, thetak=5.230e-04, Delta=5.000e-04

**************************************
Iteration 389:
thetak = 0.0005229911585901605
objk = 3.017520807305863
trustRadius = 0.0005
sampleRadius = 0.0005
stepNorm = 0.09729538053300502
chi = 0.27361435369037085
Iteration time (s) = 0.6806697845458984
RESTORATION
**************************************

[FRP] solve 302 of phase 20, thetak=5.230e-04, Delta=5.000e-04

**************************************
Iteration 390:
thetak = 0.0005229911585901605
objk = 3.017520807305863
trustRadius = 0.0005
sampleRadius = 0.0005
stepNorm = 0.09729538053300502
chi = 0.27361435369037085
Iteration time (s) = 0.7540194988250732
RESTORATION
**************************************

[FRP] solve 303 of phase 20, thetak=5.230e-04, Delta=5.000e-04

**************************************
Iteration 391:
thetak = 0.0005229911585901605
objk = 3.017520807305863
trustRadius = 0.0005
sampleRadius = 0.0005
stepNorm = 0.09729538053300502
chi = 0.27361435369037085
Iteration time (s) = 0.6525371074676514
RESTORATION
**************************************

[FRP] solve 304 of phase 20, thetak=5.230e-04, Delta=5.000e-04

**************************************
Iteration 392:
thetak = 0.0005229911585901605
objk = 3.017520807305863
trustRadius = 0.0005
sampleRadius = 0.0005
stepNorm = 0.09729538053300502
chi = 0.27361435369037085
Iteration time (s) = 0.7738587856292725
RESTORATION
**************************************

[FRP] solve 305 of phase 20, thetak=5.230e-04, Delta=5.000e-04

**************************************
Iteration 393:
thetak = 0.0005229911585901605
objk = 3.017520807305863
trustRadius = 0.0005
sampleRadius = 0.0005
stepNorm = 0.09729538053300502
chi = 0.27361435369037085
Iteration time (s) = 0.7833595275878906
RESTORATION
**************************************

[FRP] solve 306 of phase 20, thetak=5.230e-04, Delta=5.000e-04

**************************************
Iteration 394:
thetak = 0.0005229911585901605
objk = 3.017520807305863
trustRadius = 0.0005
sampleRadius = 0.0005
stepNorm = 0.09729538053300502
chi = 0.27361435369037085
Iteration time (s) = 0.6602249145507812
RESTORATION
**************************************

[FRP] solve 307 of phase 20, thetak=5.230e-04, Delta=5.000e-04

**************************************
Iteration 395:
thetak = 0.0005229911585901605
objk = 3.017520807305863
trustRadius = 0.0005
sampleRadius = 0.0005
stepNorm = 0.09729538053300502
chi = 0.27361435369037085
Iteration time (s) = 1.0371601581573486
RESTORATION
**************************************

[FRP] solve 308 of phase 20, thetak=5.230e-04, Delta=5.000e-04

**************************************
Iteration 396:
thetak = 0.0005229911585901605
objk = 3.017520807305863
trustRadius = 0.0005
sampleRadius = 0.0005
stepNorm = 0.09729538053300502
chi = 0.27361435369037085
Iteration time (s) = 1.4435012340545654
RESTORATION
**************************************

[FRP] solve 309 of phase 20, thetak=5.230e-04, Delta=5.000e-04

**************************************
Iteration 397:
thetak = 0.0005229911585901605
objk = 3.017520807305863
trustRadius = 0.0005
sampleRadius = 0.0005
stepNorm = 0.09729538053300502
chi = 0.27361435369037085
Iteration time (s) = 1.0378365516662598
RESTORATION
**************************************

[FRP] solve 310 of phase 20, thetak=5.230e-04, Delta=5.000e-04

**************************************
Iteration 398:
thetak = 0.0005229911585901605
objk = 3.017520807305863
trustRadius = 0.0005
sampleRadius = 0.0005
stepNorm = 0.09729538053300502
chi = 0.27361435369037085
Iteration time (s) = 1.286346197128296
RESTORATION
**************************************

[FRP] solve 311 of phase 20, thetak=5.230e-04, Delta=5.000e-04

**************************************
Iteration 399:
thetak = 0.0005229911585901605
objk = 3.017520807305863
trustRadius = 0.0005
sampleRadius = 0.0005
stepNorm = 0.09729538053300502
chi = 0.27361435369037085
Iteration time (s) = 0.7532589435577393
RESTORATION
**************************************

[FRP] solve 312 of phase 20, thetak=5.230e-04, Delta=5.000e-04

**************************************
Iteration 400:
thetak = 0.0005229911585901605
objk = 3.017520807305863
trustRadius = 0.0005
sampleRadius = 0.0005
stepNorm = 0.09729538053300502
chi = 0.27361435369037085
Iteration time (s) = 0.6646952629089355
RESTORATION
**************************************

[FRP] solve 313 of phase 20, thetak=5.230e-04, Delta=5.000e-04

**************************************
Iteration 401:
thetak = 0.0005229911585901605
objk = 3.017520807305863
trustRadius = 0.0005
sampleRadius = 0.0005
stepNorm = 0.09729538053300502
chi = 0.27361435369037085
Iteration time (s) = 0.667823076248169
RESTORATION
**************************************

[FRP] solve 314 of phase 20, thetak=5.230e-04, Delta=5.000e-04

**************************************
Iteration 402:
thetak = 0.0005229911585901605
objk = 3.017520807305863
trustRadius = 0.0005
sampleRadius = 0.0005
stepNorm = 0.09729538053300502
chi = 0.27361435369037085
Iteration time (s) = 0.7521064281463623
RESTORATION
**************************************

[FRP] solve 315 of phase 20, thetak=5.230e-04, Delta=5.000e-04

**************************************
Iteration 403:
thetak = 0.0005229911585901605
objk = 3.017520807305863
trustRadius = 0.0005
sampleRadius = 0.0005
stepNorm = 0.09729538053300502
chi = 0.27361435369037085
Iteration time (s) = 0.7889666557312012
RESTORATION
**************************************

[FRP] solve 316 of phase 20, thetak=5.230e-04, Delta=5.000e-04

**************************************
Iteration 404:
thetak = 0.0005229911585901605
objk = 3.017520807305863
trustRadius = 0.0005
sampleRadius = 0.0005
stepNorm = 0.09729538053300502
chi = 0.27361435369037085
Iteration time (s) = 0.6497159004211426
RESTORATION
**************************************

[FRP] solve 317 of phase 20, thetak=5.230e-04, Delta=5.000e-04

**************************************
Iteration 405:
thetak = 0.0005229911585901605
objk = 3.017520807305863
trustRadius = 0.0005
sampleRadius = 0.0005
stepNorm = 0.09729538053300502
chi = 0.27361435369037085
Iteration time (s) = 0.756777286529541
RESTORATION
**************************************

[FRP] solve 318 of phase 20, thetak=5.230e-04, Delta=5.000e-04

**************************************
Iteration 406:
thetak = 0.0005229911585901605
objk = 3.017520807305863
trustRadius = 0.0005
sampleRadius = 0.0005
stepNorm = 0.09729538053300502
chi = 0.27361435369037085
Iteration time (s) = 0.759408712387085
RESTORATION
**************************************

[FRP] solve 319 of phase 20, thetak=5.230e-04, Delta=5.000e-04

**************************************
Iteration 407:
thetak = 0.0005229911585901605
objk = 3.017520807305863
trustRadius = 0.0005
sampleRadius = 0.0005
stepNorm = 0.09729538053300502
chi = 0.27361435369037085
Iteration time (s) = 0.7778213024139404
RESTORATION
**************************************

[FRP] solve 320 of phase 20, thetak=5.230e-04, Delta=5.000e-04

**************************************
Iteration 408:
thetak = 0.0005229911585901605
objk = 3.017520807305863
trustRadius = 0.0005
sampleRadius = 0.0005
stepNorm = 0.09729538053300502
chi = 0.27361435369037085
Iteration time (s) = 0.7811174392700195
RESTORATION
**************************************

[FRP] solve 321 of phase 20, thetak=5.230e-04, Delta=5.000e-04

**************************************
Iteration 409:
thetak = 0.0005229911585901605
objk = 3.017520807305863
trustRadius = 0.0005
sampleRadius = 0.0005
stepNorm = 0.09729538053300502
chi = 0.27361435369037085
Iteration time (s) = 0.8946821689605713
RESTORATION
**************************************

[FRP] solve 322 of phase 20, thetak=5.230e-04, Delta=5.000e-04

**************************************
Iteration 410:
thetak = 0.0005229911585901605
objk = 3.017520807305863
trustRadius = 0.0005
sampleRadius = 0.0005
stepNorm = 0.09729538053300502
chi = 0.27361435369037085
Iteration time (s) = 0.8748822212219238
RESTORATION
**************************************

[FRP] solve 323 of phase 20, thetak=5.230e-04, Delta=5.000e-04

**************************************
Iteration 411:
thetak = 0.0005229911585901605
objk = 3.017520807305863
trustRadius = 0.0005
sampleRadius = 0.0005
stepNorm = 0.09729538053300502
chi = 0.27361435369037085
Iteration time (s) = 0.7407536506652832
RESTORATION
**************************************

[FRP] solve 324 of phase 20, thetak=5.230e-04, Delta=5.000e-04

**************************************
Iteration 412:
thetak = 0.0005229911585901605
objk = 3.017520807305863
trustRadius = 0.0005
sampleRadius = 0.0005
stepNorm = 0.09729538053300502
chi = 0.27361435369037085
Iteration time (s) = 0.6719415187835693
RESTORATION
**************************************

[FRP] solve 325 of phase 20, thetak=5.230e-04, Delta=5.000e-04

**************************************
Iteration 413:
thetak = 0.0005229911585901605
objk = 3.017520807305863
trustRadius = 0.0005
sampleRadius = 0.0005
stepNorm = 0.09729538053300502
chi = 0.27361435369037085
Iteration time (s) = 0.7753937244415283
RESTORATION
**************************************

[FRP] solve 326 of phase 20, thetak=5.230e-04, Delta=5.000e-04

**************************************
Iteration 414:
thetak = 0.0005229911585901605
objk = 3.017520807305863
trustRadius = 0.0005
sampleRadius = 0.0005
stepNorm = 0.09729538053300502
chi = 0.27361435369037085
Iteration time (s) = 0.6510839462280273
RESTORATION
**************************************

[FRP] solve 327 of phase 20, thetak=5.230e-04, Delta=5.000e-04

**************************************
Iteration 415:
thetak = 0.0005229911585901605
objk = 3.017520807305863
trustRadius = 0.0005
sampleRadius = 0.0005
stepNorm = 0.09729538053300502
chi = 0.27361435369037085
Iteration time (s) = 0.7523553371429443
RESTORATION
**************************************

[FRP] solve 328 of phase 20, thetak=5.230e-04, Delta=5.000e-04

**************************************
Iteration 416:
thetak = 0.0005229911585901605
objk = 3.017520807305863
trustRadius = 0.0005
sampleRadius = 0.0005
stepNorm = 0.09729538053300502
chi = 0.27361435369037085
Iteration time (s) = 0.6566777229309082
RESTORATION
**************************************

[FRP] solve 329 of phase 20, thetak=5.230e-04, Delta=5.000e-04

**************************************
Iteration 417:
thetak = 0.0005229911585901605
objk = 3.017520807305863
trustRadius = 0.0005
sampleRadius = 0.0005
stepNorm = 0.09729538053300502
chi = 0.27361435369037085
Iteration time (s) = 0.6774117946624756
RESTORATION
**************************************

[FRP] solve 330 of phase 20, thetak=5.230e-04, Delta=5.000e-04

**************************************
Iteration 418:
thetak = 0.0005229911585901605
objk = 3.017520807305863
trustRadius = 0.0005
sampleRadius = 0.0005
stepNorm = 0.09729538053300502
chi = 0.27361435369037085
Iteration time (s) = 0.7694053649902344
RESTORATION
**************************************

[FRP] solve 331 of phase 20, thetak=5.230e-04, Delta=5.000e-04

**************************************
Iteration 419:
thetak = 0.0005229911585901605
objk = 3.017520807305863
trustRadius = 0.0005
sampleRadius = 0.0005
stepNorm = 0.09729538053300502
chi = 0.27361435369037085
Iteration time (s) = 0.6663269996643066
RESTORATION
**************************************

[FRP] solve 332 of phase 20, thetak=5.230e-04, Delta=5.000e-04

**************************************
Iteration 420:
thetak = 0.0005229911585901605
objk = 3.017520807305863
trustRadius = 0.0005
sampleRadius = 0.0005
stepNorm = 0.09729538053300502
chi = 0.27361435369037085
Iteration time (s) = 0.6618771553039551
RESTORATION
**************************************

[FRP] solve 333 of phase 20, thetak=5.230e-04, Delta=5.000e-04

**************************************
Iteration 421:
thetak = 0.0005229911585901605
objk = 3.017520807305863
trustRadius = 0.0005
sampleRadius = 0.0005
stepNorm = 0.09729538053300502
chi = 0.27361435369037085
Iteration time (s) = 0.777557373046875
RESTORATION
**************************************

[FRP] solve 334 of phase 20, thetak=5.230e-04, Delta=5.000e-04

**************************************
Iteration 422:
thetak = 0.0005229911585901605
objk = 3.017520807305863
trustRadius = 0.0005
sampleRadius = 0.0005
stepNorm = 0.09729538053300502
chi = 0.27361435369037085
Iteration time (s) = 0.7751376628875732
RESTORATION
**************************************

[FRP] solve 335 of phase 20, thetak=5.230e-04, Delta=5.000e-04

**************************************
Iteration 423:
thetak = 0.0005229911585901605
objk = 3.017520807305863
trustRadius = 0.0005
sampleRadius = 0.0005
stepNorm = 0.09729538053300502
chi = 0.27361435369037085
Iteration time (s) = 0.6539843082427979
RESTORATION
**************************************

[FRP] solve 336 of phase 20, thetak=5.230e-04, Delta=5.000e-04

**************************************
Iteration 424:
thetak = 0.0005229911585901605
objk = 3.017520807305863
trustRadius = 0.0005
sampleRadius = 0.0005
stepNorm = 0.09729538053300502
chi = 0.27361435369037085
Iteration time (s) = 0.7658939361572266
RESTORATION
**************************************

[FRP] solve 337 of phase 20, thetak=5.230e-04, Delta=5.000e-04

**************************************
Iteration 425:
thetak = 0.0005229911585901605
objk = 3.017520807305863
trustRadius = 0.0005
sampleRadius = 0.0005
stepNorm = 0.09729538053300502
chi = 0.27361435369037085
Iteration time (s) = 0.7737686634063721
RESTORATION
**************************************

[FRP] solve 338 of phase 20, thetak=5.230e-04, Delta=5.000e-04

**************************************
Iteration 426:
thetak = 0.0005229911585901605
objk = 3.017520807305863
trustRadius = 0.0005
sampleRadius = 0.0005
stepNorm = 0.09729538053300502
chi = 0.27361435369037085
Iteration time (s) = 0.7612175941467285
RESTORATION
**************************************

[FRP] solve 339 of phase 20, thetak=5.230e-04, Delta=5.000e-04

**************************************
Iteration 427:
thetak = 0.0005229911585901605
objk = 3.017520807305863
trustRadius = 0.0005
sampleRadius = 0.0005
stepNorm = 0.09729538053300502
chi = 0.27361435369037085
Iteration time (s) = 0.6631486415863037
RESTORATION
**************************************

[FRP] solve 340 of phase 20, thetak=5.230e-04, Delta=5.000e-04

**************************************
Iteration 428:
thetak = 0.0005229911585901605
objk = 3.017520807305863
trustRadius = 0.0005
sampleRadius = 0.0005
stepNorm = 0.09729538053300502
chi = 0.27361435369037085
Iteration time (s) = 0.8819043636322021
RESTORATION
**************************************

[FRP] solve 341 of phase 20, thetak=5.230e-04, Delta=5.000e-04

**************************************
Iteration 429:
thetak = 0.0005229911585901605
objk = 3.017520807305863
trustRadius = 0.0005
sampleRadius = 0.0005
stepNorm = 0.09729538053300502
chi = 0.27361435369037085
Iteration time (s) = 0.775841236114502
RESTORATION
**************************************

[FRP] solve 342 of phase 20, thetak=5.230e-04, Delta=5.000e-04

**************************************
Iteration 430:
thetak = 0.0005229911585901605
objk = 3.017520807305863
trustRadius = 0.0005
sampleRadius = 0.0005
stepNorm = 0.09729538053300502
chi = 0.27361435369037085
Iteration time (s) = 0.6568269729614258
RESTORATION
**************************************

[FRP] solve 343 of phase 20, thetak=5.230e-04, Delta=5.000e-04

**************************************
Iteration 431:
thetak = 0.0005229911585901605
objk = 3.017520807305863
trustRadius = 0.0005
sampleRadius = 0.0005
stepNorm = 0.09729538053300502
chi = 0.27361435369037085
Iteration time (s) = 0.644798994064331
RESTORATION
**************************************

[FRP] solve 344 of phase 20, thetak=5.230e-04, Delta=5.000e-04

**************************************
Iteration 432:
thetak = 0.0005229911585901605
objk = 3.017520807305863
trustRadius = 0.0005
sampleRadius = 0.0005
stepNorm = 0.09729538053300502
chi = 0.27361435369037085
Iteration time (s) = 0.7667124271392822
RESTORATION
**************************************

[FRP] solve 345 of phase 20, thetak=5.230e-04, Delta=5.000e-04

**************************************
Iteration 433:
thetak = 0.0005229911585901605
objk = 3.017520807305863
trustRadius = 0.0005
sampleRadius = 0.0005
stepNorm = 0.09729538053300502
chi = 0.27361435369037085
Iteration time (s) = 0.9107763767242432
RESTORATION
**************************************

[FRP] solve 346 of phase 20, thetak=5.230e-04, Delta=5.000e-04

**************************************
Iteration 434:
thetak = 0.0005229911585901605
objk = 3.017520807305863
trustRadius = 0.0005
sampleRadius = 0.0005
stepNorm = 0.09729538053300502
chi = 0.27361435369037085
Iteration time (s) = 0.6566050052642822
RESTORATION
**************************************

[FRP] solve 347 of phase 20, thetak=5.230e-04, Delta=5.000e-04

**************************************
Iteration 435:
thetak = 0.0005229911585901605
objk = 3.017520807305863
trustRadius = 0.0005
sampleRadius = 0.0005
stepNorm = 0.09729538053300502
chi = 0.27361435369037085
Iteration time (s) = 0.7674434185028076
RESTORATION
**************************************

[FRP] solve 348 of phase 20, thetak=5.230e-04, Delta=5.000e-04

**************************************
Iteration 436:
thetak = 0.0005229911585901605
objk = 3.017520807305863
trustRadius = 0.0005
sampleRadius = 0.0005
stepNorm = 0.09729538053300502
chi = 0.27361435369037085
Iteration time (s) = 0.7587337493896484
RESTORATION
**************************************

[FRP] solve 349 of phase 20, thetak=5.230e-04, Delta=5.000e-04

**************************************
Iteration 437:
thetak = 0.0005229911585901605
objk = 3.017520807305863
trustRadius = 0.0005
sampleRadius = 0.0005
stepNorm = 0.09729538053300502
chi = 0.27361435369037085
Iteration time (s) = 0.7620484828948975
RESTORATION
**************************************

[FRP] solve 350 of phase 20, thetak=5.230e-04, Delta=5.000e-04

**************************************
Iteration 438:
thetak = 0.0005229911585901605
objk = 3.017520807305863
trustRadius = 0.0005
sampleRadius = 0.0005
stepNorm = 0.09729538053300502
chi = 0.27361435369037085
Iteration time (s) = 0.652848482131958
RESTORATION
**************************************

[FRP] solve 351 of phase 20, thetak=5.230e-04, Delta=5.000e-04

**************************************
Iteration 439:
thetak = 0.0005229911585901605
objk = 3.017520807305863
trustRadius = 0.0005
sampleRadius = 0.0005
stepNorm = 0.09729538053300502
chi = 0.27361435369037085
Iteration time (s) = 0.7503395080566406
RESTORATION
**************************************

[FRP] solve 352 of phase 20, thetak=5.230e-04, Delta=5.000e-04

**************************************
Iteration 440:
thetak = 0.0005229911585901605
objk = 3.017520807305863
trustRadius = 0.0005
sampleRadius = 0.0005
stepNorm = 0.09729538053300502
chi = 0.27361435369037085
Iteration time (s) = 0.7798788547515869
RESTORATION
**************************************

[FRP] solve 353 of phase 20, thetak=5.230e-04, Delta=5.000e-04

**************************************
Iteration 441:
thetak = 0.0005229911585901605
objk = 3.017520807305863
trustRadius = 0.0005
sampleRadius = 0.0005
stepNorm = 0.09729538053300502
chi = 0.27361435369037085
Iteration time (s) = 0.7586574554443359
RESTORATION
**************************************

[FRP] solve 354 of phase 20, thetak=5.230e-04, Delta=5.000e-04

**************************************
Iteration 442:
thetak = 0.0005229911585901605
objk = 3.017520807305863
trustRadius = 0.0005
sampleRadius = 0.0005
stepNorm = 0.09729538053300502
chi = 0.27361435369037085
Iteration time (s) = 0.7560606002807617
RESTORATION
**************************************

[FRP] solve 355 of phase 20, thetak=5.230e-04, Delta=5.000e-04

**************************************
Iteration 443:
thetak = 0.0005229911585901605
objk = 3.017520807305863
trustRadius = 0.0005
sampleRadius = 0.0005
stepNorm = 0.09729538053300502
chi = 0.27361435369037085
Iteration time (s) = 0.6822514533996582
RESTORATION
**************************************

[FRP] solve 356 of phase 20, thetak=5.230e-04, Delta=5.000e-04

**************************************
Iteration 444:
thetak = 0.0005229911585901605
objk = 3.017520807305863
trustRadius = 0.0005
sampleRadius = 0.0005
stepNorm = 0.09729538053300502
chi = 0.27361435369037085
Iteration time (s) = 0.7705888748168945
RESTORATION
**************************************

[FRP] solve 357 of phase 20, thetak=5.230e-04, Delta=5.000e-04

**************************************
Iteration 445:
thetak = 0.0005229911585901605
objk = 3.017520807305863
trustRadius = 0.0005
sampleRadius = 0.0005
stepNorm = 0.09729538053300502
chi = 0.27361435369037085
Iteration time (s) = 0.6516404151916504
RESTORATION
**************************************

[FRP] solve 358 of phase 20, thetak=5.230e-04, Delta=5.000e-04

**************************************
Iteration 446:
thetak = 0.0005229911585901605
objk = 3.017520807305863
trustRadius = 0.0005
sampleRadius = 0.0005
stepNorm = 0.09729538053300502
chi = 0.27361435369037085
Iteration time (s) = 0.6506216526031494
RESTORATION
**************************************

[FRP] solve 359 of phase 20, thetak=5.230e-04, Delta=5.000e-04

**************************************
Iteration 447:
thetak = 0.0005229911585901605
objk = 3.017520807305863
trustRadius = 0.0005
sampleRadius = 0.0005
stepNorm = 0.09729538053300502
chi = 0.27361435369037085
Iteration time (s) = 0.7807364463806152
RESTORATION
**************************************

[FRP] solve 360 of phase 20, thetak=5.230e-04, Delta=5.000e-04

**************************************
Iteration 448:
thetak = 0.0005229911585901605
objk = 3.017520807305863
trustRadius = 0.0005
sampleRadius = 0.0005
stepNorm = 0.09729538053300502
chi = 0.27361435369037085
Iteration time (s) = 0.7772154808044434
RESTORATION
**************************************

[FRP] solve 361 of phase 20, thetak=5.230e-04, Delta=5.000e-04

**************************************
Iteration 449:
thetak = 0.0005229911585901605
objk = 3.017520807305863
trustRadius = 0.0005
sampleRadius = 0.0005
stepNorm = 0.09729538053300502
chi = 0.27361435369037085
Iteration time (s) = 0.747750997543335
RESTORATION
**************************************

[FRP] solve 362 of phase 20, thetak=5.230e-04, Delta=5.000e-04

**************************************
Iteration 450:
thetak = 0.0005229911585901605
objk = 3.017520807305863
trustRadius = 0.0005
sampleRadius = 0.0005
stepNorm = 0.09729538053300502
chi = 0.27361435369037085
Iteration time (s) = 0.7586159706115723
RESTORATION
**************************************

[FRP] solve 363 of phase 20, thetak=5.230e-04, Delta=5.000e-04

**************************************
Iteration 451:
thetak = 0.0005229911585901605
objk = 3.017520807305863
trustRadius = 0.0005
sampleRadius = 0.0005
stepNorm = 0.09729538053300502
chi = 0.27361435369037085
Iteration time (s) = 0.8794276714324951
RESTORATION
**************************************

[FRP] solve 364 of phase 20, thetak=5.230e-04, Delta=5.000e-04

**************************************
Iteration 452:
thetak = 0.0005229911585901605
objk = 3.017520807305863
trustRadius = 0.0005
sampleRadius = 0.0005
stepNorm = 0.09729538053300502
chi = 0.27361435369037085
Iteration time (s) = 0.657386064529419
RESTORATION
**************************************

[FRP] solve 365 of phase 20, thetak=5.230e-04, Delta=5.000e-04

**************************************
Iteration 453:
thetak = 0.0005229911585901605
objk = 3.017520807305863
trustRadius = 0.0005
sampleRadius = 0.0005
stepNorm = 0.09729538053300502
chi = 0.27361435369037085
Iteration time (s) = 0.664592981338501
RESTORATION
**************************************

[FRP] solve 366 of phase 20, thetak=5.230e-04, Delta=5.000e-04

**************************************
Iteration 454:
thetak = 0.0005229911585901605
objk = 3.017520807305863
trustRadius = 0.0005
sampleRadius = 0.0005
stepNorm = 0.09729538053300502
chi = 0.27361435369037085
Iteration time (s) = 0.7554233074188232
RESTORATION
**************************************

[FRP] solve 367 of phase 20, thetak=5.230e-04, Delta=5.000e-04

**************************************
Iteration 455:
thetak = 0.0005229911585901605
objk = 3.017520807305863
trustRadius = 0.0005
sampleRadius = 0.0005
stepNorm = 0.09729538053300502
chi = 0.27361435369037085
Iteration time (s) = 0.6691129207611084
RESTORATION
**************************************

[FRP] solve 368 of phase 20, thetak=5.230e-04, Delta=5.000e-04

**************************************
Iteration 456:
thetak = 0.0005229911585901605
objk = 3.017520807305863
trustRadius = 0.0005
sampleRadius = 0.0005
stepNorm = 0.09729538053300502
chi = 0.27361435369037085
Iteration time (s) = 0.7452685832977295
RESTORATION
**************************************

[FRP] solve 369 of phase 20, thetak=5.230e-04, Delta=5.000e-04

**************************************
Iteration 457:
thetak = 0.0005229911585901605
objk = 3.017520807305863
trustRadius = 0.0005
sampleRadius = 0.0005
stepNorm = 0.09729538053300502
chi = 0.27361435369037085
Iteration time (s) = 0.6385445594787598
RESTORATION
**************************************

[FRP] solve 370 of phase 20, thetak=5.230e-04, Delta=5.000e-04

**************************************
Iteration 458:
thetak = 0.0005229911585901605
objk = 3.017520807305863
trustRadius = 0.0005
sampleRadius = 0.0005
stepNorm = 0.09729538053300502
chi = 0.27361435369037085
Iteration time (s) = 0.767061710357666
RESTORATION
**************************************

[FRP] solve 371 of phase 20, thetak=5.230e-04, Delta=5.000e-04

**************************************
Iteration 459:
thetak = 0.0005229911585901605
objk = 3.017520807305863
trustRadius = 0.0005
sampleRadius = 0.0005
stepNorm = 0.09729538053300502
chi = 0.27361435369037085
Iteration time (s) = 0.7821676731109619
RESTORATION
**************************************

[FRP] solve 372 of phase 20, thetak=5.230e-04, Delta=5.000e-04

**************************************
Iteration 460:
thetak = 0.0005229911585901605
objk = 3.017520807305863
trustRadius = 0.0005
sampleRadius = 0.0005
stepNorm = 0.09729538053300502
chi = 0.27361435369037085
Iteration time (s) = 0.672048807144165
RESTORATION
**************************************

[FRP] solve 373 of phase 20, thetak=5.230e-04, Delta=5.000e-04

**************************************
Iteration 461:
thetak = 0.0005229911585901605
objk = 3.017520807305863
trustRadius = 0.0005
sampleRadius = 0.0005
stepNorm = 0.09729538053300502
chi = 0.27361435369037085
Iteration time (s) = 0.6377880573272705
RESTORATION
**************************************

[FRP] solve 374 of phase 20, thetak=5.230e-04, Delta=5.000e-04

**************************************
Iteration 462:
thetak = 0.0005229911585901605
objk = 3.017520807305863
trustRadius = 0.0005
sampleRadius = 0.0005
stepNorm = 0.09729538053300502
chi = 0.27361435369037085
Iteration time (s) = 0.676814079284668
RESTORATION
**************************************

[FRP] solve 375 of phase 20, thetak=5.230e-04, Delta=5.000e-04

**************************************
Iteration 463:
thetak = 0.0005229911585901605
objk = 3.017520807305863
trustRadius = 0.0005
sampleRadius = 0.0005
stepNorm = 0.09729538053300502
chi = 0.27361435369037085
Iteration time (s) = 0.675137996673584
RESTORATION
**************************************

[FRP] solve 376 of phase 20, thetak=5.230e-04, Delta=5.000e-04

**************************************
Iteration 464:
thetak = 0.0005229911585901605
objk = 3.017520807305863
trustRadius = 0.0005
sampleRadius = 0.0005
stepNorm = 0.09729538053300502
chi = 0.27361435369037085
Iteration time (s) = 0.7634427547454834
RESTORATION
**************************************

[FRP] solve 377 of phase 20, thetak=5.230e-04, Delta=5.000e-04

**************************************
Iteration 465:
thetak = 0.0005229911585901605
objk = 3.017520807305863
trustRadius = 0.0005
sampleRadius = 0.0005
stepNorm = 0.09729538053300502
chi = 0.27361435369037085
Iteration time (s) = 0.6602826118469238
RESTORATION
**************************************

[FRP] solve 378 of phase 20, thetak=5.230e-04, Delta=5.000e-04

**************************************
Iteration 466:
thetak = 0.0005229911585901605
objk = 3.017520807305863
trustRadius = 0.0005
sampleRadius = 0.0005
stepNorm = 0.09729538053300502
chi = 0.27361435369037085
Iteration time (s) = 0.663536787033081
RESTORATION
**************************************

[FRP] solve 379 of phase 20, thetak=5.230e-04, Delta=5.000e-04

**************************************
Iteration 467:
thetak = 0.0005229911585901605
objk = 3.017520807305863
trustRadius = 0.0005
sampleRadius = 0.0005
stepNorm = 0.09729538053300502
chi = 0.27361435369037085
Iteration time (s) = 0.7880630493164062
RESTORATION
**************************************

[FRP] solve 380 of phase 20, thetak=5.230e-04, Delta=5.000e-04

**************************************
Iteration 468:
thetak = 0.0005229911585901605
objk = 3.017520807305863
trustRadius = 0.0005
sampleRadius = 0.0005
stepNorm = 0.09729538053300502
chi = 0.27361435369037085
Iteration time (s) = 0.5634002685546875
RESTORATION
**************************************

[FRP] solve 381 of phase 20, thetak=5.230e-04, Delta=5.000e-04

**************************************
Iteration 469:
thetak = 0.0005229911585901605
objk = 3.017520807305863
trustRadius = 0.0005
sampleRadius = 0.0005
stepNorm = 0.09729538053300502
chi = 0.27361435369037085
Iteration time (s) = 0.5618603229522705
RESTORATION
**************************************

[FRP] solve 382 of phase 20, thetak=5.230e-04, Delta=5.000e-04

**************************************
Iteration 470:
thetak = 0.0005229911585901605
objk = 3.017520807305863
trustRadius = 0.0005
sampleRadius = 0.0005
stepNorm = 0.09729538053300502
chi = 0.27361435369037085
Iteration time (s) = 0.8761041164398193
RESTORATION
**************************************

[FRP] solve 383 of phase 20, thetak=5.230e-04, Delta=5.000e-04

**************************************
Iteration 471:
thetak = 0.0005229911585901605
objk = 3.017520807305863
trustRadius = 0.0005
sampleRadius = 0.0005
stepNorm = 0.09729538053300502
chi = 0.27361435369037085
Iteration time (s) = 1.4965128898620605
RESTORATION
**************************************

[FRP] solve 384 of phase 20, thetak=5.230e-04, Delta=5.000e-04

**************************************
Iteration 472:
thetak = 0.0005229911585901605
objk = 3.017520807305863
trustRadius = 0.0005
sampleRadius = 0.0005
stepNorm = 0.09729538053300502
chi = 0.27361435369037085
Iteration time (s) = 0.8893659114837646
RESTORATION
**************************************

[FRP] solve 385 of phase 20, thetak=5.230e-04, Delta=5.000e-04

**************************************
Iteration 473:
thetak = 0.0005229911585901605
objk = 3.017520807305863
trustRadius = 0.0005
sampleRadius = 0.0005
stepNorm = 0.09729538053300502
chi = 0.27361435369037085
Iteration time (s) = 0.8980488777160645
RESTORATION
**************************************

[FRP] solve 386 of phase 20, thetak=5.230e-04, Delta=5.000e-04

**************************************
Iteration 474:
thetak = 0.0005229911585901605
objk = 3.017520807305863
trustRadius = 0.0005
sampleRadius = 0.0005
stepNorm = 0.09729538053300502
chi = 0.27361435369037085
Iteration time (s) = 0.7627227306365967
RESTORATION
**************************************

[FRP] solve 387 of phase 20, thetak=5.230e-04, Delta=5.000e-04

**************************************
Iteration 475:
thetak = 0.0005229911585901605
objk = 3.017520807305863
trustRadius = 0.0005
sampleRadius = 0.0005
stepNorm = 0.09729538053300502
chi = 0.27361435369037085
Iteration time (s) = 0.6760604381561279
RESTORATION
**************************************

[FRP] solve 388 of phase 20, thetak=5.230e-04, Delta=5.000e-04

**************************************
Iteration 476:
thetak = 0.0005229911585901605
objk = 3.017520807305863
trustRadius = 0.0005
sampleRadius = 0.0005
stepNorm = 0.09729538053300502
chi = 0.27361435369037085
Iteration time (s) = 0.7510416507720947
RESTORATION
**************************************

[FRP] solve 389 of phase 20, thetak=5.230e-04, Delta=5.000e-04

**************************************
Iteration 477:
thetak = 0.0005229911585901605
objk = 3.017520807305863
trustRadius = 0.0005
sampleRadius = 0.0005
stepNorm = 0.09729538053300502
chi = 0.27361435369037085
Iteration time (s) = 0.76395583152771
RESTORATION
**************************************

[FRP] solve 390 of phase 20, thetak=5.230e-04, Delta=5.000e-04

**************************************
Iteration 478:
thetak = 0.0005229911585901605
objk = 3.017520807305863
trustRadius = 0.0005
sampleRadius = 0.0005
stepNorm = 0.09729538053300502
chi = 0.27361435369037085
Iteration time (s) = 0.7675213813781738
RESTORATION
**************************************

[FRP] solve 391 of phase 20, thetak=5.230e-04, Delta=5.000e-04

**************************************
Iteration 479:
thetak = 0.0005229911585901605
objk = 3.017520807305863
trustRadius = 0.0005
sampleRadius = 0.0005
stepNorm = 0.09729538053300502
chi = 0.27361435369037085
Iteration time (s) = 0.7722957134246826
RESTORATION
**************************************

[FRP] solve 392 of phase 20, thetak=5.230e-04, Delta=5.000e-04

**************************************
Iteration 480:
thetak = 0.0005229911585901605
objk = 3.017520807305863
trustRadius = 0.0005
sampleRadius = 0.0005
stepNorm = 0.09729538053300502
chi = 0.27361435369037085
Iteration time (s) = 0.7664620876312256
RESTORATION
**************************************

[FRP] solve 393 of phase 20, thetak=5.230e-04, Delta=5.000e-04

**************************************
Iteration 481:
thetak = 0.0005229911585901605
objk = 3.017520807305863
trustRadius = 0.0005
sampleRadius = 0.0005
stepNorm = 0.09729538053300502
chi = 0.27361435369037085
Iteration time (s) = 0.7659978866577148
RESTORATION
**************************************

[FRP] solve 394 of phase 20, thetak=5.230e-04, Delta=5.000e-04

**************************************
Iteration 482:
thetak = 0.0005229911585901605
objk = 3.017520807305863
trustRadius = 0.0005
sampleRadius = 0.0005
stepNorm = 0.09729538053300502
chi = 0.27361435369037085
Iteration time (s) = 0.7656686305999756
RESTORATION
**************************************

[FRP] solve 395 of phase 20, thetak=5.230e-04, Delta=5.000e-04

**************************************
Iteration 483:
thetak = 0.0005229911585901605
objk = 3.017520807305863
trustRadius = 0.0005
sampleRadius = 0.0005
stepNorm = 0.09729538053300502
chi = 0.27361435369037085
Iteration time (s) = 0.8114640712738037
RESTORATION
**************************************

[FRP] solve 396 of phase 20, thetak=5.230e-04, Delta=5.000e-04

**************************************
Iteration 484:
thetak = 0.0005229911585901605
objk = 3.017520807305863
trustRadius = 0.0005
sampleRadius = 0.0005
stepNorm = 0.09729538053300502
chi = 0.27361435369037085
Iteration time (s) = 0.898033618927002
RESTORATION
**************************************

[FRP] solve 397 of phase 20, thetak=5.230e-04, Delta=5.000e-04

**************************************
Iteration 485:
thetak = 0.0005229911585901605
objk = 3.017520807305863
trustRadius = 0.0005
sampleRadius = 0.0005
stepNorm = 0.09729538053300502
chi = 0.27361435369037085
Iteration time (s) = 0.7831943035125732
RESTORATION
**************************************

[FRP] solve 398 of phase 20, thetak=5.230e-04, Delta=5.000e-04

**************************************
Iteration 486:
thetak = 0.0005229911585901605
objk = 3.017520807305863
trustRadius = 0.0005
sampleRadius = 0.0005
stepNorm = 0.09729538053300502
chi = 0.27361435369037085
Iteration time (s) = 0.7916786670684814
RESTORATION
**************************************

[FRP] solve 399 of phase 20, thetak=5.230e-04, Delta=5.000e-04

**************************************
Iteration 487:
thetak = 0.0005229911585901605
objk = 3.017520807305863
trustRadius = 0.0005
sampleRadius = 0.0005
stepNorm = 0.09729538053300502
chi = 0.27361435369037085
Iteration time (s) = 0.6717121601104736
RESTORATION
**************************************

[FRP] solve 400 of phase 20, thetak=5.230e-04, Delta=5.000e-04

**************************************
Iteration 488:
thetak = 0.0005229911585901605
objk = 3.017520807305863
trustRadius = 0.0005
sampleRadius = 0.0005
stepNorm = 0.09729538053300502
chi = 0.27361435369037085
Iteration time (s) = 0.7828752994537354
RESTORATION
**************************************

[FRP] solve 401 of phase 20, thetak=5.230e-04, Delta=5.000e-04

**************************************
Iteration 489:
thetak = 0.0005229911585901605
objk = 3.017520807305863
trustRadius = 0.0005
sampleRadius = 0.0005
stepNorm = 0.09729538053300502
chi = 0.27361435369037085
Iteration time (s) = 0.7610039710998535
RESTORATION
**************************************

[FRP] solve 402 of phase 20, thetak=5.230e-04, Delta=5.000e-04

**************************************
Iteration 490:
thetak = 0.0005229911585901605
objk = 3.017520807305863
trustRadius = 0.0005
sampleRadius = 0.0005
stepNorm = 0.09729538053300502
chi = 0.27361435369037085
Iteration time (s) = 0.661963939666748
RESTORATION
**************************************

[FRP] solve 403 of phase 20, thetak=5.230e-04, Delta=5.000e-04

**************************************
Iteration 491:
thetak = 0.0005229911585901605
objk = 3.017520807305863
trustRadius = 0.0005
sampleRadius = 0.0005
stepNorm = 0.09729538053300502
chi = 0.27361435369037085
Iteration time (s) = 0.7658970355987549
RESTORATION
**************************************

[FRP] solve 404 of phase 20, thetak=5.230e-04, Delta=5.000e-04

**************************************
Iteration 492:
thetak = 0.0005229911585901605
objk = 3.017520807305863
trustRadius = 0.0005
sampleRadius = 0.0005
stepNorm = 0.09729538053300502
chi = 0.27361435369037085
Iteration time (s) = 0.6764228343963623
RESTORATION
**************************************

[FRP] solve 405 of phase 20, thetak=5.230e-04, Delta=5.000e-04

**************************************
Iteration 493:
thetak = 0.0005229911585901605
objk = 3.017520807305863
trustRadius = 0.0005
sampleRadius = 0.0005
stepNorm = 0.09729538053300502
chi = 0.27361435369037085
Iteration time (s) = 0.7578530311584473
RESTORATION
**************************************

[FRP] solve 406 of phase 20, thetak=5.230e-04, Delta=5.000e-04

**************************************
Iteration 494:
thetak = 0.0005229911585901605
objk = 3.017520807305863
trustRadius = 0.0005
sampleRadius = 0.0005
stepNorm = 0.09729538053300502
chi = 0.27361435369037085
Iteration time (s) = 0.882927417755127
RESTORATION
**************************************

[FRP] solve 407 of phase 20, thetak=5.230e-04, Delta=5.000e-04

**************************************
Iteration 495:
thetak = 0.0005229911585901605
objk = 3.017520807305863
trustRadius = 0.0005
sampleRadius = 0.0005
stepNorm = 0.09729538053300502
chi = 0.27361435369037085
Iteration time (s) = 0.7846388816833496
RESTORATION
**************************************

[FRP] solve 408 of phase 20, thetak=5.230e-04, Delta=5.000e-04

**************************************
Iteration 496:
thetak = 0.0005229911585901605
objk = 3.017520807305863
trustRadius = 0.0005
sampleRadius = 0.0005
stepNorm = 0.09729538053300502
chi = 0.27361435369037085
Iteration time (s) = 0.767791748046875
RESTORATION
**************************************

[FRP] solve 409 of phase 20, thetak=5.230e-04, Delta=5.000e-04

**************************************
Iteration 497:
thetak = 0.0005229911585901605
objk = 3.017520807305863
trustRadius = 0.0005
sampleRadius = 0.0005
stepNorm = 0.09729538053300502
chi = 0.27361435369037085
Iteration time (s) = 0.7598476409912109
RESTORATION
**************************************

[FRP] solve 410 of phase 20, thetak=5.230e-04, Delta=5.000e-04

**************************************
Iteration 498:
thetak = 0.0005229911585901605
objk = 3.017520807305863
trustRadius = 0.0005
sampleRadius = 0.0005
stepNorm = 0.09729538053300502
chi = 0.27361435369037085
Iteration time (s) = 0.6622397899627686
RESTORATION
**************************************

[FRP] solve 411 of phase 20, thetak=5.230e-04, Delta=5.000e-04

**************************************
Iteration 499:
thetak = 0.0005229911585901605
objk = 3.017520807305863
trustRadius = 0.0005
sampleRadius = 0.0005
stepNorm = 0.09729538053300502
chi = 0.27361435369037085
Iteration time (s) = 0.7577791213989258
RESTORATION
**************************************

[FRP] solve 412 of phase 20, thetak=5.230e-04, Delta=5.000e-04

**************************************
Iteration 500:
thetak = 0.0005229911585901605
objk = 3.017520807305863
trustRadius = 0.0005
sampleRadius = 0.0005
stepNorm = 0.09729538053300502
chi = 0.27361435369037085
Iteration time (s) = 0.7830729484558105
RESTORATION
**************************************

[FRP] solve 413 of phase 20, thetak=5.230e-04, Delta=5.000e-04

**************************************
Iteration 501:
thetak = 0.0005229911585901605
objk = 3.017520807305863
trustRadius = 0.0005
sampleRadius = 0.0005
stepNorm = 0.09729538053300502
chi = 0.27361435369037085
Iteration time (s) = 0.7602324485778809
RESTORATION
**************************************

[FRP] solve 414 of phase 20, thetak=5.230e-04, Delta=5.000e-04

**************************************
Iteration 502:
thetak = 0.0005229911585901605
objk = 3.017520807305863
trustRadius = 0.0005
sampleRadius = 0.0005
stepNorm = 0.09729538053300502
chi = 0.27361435369037085
Iteration time (s) = 0.7820239067077637
RESTORATION
**************************************

[FRP] solve 415 of phase 20, thetak=5.230e-04, Delta=5.000e-04

**************************************
Iteration 503:
thetak = 0.0005229911585901605
objk = 3.017520807305863
trustRadius = 0.0005
sampleRadius = 0.0005
stepNorm = 0.09729538053300502
chi = 0.27361435369037085
Iteration time (s) = 0.8984670639038086
RESTORATION
**************************************

[FRP] solve 416 of phase 20, thetak=5.230e-04, Delta=5.000e-04

**************************************
Iteration 504:
thetak = 0.0005229911585901605
objk = 3.017520807305863
trustRadius = 0.0005
sampleRadius = 0.0005
stepNorm = 0.09729538053300502
chi = 0.27361435369037085
Iteration time (s) = 0.7398221492767334
RESTORATION
**************************************

[FRP] solve 417 of phase 20, thetak=5.230e-04, Delta=5.000e-04

**************************************
Iteration 505:
thetak = 0.0005229911585901605
objk = 3.017520807305863
trustRadius = 0.0005
sampleRadius = 0.0005
stepNorm = 0.09729538053300502
chi = 0.27361435369037085
Iteration time (s) = 0.6577150821685791
RESTORATION
**************************************

[FRP] solve 418 of phase 20, thetak=5.230e-04, Delta=5.000e-04

**************************************
Iteration 506:
thetak = 0.0005229911585901605
objk = 3.017520807305863
trustRadius = 0.0005
sampleRadius = 0.0005
stepNorm = 0.09729538053300502
chi = 0.27361435369037085
Iteration time (s) = 0.662545919418335
RESTORATION
**************************************

[FRP] solve 419 of phase 20, thetak=5.230e-04, Delta=5.000e-04

**************************************
Iteration 507:
thetak = 0.0005229911585901605
objk = 3.017520807305863
trustRadius = 0.0005
sampleRadius = 0.0005
stepNorm = 0.09729538053300502
chi = 0.27361435369037085
Iteration time (s) = 0.772960901260376
RESTORATION
**************************************

[FRP] solve 420 of phase 20, thetak=5.230e-04, Delta=5.000e-04

**************************************
Iteration 508:
thetak = 0.0005229911585901605
objk = 3.017520807305863
trustRadius = 0.0005
sampleRadius = 0.0005
stepNorm = 0.09729538053300502
chi = 0.27361435369037085
Iteration time (s) = 0.6653823852539062
RESTORATION
**************************************

[FRP] solve 421 of phase 20, thetak=5.230e-04, Delta=5.000e-04

**************************************
Iteration 509:
thetak = 0.0005229911585901605
objk = 3.017520807305863
trustRadius = 0.0005
sampleRadius = 0.0005
stepNorm = 0.09729538053300502
chi = 0.27361435369037085
Iteration time (s) = 0.7757906913757324
RESTORATION
**************************************

[FRP] solve 422 of phase 20, thetak=5.230e-04, Delta=5.000e-04

**************************************
Iteration 510:
thetak = 0.0005229911585901605
objk = 3.017520807305863
trustRadius = 0.0005
sampleRadius = 0.0005
stepNorm = 0.09729538053300502
chi = 0.27361435369037085
Iteration time (s) = 0.8885931968688965
RESTORATION
**************************************

[FRP] solve 423 of phase 20, thetak=5.230e-04, Delta=5.000e-04

**************************************
Iteration 511:
thetak = 0.0005229911585901605
objk = 3.017520807305863
trustRadius = 0.0005
sampleRadius = 0.0005
stepNorm = 0.09729538053300502
chi = 0.27361435369037085
Iteration time (s) = 0.7624533176422119
RESTORATION
**************************************

[FRP] solve 424 of phase 20, thetak=5.230e-04, Delta=5.000e-04

**************************************
Iteration 512:
thetak = 0.0005229911585901605
objk = 3.017520807305863
trustRadius = 0.0005
sampleRadius = 0.0005
stepNorm = 0.09729538053300502
chi = 0.27361435369037085
Iteration time (s) = 0.8786413669586182
RESTORATION
**************************************

[FRP] solve 425 of phase 20, thetak=5.230e-04, Delta=5.000e-04

**************************************
Iteration 513:
thetak = 0.0005229911585901605
objk = 3.017520807305863
trustRadius = 0.0005
sampleRadius = 0.0005
stepNorm = 0.09729538053300502
chi = 0.27361435369037085
Iteration time (s) = 0.756101131439209
RESTORATION
**************************************

[FRP] solve 426 of phase 20, thetak=5.230e-04, Delta=5.000e-04

**************************************
Iteration 514:
thetak = 0.0005229911585901605
objk = 3.017520807305863
trustRadius = 0.0005
sampleRadius = 0.0005
stepNorm = 0.09729538053300502
chi = 0.27361435369037085
Iteration time (s) = 0.798551082611084
RESTORATION
**************************************

[FRP] solve 427 of phase 20, thetak=5.230e-04, Delta=5.000e-04

**************************************
Iteration 515:
thetak = 0.0005229911585901605
objk = 3.017520807305863
trustRadius = 0.0005
sampleRadius = 0.0005
stepNorm = 0.09729538053300502
chi = 0.27361435369037085
Iteration time (s) = 0.8660612106323242
RESTORATION
**************************************

[FRP] solve 428 of phase 20, thetak=5.230e-04, Delta=5.000e-04

**************************************
Iteration 516:
thetak = 0.0005229911585901605
objk = 3.017520807305863
trustRadius = 0.0005
sampleRadius = 0.0005
stepNorm = 0.09729538053300502
chi = 0.27361435369037085
Iteration time (s) = 0.7347726821899414
RESTORATION
**************************************

[FRP] solve 429 of phase 20, thetak=5.230e-04, Delta=5.000e-04

**************************************
Iteration 517:
thetak = 0.0005229911585901605
objk = 3.017520807305863
trustRadius = 0.0005
sampleRadius = 0.0005
stepNorm = 0.09729538053300502
chi = 0.27361435369037085
Iteration time (s) = 0.7932968139648438
RESTORATION
**************************************

[FRP] solve 430 of phase 20, thetak=5.230e-04, Delta=5.000e-04

**************************************
Iteration 518:
thetak = 0.0005229911585901605
objk = 3.017520807305863
trustRadius = 0.0005
sampleRadius = 0.0005
stepNorm = 0.09729538053300502
chi = 0.27361435369037085
Iteration time (s) = 0.8769550323486328
RESTORATION
**************************************

[FRP] solve 431 of phase 20, thetak=5.230e-04, Delta=5.000e-04

**************************************
Iteration 519:
thetak = 0.0005229911585901605
objk = 3.017520807305863
trustRadius = 0.0005
sampleRadius = 0.0005
stepNorm = 0.09729538053300502
chi = 0.27361435369037085
Iteration time (s) = 0.7803084850311279
RESTORATION
**************************************

[FRP] solve 432 of phase 20, thetak=5.230e-04, Delta=5.000e-04

**************************************
Iteration 520:
thetak = 0.0005229911585901605
objk = 3.017520807305863
trustRadius = 0.0005
sampleRadius = 0.0005
stepNorm = 0.09729538053300502
chi = 0.27361435369037085
Iteration time (s) = 0.7742395401000977
RESTORATION
**************************************

[FRP] solve 433 of phase 20, thetak=5.230e-04, Delta=5.000e-04

**************************************
Iteration 521:
thetak = 0.0005229911585901605
objk = 3.017520807305863
trustRadius = 0.0005
sampleRadius = 0.0005
stepNorm = 0.09729538053300502
chi = 0.27361435369037085
Iteration time (s) = 0.7571899890899658
RESTORATION
**************************************

[FRP] solve 434 of phase 20, thetak=5.230e-04, Delta=5.000e-04

**************************************
Iteration 522:
thetak = 0.0005229911585901605
objk = 3.017520807305863
trustRadius = 0.0005
sampleRadius = 0.0005
stepNorm = 0.09729538053300502
chi = 0.27361435369037085
Iteration time (s) = 0.8898680210113525
RESTORATION
**************************************

[FRP] solve 435 of phase 20, thetak=5.230e-04, Delta=5.000e-04

**************************************
Iteration 523:
thetak = 0.0005229911585901605
objk = 3.017520807305863
trustRadius = 0.0005
sampleRadius = 0.0005
stepNorm = 0.09729538053300502
chi = 0.27361435369037085
Iteration time (s) = 0.7613976001739502
RESTORATION
**************************************

[FRP] solve 436 of phase 20, thetak=5.230e-04, Delta=5.000e-04

**************************************
Iteration 524:
thetak = 0.0005229911585901605
objk = 3.017520807305863
trustRadius = 0.0005
sampleRadius = 0.0005
stepNorm = 0.09729538053300502
chi = 0.27361435369037085
Iteration time (s) = 0.791895866394043
RESTORATION
**************************************

[FRP] solve 437 of phase 20, thetak=5.230e-04, Delta=5.000e-04

**************************************
Iteration 525:
thetak = 0.0005229911585901605
objk = 3.017520807305863
trustRadius = 0.0005
sampleRadius = 0.0005
stepNorm = 0.09729538053300502
chi = 0.27361435369037085
Iteration time (s) = 0.7680404186248779
RESTORATION
**************************************

[FRP] solve 438 of phase 20, thetak=5.230e-04, Delta=5.000e-04

**************************************
Iteration 526:
thetak = 0.0005229911585901605
objk = 3.017520807305863
trustRadius = 0.0005
sampleRadius = 0.0005
stepNorm = 0.09729538053300502
chi = 0.27361435369037085
Iteration time (s) = 0.6529746055603027
RESTORATION
**************************************

[FRP] solve 439 of phase 20, thetak=5.230e-04, Delta=5.000e-04

**************************************
Iteration 527:
thetak = 0.0005229911585901605
objk = 3.017520807305863
trustRadius = 0.0005
sampleRadius = 0.0005
stepNorm = 0.09729538053300502
chi = 0.27361435369037085
Iteration time (s) = 0.7834365367889404
RESTORATION
**************************************

[FRP] solve 440 of phase 20, thetak=5.230e-04, Delta=5.000e-04

**************************************
Iteration 528:
thetak = 0.0005229911585901605
objk = 3.017520807305863
trustRadius = 0.0005
sampleRadius = 0.0005
stepNorm = 0.09729538053300502
chi = 0.27361435369037085
Iteration time (s) = 0.780555009841919
RESTORATION
**************************************

[FRP] solve 441 of phase 20, thetak=5.230e-04, Delta=5.000e-04

**************************************
Iteration 529:
thetak = 0.0005229911585901605
objk = 3.017520807305863
trustRadius = 0.0005
sampleRadius = 0.0005
stepNorm = 0.09729538053300502
chi = 0.27361435369037085
Iteration time (s) = 0.7786567211151123
RESTORATION
**************************************

[FRP] solve 442 of phase 20, thetak=5.230e-04, Delta=5.000e-04

**************************************
Iteration 530:
thetak = 0.0005229911585901605
objk = 3.017520807305863
trustRadius = 0.0005
sampleRadius = 0.0005
stepNorm = 0.09729538053300502
chi = 0.27361435369037085
Iteration time (s) = 0.6577596664428711
RESTORATION
**************************************

[FRP] solve 443 of phase 20, thetak=5.230e-04, Delta=5.000e-04

**************************************
Iteration 531:
thetak = 0.0005229911585901605
objk = 3.017520807305863
trustRadius = 0.0005
sampleRadius = 0.0005
stepNorm = 0.09729538053300502
chi = 0.27361435369037085
Iteration time (s) = 0.6638970375061035
RESTORATION
**************************************

[FRP] solve 444 of phase 20, thetak=5.230e-04, Delta=5.000e-04

**************************************
Iteration 532:
thetak = 0.0005229911585901605
objk = 3.017520807305863
trustRadius = 0.0005
sampleRadius = 0.0005
stepNorm = 0.09729538053300502
chi = 0.27361435369037085
Iteration time (s) = 0.7823340892791748
RESTORATION
**************************************

[FRP] solve 445 of phase 20, thetak=5.230e-04, Delta=5.000e-04

**************************************
Iteration 533:
thetak = 0.0005229911585901605
objk = 3.017520807305863
trustRadius = 0.0005
sampleRadius = 0.0005
stepNorm = 0.09729538053300502
chi = 0.27361435369037085
Iteration time (s) = 0.7640347480773926
RESTORATION
**************************************

[FRP] solve 446 of phase 20, thetak=5.230e-04, Delta=5.000e-04

**************************************
Iteration 534:
thetak = 0.0005229911585901605
objk = 3.017520807305863
trustRadius = 0.0005
sampleRadius = 0.0005
stepNorm = 0.09729538053300502
chi = 0.27361435369037085
Iteration time (s) = 0.6518187522888184
RESTORATION
**************************************

[FRP] solve 447 of phase 20, thetak=5.230e-04, Delta=5.000e-04

**************************************
Iteration 535:
thetak = 0.0005229911585901605
objk = 3.017520807305863
trustRadius = 0.0005
sampleRadius = 0.0005
stepNorm = 0.09729538053300502
chi = 0.27361435369037085
Iteration time (s) = 0.7999527454376221
RESTORATION
**************************************

[FRP] solve 448 of phase 20, thetak=5.230e-04, Delta=5.000e-04

**************************************
Iteration 536:
thetak = 0.0005229911585901605
objk = 3.017520807305863
trustRadius = 0.0005
sampleRadius = 0.0005
stepNorm = 0.09729538053300502
chi = 0.27361435369037085
Iteration time (s) = 0.8747825622558594
RESTORATION
**************************************

[FRP] solve 449 of phase 20, thetak=5.230e-04, Delta=5.000e-04

**************************************
Iteration 537:
thetak = 0.0005229911585901605
objk = 3.017520807305863
trustRadius = 0.0005
sampleRadius = 0.0005
stepNorm = 0.09729538053300502
chi = 0.27361435369037085
Iteration time (s) = 0.7565615177154541
RESTORATION
**************************************

[FRP] solve 450 of phase 20, thetak=5.230e-04, Delta=5.000e-04

**************************************
Iteration 538:
thetak = 0.0005229911585901605
objk = 3.017520807305863
trustRadius = 0.0005
sampleRadius = 0.0005
stepNorm = 0.09729538053300502
chi = 0.27361435369037085
Iteration time (s) = 0.7802300453186035
RESTORATION
**************************************

[FRP] solve 451 of phase 20, thetak=5.230e-04, Delta=5.000e-04

**************************************
Iteration 539:
thetak = 0.0005229911585901605
objk = 3.017520807305863
trustRadius = 0.0005
sampleRadius = 0.0005
stepNorm = 0.09729538053300502
chi = 0.27361435369037085
Iteration time (s) = 0.6849503517150879
RESTORATION
**************************************

[FRP] solve 452 of phase 20, thetak=5.230e-04, Delta=5.000e-04

**************************************
Iteration 540:
thetak = 0.0005229911585901605
objk = 3.017520807305863
trustRadius = 0.0005
sampleRadius = 0.0005
stepNorm = 0.09729538053300502
chi = 0.27361435369037085
Iteration time (s) = 0.7869842052459717
RESTORATION
**************************************

[FRP] solve 453 of phase 20, thetak=5.230e-04, Delta=5.000e-04

**************************************
Iteration 541:
thetak = 0.0005229911585901605
objk = 3.017520807305863
trustRadius = 0.0005
sampleRadius = 0.0005
stepNorm = 0.09729538053300502
chi = 0.27361435369037085
Iteration time (s) = 0.8881113529205322
RESTORATION
**************************************

[FRP] solve 454 of phase 20, thetak=5.230e-04, Delta=5.000e-04

**************************************
Iteration 542:
thetak = 0.0005229911585901605
objk = 3.017520807305863
trustRadius = 0.0005
sampleRadius = 0.0005
stepNorm = 0.09729538053300502
chi = 0.27361435369037085
Iteration time (s) = 0.7699980735778809
RESTORATION
**************************************

[FRP] solve 455 of phase 20, thetak=5.230e-04, Delta=5.000e-04

**************************************
Iteration 543:
thetak = 0.0005229911585901605
objk = 3.017520807305863
trustRadius = 0.0005
sampleRadius = 0.0005
stepNorm = 0.09729538053300502
chi = 0.27361435369037085
Iteration time (s) = 0.8796181678771973
RESTORATION
**************************************

[FRP] solve 456 of phase 20, thetak=5.230e-04, Delta=5.000e-04

**************************************
Iteration 544:
thetak = 0.0005229911585901605
objk = 3.017520807305863
trustRadius = 0.0005
sampleRadius = 0.0005
stepNorm = 0.09729538053300502
chi = 0.27361435369037085
Iteration time (s) = 0.783083438873291
RESTORATION
**************************************

[FRP] solve 457 of phase 20, thetak=5.230e-04, Delta=5.000e-04

**************************************
Iteration 545:
thetak = 0.0005229911585901605
objk = 3.017520807305863
trustRadius = 0.0005
sampleRadius = 0.0005
stepNorm = 0.09729538053300502
chi = 0.27361435369037085
Iteration time (s) = 0.7467920780181885
RESTORATION
**************************************

[FRP] solve 458 of phase 20, thetak=5.230e-04, Delta=5.000e-04

**************************************
Iteration 546:
thetak = 0.0005229911585901605
objk = 3.017520807305863
trustRadius = 0.0005
sampleRadius = 0.0005
stepNorm = 0.09729538053300502
chi = 0.27361435369037085
Iteration time (s) = 0.676450252532959
RESTORATION
**************************************

[FRP] solve 459 of phase 20, thetak=5.230e-04, Delta=5.000e-04

**************************************
Iteration 547:
thetak = 0.0005229911585901605
objk = 3.017520807305863
trustRadius = 0.0005
sampleRadius = 0.0005
stepNorm = 0.09729538053300502
chi = 0.27361435369037085
Iteration time (s) = 0.7733535766601562
RESTORATION
**************************************

[FRP] solve 460 of phase 20, thetak=5.230e-04, Delta=5.000e-04

**************************************
Iteration 548:
thetak = 0.0005229911585901605
objk = 3.017520807305863
trustRadius = 0.0005
sampleRadius = 0.0005
stepNorm = 0.09729538053300502
chi = 0.27361435369037085
Iteration time (s) = 0.768019437789917
RESTORATION
**************************************

[FRP] solve 461 of phase 20, thetak=5.230e-04, Delta=5.000e-04

**************************************
Iteration 549:
thetak = 0.0005229911585901605
objk = 3.017520807305863
trustRadius = 0.0005
sampleRadius = 0.0005
stepNorm = 0.09729538053300502
chi = 0.27361435369037085
Iteration time (s) = 0.7725615501403809
RESTORATION
**************************************

[FRP] solve 462 of phase 20, thetak=5.230e-04, Delta=5.000e-04

**************************************
Iteration 550:
thetak = 0.0005229911585901605
objk = 3.017520807305863
trustRadius = 0.0005
sampleRadius = 0.0005
stepNorm = 0.09729538053300502
chi = 0.27361435369037085
Iteration time (s) = 0.7746555805206299
RESTORATION
**************************************

[FRP] solve 463 of phase 20, thetak=5.230e-04, Delta=5.000e-04

**************************************
Iteration 551:
thetak = 0.0005229911585901605
objk = 3.017520807305863
trustRadius = 0.0005
sampleRadius = 0.0005
stepNorm = 0.09729538053300502
chi = 0.27361435369037085
Iteration time (s) = 0.77142333984375
RESTORATION
**************************************

[FRP] solve 464 of phase 20, thetak=5.230e-04, Delta=5.000e-04

**************************************
Iteration 552:
thetak = 0.0005229911585901605
objk = 3.017520807305863
trustRadius = 0.0005
sampleRadius = 0.0005
stepNorm = 0.09729538053300502
chi = 0.27361435369037085
Iteration time (s) = 0.7739579677581787
RESTORATION
**************************************

[FRP] solve 465 of phase 20, thetak=5.230e-04, Delta=5.000e-04

**************************************
Iteration 553:
thetak = 0.0005229911585901605
objk = 3.017520807305863
trustRadius = 0.0005
sampleRadius = 0.0005
stepNorm = 0.09729538053300502
chi = 0.27361435369037085
Iteration time (s) = 0.7704174518585205
RESTORATION
**************************************

[FRP] solve 466 of phase 20, thetak=5.230e-04, Delta=5.000e-04

**************************************
Iteration 554:
thetak = 0.0005229911585901605
objk = 3.017520807305863
trustRadius = 0.0005
sampleRadius = 0.0005
stepNorm = 0.09729538053300502
chi = 0.27361435369037085
Iteration time (s) = 0.7835452556610107
RESTORATION
**************************************

[FRP] solve 467 of phase 20, thetak=5.230e-04, Delta=5.000e-04

**************************************
Iteration 555:
thetak = 0.0005229911585901605
objk = 3.017520807305863
trustRadius = 0.0005
sampleRadius = 0.0005
stepNorm = 0.09729538053300502
chi = 0.27361435369037085
Iteration time (s) = 0.7749016284942627
RESTORATION
**************************************

[FRP] solve 468 of phase 20, thetak=5.230e-04, Delta=5.000e-04

**************************************
Iteration 556:
thetak = 0.0005229911585901605
objk = 3.017520807305863
trustRadius = 0.0005
sampleRadius = 0.0005
stepNorm = 0.09729538053300502
chi = 0.27361435369037085
Iteration time (s) = 0.7640564441680908
RESTORATION
**************************************

[FRP] solve 469 of phase 20, thetak=5.230e-04, Delta=5.000e-04

**************************************
Iteration 557:
thetak = 0.0005229911585901605
objk = 3.017520807305863
trustRadius = 0.0005
sampleRadius = 0.0005
stepNorm = 0.09729538053300502
chi = 0.27361435369037085
Iteration time (s) = 0.7701525688171387
RESTORATION
**************************************

[FRP] solve 470 of phase 20, thetak=5.230e-04, Delta=5.000e-04

**************************************
Iteration 558:
thetak = 0.0005229911585901605
objk = 3.017520807305863
trustRadius = 0.0005
sampleRadius = 0.0005
stepNorm = 0.09729538053300502
chi = 0.27361435369037085
Iteration time (s) = 0.8827266693115234
RESTORATION
**************************************

[FRP] solve 471 of phase 20, thetak=5.230e-04, Delta=5.000e-04

**************************************
Iteration 559:
thetak = 0.0005229911585901605
objk = 3.017520807305863
trustRadius = 0.0005
sampleRadius = 0.0005
stepNorm = 0.09729538053300502
chi = 0.27361435369037085
Iteration time (s) = 0.7677390575408936
RESTORATION
**************************************

[FRP] solve 472 of phase 20, thetak=5.230e-04, Delta=5.000e-04

**************************************
Iteration 560:
thetak = 0.0005229911585901605
objk = 3.017520807305863
trustRadius = 0.0005
sampleRadius = 0.0005
stepNorm = 0.09729538053300502
chi = 0.27361435369037085
Iteration time (s) = 0.6713824272155762
RESTORATION
**************************************

[FRP] solve 473 of phase 20, thetak=5.230e-04, Delta=5.000e-04

**************************************
Iteration 561:
thetak = 0.0005229911585901605
objk = 3.017520807305863
trustRadius = 0.0005
sampleRadius = 0.0005
stepNorm = 0.09729538053300502
chi = 0.27361435369037085
Iteration time (s) = 0.7914621829986572
RESTORATION
**************************************

[FRP] solve 474 of phase 20, thetak=5.230e-04, Delta=5.000e-04

**************************************
Iteration 562:
thetak = 0.0005229911585901605
objk = 3.017520807305863
trustRadius = 0.0005
sampleRadius = 0.0005
stepNorm = 0.09729538053300502
chi = 0.27361435369037085
Iteration time (s) = 0.752859354019165
RESTORATION
**************************************

[FRP] solve 475 of phase 20, thetak=5.230e-04, Delta=5.000e-04

**************************************
Iteration 563:
thetak = 0.0005229911585901605
objk = 3.017520807305863
trustRadius = 0.0005
sampleRadius = 0.0005
stepNorm = 0.09729538053300502
chi = 0.27361435369037085
Iteration time (s) = 0.7707498073577881
RESTORATION
**************************************

[FRP] solve 476 of phase 20, thetak=5.230e-04, Delta=5.000e-04

**************************************
Iteration 564:
thetak = 0.0005229911585901605
objk = 3.017520807305863
trustRadius = 0.0005
sampleRadius = 0.0005
stepNorm = 0.09729538053300502
chi = 0.27361435369037085
Iteration time (s) = 0.7855608463287354
RESTORATION
**************************************

[FRP] solve 477 of phase 20, thetak=5.230e-04, Delta=5.000e-04

**************************************
Iteration 565:
thetak = 0.0005229911585901605
objk = 3.017520807305863
trustRadius = 0.0005
sampleRadius = 0.0005
stepNorm = 0.09729538053300502
chi = 0.27361435369037085
Iteration time (s) = 0.9134047031402588
RESTORATION
**************************************

[FRP] solve 478 of phase 20, thetak=5.230e-04, Delta=5.000e-04

**************************************
Iteration 566:
thetak = 0.0005229911585901605
objk = 3.017520807305863
trustRadius = 0.0005
sampleRadius = 0.0005
stepNorm = 0.09729538053300502
chi = 0.27361435369037085
Iteration time (s) = 0.7582623958587646
RESTORATION
**************************************

[FRP] solve 479 of phase 20, thetak=5.230e-04, Delta=5.000e-04

**************************************
Iteration 567:
thetak = 0.0005229911585901605
objk = 3.017520807305863
trustRadius = 0.0005
sampleRadius = 0.0005
stepNorm = 0.09729538053300502
chi = 0.27361435369037085
Iteration time (s) = 0.7832226753234863
RESTORATION
**************************************

[FRP] solve 480 of phase 20, thetak=5.230e-04, Delta=5.000e-04

**************************************
Iteration 568:
thetak = 0.0005229911585901605
objk = 3.017520807305863
trustRadius = 0.0005
sampleRadius = 0.0005
stepNorm = 0.09729538053300502
chi = 0.27361435369037085
Iteration time (s) = 0.7789807319641113
RESTORATION
**************************************

[FRP] solve 481 of phase 20, thetak=5.230e-04, Delta=5.000e-04

**************************************
Iteration 569:
thetak = 0.0005229911585901605
objk = 3.017520807305863
trustRadius = 0.0005
sampleRadius = 0.0005
stepNorm = 0.09729538053300502
chi = 0.27361435369037085
Iteration time (s) = 0.8856637477874756
RESTORATION
**************************************

[FRP] solve 482 of phase 20, thetak=5.230e-04, Delta=5.000e-04

**************************************
Iteration 570:
thetak = 0.0005229911585901605
objk = 3.017520807305863
trustRadius = 0.0005
sampleRadius = 0.0005
stepNorm = 0.09729538053300502
chi = 0.27361435369037085
Iteration time (s) = 0.7673420906066895
RESTORATION
**************************************

[FRP] solve 483 of phase 20, thetak=5.230e-04, Delta=5.000e-04

**************************************
Iteration 571:
thetak = 0.0005229911585901605
objk = 3.017520807305863
trustRadius = 0.0005
sampleRadius = 0.0005
stepNorm = 0.09729538053300502
chi = 0.27361435369037085
Iteration time (s) = 0.8714687824249268
RESTORATION
**************************************

[FRP] solve 484 of phase 20, thetak=5.230e-04, Delta=5.000e-04

**************************************
Iteration 572:
thetak = 0.0005229911585901605
objk = 3.017520807305863
trustRadius = 0.0005
sampleRadius = 0.0005
stepNorm = 0.09729538053300502
chi = 0.27361435369037085
Iteration time (s) = 0.7701611518859863
RESTORATION
**************************************

[FRP] solve 485 of phase 20, thetak=5.230e-04, Delta=5.000e-04

**************************************
Iteration 573:
thetak = 0.0005229911585901605
objk = 3.017520807305863
trustRadius = 0.0005
sampleRadius = 0.0005
stepNorm = 0.09729538053300502
chi = 0.27361435369037085
Iteration time (s) = 0.6486911773681641
RESTORATION
**************************************

[FRP] solve 486 of phase 20, thetak=5.230e-04, Delta=5.000e-04

**************************************
Iteration 574:
thetak = 0.0005229911585901605
objk = 3.017520807305863
trustRadius = 0.0005
sampleRadius = 0.0005
stepNorm = 0.09729538053300502
chi = 0.27361435369037085
Iteration time (s) = 0.6633400917053223
RESTORATION
**************************************

[FRP] solve 487 of phase 20, thetak=5.230e-04, Delta=5.000e-04

**************************************
Iteration 575:
thetak = 0.0005229911585901605
objk = 3.017520807305863
trustRadius = 0.0005
sampleRadius = 0.0005
stepNorm = 0.09729538053300502
chi = 0.27361435369037085
Iteration time (s) = 0.8875041007995605
RESTORATION
**************************************

[FRP] solve 488 of phase 20, thetak=5.230e-04, Delta=5.000e-04

**************************************
Iteration 576:
thetak = 0.0005229911585901605
objk = 3.017520807305863
trustRadius = 0.0005
sampleRadius = 0.0005
stepNorm = 0.09729538053300502
chi = 0.27361435369037085
Iteration time (s) = 0.7742550373077393
RESTORATION
**************************************

[FRP] solve 489 of phase 20, thetak=5.230e-04, Delta=5.000e-04

**************************************
Iteration 577:
thetak = 0.0005229911585901605
objk = 3.017520807305863
trustRadius = 0.0005
sampleRadius = 0.0005
stepNorm = 0.09729538053300502
chi = 0.27361435369037085
Iteration time (s) = 0.8654205799102783
RESTORATION
**************************************

[FRP] solve 490 of phase 20, thetak=5.230e-04, Delta=5.000e-04

**************************************
Iteration 578:
thetak = 0.0005229911585901605
objk = 3.017520807305863
trustRadius = 0.0005
sampleRadius = 0.0005
stepNorm = 0.09729538053300502
chi = 0.27361435369037085
Iteration time (s) = 0.7658507823944092
RESTORATION
**************************************

[FRP] solve 491 of phase 20, thetak=5.230e-04, Delta=5.000e-04

**************************************
Iteration 579:
thetak = 0.0005229911585901605
objk = 3.017520807305863
trustRadius = 0.0005
sampleRadius = 0.0005
stepNorm = 0.09729538053300502
chi = 0.27361435369037085
Iteration time (s) = 0.680138349533081
RESTORATION
**************************************

[FRP] solve 492 of phase 20, thetak=5.230e-04, Delta=5.000e-04

**************************************
Iteration 580:
thetak = 0.0005229911585901605
objk = 3.017520807305863
trustRadius = 0.0005
sampleRadius = 0.0005
stepNorm = 0.09729538053300502
chi = 0.27361435369037085
Iteration time (s) = 0.7634010314941406
RESTORATION
**************************************

[FRP] solve 493 of phase 20, thetak=5.230e-04, Delta=5.000e-04

**************************************
Iteration 581:
thetak = 0.0005229911585901605
objk = 3.017520807305863
trustRadius = 0.0005
sampleRadius = 0.0005
stepNorm = 0.09729538053300502
chi = 0.27361435369037085
Iteration time (s) = 0.6664955615997314
RESTORATION
**************************************

[FRP] solve 494 of phase 20, thetak=5.230e-04, Delta=5.000e-04

**************************************
Iteration 582:
thetak = 0.0005229911585901605
objk = 3.017520807305863
trustRadius = 0.0005
sampleRadius = 0.0005
stepNorm = 0.09729538053300502
chi = 0.27361435369037085
Iteration time (s) = 0.755774736404419
RESTORATION
**************************************

[FRP] solve 495 of phase 20, thetak=5.230e-04, Delta=5.000e-04

**************************************
Iteration 583:
thetak = 0.0005229911585901605
objk = 3.017520807305863
trustRadius = 0.0005
sampleRadius = 0.0005
stepNorm = 0.09729538053300502
chi = 0.27361435369037085
Iteration time (s) = 0.7747621536254883
RESTORATION
**************************************

[FRP] solve 496 of phase 20, thetak=5.230e-04, Delta=5.000e-04

**************************************
Iteration 584:
thetak = 0.0005229911585901605
objk = 3.017520807305863
trustRadius = 0.0005
sampleRadius = 0.0005
stepNorm = 0.09729538053300502
chi = 0.27361435369037085
Iteration time (s) = 0.7709248065948486
RESTORATION
**************************************

[FRP] solve 497 of phase 20, thetak=5.230e-04, Delta=5.000e-04

**************************************
Iteration 585:
thetak = 0.0005229911585901605
objk = 3.017520807305863
trustRadius = 0.0005
sampleRadius = 0.0005
stepNorm = 0.09729538053300502
chi = 0.27361435369037085
Iteration time (s) = 0.7728068828582764
RESTORATION
**************************************

[FRP] solve 498 of phase 20, thetak=5.230e-04, Delta=5.000e-04

**************************************
Iteration 586:
thetak = 0.0005229911585901605
objk = 3.017520807305863
trustRadius = 0.0005
sampleRadius = 0.0005
stepNorm = 0.09729538053300502
chi = 0.27361435369037085
Iteration time (s) = 0.8330590724945068
RESTORATION
**************************************

[FRP] solve 499 of phase 20, thetak=5.230e-04, Delta=5.000e-04

**************************************
Iteration 587:
thetak = 0.0005229911585901605
objk = 3.017520807305863
trustRadius = 0.0005
sampleRadius = 0.0005
stepNorm = 0.09729538053300502
chi = 0.27361435369037085
Iteration time (s) = 0.7759473323822021
RESTORATION
**************************************

[FRP] solve 500 of phase 20, thetak=5.230e-04, Delta=5.000e-04

**************************************
Iteration 588:
thetak = 0.0005229911585901605
objk = 3.017520807305863
trustRadius = 0.0005
sampleRadius = 0.0005
stepNorm = 0.09729538053300502
chi = 0.27361435369037085
Iteration time (s) = 0.7774221897125244
RESTORATION
**************************************

[FRP] solve 501 of phase 20, thetak=5.230e-04, Delta=5.000e-04

**************************************
Iteration 589:
thetak = 0.0005229911585901605
objk = 3.017520807305863
trustRadius = 0.0005
sampleRadius = 0.0005
stepNorm = 0.09729538053300502
chi = 0.27361435369037085
Iteration time (s) = 0.7658615112304688
RESTORATION
**************************************

[FRP] solve 502 of phase 20, thetak=5.230e-04, Delta=5.000e-04

**************************************
Iteration 590:
thetak = 0.0005229911585901605
objk = 3.017520807305863
trustRadius = 0.0005
sampleRadius = 0.0005
stepNorm = 0.09729538053300502
chi = 0.27361435369037085
Iteration time (s) = 0.7706291675567627
RESTORATION
**************************************

[FRP] solve 503 of phase 20, thetak=5.230e-04, Delta=5.000e-04

**************************************
Iteration 591:
thetak = 0.0005229911585901605
objk = 3.017520807305863
trustRadius = 0.0005
sampleRadius = 0.0005
stepNorm = 0.09729538053300502
chi = 0.27361435369037085
Iteration time (s) = 0.75705885887146
RESTORATION
**************************************

[FRP] solve 504 of phase 20, thetak=5.230e-04, Delta=5.000e-04

**************************************
Iteration 592:
thetak = 0.0005229911585901605
objk = 3.017520807305863
trustRadius = 0.0005
sampleRadius = 0.0005
stepNorm = 0.09729538053300502
chi = 0.27361435369037085
Iteration time (s) = 0.7814338207244873
RESTORATION
**************************************

[FRP] solve 505 of phase 20, thetak=5.230e-04, Delta=5.000e-04

**************************************
Iteration 593:
thetak = 0.0005229911585901605
objk = 3.017520807305863
trustRadius = 0.0005
sampleRadius = 0.0005
stepNorm = 0.09729538053300502
chi = 0.27361435369037085
Iteration time (s) = 0.7624142169952393
RESTORATION
**************************************

[FRP] solve 506 of phase 20, thetak=5.230e-04, Delta=5.000e-04

**************************************
Iteration 594:
thetak = 0.0005229911585901605
objk = 3.017520807305863
trustRadius = 0.0005
sampleRadius = 0.0005
stepNorm = 0.09729538053300502
chi = 0.27361435369037085
Iteration time (s) = 0.8847396373748779
RESTORATION
**************************************

[FRP] solve 507 of phase 20, thetak=5.230e-04, Delta=5.000e-04

**************************************
Iteration 595:
thetak = 0.0005229911585901605
objk = 3.017520807305863
trustRadius = 0.0005
sampleRadius = 0.0005
stepNorm = 0.09729538053300502
chi = 0.27361435369037085
Iteration time (s) = 0.7431795597076416
RESTORATION
**************************************

[FRP] solve 508 of phase 20, thetak=5.230e-04, Delta=5.000e-04

**************************************
Iteration 596:
thetak = 0.0005229911585901605
objk = 3.017520807305863
trustRadius = 0.0005
sampleRadius = 0.0005
stepNorm = 0.09729538053300502
chi = 0.27361435369037085
Iteration time (s) = 0.678581953048706
RESTORATION
**************************************

[FRP] solve 509 of phase 20, thetak=5.230e-04, Delta=5.000e-04

**************************************
Iteration 597:
thetak = 0.0005229911585901605
objk = 3.017520807305863
trustRadius = 0.0005
sampleRadius = 0.0005
stepNorm = 0.09729538053300502
chi = 0.27361435369037085
Iteration time (s) = 0.7949337959289551
RESTORATION
**************************************

[FRP] solve 510 of phase 20, thetak=5.230e-04, Delta=5.000e-04

**************************************
Iteration 598:
thetak = 0.0005229911585901605
objk = 3.017520807305863
trustRadius = 0.0005
sampleRadius = 0.0005
stepNorm = 0.09729538053300502
chi = 0.27361435369037085
Iteration time (s) = 0.7661337852478027
RESTORATION
**************************************

[FRP] solve 511 of phase 20, thetak=5.230e-04, Delta=5.000e-04

**************************************
Iteration 599:
thetak = 0.0005229911585901605
objk = 3.017520807305863
trustRadius = 0.0005
sampleRadius = 0.0005
stepNorm = 0.09729538053300502
chi = 0.27361435369037085
Iteration time (s) = 0.7620377540588379
RESTORATION
**************************************

[FRP] solve 512 of phase 20, thetak=5.230e-04, Delta=5.000e-04

**************************************
Iteration 600:
thetak = 0.0005229911585901605
objk = 3.017520807305863
trustRadius = 0.0005
sampleRadius = 0.0005
stepNorm = 0.09729538053300502
chi = 0.27361435369037085
Iteration time (s) = 0.6572055816650391
RESTORATION
**************************************

[FRP] solve 513 of phase 20, thetak=5.230e-04, Delta=5.000e-04

**************************************
Iteration 601:
thetak = 0.0005229911585901605
objk = 3.017520807305863
trustRadius = 0.0005
sampleRadius = 0.0005
stepNorm = 0.09729538053300502
chi = 0.27361435369037085
Iteration time (s) = 0.6615045070648193
RESTORATION
**************************************

[FRP] solve 514 of phase 20, thetak=5.230e-04, Delta=5.000e-04

**************************************
Iteration 602:
thetak = 0.0005229911585901605
objk = 3.017520807305863
trustRadius = 0.0005
sampleRadius = 0.0005
stepNorm = 0.09729538053300502
chi = 0.27361435369037085
Iteration time (s) = 0.8944416046142578
RESTORATION
**************************************

[FRP] solve 515 of phase 20, thetak=5.230e-04, Delta=5.000e-04

**************************************
Iteration 603:
thetak = 0.0005229911585901605
objk = 3.017520807305863
trustRadius = 0.0005
sampleRadius = 0.0005
stepNorm = 0.09729538053300502
chi = 0.27361435369037085
Iteration time (s) = 0.7916252613067627
RESTORATION
**************************************

[FRP] solve 516 of phase 20, thetak=5.230e-04, Delta=5.000e-04

**************************************
Iteration 604:
thetak = 0.0005229911585901605
objk = 3.017520807305863
trustRadius = 0.0005
sampleRadius = 0.0005
stepNorm = 0.09729538053300502
chi = 0.27361435369037085
Iteration time (s) = 0.7721924781799316
RESTORATION
**************************************

[FRP] solve 517 of phase 20, thetak=5.230e-04, Delta=5.000e-04

**************************************
Iteration 605:
thetak = 0.0005229911585901605
objk = 3.017520807305863
trustRadius = 0.0005
sampleRadius = 0.0005
stepNorm = 0.09729538053300502
chi = 0.27361435369037085
Iteration time (s) = 0.7802214622497559
RESTORATION
**************************************

[FRP] solve 518 of phase 20, thetak=5.230e-04, Delta=5.000e-04

**************************************
Iteration 606:
thetak = 0.0005229911585901605
objk = 3.017520807305863
trustRadius = 0.0005
sampleRadius = 0.0005
stepNorm = 0.09729538053300502
chi = 0.27361435369037085
Iteration time (s) = 0.7880406379699707
RESTORATION
**************************************

[FRP] solve 519 of phase 20, thetak=5.230e-04, Delta=5.000e-04

**************************************
Iteration 607:
thetak = 0.0005229911585901605
objk = 3.017520807305863
trustRadius = 0.0005
sampleRadius = 0.0005
stepNorm = 0.09729538053300502
chi = 0.27361435369037085
Iteration time (s) = 0.7690834999084473
RESTORATION
**************************************

[FRP] solve 520 of phase 20, thetak=5.230e-04, Delta=5.000e-04

**************************************
Iteration 608:
thetak = 0.0005229911585901605
objk = 3.017520807305863
trustRadius = 0.0005
sampleRadius = 0.0005
stepNorm = 0.09729538053300502
chi = 0.27361435369037085
Iteration time (s) = 0.7714018821716309
RESTORATION
**************************************

[FRP] solve 521 of phase 20, thetak=5.230e-04, Delta=5.000e-04

**************************************
Iteration 609:
thetak = 0.0005229911585901605
objk = 3.017520807305863
trustRadius = 0.0005
sampleRadius = 0.0005
stepNorm = 0.09729538053300502
chi = 0.27361435369037085
Iteration time (s) = 0.7655725479125977
RESTORATION
**************************************

[FRP] solve 522 of phase 20, thetak=5.230e-04, Delta=5.000e-04

**************************************
Iteration 610:
thetak = 0.0005229911585901605
objk = 3.017520807305863
trustRadius = 0.0005
sampleRadius = 0.0005
stepNorm = 0.09729538053300502
chi = 0.27361435369037085
Iteration time (s) = 0.7760405540466309
RESTORATION
**************************************

[FRP] solve 523 of phase 20, thetak=5.230e-04, Delta=5.000e-04

**************************************
Iteration 611:
thetak = 0.0005229911585901605
objk = 3.017520807305863
trustRadius = 0.0005
sampleRadius = 0.0005
stepNorm = 0.09729538053300502
chi = 0.27361435369037085
Iteration time (s) = 0.7680883407592773
RESTORATION
**************************************

[FRP] solve 524 of phase 20, thetak=5.230e-04, Delta=5.000e-04

**************************************
Iteration 612:
thetak = 0.0005229911585901605
objk = 3.017520807305863
trustRadius = 0.0005
sampleRadius = 0.0005
stepNorm = 0.09729538053300502
chi = 0.27361435369037085
Iteration time (s) = 0.7630283832550049
RESTORATION
**************************************

[FRP] solve 525 of phase 20, thetak=5.230e-04, Delta=5.000e-04

**************************************
Iteration 613:
thetak = 0.0005229911585901605
objk = 3.017520807305863
trustRadius = 0.0005
sampleRadius = 0.0005
stepNorm = 0.09729538053300502
chi = 0.27361435369037085
Iteration time (s) = 0.7836053371429443
RESTORATION
**************************************

[FRP] solve 526 of phase 20, thetak=5.230e-04, Delta=5.000e-04

**************************************
Iteration 614:
thetak = 0.0005229911585901605
objk = 3.017520807305863
trustRadius = 0.0005
sampleRadius = 0.0005
stepNorm = 0.09729538053300502
chi = 0.27361435369037085
Iteration time (s) = 0.7774825096130371
RESTORATION
**************************************

[FRP] solve 527 of phase 20, thetak=5.230e-04, Delta=5.000e-04

**************************************
Iteration 615:
thetak = 0.0005229911585901605
objk = 3.017520807305863
trustRadius = 0.0005
sampleRadius = 0.0005
stepNorm = 0.09729538053300502
chi = 0.27361435369037085
Iteration time (s) = 0.7670841217041016
RESTORATION
**************************************

[FRP] solve 528 of phase 20, thetak=5.230e-04, Delta=5.000e-04

**************************************
Iteration 616:
thetak = 0.0005229911585901605
objk = 3.017520807305863
trustRadius = 0.0005
sampleRadius = 0.0005
stepNorm = 0.09729538053300502
chi = 0.27361435369037085
Iteration time (s) = 0.7660322189331055
RESTORATION
**************************************

[FRP] solve 529 of phase 20, thetak=5.230e-04, Delta=5.000e-04

**************************************
Iteration 617:
thetak = 0.0005229911585901605
objk = 3.017520807305863
trustRadius = 0.0005
sampleRadius = 0.0005
stepNorm = 0.09729538053300502
chi = 0.27361435369037085
Iteration time (s) = 0.786705732345581
RESTORATION
**************************************

[FRP] solve 530 of phase 20, thetak=5.230e-04, Delta=5.000e-04

**************************************
Iteration 618:
thetak = 0.0005229911585901605
objk = 3.017520807305863
trustRadius = 0.0005
sampleRadius = 0.0005
stepNorm = 0.09729538053300502
chi = 0.27361435369037085
Iteration time (s) = 0.7670674324035645
RESTORATION
**************************************

[FRP] solve 531 of phase 20, thetak=5.230e-04, Delta=5.000e-04

**************************************
Iteration 619:
thetak = 0.0005229911585901605
objk = 3.017520807305863
trustRadius = 0.0005
sampleRadius = 0.0005
stepNorm = 0.09729538053300502
chi = 0.27361435369037085
Iteration time (s) = 0.8053085803985596
RESTORATION
**************************************

[FRP] solve 532 of phase 20, thetak=5.230e-04, Delta=5.000e-04

**************************************
Iteration 620:
thetak = 0.0005229911585901605
objk = 3.017520807305863
trustRadius = 0.0005
sampleRadius = 0.0005
stepNorm = 0.09729538053300502
chi = 0.27361435369037085
Iteration time (s) = 0.6735870838165283
RESTORATION
**************************************

[FRP] solve 533 of phase 20, thetak=5.230e-04, Delta=5.000e-04

**************************************
Iteration 621:
thetak = 0.0005229911585901605
objk = 3.017520807305863
trustRadius = 0.0005
sampleRadius = 0.0005
stepNorm = 0.09729538053300502
chi = 0.27361435369037085
Iteration time (s) = 0.6629302501678467
RESTORATION
**************************************

[FRP] solve 534 of phase 20, thetak=5.230e-04, Delta=5.000e-04

**************************************
Iteration 622:
thetak = 0.0005229911585901605
objk = 3.017520807305863
trustRadius = 0.0005
sampleRadius = 0.0005
stepNorm = 0.09729538053300502
chi = 0.27361435369037085
Iteration time (s) = 0.7968776226043701
RESTORATION
**************************************

[FRP] solve 535 of phase 20, thetak=5.230e-04, Delta=5.000e-04

**************************************
Iteration 623:
thetak = 0.0005229911585901605
objk = 3.017520807305863
trustRadius = 0.0005
sampleRadius = 0.0005
stepNorm = 0.09729538053300502
chi = 0.27361435369037085
Iteration time (s) = 0.7868812084197998
RESTORATION
**************************************

[FRP] solve 536 of phase 20, thetak=5.230e-04, Delta=5.000e-04

**************************************
Iteration 624:
thetak = 0.0005229911585901605
objk = 3.017520807305863
trustRadius = 0.0005
sampleRadius = 0.0005
stepNorm = 0.09729538053300502
chi = 0.27361435369037085
Iteration time (s) = 0.6554391384124756
RESTORATION
**************************************

[FRP] solve 537 of phase 20, thetak=5.230e-04, Delta=5.000e-04

**************************************
Iteration 625:
thetak = 0.0005229911585901605
objk = 3.017520807305863
trustRadius = 0.0005
sampleRadius = 0.0005
stepNorm = 0.09729538053300502
chi = 0.27361435369037085
Iteration time (s) = 0.9003345966339111
RESTORATION
**************************************

[FRP] solve 538 of phase 20, thetak=5.230e-04, Delta=5.000e-04

**************************************
Iteration 626:
thetak = 0.0005229911585901605
objk = 3.017520807305863
trustRadius = 0.0005
sampleRadius = 0.0005
stepNorm = 0.09729538053300502
chi = 0.27361435369037085
Iteration time (s) = 1.2668545246124268
RESTORATION
**************************************

[FRP] solve 539 of phase 20, thetak=5.230e-04, Delta=5.000e-04

**************************************
Iteration 627:
thetak = 0.0005229911585901605
objk = 3.017520807305863
trustRadius = 0.0005
sampleRadius = 0.0005
stepNorm = 0.09729538053300502
chi = 0.27361435369037085
Iteration time (s) = 0.950465202331543
RESTORATION
**************************************

[FRP] solve 540 of phase 20, thetak=5.230e-04, Delta=5.000e-04

**************************************
Iteration 628:
thetak = 0.0005229911585901605
objk = 3.017520807305863
trustRadius = 0.0005
sampleRadius = 0.0005
stepNorm = 0.09729538053300502
chi = 0.27361435369037085
Iteration time (s) = 0.8627126216888428
RESTORATION
**************************************

[FRP] solve 541 of phase 20, thetak=5.230e-04, Delta=5.000e-04

**************************************
Iteration 629:
thetak = 0.0005229911585901605
objk = 3.017520807305863
trustRadius = 0.0005
sampleRadius = 0.0005
stepNorm = 0.09729538053300502
chi = 0.27361435369037085
Iteration time (s) = 0.7873623371124268
RESTORATION
**************************************

[FRP] solve 542 of phase 20, thetak=5.230e-04, Delta=5.000e-04

**************************************
Iteration 630:
thetak = 0.0005229911585901605
objk = 3.017520807305863
trustRadius = 0.0005
sampleRadius = 0.0005
stepNorm = 0.09729538053300502
chi = 0.27361435369037085
Iteration time (s) = 0.7880926132202148
RESTORATION
**************************************

[FRP] solve 543 of phase 20, thetak=5.230e-04, Delta=5.000e-04

**************************************
Iteration 631:
thetak = 0.0005229911585901605
objk = 3.017520807305863
trustRadius = 0.0005
sampleRadius = 0.0005
stepNorm = 0.09729538053300502
chi = 0.27361435369037085
Iteration time (s) = 0.7697508335113525
RESTORATION
**************************************

[FRP] solve 544 of phase 20, thetak=5.230e-04, Delta=5.000e-04

**************************************
Iteration 632:
thetak = 0.0005229911585901605
objk = 3.017520807305863
trustRadius = 0.0005
sampleRadius = 0.0005
stepNorm = 0.09729538053300502
chi = 0.27361435369037085
Iteration time (s) = 0.7764909267425537
RESTORATION
**************************************

[FRP] solve 545 of phase 20, thetak=5.230e-04, Delta=5.000e-04

**************************************
Iteration 633:
thetak = 0.0005229911585901605
objk = 3.017520807305863
trustRadius = 0.0005
sampleRadius = 0.0005
stepNorm = 0.09729538053300502
chi = 0.27361435369037085
Iteration time (s) = 0.7754166126251221
RESTORATION
**************************************

[FRP] solve 546 of phase 20, thetak=5.230e-04, Delta=5.000e-04

**************************************
Iteration 634:
thetak = 0.0005229911585901605
objk = 3.017520807305863
trustRadius = 0.0005
sampleRadius = 0.0005
stepNorm = 0.09729538053300502
chi = 0.27361435369037085
Iteration time (s) = 0.7655060291290283
RESTORATION
**************************************

[FRP] solve 547 of phase 20, thetak=5.230e-04, Delta=5.000e-04

**************************************
Iteration 635:
thetak = 0.0005229911585901605
objk = 3.017520807305863
trustRadius = 0.0005
sampleRadius = 0.0005
stepNorm = 0.09729538053300502
chi = 0.27361435369037085
Iteration time (s) = 0.7567296028137207
RESTORATION
**************************************

[FRP] solve 548 of phase 20, thetak=5.230e-04, Delta=5.000e-04

**************************************
Iteration 636:
thetak = 0.0005229911585901605
objk = 3.017520807305863
trustRadius = 0.0005
sampleRadius = 0.0005
stepNorm = 0.09729538053300502
chi = 0.27361435369037085
Iteration time (s) = 0.6631462574005127
RESTORATION
**************************************

[FRP] solve 549 of phase 20, thetak=5.230e-04, Delta=5.000e-04

**************************************
Iteration 637:
thetak = 0.0005229911585901605
objk = 3.017520807305863
trustRadius = 0.0005
sampleRadius = 0.0005
stepNorm = 0.09729538053300502
chi = 0.27361435369037085
Iteration time (s) = 0.7713384628295898
RESTORATION
**************************************

[FRP] solve 550 of phase 20, thetak=5.230e-04, Delta=5.000e-04

**************************************
Iteration 638:
thetak = 0.0005229911585901605
objk = 3.017520807305863
trustRadius = 0.0005
sampleRadius = 0.0005
stepNorm = 0.09729538053300502
chi = 0.27361435369037085
Iteration time (s) = 0.6669886112213135
RESTORATION
**************************************

[FRP] solve 551 of phase 20, thetak=5.230e-04, Delta=5.000e-04

**************************************
Iteration 639:
thetak = 0.0005229911585901605
objk = 3.017520807305863
trustRadius = 0.0005
sampleRadius = 0.0005
stepNorm = 0.09729538053300502
chi = 0.27361435369037085
Iteration time (s) = 0.8716099262237549
RESTORATION
**************************************

[FRP] solve 552 of phase 20, thetak=5.230e-04, Delta=5.000e-04

**************************************
Iteration 640:
thetak = 0.0005229911585901605
objk = 3.017520807305863
trustRadius = 0.0005
sampleRadius = 0.0005
stepNorm = 0.09729538053300502
chi = 0.27361435369037085
Iteration time (s) = 0.8064026832580566
RESTORATION
**************************************

[FRP] solve 553 of phase 20, thetak=5.230e-04, Delta=5.000e-04

**************************************
Iteration 641:
thetak = 0.0005229911585901605
objk = 3.017520807305863
trustRadius = 0.0005
sampleRadius = 0.0005
stepNorm = 0.09729538053300502
chi = 0.27361435369037085
Iteration time (s) = 0.7638993263244629
RESTORATION
**************************************

[FRP] solve 554 of phase 20, thetak=5.230e-04, Delta=5.000e-04

**************************************
Iteration 642:
thetak = 0.0005229911585901605
objk = 3.017520807305863
trustRadius = 0.0005
sampleRadius = 0.0005
stepNorm = 0.09729538053300502
chi = 0.27361435369037085
Iteration time (s) = 0.6600632667541504
RESTORATION
**************************************

[FRP] solve 555 of phase 20, thetak=5.230e-04, Delta=5.000e-04

**************************************
Iteration 643:
thetak = 0.0005229911585901605
objk = 3.017520807305863
trustRadius = 0.0005
sampleRadius = 0.0005
stepNorm = 0.09729538053300502
chi = 0.27361435369037085
Iteration time (s) = 0.7656371593475342
RESTORATION
**************************************

[FRP] solve 556 of phase 20, thetak=5.230e-04, Delta=5.000e-04

**************************************
Iteration 644:
thetak = 0.0005229911585901605
objk = 3.017520807305863
trustRadius = 0.0005
sampleRadius = 0.0005
stepNorm = 0.09729538053300502
chi = 0.27361435369037085
Iteration time (s) = 0.7818946838378906
RESTORATION
**************************************

[FRP] solve 557 of phase 20, thetak=5.230e-04, Delta=5.000e-04

**************************************
Iteration 645:
thetak = 0.0005229911585901605
objk = 3.017520807305863
trustRadius = 0.0005
sampleRadius = 0.0005
stepNorm = 0.09729538053300502
chi = 0.27361435369037085
Iteration time (s) = 0.7746102809906006
RESTORATION
**************************************

[FRP] solve 558 of phase 20, thetak=5.230e-04, Delta=5.000e-04

**************************************
Iteration 646:
thetak = 0.0005229911585901605
objk = 3.017520807305863
trustRadius = 0.0005
sampleRadius = 0.0005
stepNorm = 0.09729538053300502
chi = 0.27361435369037085
Iteration time (s) = 0.749967098236084
RESTORATION
**************************************

[FRP] solve 559 of phase 20, thetak=5.230e-04, Delta=5.000e-04

**************************************
Iteration 647:
thetak = 0.0005229911585901605
objk = 3.017520807305863
trustRadius = 0.0005
sampleRadius = 0.0005
stepNorm = 0.09729538053300502
chi = 0.27361435369037085
Iteration time (s) = 0.6571271419525146
RESTORATION
**************************************

[FRP] solve 560 of phase 20, thetak=5.230e-04, Delta=5.000e-04

**************************************
Iteration 648:
thetak = 0.0005229911585901605
objk = 3.017520807305863
trustRadius = 0.0005
sampleRadius = 0.0005
stepNorm = 0.09729538053300502
chi = 0.27361435369037085
Iteration time (s) = 0.777329683303833
RESTORATION
**************************************

[FRP] solve 561 of phase 20, thetak=5.230e-04, Delta=5.000e-04

**************************************
Iteration 649:
thetak = 0.0005229911585901605
objk = 3.017520807305863
trustRadius = 0.0005
sampleRadius = 0.0005
stepNorm = 0.09729538053300502
chi = 0.27361435369037085
Iteration time (s) = 0.873091459274292
RESTORATION
**************************************

[FRP] solve 562 of phase 20, thetak=5.230e-04, Delta=5.000e-04

**************************************
Iteration 650:
thetak = 0.0005229911585901605
objk = 3.017520807305863
trustRadius = 0.0005
sampleRadius = 0.0005
stepNorm = 0.09729538053300502
chi = 0.27361435369037085
Iteration time (s) = 0.9777035713195801
RESTORATION
**************************************

[FRP] solve 563 of phase 20, thetak=5.230e-04, Delta=5.000e-04

**************************************
Iteration 651:
thetak = 0.0005229911585901605
objk = 3.017520807305863
trustRadius = 0.0005
sampleRadius = 0.0005
stepNorm = 0.09729538053300502
chi = 0.27361435369037085
Iteration time (s) = 0.9150292873382568
RESTORATION
**************************************

[FRP] solve 564 of phase 20, thetak=5.230e-04, Delta=5.000e-04

**************************************
Iteration 652:
thetak = 0.0005229911585901605
objk = 3.017520807305863
trustRadius = 0.0005
sampleRadius = 0.0005
stepNorm = 0.09729538053300502
chi = 0.27361435369037085
Iteration time (s) = 0.7694969177246094
RESTORATION
**************************************

[FRP] solve 565 of phase 20, thetak=5.230e-04, Delta=5.000e-04

**************************************
Iteration 653:
thetak = 0.0005229911585901605
objk = 3.017520807305863
trustRadius = 0.0005
sampleRadius = 0.0005
stepNorm = 0.09729538053300502
chi = 0.27361435369037085
Iteration time (s) = 0.764432430267334
RESTORATION
**************************************

[FRP] solve 566 of phase 20, thetak=5.230e-04, Delta=5.000e-04

**************************************
Iteration 654:
thetak = 0.0005229911585901605
objk = 3.017520807305863
trustRadius = 0.0005
sampleRadius = 0.0005
stepNorm = 0.09729538053300502
chi = 0.27361435369037085
Iteration time (s) = 0.7718279361724854
RESTORATION
**************************************

[FRP] solve 567 of phase 20, thetak=5.230e-04, Delta=5.000e-04

**************************************
Iteration 655:
thetak = 0.0005229911585901605
objk = 3.017520807305863
trustRadius = 0.0005
sampleRadius = 0.0005
stepNorm = 0.09729538053300502
chi = 0.27361435369037085
Iteration time (s) = 0.7551121711730957
RESTORATION
**************************************

[FRP] solve 568 of phase 20, thetak=5.230e-04, Delta=5.000e-04

**************************************
Iteration 656:
thetak = 0.0005229911585901605
objk = 3.017520807305863
trustRadius = 0.0005
sampleRadius = 0.0005
stepNorm = 0.09729538053300502
chi = 0.27361435369037085
Iteration time (s) = 0.7484831809997559
RESTORATION
**************************************

[FRP] solve 569 of phase 20, thetak=5.230e-04, Delta=5.000e-04

**************************************
Iteration 657:
thetak = 0.0005229911585901605
objk = 3.017520807305863
trustRadius = 0.0005
sampleRadius = 0.0005
stepNorm = 0.09729538053300502
chi = 0.27361435369037085
Iteration time (s) = 0.7753820419311523
RESTORATION
**************************************

[FRP] solve 570 of phase 20, thetak=5.230e-04, Delta=5.000e-04

**************************************
Iteration 658:
thetak = 0.0005229911585901605
objk = 3.017520807305863
trustRadius = 0.0005
sampleRadius = 0.0005
stepNorm = 0.09729538053300502
chi = 0.27361435369037085
Iteration time (s) = 0.7712850570678711
RESTORATION
**************************************

[FRP] solve 571 of phase 20, thetak=5.230e-04, Delta=5.000e-04

**************************************
Iteration 659:
thetak = 0.0005229911585901605
objk = 3.017520807305863
trustRadius = 0.0005
sampleRadius = 0.0005
stepNorm = 0.09729538053300502
chi = 0.27361435369037085
Iteration time (s) = 0.78432297706604
RESTORATION
**************************************

[FRP] solve 572 of phase 20, thetak=5.230e-04, Delta=5.000e-04

**************************************
Iteration 660:
thetak = 0.0005229911585901605
objk = 3.017520807305863
trustRadius = 0.0005
sampleRadius = 0.0005
stepNorm = 0.09729538053300502
chi = 0.27361435369037085
Iteration time (s) = 0.7588083744049072
RESTORATION
**************************************

[FRP] solve 573 of phase 20, thetak=5.230e-04, Delta=5.000e-04

**************************************
Iteration 661:
thetak = 0.0005229911585901605
objk = 3.017520807305863
trustRadius = 0.0005
sampleRadius = 0.0005
stepNorm = 0.09729538053300502
chi = 0.27361435369037085
Iteration time (s) = 0.6689560413360596
RESTORATION
**************************************

[FRP] solve 574 of phase 20, thetak=5.230e-04, Delta=5.000e-04

**************************************
Iteration 662:
thetak = 0.0005229911585901605
objk = 3.017520807305863
trustRadius = 0.0005
sampleRadius = 0.0005
stepNorm = 0.09729538053300502
chi = 0.27361435369037085
Iteration time (s) = 0.7598507404327393
RESTORATION
**************************************

[FRP] solve 575 of phase 20, thetak=5.230e-04, Delta=5.000e-04

**************************************
Iteration 663:
thetak = 0.0005229911585901605
objk = 3.017520807305863
trustRadius = 0.0005
sampleRadius = 0.0005
stepNorm = 0.09729538053300502
chi = 0.27361435369037085
Iteration time (s) = 0.895517110824585
RESTORATION
**************************************

[FRP] solve 576 of phase 20, thetak=5.230e-04, Delta=5.000e-04

**************************************
Iteration 664:
thetak = 0.0005229911585901605
objk = 3.017520807305863
trustRadius = 0.0005
sampleRadius = 0.0005
stepNorm = 0.09729538053300502
chi = 0.27361435369037085
Iteration time (s) = 1.0231220722198486
RESTORATION
**************************************

[FRP] solve 577 of phase 20, thetak=5.230e-04, Delta=5.000e-04

**************************************
Iteration 665:
thetak = 0.0005229911585901605
objk = 3.017520807305863
trustRadius = 0.0005
sampleRadius = 0.0005
stepNorm = 0.09729538053300502
chi = 0.27361435369037085
Iteration time (s) = 1.393528699874878
RESTORATION
**************************************

[FRP] solve 578 of phase 20, thetak=5.230e-04, Delta=5.000e-04

**************************************
Iteration 666:
thetak = 0.0005229911585901605
objk = 3.017520807305863
trustRadius = 0.0005
sampleRadius = 0.0005
stepNorm = 0.09729538053300502
chi = 0.27361435369037085
Iteration time (s) = 1.250300407409668
RESTORATION
**************************************

[FRP] solve 579 of phase 20, thetak=5.230e-04, Delta=5.000e-04

**************************************
Iteration 667:
thetak = 0.0005229911585901605
objk = 3.017520807305863
trustRadius = 0.0005
sampleRadius = 0.0005
stepNorm = 0.09729538053300502
chi = 0.27361435369037085
Iteration time (s) = 1.1840181350708008
RESTORATION
**************************************

[FRP] solve 580 of phase 20, thetak=5.230e-04, Delta=5.000e-04

**************************************
Iteration 668:
thetak = 0.0005229911585901605
objk = 3.017520807305863
trustRadius = 0.0005
sampleRadius = 0.0005
stepNorm = 0.09729538053300502
chi = 0.27361435369037085
Iteration time (s) = 1.0822176933288574
RESTORATION
**************************************

[FRP] solve 581 of phase 20, thetak=5.230e-04, Delta=5.000e-04

**************************************
Iteration 669:
thetak = 0.0005229911585901605
objk = 3.017520807305863
trustRadius = 0.0005
sampleRadius = 0.0005
stepNorm = 0.09729538053300502
chi = 0.27361435369037085
Iteration time (s) = 0.757115364074707
RESTORATION
**************************************

[FRP] solve 582 of phase 20, thetak=5.230e-04, Delta=5.000e-04

**************************************
Iteration 670:
thetak = 0.0005229911585901605
objk = 3.017520807305863
trustRadius = 0.0005
sampleRadius = 0.0005
stepNorm = 0.09729538053300502
chi = 0.27361435369037085
Iteration time (s) = 0.7436206340789795
RESTORATION
**************************************

[FRP] solve 583 of phase 20, thetak=5.230e-04, Delta=5.000e-04

**************************************
Iteration 671:
thetak = 0.0005229911585901605
objk = 3.017520807305863
trustRadius = 0.0005
sampleRadius = 0.0005
stepNorm = 0.09729538053300502
chi = 0.27361435369037085
Iteration time (s) = 0.8844602108001709
RESTORATION
**************************************

[FRP] solve 584 of phase 20, thetak=5.230e-04, Delta=5.000e-04

**************************************
Iteration 672:
thetak = 0.0005229911585901605
objk = 3.017520807305863
trustRadius = 0.0005
sampleRadius = 0.0005
stepNorm = 0.09729538053300502
chi = 0.27361435369037085
Iteration time (s) = 0.7730762958526611
RESTORATION
**************************************

[FRP] solve 585 of phase 20, thetak=5.230e-04, Delta=5.000e-04

**************************************
Iteration 673:
thetak = 0.0005229911585901605
objk = 3.017520807305863
trustRadius = 0.0005
sampleRadius = 0.0005
stepNorm = 0.09729538053300502
chi = 0.27361435369037085
Iteration time (s) = 0.8551011085510254
RESTORATION
**************************************

[FRP] solve 586 of phase 20, thetak=5.230e-04, Delta=5.000e-04

**************************************
Iteration 674:
thetak = 0.0005229911585901605
objk = 3.017520807305863
trustRadius = 0.0005
sampleRadius = 0.0005
stepNorm = 0.09729538053300502
chi = 0.27361435369037085
Iteration time (s) = 0.8987326622009277
RESTORATION
**************************************

[FRP] solve 587 of phase 20, thetak=5.230e-04, Delta=5.000e-04

**************************************
Iteration 675:
thetak = 0.0005229911585901605
objk = 3.017520807305863
trustRadius = 0.0005
sampleRadius = 0.0005
stepNorm = 0.09729538053300502
chi = 0.27361435369037085
Iteration time (s) = 0.7487297058105469
RESTORATION
**************************************

[FRP] solve 588 of phase 20, thetak=5.230e-04, Delta=5.000e-04

**************************************
Iteration 676:
thetak = 0.0005229911585901605
objk = 3.017520807305863
trustRadius = 0.0005
sampleRadius = 0.0005
stepNorm = 0.09729538053300502
chi = 0.27361435369037085
Iteration time (s) = 0.7522404193878174
RESTORATION
**************************************

[FRP] solve 589 of phase 20, thetak=5.230e-04, Delta=5.000e-04

**************************************
Iteration 677:
thetak = 0.0005229911585901605
objk = 3.017520807305863
trustRadius = 0.0005
sampleRadius = 0.0005
stepNorm = 0.09729538053300502
chi = 0.27361435369037085
Iteration time (s) = 0.7690613269805908
RESTORATION
**************************************

[FRP] solve 590 of phase 20, thetak=5.230e-04, Delta=5.000e-04

**************************************
Iteration 678:
thetak = 0.0005229911585901605
objk = 3.017520807305863
trustRadius = 0.0005
sampleRadius = 0.0005
stepNorm = 0.09729538053300502
chi = 0.27361435369037085
Iteration time (s) = 0.8723673820495605
RESTORATION
**************************************

[FRP] solve 591 of phase 20, thetak=5.230e-04, Delta=5.000e-04

**************************************
Iteration 679:
thetak = 0.0005229911585901605
objk = 3.017520807305863
trustRadius = 0.0005
sampleRadius = 0.0005
stepNorm = 0.09729538053300502
chi = 0.27361435369037085
Iteration time (s) = 0.7761738300323486
RESTORATION
**************************************

[FRP] solve 592 of phase 20, thetak=5.230e-04, Delta=5.000e-04

**************************************
Iteration 680:
thetak = 0.0005229911585901605
objk = 3.017520807305863
trustRadius = 0.0005
sampleRadius = 0.0005
stepNorm = 0.09729538053300502
chi = 0.27361435369037085
Iteration time (s) = 0.8066582679748535
RESTORATION
**************************************

[FRP] solve 593 of phase 20, thetak=5.230e-04, Delta=5.000e-04

**************************************
Iteration 681:
thetak = 0.0005229911585901605
objk = 3.017520807305863
trustRadius = 0.0005
sampleRadius = 0.0005
stepNorm = 0.09729538053300502
chi = 0.27361435369037085
Iteration time (s) = 1.344367504119873
RESTORATION
**************************************

[FRP] solve 594 of phase 20, thetak=5.230e-04, Delta=5.000e-04

**************************************
Iteration 682:
thetak = 0.0005229911585901605
objk = 3.017520807305863
trustRadius = 0.0005
sampleRadius = 0.0005
stepNorm = 0.09729538053300502
chi = 0.27361435369037085
Iteration time (s) = 0.9076285362243652
RESTORATION
**************************************

[FRP] solve 595 of phase 20, thetak=5.230e-04, Delta=5.000e-04

**************************************
Iteration 683:
thetak = 0.0005229911585901605
objk = 3.017520807305863
trustRadius = 0.0005
sampleRadius = 0.0005
stepNorm = 0.09729538053300502
chi = 0.27361435369037085
Iteration time (s) = 0.8450295925140381
RESTORATION
**************************************

[FRP] solve 596 of phase 20, thetak=5.230e-04, Delta=5.000e-04

**************************************
Iteration 684:
thetak = 0.0005229911585901605
objk = 3.017520807305863
trustRadius = 0.0005
sampleRadius = 0.0005
stepNorm = 0.09729538053300502
chi = 0.27361435369037085
Iteration time (s) = 0.7805578708648682
RESTORATION
**************************************

[FRP] solve 597 of phase 20, thetak=5.230e-04, Delta=5.000e-04

**************************************
Iteration 685:
thetak = 0.0005229911585901605
objk = 3.017520807305863
trustRadius = 0.0005
sampleRadius = 0.0005
stepNorm = 0.09729538053300502
chi = 0.27361435369037085
Iteration time (s) = 0.9739916324615479
RESTORATION
**************************************

[FRP] solve 598 of phase 20, thetak=5.230e-04, Delta=5.000e-04

**************************************
Iteration 686:
thetak = 0.0005229911585901605
objk = 3.017520807305863
trustRadius = 0.0005
sampleRadius = 0.0005
stepNorm = 0.09729538053300502
chi = 0.27361435369037085
Iteration time (s) = 0.7672562599182129
RESTORATION
**************************************

[FRP] solve 599 of phase 20, thetak=5.230e-04, Delta=5.000e-04

**************************************
Iteration 687:
thetak = 0.0005229911585901605
objk = 3.017520807305863
trustRadius = 0.0005
sampleRadius = 0.0005
stepNorm = 0.09729538053300502
chi = 0.27361435369037085
Iteration time (s) = 0.7559800148010254
RESTORATION
**************************************

[FRP] solve 600 of phase 20, thetak=5.230e-04, Delta=5.000e-04

**************************************
Iteration 688:
thetak = 0.0005229911585901605
objk = 3.017520807305863
trustRadius = 0.0005
sampleRadius = 0.0005
stepNorm = 0.09729538053300502
chi = 0.27361435369037085
Iteration time (s) = 0.7395362854003906
RESTORATION
**************************************

[FRP] solve 601 of phase 20, thetak=5.230e-04, Delta=5.000e-04

**************************************
Iteration 689:
thetak = 0.0005229911585901605
objk = 3.017520807305863
trustRadius = 0.0005
sampleRadius = 0.0005
stepNorm = 0.09729538053300502
chi = 0.27361435369037085
Iteration time (s) = 0.7431652545928955
RESTORATION
**************************************

[FRP] solve 602 of phase 20, thetak=5.230e-04, Delta=5.000e-04

**************************************
Iteration 690:
thetak = 0.0005229911585901605
objk = 3.017520807305863
trustRadius = 0.0005
sampleRadius = 0.0005
stepNorm = 0.09729538053300502
chi = 0.27361435369037085
Iteration time (s) = 0.7398264408111572
RESTORATION
**************************************

[FRP] solve 603 of phase 20, thetak=5.230e-04, Delta=5.000e-04

**************************************
Iteration 691:
thetak = 0.0005229911585901605
objk = 3.017520807305863
trustRadius = 0.0005
sampleRadius = 0.0005
stepNorm = 0.09729538053300502
chi = 0.27361435369037085
Iteration time (s) = 0.6603772640228271
RESTORATION
**************************************

[FRP] solve 604 of phase 20, thetak=5.230e-04, Delta=5.000e-04

**************************************
Iteration 692:
thetak = 0.0005229911585901605
objk = 3.017520807305863
trustRadius = 0.0005
sampleRadius = 0.0005
stepNorm = 0.09729538053300502
chi = 0.27361435369037085
Iteration time (s) = 1.073427438735962
RESTORATION
**************************************

[FRP] solve 605 of phase 20, thetak=5.230e-04, Delta=5.000e-04

**************************************
Iteration 693:
thetak = 0.0005229911585901605
objk = 3.017520807305863
trustRadius = 0.0005
sampleRadius = 0.0005
stepNorm = 0.09729538053300502
chi = 0.27361435369037085
Iteration time (s) = 0.9071626663208008
RESTORATION
**************************************

[FRP] solve 606 of phase 20, thetak=5.230e-04, Delta=5.000e-04

**************************************
Iteration 694:
thetak = 0.0005229911585901605
objk = 3.017520807305863
trustRadius = 0.0005
sampleRadius = 0.0005
stepNorm = 0.09729538053300502
chi = 0.27361435369037085
Iteration time (s) = 3.9590766429901123
RESTORATION
**************************************

[FRP] solve 607 of phase 20, thetak=5.230e-04, Delta=5.000e-04

**************************************
Iteration 695:
thetak = 0.0005229911585901605
objk = 3.017520807305863
trustRadius = 0.0005
sampleRadius = 0.0005
stepNorm = 0.09729538053300502
chi = 0.27361435369037085
Iteration time (s) = 767.4345088005066
RESTORATION
**************************************

[FRP] solve 608 of phase 20, thetak=5.230e-04, Delta=5.000e-04

**************************************
Iteration 696:
thetak = 0.0005229911585901605
objk = 3.017520807305863
trustRadius = 0.0005
sampleRadius = 0.0005
stepNorm = 0.09729538053300502
chi = 0.27361435369037085
Iteration time (s) = 2436.403175354004
RESTORATION
**************************************

[FRP] solve 609 of phase 20, thetak=5.230e-04, Delta=5.000e-04

**************************************
Iteration 697:
thetak = 0.0005229911585901605
objk = 3.017520807305863
trustRadius = 0.0005
sampleRadius = 0.0005
stepNorm = 0.09729538053300502
chi = 0.27361435369037085
Iteration time (s) = 4.427406072616577
RESTORATION
**************************************

[FRP] solve 610 of phase 20, thetak=5.230e-04, Delta=5.000e-04

**************************************
Iteration 698:
thetak = 0.0005229911585901605
objk = 3.017520807305863
trustRadius = 0.0005
sampleRadius = 0.0005
stepNorm = 0.09729538053300502
chi = 0.27361435369037085
Iteration time (s) = 3.5714828968048096
RESTORATION
**************************************

[FRP] solve 611 of phase 20, thetak=5.230e-04, Delta=5.000e-04

**************************************
Iteration 699:
thetak = 0.0005229911585901605
objk = 3.017520807305863
trustRadius = 0.0005
sampleRadius = 0.0005
stepNorm = 0.09729538053300502
chi = 0.27361435369037085
Iteration time (s) = 4.255167484283447
RESTORATION
**************************************

[FRP] solve 612 of phase 20, thetak=5.230e-04, Delta=5.000e-04

**************************************
Iteration 700:
thetak = 0.0005229911585901605
objk = 3.017520807305863
trustRadius = 0.0005
sampleRadius = 0.0005
stepNorm = 0.09729538053300502
chi = 0.27361435369037085
Iteration time (s) = 4.134445428848267
RESTORATION
**************************************

[FRP] solve 613 of phase 20, thetak=5.230e-04, Delta=5.000e-04

**************************************
Iteration 701:
thetak = 0.0005229911585901605
objk = 3.017520807305863
trustRadius = 0.0005
sampleRadius = 0.0005
stepNorm = 0.09729538053300502
chi = 0.27361435369037085
Iteration time (s) = 3.1891636848449707
RESTORATION
**************************************

[FRP] solve 614 of phase 20, thetak=5.230e-04, Delta=5.000e-04

**************************************
Iteration 702:
thetak = 0.0005229911585901605
objk = 3.017520807305863
trustRadius = 0.0005
sampleRadius = 0.0005
stepNorm = 0.09729538053300502
chi = 0.27361435369037085
Iteration time (s) = 2.7494070529937744
RESTORATION
**************************************

[FRP] solve 615 of phase 20, thetak=5.230e-04, Delta=5.000e-04

**************************************
Iteration 703:
thetak = 0.0005229911585901605
objk = 3.017520807305863
trustRadius = 0.0005
sampleRadius = 0.0005
stepNorm = 0.09729538053300502
chi = 0.27361435369037085
Iteration time (s) = 2.338064670562744
RESTORATION
**************************************

[FRP] solve 616 of phase 20, thetak=5.230e-04, Delta=5.000e-04

**************************************
Iteration 704:
thetak = 0.0005229911585901605
objk = 3.017520807305863
trustRadius = 0.0005
sampleRadius = 0.0005
stepNorm = 0.09729538053300502
chi = 0.27361435369037085
Iteration time (s) = 1.5867812633514404
RESTORATION
**************************************

[FRP] solve 617 of phase 20, thetak=5.230e-04, Delta=5.000e-04

**************************************
Iteration 705:
thetak = 0.0005229911585901605
objk = 3.017520807305863
trustRadius = 0.0005
sampleRadius = 0.0005
stepNorm = 0.09729538053300502
chi = 0.27361435369037085
Iteration time (s) = 1.2499780654907227
RESTORATION
**************************************

[FRP] solve 618 of phase 20, thetak=5.230e-04, Delta=5.000e-04

**************************************
Iteration 706:
thetak = 0.0005229911585901605
objk = 3.017520807305863
trustRadius = 0.0005
sampleRadius = 0.0005
stepNorm = 0.09729538053300502
chi = 0.27361435369037085
Iteration time (s) = 1.1710388660430908
RESTORATION
**************************************

[FRP] solve 619 of phase 20, thetak=5.230e-04, Delta=5.000e-04

**************************************
Iteration 707:
thetak = 0.0005229911585901605
objk = 3.017520807305863
trustRadius = 0.0005
sampleRadius = 0.0005
stepNorm = 0.09729538053300502
chi = 0.27361435369037085
Iteration time (s) = 1.3330702781677246
RESTORATION
**************************************

[FRP] solve 620 of phase 20, thetak=5.230e-04, Delta=5.000e-04

**************************************
Iteration 708:
thetak = 0.0005229911585901605
objk = 3.017520807305863
trustRadius = 0.0005
sampleRadius = 0.0005
stepNorm = 0.09729538053300502
chi = 0.27361435369037085
Iteration time (s) = 1.1161134243011475
RESTORATION
**************************************

[FRP] solve 621 of phase 20, thetak=5.230e-04, Delta=5.000e-04

**************************************
Iteration 709:
thetak = 0.0005229911585901605
objk = 3.017520807305863
trustRadius = 0.0005
sampleRadius = 0.0005
stepNorm = 0.09729538053300502
chi = 0.27361435369037085
Iteration time (s) = 1.0968563556671143
RESTORATION
**************************************

[FRP] solve 622 of phase 20, thetak=5.230e-04, Delta=5.000e-04

**************************************
Iteration 710:
thetak = 0.0005229911585901605
objk = 3.017520807305863
trustRadius = 0.0005
sampleRadius = 0.0005
stepNorm = 0.09729538053300502
chi = 0.27361435369037085
Iteration time (s) = 1.186302661895752
RESTORATION
**************************************

[FRP] solve 623 of phase 20, thetak=5.230e-04, Delta=5.000e-04

**************************************
Iteration 711:
thetak = 0.0005229911585901605
objk = 3.017520807305863
trustRadius = 0.0005
sampleRadius = 0.0005
stepNorm = 0.09729538053300502
chi = 0.27361435369037085
Iteration time (s) = 0.9751381874084473
RESTORATION
**************************************

[FRP] solve 624 of phase 20, thetak=5.230e-04, Delta=5.000e-04

**************************************
Iteration 712:
thetak = 0.0005229911585901605
objk = 3.017520807305863
trustRadius = 0.0005
sampleRadius = 0.0005
stepNorm = 0.09729538053300502
chi = 0.27361435369037085
Iteration time (s) = 1.0976996421813965
RESTORATION
**************************************

[FRP] solve 625 of phase 20, thetak=5.230e-04, Delta=5.000e-04

**************************************
Iteration 713:
thetak = 0.0005229911585901605
objk = 3.017520807305863
trustRadius = 0.0005
sampleRadius = 0.0005
stepNorm = 0.09729538053300502
chi = 0.27361435369037085
Iteration time (s) = 1.2389304637908936
RESTORATION
**************************************

[FRP] solve 626 of phase 20, thetak=5.230e-04, Delta=5.000e-04

**************************************
Iteration 714:
thetak = 0.0005229911585901605
objk = 3.017520807305863
trustRadius = 0.0005
sampleRadius = 0.0005
stepNorm = 0.09729538053300502
chi = 0.27361435369037085
Iteration time (s) = 0.9184858798980713
RESTORATION
**************************************

[FRP] solve 627 of phase 20, thetak=5.230e-04, Delta=5.000e-04

**************************************
Iteration 715:
thetak = 0.0005229911585901605
objk = 3.017520807305863
trustRadius = 0.0005
sampleRadius = 0.0005
stepNorm = 0.09729538053300502
chi = 0.27361435369037085
Iteration time (s) = 1.0258018970489502
RESTORATION
**************************************

[FRP] solve 628 of phase 20, thetak=5.230e-04, Delta=5.000e-04

**************************************
Iteration 716:
thetak = 0.0005229911585901605
objk = 3.017520807305863
trustRadius = 0.0005
sampleRadius = 0.0005
stepNorm = 0.09729538053300502
chi = 0.27361435369037085
Iteration time (s) = 0.9050672054290771
RESTORATION
**************************************

[FRP] solve 629 of phase 20, thetak=5.230e-04, Delta=5.000e-04

**************************************
Iteration 717:
thetak = 0.0005229911585901605
objk = 3.017520807305863
trustRadius = 0.0005
sampleRadius = 0.0005
stepNorm = 0.09729538053300502
chi = 0.27361435369037085
Iteration time (s) = 1.1077535152435303
RESTORATION
**************************************

[FRP] solve 630 of phase 20, thetak=5.230e-04, Delta=5.000e-04

**************************************
Iteration 718:
thetak = 0.0005229911585901605
objk = 3.017520807305863
trustRadius = 0.0005
sampleRadius = 0.0005
stepNorm = 0.09729538053300502
chi = 0.27361435369037085
Iteration time (s) = 1.0302140712738037
RESTORATION
**************************************

[FRP] solve 631 of phase 20, thetak=5.230e-04, Delta=5.000e-04

**************************************
Iteration 719:
thetak = 0.0005229911585901605
objk = 3.017520807305863
trustRadius = 0.0005
sampleRadius = 0.0005
stepNorm = 0.09729538053300502
chi = 0.27361435369037085
Iteration time (s) = 1.4990119934082031
RESTORATION
**************************************

[FRP] solve 632 of phase 20, thetak=5.230e-04, Delta=5.000e-04

**************************************
Iteration 720:
thetak = 0.0005229911585901605
objk = 3.017520807305863
trustRadius = 0.0005
sampleRadius = 0.0005
stepNorm = 0.09729538053300502
chi = 0.27361435369037085
Iteration time (s) = 1.1128182411193848
RESTORATION
**************************************

[FRP] solve 633 of phase 20, thetak=5.230e-04, Delta=5.000e-04

**************************************
Iteration 721:
thetak = 0.0005229911585901605
objk = 3.017520807305863
trustRadius = 0.0005
sampleRadius = 0.0005
stepNorm = 0.09729538053300502
chi = 0.27361435369037085
Iteration time (s) = 1.0998661518096924
RESTORATION
**************************************

[FRP] solve 634 of phase 20, thetak=5.230e-04, Delta=5.000e-04

**************************************
Iteration 722:
thetak = 0.0005229911585901605
objk = 3.017520807305863
trustRadius = 0.0005
sampleRadius = 0.0005
stepNorm = 0.09729538053300502
chi = 0.27361435369037085
Iteration time (s) = 0.9297270774841309
RESTORATION
**************************************

[FRP] solve 635 of phase 20, thetak=5.230e-04, Delta=5.000e-04

**************************************
Iteration 723:
thetak = 0.0005229911585901605
objk = 3.017520807305863
trustRadius = 0.0005
sampleRadius = 0.0005
stepNorm = 0.09729538053300502
chi = 0.27361435369037085
Iteration time (s) = 0.9188544750213623
RESTORATION
**************************************

[FRP] solve 636 of phase 20, thetak=5.230e-04, Delta=5.000e-04

**************************************
Iteration 724:
thetak = 0.0005229911585901605
objk = 3.017520807305863
trustRadius = 0.0005
sampleRadius = 0.0005
stepNorm = 0.09729538053300502
chi = 0.27361435369037085
Iteration time (s) = 0.9551870822906494
RESTORATION
**************************************

[FRP] solve 637 of phase 20, thetak=5.230e-04, Delta=5.000e-04

**************************************
Iteration 725:
thetak = 0.0005229911585901605
objk = 3.017520807305863
trustRadius = 0.0005
sampleRadius = 0.0005
stepNorm = 0.09729538053300502
chi = 0.27361435369037085
Iteration time (s) = 1.142941951751709
RESTORATION
**************************************

[FRP] solve 638 of phase 20, thetak=5.230e-04, Delta=5.000e-04

**************************************
Iteration 726:
thetak = 0.0005229911585901605
objk = 3.017520807305863
trustRadius = 0.0005
sampleRadius = 0.0005
stepNorm = 0.09729538053300502
chi = 0.27361435369037085
Iteration time (s) = 1.0097510814666748
RESTORATION
**************************************

[FRP] solve 639 of phase 20, thetak=5.230e-04, Delta=5.000e-04

**************************************
Iteration 727:
thetak = 0.0005229911585901605
objk = 3.017520807305863
trustRadius = 0.0005
sampleRadius = 0.0005
stepNorm = 0.09729538053300502
chi = 0.27361435369037085
Iteration time (s) = 0.942471981048584
RESTORATION
**************************************

[FRP] solve 640 of phase 20, thetak=5.230e-04, Delta=5.000e-04

**************************************
Iteration 728:
thetak = 0.0005229911585901605
objk = 3.017520807305863
trustRadius = 0.0005
sampleRadius = 0.0005
stepNorm = 0.09729538053300502
chi = 0.27361435369037085
Iteration time (s) = 1.0444889068603516
RESTORATION
**************************************

[FRP] solve 641 of phase 20, thetak=5.230e-04, Delta=5.000e-04

**************************************
Iteration 729:
thetak = 0.0005229911585901605
objk = 3.017520807305863
trustRadius = 0.0005
sampleRadius = 0.0005
stepNorm = 0.09729538053300502
chi = 0.27361435369037085
Iteration time (s) = 1.2184760570526123
RESTORATION
**************************************

[FRP] solve 642 of phase 20, thetak=5.230e-04, Delta=5.000e-04

**************************************
Iteration 730:
thetak = 0.0005229911585901605
objk = 3.017520807305863
trustRadius = 0.0005
sampleRadius = 0.0005
stepNorm = 0.09729538053300502
chi = 0.27361435369037085
Iteration time (s) = 1.3715031147003174
RESTORATION
**************************************

[FRP] solve 643 of phase 20, thetak=5.230e-04, Delta=5.000e-04

**************************************
Iteration 731:
thetak = 0.0005229911585901605
objk = 3.017520807305863
trustRadius = 0.0005
sampleRadius = 0.0005
stepNorm = 0.09729538053300502
chi = 0.27361435369037085
Iteration time (s) = 1.0191988945007324
RESTORATION
**************************************

[FRP] solve 644 of phase 20, thetak=5.230e-04, Delta=5.000e-04

**************************************
Iteration 732:
thetak = 0.0005229911585901605
objk = 3.017520807305863
trustRadius = 0.0005
sampleRadius = 0.0005
stepNorm = 0.09729538053300502
chi = 0.27361435369037085
Iteration time (s) = 1.1113593578338623
RESTORATION
**************************************

[FRP] solve 645 of phase 20, thetak=5.230e-04, Delta=5.000e-04

**************************************
Iteration 733:
thetak = 0.0005229911585901605
objk = 3.017520807305863
trustRadius = 0.0005
sampleRadius = 0.0005
stepNorm = 0.09729538053300502
chi = 0.27361435369037085
Iteration time (s) = 0.9582178592681885
RESTORATION
**************************************

[FRP] solve 646 of phase 20, thetak=5.230e-04, Delta=5.000e-04

**************************************
Iteration 734:
thetak = 0.0005229911585901605
objk = 3.017520807305863
trustRadius = 0.0005
sampleRadius = 0.0005
stepNorm = 0.09729538053300502
chi = 0.27361435369037085
Iteration time (s) = 0.9959926605224609
RESTORATION
**************************************

[FRP] solve 647 of phase 20, thetak=5.230e-04, Delta=5.000e-04

**************************************
Iteration 735:
thetak = 0.0005229911585901605
objk = 3.017520807305863
trustRadius = 0.0005
sampleRadius = 0.0005
stepNorm = 0.09729538053300502
chi = 0.27361435369037085
Iteration time (s) = 1.0040192604064941
RESTORATION
**************************************

[FRP] solve 648 of phase 20, thetak=5.230e-04, Delta=5.000e-04

**************************************
Iteration 736:
thetak = 0.0005229911585901605
objk = 3.017520807305863
trustRadius = 0.0005
sampleRadius = 0.0005
stepNorm = 0.09729538053300502
chi = 0.27361435369037085
Iteration time (s) = 1.005066156387329
RESTORATION
**************************************

[FRP] solve 649 of phase 20, thetak=5.230e-04, Delta=5.000e-04

**************************************
Iteration 737:
thetak = 0.0005229911585901605
objk = 3.017520807305863
trustRadius = 0.0005
sampleRadius = 0.0005
stepNorm = 0.09729538053300502
chi = 0.27361435369037085
Iteration time (s) = 1.0039844512939453
RESTORATION
**************************************

[FRP] solve 650 of phase 20, thetak=5.230e-04, Delta=5.000e-04

**************************************
Iteration 738:
thetak = 0.0005229911585901605
objk = 3.017520807305863
trustRadius = 0.0005
sampleRadius = 0.0005
stepNorm = 0.09729538053300502
chi = 0.27361435369037085
Iteration time (s) = 0.9595739841461182
RESTORATION
**************************************

[FRP] solve 651 of phase 20, thetak=5.230e-04, Delta=5.000e-04

**************************************
Iteration 739:
thetak = 0.0005229911585901605
objk = 3.017520807305863
trustRadius = 0.0005
sampleRadius = 0.0005
stepNorm = 0.09729538053300502
chi = 0.27361435369037085
Iteration time (s) = 1.9702320098876953
RESTORATION
**************************************

[FRP] solve 652 of phase 20, thetak=5.230e-04, Delta=5.000e-04

**************************************
Iteration 740:
thetak = 0.0005229911585901605
objk = 3.017520807305863
trustRadius = 0.0005
sampleRadius = 0.0005
stepNorm = 0.09729538053300502
chi = 0.27361435369037085
Iteration time (s) = 1.7708561420440674
RESTORATION
**************************************

[FRP] solve 653 of phase 20, thetak=5.230e-04, Delta=5.000e-04

**************************************
Iteration 741:
thetak = 0.0005229911585901605
objk = 3.017520807305863
trustRadius = 0.0005
sampleRadius = 0.0005
stepNorm = 0.09729538053300502
chi = 0.27361435369037085
Iteration time (s) = 1.223522663116455
RESTORATION
**************************************

[FRP] solve 654 of phase 20, thetak=5.230e-04, Delta=5.000e-04

**************************************
Iteration 742:
thetak = 0.0005229911585901605
objk = 3.017520807305863
trustRadius = 0.0005
sampleRadius = 0.0005
stepNorm = 0.09729538053300502
chi = 0.27361435369037085
Iteration time (s) = 1.114729642868042
RESTORATION
**************************************

[FRP] solve 655 of phase 20, thetak=5.230e-04, Delta=5.000e-04

**************************************
Iteration 743:
thetak = 0.0005229911585901605
objk = 3.017520807305863
trustRadius = 0.0005
sampleRadius = 0.0005
stepNorm = 0.09729538053300502
chi = 0.27361435369037085
Iteration time (s) = 1.0825374126434326
RESTORATION
**************************************

[FRP] solve 656 of phase 20, thetak=5.230e-04, Delta=5.000e-04

**************************************
Iteration 744:
thetak = 0.0005229911585901605
objk = 3.017520807305863
trustRadius = 0.0005
sampleRadius = 0.0005
stepNorm = 0.09729538053300502
chi = 0.27361435369037085
Iteration time (s) = 0.8740396499633789
RESTORATION
**************************************

[FRP] solve 657 of phase 20, thetak=5.230e-04, Delta=5.000e-04

**************************************
Iteration 745:
thetak = 0.0005229911585901605
objk = 3.017520807305863
trustRadius = 0.0005
sampleRadius = 0.0005
stepNorm = 0.09729538053300502
chi = 0.27361435369037085
Iteration time (s) = 0.7769885063171387
RESTORATION
**************************************

[FRP] solve 658 of phase 20, thetak=5.230e-04, Delta=5.000e-04

**************************************
Iteration 746:
thetak = 0.0005229911585901605
objk = 3.017520807305863
trustRadius = 0.0005
sampleRadius = 0.0005
stepNorm = 0.09729538053300502
chi = 0.27361435369037085
Iteration time (s) = 0.8866407871246338
RESTORATION
**************************************

[FRP] solve 659 of phase 20, thetak=5.230e-04, Delta=5.000e-04

**************************************
Iteration 747:
thetak = 0.0005229911585901605
objk = 3.017520807305863
trustRadius = 0.0005
sampleRadius = 0.0005
stepNorm = 0.09729538053300502
chi = 0.27361435369037085
Iteration time (s) = 0.8979501724243164
RESTORATION
**************************************

[FRP] solve 660 of phase 20, thetak=5.230e-04, Delta=5.000e-04

**************************************
Iteration 748:
thetak = 0.0005229911585901605
objk = 3.017520807305863
trustRadius = 0.0005
sampleRadius = 0.0005
stepNorm = 0.09729538053300502
chi = 0.27361435369037085
Iteration time (s) = 1.124948263168335
RESTORATION
**************************************

[FRP] solve 661 of phase 20, thetak=5.230e-04, Delta=5.000e-04

**************************************
Iteration 749:
thetak = 0.0005229911585901605
objk = 3.017520807305863
trustRadius = 0.0005
sampleRadius = 0.0005
stepNorm = 0.09729538053300502
chi = 0.27361435369037085
Iteration time (s) = 0.8927226066589355
RESTORATION
**************************************

[FRP] solve 662 of phase 20, thetak=5.230e-04, Delta=5.000e-04

**************************************
Iteration 750:
thetak = 0.0005229911585901605
objk = 3.017520807305863
trustRadius = 0.0005
sampleRadius = 0.0005
stepNorm = 0.09729538053300502
chi = 0.27361435369037085
Iteration time (s) = 1.192033052444458
RESTORATION
**************************************

[FRP] solve 663 of phase 20, thetak=5.230e-04, Delta=5.000e-04

**************************************
Iteration 751:
thetak = 0.0005229911585901605
objk = 3.017520807305863
trustRadius = 0.0005
sampleRadius = 0.0005
stepNorm = 0.09729538053300502
chi = 0.27361435369037085
Iteration time (s) = 0.9170465469360352
RESTORATION
**************************************

[FRP] solve 664 of phase 20, thetak=5.230e-04, Delta=5.000e-04

**************************************
Iteration 752:
thetak = 0.0005229911585901605
objk = 3.017520807305863
trustRadius = 0.0005
sampleRadius = 0.0005
stepNorm = 0.09729538053300502
chi = 0.27361435369037085
Iteration time (s) = 0.9046239852905273
RESTORATION
**************************************

[FRP] solve 665 of phase 20, thetak=5.230e-04, Delta=5.000e-04

**************************************
Iteration 753:
thetak = 0.0005229911585901605
objk = 3.017520807305863
trustRadius = 0.0005
sampleRadius = 0.0005
stepNorm = 0.09729538053300502
chi = 0.27361435369037085
Iteration time (s) = 0.9665634632110596
RESTORATION
**************************************

[FRP] solve 666 of phase 20, thetak=5.230e-04, Delta=5.000e-04

**************************************
Iteration 754:
thetak = 0.0005229911585901605
objk = 3.017520807305863
trustRadius = 0.0005
sampleRadius = 0.0005
stepNorm = 0.09729538053300502
chi = 0.27361435369037085
Iteration time (s) = 0.8679971694946289
RESTORATION
**************************************

[FRP] solve 667 of phase 20, thetak=5.230e-04, Delta=5.000e-04

**************************************
Iteration 755:
thetak = 0.0005229911585901605
objk = 3.017520807305863
trustRadius = 0.0005
sampleRadius = 0.0005
stepNorm = 0.09729538053300502
chi = 0.27361435369037085
Iteration time (s) = 0.8794035911560059
RESTORATION
**************************************

[FRP] solve 668 of phase 20, thetak=5.230e-04, Delta=5.000e-04

**************************************
Iteration 756:
thetak = 0.0005229911585901605
objk = 3.017520807305863
trustRadius = 0.0005
sampleRadius = 0.0005
stepNorm = 0.09729538053300502
chi = 0.27361435369037085
Iteration time (s) = 0.8672943115234375
RESTORATION
**************************************

[FRP] solve 669 of phase 20, thetak=5.230e-04, Delta=5.000e-04

**************************************
Iteration 757:
thetak = 0.0005229911585901605
objk = 3.017520807305863
trustRadius = 0.0005
sampleRadius = 0.0005
stepNorm = 0.09729538053300502
chi = 0.27361435369037085
Iteration time (s) = 0.7701220512390137
RESTORATION
**************************************

[FRP] solve 670 of phase 20, thetak=5.230e-04, Delta=5.000e-04

**************************************
Iteration 758:
thetak = 0.0005229911585901605
objk = 3.017520807305863
trustRadius = 0.0005
sampleRadius = 0.0005
stepNorm = 0.09729538053300502
chi = 0.27361435369037085
Iteration time (s) = 0.8810243606567383
RESTORATION
**************************************

[FRP] solve 671 of phase 20, thetak=5.230e-04, Delta=5.000e-04

**************************************
Iteration 759:
thetak = 0.0005229911585901605
objk = 3.017520807305863
trustRadius = 0.0005
sampleRadius = 0.0005
stepNorm = 0.09729538053300502
chi = 0.27361435369037085
Iteration time (s) = 1.013636589050293
RESTORATION
**************************************

[FRP] solve 672 of phase 20, thetak=5.230e-04, Delta=5.000e-04

**************************************
Iteration 760:
thetak = 0.0005229911585901605
objk = 3.017520807305863
trustRadius = 0.0005
sampleRadius = 0.0005
stepNorm = 0.09729538053300502
chi = 0.27361435369037085
Iteration time (s) = 0.8958621025085449
RESTORATION
**************************************

[FRP] solve 673 of phase 20, thetak=5.230e-04, Delta=5.000e-04

**************************************
Iteration 761:
thetak = 0.0005229911585901605
objk = 3.017520807305863
trustRadius = 0.0005
sampleRadius = 0.0005
stepNorm = 0.09729538053300502
chi = 0.27361435369037085
Iteration time (s) = 0.9011616706848145
RESTORATION
**************************************

[FRP] solve 674 of phase 20, thetak=5.230e-04, Delta=5.000e-04

**************************************
Iteration 762:
thetak = 0.0005229911585901605
objk = 3.017520807305863
trustRadius = 0.0005
sampleRadius = 0.0005
stepNorm = 0.09729538053300502
chi = 0.27361435369037085
Iteration time (s) = 1.2899360656738281
RESTORATION
**************************************

[FRP] solve 675 of phase 20, thetak=5.230e-04, Delta=5.000e-04

**************************************
Iteration 763:
thetak = 0.0005229911585901605
objk = 3.017520807305863
trustRadius = 0.0005
sampleRadius = 0.0005
stepNorm = 0.09729538053300502
chi = 0.27361435369037085
Iteration time (s) = 0.8946413993835449
RESTORATION
**************************************

[FRP] solve 676 of phase 20, thetak=5.230e-04, Delta=5.000e-04

**************************************
Iteration 764:
thetak = 0.0005229911585901605
objk = 3.017520807305863
trustRadius = 0.0005
sampleRadius = 0.0005
stepNorm = 0.09729538053300502
chi = 0.27361435369037085
Iteration time (s) = 1.302037239074707
RESTORATION
**************************************

[FRP] solve 677 of phase 20, thetak=5.230e-04, Delta=5.000e-04

**************************************
Iteration 765:
thetak = 0.0005229911585901605
objk = 3.017520807305863
trustRadius = 0.0005
sampleRadius = 0.0005
stepNorm = 0.09729538053300502
chi = 0.27361435369037085
Iteration time (s) = 0.9556291103363037
RESTORATION
**************************************

[FRP] solve 678 of phase 20, thetak=5.230e-04, Delta=5.000e-04

**************************************
Iteration 766:
thetak = 0.0005229911585901605
objk = 3.017520807305863
trustRadius = 0.0005
sampleRadius = 0.0005
stepNorm = 0.09729538053300502
chi = 0.27361435369037085
Iteration time (s) = 0.7592387199401855
RESTORATION
**************************************

[FRP] solve 679 of phase 20, thetak=5.230e-04, Delta=5.000e-04

**************************************
Iteration 767:
thetak = 0.0005229911585901605
objk = 3.017520807305863
trustRadius = 0.0005
sampleRadius = 0.0005
stepNorm = 0.09729538053300502
chi = 0.27361435369037085
Iteration time (s) = 0.7580504417419434
RESTORATION
**************************************

[FRP] solve 680 of phase 20, thetak=5.230e-04, Delta=5.000e-04

**************************************
Iteration 768:
thetak = 0.0005229911585901605
objk = 3.017520807305863
trustRadius = 0.0005
sampleRadius = 0.0005
stepNorm = 0.09729538053300502
chi = 0.27361435369037085
Iteration time (s) = 0.7737224102020264
RESTORATION
**************************************

[FRP] solve 681 of phase 20, thetak=5.230e-04, Delta=5.000e-04

**************************************
Iteration 769:
thetak = 0.0005229911585901605
objk = 3.017520807305863
trustRadius = 0.0005
sampleRadius = 0.0005
stepNorm = 0.09729538053300502
chi = 0.27361435369037085
Iteration time (s) = 0.7457120418548584
RESTORATION
**************************************

[FRP] solve 682 of phase 20, thetak=5.230e-04, Delta=5.000e-04

**************************************
Iteration 770:
thetak = 0.0005229911585901605
objk = 3.017520807305863
trustRadius = 0.0005
sampleRadius = 0.0005
stepNorm = 0.09729538053300502
chi = 0.27361435369037085
Iteration time (s) = 0.7652204036712646
RESTORATION
**************************************

[FRP] solve 683 of phase 20, thetak=5.230e-04, Delta=5.000e-04

**************************************
Iteration 771:
thetak = 0.0005229911585901605
objk = 3.017520807305863
trustRadius = 0.0005
sampleRadius = 0.0005
stepNorm = 0.09729538053300502
chi = 0.27361435369037085
Iteration time (s) = 0.765449047088623
RESTORATION
**************************************

[FRP] solve 684 of phase 20, thetak=5.230e-04, Delta=5.000e-04

**************************************
Iteration 772:
thetak = 0.0005229911585901605
objk = 3.017520807305863
trustRadius = 0.0005
sampleRadius = 0.0005
stepNorm = 0.09729538053300502
chi = 0.27361435369037085
Iteration time (s) = 0.8926310539245605
RESTORATION
**************************************

[FRP] solve 685 of phase 20, thetak=5.230e-04, Delta=5.000e-04

**************************************
Iteration 773:
thetak = 0.0005229911585901605
objk = 3.017520807305863
trustRadius = 0.0005
sampleRadius = 0.0005
stepNorm = 0.09729538053300502
chi = 0.27361435369037085
Iteration time (s) = 0.7580068111419678
RESTORATION
**************************************

[FRP] solve 686 of phase 20, thetak=5.230e-04, Delta=5.000e-04

**************************************
Iteration 774:
thetak = 0.0005229911585901605
objk = 3.017520807305863
trustRadius = 0.0005
sampleRadius = 0.0005
stepNorm = 0.09729538053300502
chi = 0.27361435369037085
Iteration time (s) = 0.812117338180542
RESTORATION
**************************************

[FRP] solve 687 of phase 20, thetak=5.230e-04, Delta=5.000e-04

**************************************
Iteration 775:
thetak = 0.0005229911585901605
objk = 3.017520807305863
trustRadius = 0.0005
sampleRadius = 0.0005
stepNorm = 0.09729538053300502
chi = 0.27361435369037085
Iteration time (s) = 0.7529597282409668
RESTORATION
**************************************

[FRP] solve 688 of phase 20, thetak=5.230e-04, Delta=5.000e-04

**************************************
Iteration 776:
thetak = 0.0005229911585901605
objk = 3.017520807305863
trustRadius = 0.0005
sampleRadius = 0.0005
stepNorm = 0.09729538053300502
chi = 0.27361435369037085
Iteration time (s) = 0.7531859874725342
RESTORATION
**************************************

[FRP] solve 689 of phase 20, thetak=5.230e-04, Delta=5.000e-04

**************************************
Iteration 777:
thetak = 0.0005229911585901605
objk = 3.017520807305863
trustRadius = 0.0005
sampleRadius = 0.0005
stepNorm = 0.09729538053300502
chi = 0.27361435369037085
Iteration time (s) = 0.7513270378112793
RESTORATION
**************************************

[FRP] solve 690 of phase 20, thetak=5.230e-04, Delta=5.000e-04

**************************************
Iteration 778:
thetak = 0.0005229911585901605
objk = 3.017520807305863
trustRadius = 0.0005
sampleRadius = 0.0005
stepNorm = 0.09729538053300502
chi = 0.27361435369037085
Iteration time (s) = 0.7675867080688477
RESTORATION
**************************************

[FRP] solve 691 of phase 20, thetak=5.230e-04, Delta=5.000e-04

**************************************
Iteration 779:
thetak = 0.0005229911585901605
objk = 3.017520807305863
trustRadius = 0.0005
sampleRadius = 0.0005
stepNorm = 0.09729538053300502
chi = 0.27361435369037085
Iteration time (s) = 0.9693043231964111
RESTORATION
**************************************

[FRP] solve 692 of phase 20, thetak=5.230e-04, Delta=5.000e-04

**************************************
Iteration 780:
thetak = 0.0005229911585901605
objk = 3.017520807305863
trustRadius = 0.0005
sampleRadius = 0.0005
stepNorm = 0.09729538053300502
chi = 0.27361435369037085
Iteration time (s) = 0.75272536277771
RESTORATION
**************************************

[FRP] solve 693 of phase 20, thetak=5.230e-04, Delta=5.000e-04

**************************************
Iteration 781:
thetak = 0.0005229911585901605
objk = 3.017520807305863
trustRadius = 0.0005
sampleRadius = 0.0005
stepNorm = 0.09729538053300502
chi = 0.27361435369037085
Iteration time (s) = 0.7647171020507812
RESTORATION
**************************************

[FRP] solve 694 of phase 20, thetak=5.230e-04, Delta=5.000e-04

**************************************
Iteration 782:
thetak = 0.0005229911585901605
objk = 3.017520807305863
trustRadius = 0.0005
sampleRadius = 0.0005
stepNorm = 0.09729538053300502
chi = 0.27361435369037085
Iteration time (s) = 0.7485706806182861
RESTORATION
**************************************

[FRP] solve 695 of phase 20, thetak=5.230e-04, Delta=5.000e-04

**************************************
Iteration 783:
thetak = 0.0005229911585901605
objk = 3.017520807305863
trustRadius = 0.0005
sampleRadius = 0.0005
stepNorm = 0.09729538053300502
chi = 0.27361435369037085
Iteration time (s) = 0.7686293125152588
RESTORATION
**************************************

[FRP] solve 696 of phase 20, thetak=5.230e-04, Delta=5.000e-04

**************************************
Iteration 784:
thetak = 0.0005229911585901605
objk = 3.017520807305863
trustRadius = 0.0005
sampleRadius = 0.0005
stepNorm = 0.09729538053300502
chi = 0.27361435369037085
Iteration time (s) = 0.7530555725097656
RESTORATION
**************************************

[FRP] solve 697 of phase 20, thetak=5.230e-04, Delta=5.000e-04

**************************************
Iteration 785:
thetak = 0.0005229911585901605
objk = 3.017520807305863
trustRadius = 0.0005
sampleRadius = 0.0005
stepNorm = 0.09729538053300502
chi = 0.27361435369037085
Iteration time (s) = 0.7577304840087891
RESTORATION
**************************************

[FRP] solve 698 of phase 20, thetak=5.230e-04, Delta=5.000e-04

**************************************
Iteration 786:
thetak = 0.0005229911585901605
objk = 3.017520807305863
trustRadius = 0.0005
sampleRadius = 0.0005
stepNorm = 0.09729538053300502
chi = 0.27361435369037085
Iteration time (s) = 0.7735111713409424
RESTORATION
**************************************

[FRP] solve 699 of phase 20, thetak=5.230e-04, Delta=5.000e-04

**************************************
Iteration 787:
thetak = 0.0005229911585901605
objk = 3.017520807305863
trustRadius = 0.0005
sampleRadius = 0.0005
stepNorm = 0.09729538053300502
chi = 0.27361435369037085
Iteration time (s) = 0.8912353515625
RESTORATION
**************************************

[FRP] solve 700 of phase 20, thetak=5.230e-04, Delta=5.000e-04

**************************************
Iteration 788:
thetak = 0.0005229911585901605
objk = 3.017520807305863
trustRadius = 0.0005
sampleRadius = 0.0005
stepNorm = 0.09729538053300502
chi = 0.27361435369037085
Iteration time (s) = 0.7679967880249023
RESTORATION
**************************************

[FRP] solve 701 of phase 20, thetak=5.230e-04, Delta=5.000e-04

**************************************
Iteration 789:
thetak = 0.0005229911585901605
objk = 3.017520807305863
trustRadius = 0.0005
sampleRadius = 0.0005
stepNorm = 0.09729538053300502
chi = 0.27361435369037085
Iteration time (s) = 0.7704541683197021
RESTORATION
**************************************

[FRP] solve 702 of phase 20, thetak=5.230e-04, Delta=5.000e-04

**************************************
Iteration 790:
thetak = 0.0005229911585901605
objk = 3.017520807305863
trustRadius = 0.0005
sampleRadius = 0.0005
stepNorm = 0.09729538053300502
chi = 0.27361435369037085
Iteration time (s) = 0.7605619430541992
RESTORATION
**************************************

[FRP] solve 703 of phase 20, thetak=5.230e-04, Delta=5.000e-04

**************************************
Iteration 791:
thetak = 0.0005229911585901605
objk = 3.017520807305863
trustRadius = 0.0005
sampleRadius = 0.0005
stepNorm = 0.09729538053300502
chi = 0.27361435369037085
Iteration time (s) = 0.8599143028259277
RESTORATION
**************************************

[FRP] solve 704 of phase 20, thetak=5.230e-04, Delta=5.000e-04

**************************************
Iteration 792:
thetak = 0.0005229911585901605
objk = 3.017520807305863
trustRadius = 0.0005
sampleRadius = 0.0005
stepNorm = 0.09729538053300502
chi = 0.27361435369037085
Iteration time (s) = 0.8809306621551514
RESTORATION
**************************************

[FRP] solve 705 of phase 20, thetak=5.230e-04, Delta=5.000e-04

**************************************
Iteration 793:
thetak = 0.0005229911585901605
objk = 3.017520807305863
trustRadius = 0.0005
sampleRadius = 0.0005
stepNorm = 0.09729538053300502
chi = 0.27361435369037085
Iteration time (s) = 0.7530293464660645
RESTORATION
**************************************

[FRP] solve 706 of phase 20, thetak=5.230e-04, Delta=5.000e-04

**************************************
Iteration 794:
thetak = 0.0005229911585901605
objk = 3.017520807305863
trustRadius = 0.0005
sampleRadius = 0.0005
stepNorm = 0.09729538053300502
chi = 0.27361435369037085
Iteration time (s) = 0.8026924133300781
RESTORATION
**************************************

[FRP] solve 707 of phase 20, thetak=5.230e-04, Delta=5.000e-04

**************************************
Iteration 795:
thetak = 0.0005229911585901605
objk = 3.017520807305863
trustRadius = 0.0005
sampleRadius = 0.0005
stepNorm = 0.09729538053300502
chi = 0.27361435369037085
Iteration time (s) = 0.7664029598236084
RESTORATION
**************************************

[FRP] solve 708 of phase 20, thetak=5.230e-04, Delta=5.000e-04

**************************************
Iteration 796:
thetak = 0.0005229911585901605
objk = 3.017520807305863
trustRadius = 0.0005
sampleRadius = 0.0005
stepNorm = 0.09729538053300502
chi = 0.27361435369037085
Iteration time (s) = 0.7439384460449219
RESTORATION
**************************************

[FRP] solve 709 of phase 20, thetak=5.230e-04, Delta=5.000e-04

**************************************
Iteration 797:
thetak = 0.0005229911585901605
objk = 3.017520807305863
trustRadius = 0.0005
sampleRadius = 0.0005
stepNorm = 0.09729538053300502
chi = 0.27361435369037085
Iteration time (s) = 0.7649800777435303
RESTORATION
**************************************

[FRP] solve 710 of phase 20, thetak=5.230e-04, Delta=5.000e-04

**************************************
Iteration 798:
thetak = 0.0005229911585901605
objk = 3.017520807305863
trustRadius = 0.0005
sampleRadius = 0.0005
stepNorm = 0.09729538053300502
chi = 0.27361435369037085
Iteration time (s) = 0.7560756206512451
RESTORATION
**************************************

[FRP] solve 711 of phase 20, thetak=5.230e-04, Delta=5.000e-04

**************************************
Iteration 799:
thetak = 0.0005229911585901605
objk = 3.017520807305863
trustRadius = 0.0005
sampleRadius = 0.0005
stepNorm = 0.09729538053300502
chi = 0.27361435369037085
Iteration time (s) = 0.7477319240570068
RESTORATION
**************************************

[FRP] solve 712 of phase 20, thetak=5.230e-04, Delta=5.000e-04

**************************************
Iteration 800:
thetak = 0.0005229911585901605
objk = 3.017520807305863
trustRadius = 0.0005
sampleRadius = 0.0005
stepNorm = 0.09729538053300502
chi = 0.27361435369037085
Iteration time (s) = 0.7433779239654541
RESTORATION
**************************************

[FRP] solve 713 of phase 20, thetak=5.230e-04, Delta=5.000e-04

**************************************
Iteration 801:
thetak = 0.0005229911585901605
objk = 3.017520807305863
trustRadius = 0.0005
sampleRadius = 0.0005
stepNorm = 0.09729538053300502
chi = 0.27361435369037085
Iteration time (s) = 0.7556946277618408
RESTORATION
**************************************

[FRP] solve 714 of phase 20, thetak=5.230e-04, Delta=5.000e-04

**************************************
Iteration 802:
thetak = 0.0005229911585901605
objk = 3.017520807305863
trustRadius = 0.0005
sampleRadius = 0.0005
stepNorm = 0.09729538053300502
chi = 0.27361435369037085
Iteration time (s) = 0.7763955593109131
RESTORATION
**************************************

[FRP] solve 715 of phase 20, thetak=5.230e-04, Delta=5.000e-04

**************************************
Iteration 803:
thetak = 0.0005229911585901605
objk = 3.017520807305863
trustRadius = 0.0005
sampleRadius = 0.0005
stepNorm = 0.09729538053300502
chi = 0.27361435369037085
Iteration time (s) = 0.7506077289581299
RESTORATION
**************************************

[FRP] solve 716 of phase 20, thetak=5.230e-04, Delta=5.000e-04

**************************************
Iteration 804:
thetak = 0.0005229911585901605
objk = 3.017520807305863
trustRadius = 0.0005
sampleRadius = 0.0005
stepNorm = 0.09729538053300502
chi = 0.27361435369037085
Iteration time (s) = 0.7567050457000732
RESTORATION
**************************************

[FRP] solve 717 of phase 20, thetak=5.230e-04, Delta=5.000e-04

**************************************
Iteration 805:
thetak = 0.0005229911585901605
objk = 3.017520807305863
trustRadius = 0.0005
sampleRadius = 0.0005
stepNorm = 0.09729538053300502
chi = 0.27361435369037085
Iteration time (s) = 0.7534048557281494
RESTORATION
**************************************

[FRP] solve 718 of phase 20, thetak=5.230e-04, Delta=5.000e-04

**************************************
Iteration 806:
thetak = 0.0005229911585901605
objk = 3.017520807305863
trustRadius = 0.0005
sampleRadius = 0.0005
stepNorm = 0.09729538053300502
chi = 0.27361435369037085
Iteration time (s) = 0.7482690811157227
RESTORATION
**************************************

[FRP] solve 719 of phase 20, thetak=5.230e-04, Delta=5.000e-04

**************************************
Iteration 807:
thetak = 0.0005229911585901605
objk = 3.017520807305863
trustRadius = 0.0005
sampleRadius = 0.0005
stepNorm = 0.09729538053300502
chi = 0.27361435369037085
Iteration time (s) = 0.7623903751373291
RESTORATION
**************************************

[FRP] solve 720 of phase 20, thetak=5.230e-04, Delta=5.000e-04

**************************************
Iteration 808:
thetak = 0.0005229911585901605
objk = 3.017520807305863
trustRadius = 0.0005
sampleRadius = 0.0005
stepNorm = 0.09729538053300502
chi = 0.27361435369037085
Iteration time (s) = 0.7661077976226807
RESTORATION
**************************************

[FRP] solve 721 of phase 20, thetak=5.230e-04, Delta=5.000e-04

**************************************
Iteration 809:
thetak = 0.0005229911585901605
objk = 3.017520807305863
trustRadius = 0.0005
sampleRadius = 0.0005
stepNorm = 0.09729538053300502
chi = 0.27361435369037085
Iteration time (s) = 0.7770226001739502
RESTORATION
**************************************

[FRP] solve 722 of phase 20, thetak=5.230e-04, Delta=5.000e-04

**************************************
Iteration 810:
thetak = 0.0005229911585901605
objk = 3.017520807305863
trustRadius = 0.0005
sampleRadius = 0.0005
stepNorm = 0.09729538053300502
chi = 0.27361435369037085
Iteration time (s) = 0.7679123878479004
RESTORATION
**************************************

[FRP] solve 723 of phase 20, thetak=5.230e-04, Delta=5.000e-04

**************************************
Iteration 811:
thetak = 0.0005229911585901605
objk = 3.017520807305863
trustRadius = 0.0005
sampleRadius = 0.0005
stepNorm = 0.09729538053300502
chi = 0.27361435369037085
Iteration time (s) = 0.7524042129516602
RESTORATION
**************************************

[FRP] solve 724 of phase 20, thetak=5.230e-04, Delta=5.000e-04

**************************************
Iteration 812:
thetak = 0.0005229911585901605
objk = 3.017520807305863
trustRadius = 0.0005
sampleRadius = 0.0005
stepNorm = 0.09729538053300502
chi = 0.27361435369037085
Iteration time (s) = 0.7901268005371094
RESTORATION
**************************************

[FRP] solve 725 of phase 20, thetak=5.230e-04, Delta=5.000e-04

**************************************
Iteration 813:
thetak = 0.0005229911585901605
objk = 3.017520807305863
trustRadius = 0.0005
sampleRadius = 0.0005
stepNorm = 0.09729538053300502
chi = 0.27361435369037085
Iteration time (s) = 0.8336567878723145
RESTORATION
**************************************

[FRP] solve 726 of phase 20, thetak=5.230e-04, Delta=5.000e-04

**************************************
Iteration 814:
thetak = 0.0005229911585901605
objk = 3.017520807305863
trustRadius = 0.0005
sampleRadius = 0.0005
stepNorm = 0.09729538053300502
chi = 0.27361435369037085
Iteration time (s) = 0.7747859954833984
RESTORATION
**************************************

[FRP] solve 727 of phase 20, thetak=5.230e-04, Delta=5.000e-04

**************************************
Iteration 815:
thetak = 0.0005229911585901605
objk = 3.017520807305863
trustRadius = 0.0005
sampleRadius = 0.0005
stepNorm = 0.09729538053300502
chi = 0.27361435369037085
Iteration time (s) = 0.8148081302642822
RESTORATION
**************************************

[FRP] solve 728 of phase 20, thetak=5.230e-04, Delta=5.000e-04

**************************************
Iteration 816:
thetak = 0.0005229911585901605
objk = 3.017520807305863
trustRadius = 0.0005
sampleRadius = 0.0005
stepNorm = 0.09729538053300502
chi = 0.27361435369037085
Iteration time (s) = 0.7873947620391846
RESTORATION
**************************************

[FRP] solve 729 of phase 20, thetak=5.230e-04, Delta=5.000e-04

**************************************
Iteration 817:
thetak = 0.0005229911585901605
objk = 3.017520807305863
trustRadius = 0.0005
sampleRadius = 0.0005
stepNorm = 0.09729538053300502
chi = 0.27361435369037085
Iteration time (s) = 0.8977198600769043
RESTORATION
**************************************

[FRP] solve 730 of phase 20, thetak=5.230e-04, Delta=5.000e-04

**************************************
Iteration 818:
thetak = 0.0005229911585901605
objk = 3.017520807305863
trustRadius = 0.0005
sampleRadius = 0.0005
stepNorm = 0.09729538053300502
chi = 0.27361435369037085
Iteration time (s) = 0.744518518447876
RESTORATION
**************************************

[FRP] solve 731 of phase 20, thetak=5.230e-04, Delta=5.000e-04

**************************************
Iteration 819:
thetak = 0.0005229911585901605
objk = 3.017520807305863
trustRadius = 0.0005
sampleRadius = 0.0005
stepNorm = 0.09729538053300502
chi = 0.27361435369037085
Iteration time (s) = 0.8782589435577393
RESTORATION
**************************************

[FRP] solve 732 of phase 20, thetak=5.230e-04, Delta=5.000e-04

**************************************
Iteration 820:
thetak = 0.0005229911585901605
objk = 3.017520807305863
trustRadius = 0.0005
sampleRadius = 0.0005
stepNorm = 0.09729538053300502
chi = 0.27361435369037085
Iteration time (s) = 0.9364204406738281
RESTORATION
**************************************

[FRP] solve 733 of phase 20, thetak=5.230e-04, Delta=5.000e-04

**************************************
Iteration 821:
thetak = 0.0005229911585901605
objk = 3.017520807305863
trustRadius = 0.0005
sampleRadius = 0.0005
stepNorm = 0.09729538053300502
chi = 0.27361435369037085
Iteration time (s) = 0.7774920463562012
RESTORATION
**************************************

[FRP] solve 734 of phase 20, thetak=5.230e-04, Delta=5.000e-04

**************************************
Iteration 822:
thetak = 0.0005229911585901605
objk = 3.017520807305863
trustRadius = 0.0005
sampleRadius = 0.0005
stepNorm = 0.09729538053300502
chi = 0.27361435369037085
Iteration time (s) = 0.761244535446167
RESTORATION
**************************************

[FRP] solve 735 of phase 20, thetak=5.230e-04, Delta=5.000e-04

**************************************
Iteration 823:
thetak = 0.0005229911585901605
objk = 3.017520807305863
trustRadius = 0.0005
sampleRadius = 0.0005
stepNorm = 0.09729538053300502
chi = 0.27361435369037085
Iteration time (s) = 0.6621339321136475
RESTORATION
**************************************

[FRP] solve 736 of phase 20, thetak=5.230e-04, Delta=5.000e-04

**************************************
Iteration 824:
thetak = 0.0005229911585901605
objk = 3.017520807305863
trustRadius = 0.0005
sampleRadius = 0.0005
stepNorm = 0.09729538053300502
chi = 0.27361435369037085
Iteration time (s) = 0.8788487911224365
RESTORATION
**************************************

[FRP] solve 737 of phase 20, thetak=5.230e-04, Delta=5.000e-04

**************************************
Iteration 825:
thetak = 0.0005229911585901605
objk = 3.017520807305863
trustRadius = 0.0005
sampleRadius = 0.0005
stepNorm = 0.09729538053300502
chi = 0.27361435369037085
Iteration time (s) = 0.7619543075561523
RESTORATION
**************************************

[FRP] solve 738 of phase 20, thetak=5.230e-04, Delta=5.000e-04

**************************************
Iteration 826:
thetak = 0.0005229911585901605
objk = 3.017520807305863
trustRadius = 0.0005
sampleRadius = 0.0005
stepNorm = 0.09729538053300502
chi = 0.27361435369037085
Iteration time (s) = 0.7648887634277344
RESTORATION
**************************************

[FRP] solve 739 of phase 20, thetak=5.230e-04, Delta=5.000e-04

**************************************
Iteration 827:
thetak = 0.0005229911585901605
objk = 3.017520807305863
trustRadius = 0.0005
sampleRadius = 0.0005
stepNorm = 0.09729538053300502
chi = 0.27361435369037085
Iteration time (s) = 0.7468698024749756
RESTORATION
**************************************

[FRP] solve 740 of phase 20, thetak=5.230e-04, Delta=5.000e-04

**************************************
Iteration 828:
thetak = 0.0005229911585901605
objk = 3.017520807305863
trustRadius = 0.0005
sampleRadius = 0.0005
stepNorm = 0.09729538053300502
chi = 0.27361435369037085
Iteration time (s) = 0.6573214530944824
RESTORATION
**************************************

[FRP] solve 741 of phase 20, thetak=5.230e-04, Delta=5.000e-04

**************************************
Iteration 829:
thetak = 0.0005229911585901605
objk = 3.017520807305863
trustRadius = 0.0005
sampleRadius = 0.0005
stepNorm = 0.09729538053300502
chi = 0.27361435369037085
Iteration time (s) = 0.7458419799804688
RESTORATION
**************************************

[FRP] solve 742 of phase 20, thetak=5.230e-04, Delta=5.000e-04

**************************************
Iteration 830:
thetak = 0.0005229911585901605
objk = 3.017520807305863
trustRadius = 0.0005
sampleRadius = 0.0005
stepNorm = 0.09729538053300502
chi = 0.27361435369037085
Iteration time (s) = 0.7524912357330322
RESTORATION
**************************************

[FRP] solve 743 of phase 20, thetak=5.230e-04, Delta=5.000e-04

**************************************
Iteration 831:
thetak = 0.0005229911585901605
objk = 3.017520807305863
trustRadius = 0.0005
sampleRadius = 0.0005
stepNorm = 0.09729538053300502
chi = 0.27361435369037085
Iteration time (s) = 0.7772603034973145
RESTORATION
**************************************

[FRP] solve 744 of phase 20, thetak=5.230e-04, Delta=5.000e-04

**************************************
Iteration 832:
thetak = 0.0005229911585901605
objk = 3.017520807305863
trustRadius = 0.0005
sampleRadius = 0.0005
stepNorm = 0.09729538053300502
chi = 0.27361435369037085
Iteration time (s) = 0.7657492160797119
RESTORATION
**************************************

[FRP] solve 745 of phase 20, thetak=5.230e-04, Delta=5.000e-04

**************************************
Iteration 833:
thetak = 0.0005229911585901605
objk = 3.017520807305863
trustRadius = 0.0005
sampleRadius = 0.0005
stepNorm = 0.09729538053300502
chi = 0.27361435369037085
Iteration time (s) = 0.7575130462646484
RESTORATION
**************************************

[FRP] solve 746 of phase 20, thetak=5.230e-04, Delta=5.000e-04

**************************************
Iteration 834:
thetak = 0.0005229911585901605
objk = 3.017520807305863
trustRadius = 0.0005
sampleRadius = 0.0005
stepNorm = 0.09729538053300502
chi = 0.27361435369037085
Iteration time (s) = 0.7504804134368896
RESTORATION
**************************************

[FRP] solve 747 of phase 20, thetak=5.230e-04, Delta=5.000e-04

**************************************
Iteration 835:
thetak = 0.0005229911585901605
objk = 3.017520807305863
trustRadius = 0.0005
sampleRadius = 0.0005
stepNorm = 0.09729538053300502
chi = 0.27361435369037085
Iteration time (s) = 0.7573277950286865
RESTORATION
**************************************

[FRP] solve 748 of phase 20, thetak=5.230e-04, Delta=5.000e-04

**************************************
Iteration 836:
thetak = 0.0005229911585901605
objk = 3.017520807305863
trustRadius = 0.0005
sampleRadius = 0.0005
stepNorm = 0.09729538053300502
chi = 0.27361435369037085
Iteration time (s) = 0.7658500671386719
RESTORATION
**************************************

[FRP] solve 749 of phase 20, thetak=5.230e-04, Delta=5.000e-04

**************************************
Iteration 837:
thetak = 0.0005229911585901605
objk = 3.017520807305863
trustRadius = 0.0005
sampleRadius = 0.0005
stepNorm = 0.09729538053300502
chi = 0.27361435369037085
Iteration time (s) = 0.7577083110809326
RESTORATION
**************************************

[FRP] solve 750 of phase 20, thetak=5.230e-04, Delta=5.000e-04

**************************************
Iteration 838:
thetak = 0.0005229911585901605
objk = 3.017520807305863
trustRadius = 0.0005
sampleRadius = 0.0005
stepNorm = 0.09729538053300502
chi = 0.27361435369037085
Iteration time (s) = 0.7514376640319824
RESTORATION
**************************************

[FRP] solve 751 of phase 20, thetak=5.230e-04, Delta=5.000e-04

**************************************
Iteration 839:
thetak = 0.0005229911585901605
objk = 3.017520807305863
trustRadius = 0.0005
sampleRadius = 0.0005
stepNorm = 0.09729538053300502
chi = 0.27361435369037085
Iteration time (s) = 0.7853503227233887
RESTORATION
**************************************

[FRP] solve 752 of phase 20, thetak=5.230e-04, Delta=5.000e-04

**************************************
Iteration 840:
thetak = 0.0005229911585901605
objk = 3.017520807305863
trustRadius = 0.0005
sampleRadius = 0.0005
stepNorm = 0.09729538053300502
chi = 0.27361435369037085
Iteration time (s) = 0.6458401679992676
RESTORATION
**************************************

[FRP] solve 753 of phase 20, thetak=5.230e-04, Delta=5.000e-04

**************************************
Iteration 841:
thetak = 0.0005229911585901605
objk = 3.017520807305863
trustRadius = 0.0005
sampleRadius = 0.0005
stepNorm = 0.09729538053300502
chi = 0.27361435369037085
Iteration time (s) = 0.7564883232116699
RESTORATION
**************************************

[FRP] solve 754 of phase 20, thetak=5.230e-04, Delta=5.000e-04

**************************************
Iteration 842:
thetak = 0.0005229911585901605
objk = 3.017520807305863
trustRadius = 0.0005
sampleRadius = 0.0005
stepNorm = 0.09729538053300502
chi = 0.27361435369037085
Iteration time (s) = 0.8997960090637207
RESTORATION
**************************************

[FRP] solve 755 of phase 20, thetak=5.230e-04, Delta=5.000e-04

**************************************
Iteration 843:
thetak = 0.0005229911585901605
objk = 3.017520807305863
trustRadius = 0.0005
sampleRadius = 0.0005
stepNorm = 0.09729538053300502
chi = 0.27361435369037085
Iteration time (s) = 0.7728466987609863
RESTORATION
**************************************

[FRP] solve 756 of phase 20, thetak=5.230e-04, Delta=5.000e-04

**************************************
Iteration 844:
thetak = 0.0005229911585901605
objk = 3.017520807305863
trustRadius = 0.0005
sampleRadius = 0.0005
stepNorm = 0.09729538053300502
chi = 0.27361435369037085
Iteration time (s) = 0.82375168800354
RESTORATION
**************************************

[FRP] solve 757 of phase 20, thetak=5.230e-04, Delta=5.000e-04

**************************************
Iteration 845:
thetak = 0.0005229911585901605
objk = 3.017520807305863
trustRadius = 0.0005
sampleRadius = 0.0005
stepNorm = 0.09729538053300502
chi = 0.27361435369037085
Iteration time (s) = 0.7426762580871582
RESTORATION
**************************************

[FRP] solve 758 of phase 20, thetak=5.230e-04, Delta=5.000e-04

**************************************
Iteration 846:
thetak = 0.0005229911585901605
objk = 3.017520807305863
trustRadius = 0.0005
sampleRadius = 0.0005
stepNorm = 0.09729538053300502
chi = 0.27361435369037085
Iteration time (s) = 0.8911542892456055
RESTORATION
**************************************

[FRP] solve 759 of phase 20, thetak=5.230e-04, Delta=5.000e-04

**************************************
Iteration 847:
thetak = 0.0005229911585901605
objk = 3.017520807305863
trustRadius = 0.0005
sampleRadius = 0.0005
stepNorm = 0.09729538053300502
chi = 0.27361435369037085
Iteration time (s) = 0.7548651695251465
RESTORATION
**************************************

[FRP] solve 760 of phase 20, thetak=5.230e-04, Delta=5.000e-04

**************************************
Iteration 848:
thetak = 0.0005229911585901605
objk = 3.017520807305863
trustRadius = 0.0005
sampleRadius = 0.0005
stepNorm = 0.09729538053300502
chi = 0.27361435369037085
Iteration time (s) = 0.7455618381500244
RESTORATION
**************************************

[FRP] solve 761 of phase 20, thetak=5.230e-04, Delta=5.000e-04

**************************************
Iteration 849:
thetak = 0.0005229911585901605
objk = 3.017520807305863
trustRadius = 0.0005
sampleRadius = 0.0005
stepNorm = 0.09729538053300502
chi = 0.27361435369037085
Iteration time (s) = 0.7620060443878174
RESTORATION
**************************************

[FRP] solve 762 of phase 20, thetak=5.230e-04, Delta=5.000e-04

**************************************
Iteration 850:
thetak = 0.0005229911585901605
objk = 3.017520807305863
trustRadius = 0.0005
sampleRadius = 0.0005
stepNorm = 0.09729538053300502
chi = 0.27361435369037085
Iteration time (s) = 0.7646214962005615
RESTORATION
**************************************

[FRP] solve 763 of phase 20, thetak=5.230e-04, Delta=5.000e-04

**************************************
Iteration 851:
thetak = 0.0005229911585901605
objk = 3.017520807305863
trustRadius = 0.0005
sampleRadius = 0.0005
stepNorm = 0.09729538053300502
chi = 0.27361435369037085
Iteration time (s) = 0.7487821578979492
RESTORATION
**************************************

[FRP] solve 764 of phase 20, thetak=5.230e-04, Delta=5.000e-04

**************************************
Iteration 852:
thetak = 0.0005229911585901605
objk = 3.017520807305863
trustRadius = 0.0005
sampleRadius = 0.0005
stepNorm = 0.09729538053300502
chi = 0.27361435369037085
Iteration time (s) = 0.7668881416320801
RESTORATION
**************************************

[FRP] solve 765 of phase 20, thetak=5.230e-04, Delta=5.000e-04

**************************************
Iteration 853:
thetak = 0.0005229911585901605
objk = 3.017520807305863
trustRadius = 0.0005
sampleRadius = 0.0005
stepNorm = 0.09729538053300502
chi = 0.27361435369037085
Iteration time (s) = 0.7708127498626709
RESTORATION
**************************************

[FRP] solve 766 of phase 20, thetak=5.230e-04, Delta=5.000e-04

**************************************
Iteration 854:
thetak = 0.0005229911585901605
objk = 3.017520807305863
trustRadius = 0.0005
sampleRadius = 0.0005
stepNorm = 0.09729538053300502
chi = 0.27361435369037085
Iteration time (s) = 0.7503180503845215
RESTORATION
**************************************

[FRP] solve 767 of phase 20, thetak=5.230e-04, Delta=5.000e-04

**************************************
Iteration 855:
thetak = 0.0005229911585901605
objk = 3.017520807305863
trustRadius = 0.0005
sampleRadius = 0.0005
stepNorm = 0.09729538053300502
chi = 0.27361435369037085
Iteration time (s) = 0.7538967132568359
RESTORATION
**************************************

[FRP] solve 768 of phase 20, thetak=5.230e-04, Delta=5.000e-04

**************************************
Iteration 856:
thetak = 0.0005229911585901605
objk = 3.017520807305863
trustRadius = 0.0005
sampleRadius = 0.0005
stepNorm = 0.09729538053300502
chi = 0.27361435369037085
Iteration time (s) = 0.7511038780212402
RESTORATION
**************************************

[FRP] solve 769 of phase 20, thetak=5.230e-04, Delta=5.000e-04

**************************************
Iteration 857:
thetak = 0.0005229911585901605
objk = 3.017520807305863
trustRadius = 0.0005
sampleRadius = 0.0005
stepNorm = 0.09729538053300502
chi = 0.27361435369037085
Iteration time (s) = 0.7584092617034912
RESTORATION
**************************************

[FRP] solve 770 of phase 20, thetak=5.230e-04, Delta=5.000e-04

**************************************
Iteration 858:
thetak = 0.0005229911585901605
objk = 3.017520807305863
trustRadius = 0.0005
sampleRadius = 0.0005
stepNorm = 0.09729538053300502
chi = 0.27361435369037085
Iteration time (s) = 0.7645130157470703
RESTORATION
**************************************

[FRP] solve 771 of phase 20, thetak=5.230e-04, Delta=5.000e-04

**************************************
Iteration 859:
thetak = 0.0005229911585901605
objk = 3.017520807305863
trustRadius = 0.0005
sampleRadius = 0.0005
stepNorm = 0.09729538053300502
chi = 0.27361435369037085
Iteration time (s) = 0.7805299758911133
RESTORATION
**************************************

[FRP] solve 772 of phase 20, thetak=5.230e-04, Delta=5.000e-04

**************************************
Iteration 860:
thetak = 0.0005229911585901605
objk = 3.017520807305863
trustRadius = 0.0005
sampleRadius = 0.0005
stepNorm = 0.09729538053300502
chi = 0.27361435369037085
Iteration time (s) = 0.7438225746154785
RESTORATION
**************************************

[FRP] solve 773 of phase 20, thetak=5.230e-04, Delta=5.000e-04

**************************************
Iteration 861:
thetak = 0.0005229911585901605
objk = 3.017520807305863
trustRadius = 0.0005
sampleRadius = 0.0005
stepNorm = 0.09729538053300502
chi = 0.27361435369037085
Iteration time (s) = 0.8742532730102539
RESTORATION
**************************************

[FRP] solve 774 of phase 20, thetak=5.230e-04, Delta=5.000e-04

**************************************
Iteration 862:
thetak = 0.0005229911585901605
objk = 3.017520807305863
trustRadius = 0.0005
sampleRadius = 0.0005
stepNorm = 0.09729538053300502
chi = 0.27361435369037085
Iteration time (s) = 0.7515673637390137
RESTORATION
**************************************

[FRP] solve 775 of phase 20, thetak=5.230e-04, Delta=5.000e-04

**************************************
Iteration 863:
thetak = 0.0005229911585901605
objk = 3.017520807305863
trustRadius = 0.0005
sampleRadius = 0.0005
stepNorm = 0.09729538053300502
chi = 0.27361435369037085
Iteration time (s) = 0.7386577129364014
RESTORATION
**************************************

[FRP] solve 776 of phase 20, thetak=5.230e-04, Delta=5.000e-04

**************************************
Iteration 864:
thetak = 0.0005229911585901605
objk = 3.017520807305863
trustRadius = 0.0005
sampleRadius = 0.0005
stepNorm = 0.09729538053300502
chi = 0.27361435369037085
Iteration time (s) = 0.7780055999755859
RESTORATION
**************************************

[FRP] solve 777 of phase 20, thetak=5.230e-04, Delta=5.000e-04

**************************************
Iteration 865:
thetak = 0.0005229911585901605
objk = 3.017520807305863
trustRadius = 0.0005
sampleRadius = 0.0005
stepNorm = 0.09729538053300502
chi = 0.27361435369037085
Iteration time (s) = 0.804023265838623
RESTORATION
**************************************

[FRP] solve 778 of phase 20, thetak=5.230e-04, Delta=5.000e-04

**************************************
Iteration 866:
thetak = 0.0005229911585901605
objk = 3.017520807305863
trustRadius = 0.0005
sampleRadius = 0.0005
stepNorm = 0.09729538053300502
chi = 0.27361435369037085
Iteration time (s) = 0.7762761116027832
RESTORATION
**************************************

[FRP] solve 779 of phase 20, thetak=5.230e-04, Delta=5.000e-04

**************************************
Iteration 867:
thetak = 0.0005229911585901605
objk = 3.017520807305863
trustRadius = 0.0005
sampleRadius = 0.0005
stepNorm = 0.09729538053300502
chi = 0.27361435369037085
Iteration time (s) = 0.7678163051605225
RESTORATION
**************************************

[FRP] solve 780 of phase 20, thetak=5.230e-04, Delta=5.000e-04

**************************************
Iteration 868:
thetak = 0.0005229911585901605
objk = 3.017520807305863
trustRadius = 0.0005
sampleRadius = 0.0005
stepNorm = 0.09729538053300502
chi = 0.27361435369037085
Iteration time (s) = 0.7762835025787354
RESTORATION
**************************************

[FRP] solve 781 of phase 20, thetak=5.230e-04, Delta=5.000e-04

**************************************
Iteration 869:
thetak = 0.0005229911585901605
objk = 3.017520807305863
trustRadius = 0.0005
sampleRadius = 0.0005
stepNorm = 0.09729538053300502
chi = 0.27361435369037085
Iteration time (s) = 0.7638514041900635
RESTORATION
**************************************

[FRP] solve 782 of phase 20, thetak=5.230e-04, Delta=5.000e-04

**************************************
Iteration 870:
thetak = 0.0005229911585901605
objk = 3.017520807305863
trustRadius = 0.0005
sampleRadius = 0.0005
stepNorm = 0.09729538053300502
chi = 0.27361435369037085
Iteration time (s) = 0.7508540153503418
RESTORATION
**************************************

[FRP] solve 783 of phase 20, thetak=5.230e-04, Delta=5.000e-04

**************************************
Iteration 871:
thetak = 0.0005229911585901605
objk = 3.017520807305863
trustRadius = 0.0005
sampleRadius = 0.0005
stepNorm = 0.09729538053300502
chi = 0.27361435369037085
Iteration time (s) = 0.762315034866333
RESTORATION
**************************************

[FRP] solve 784 of phase 20, thetak=5.230e-04, Delta=5.000e-04

**************************************
Iteration 872:
thetak = 0.0005229911585901605
objk = 3.017520807305863
trustRadius = 0.0005
sampleRadius = 0.0005
stepNorm = 0.09729538053300502
chi = 0.27361435369037085
Iteration time (s) = 0.6608767509460449
RESTORATION
**************************************

[FRP] solve 785 of phase 20, thetak=5.230e-04, Delta=5.000e-04

**************************************
Iteration 873:
thetak = 0.0005229911585901605
objk = 3.017520807305863
trustRadius = 0.0005
sampleRadius = 0.0005
stepNorm = 0.09729538053300502
chi = 0.27361435369037085
Iteration time (s) = 0.8697876930236816
RESTORATION
**************************************

[FRP] solve 786 of phase 20, thetak=5.230e-04, Delta=5.000e-04

**************************************
Iteration 874:
thetak = 0.0005229911585901605
objk = 3.017520807305863
trustRadius = 0.0005
sampleRadius = 0.0005
stepNorm = 0.09729538053300502
chi = 0.27361435369037085
Iteration time (s) = 0.7563142776489258
RESTORATION
**************************************

[FRP] solve 787 of phase 20, thetak=5.230e-04, Delta=5.000e-04

**************************************
Iteration 875:
thetak = 0.0005229911585901605
objk = 3.017520807305863
trustRadius = 0.0005
sampleRadius = 0.0005
stepNorm = 0.09729538053300502
chi = 0.27361435369037085
Iteration time (s) = 0.7591767311096191
RESTORATION
**************************************

[FRP] solve 788 of phase 20, thetak=5.230e-04, Delta=5.000e-04

**************************************
Iteration 876:
thetak = 0.0005229911585901605
objk = 3.017520807305863
trustRadius = 0.0005
sampleRadius = 0.0005
stepNorm = 0.09729538053300502
chi = 0.27361435369037085
Iteration time (s) = 0.7811591625213623
RESTORATION
**************************************

[FRP] solve 789 of phase 20, thetak=5.230e-04, Delta=5.000e-04

**************************************
Iteration 877:
thetak = 0.0005229911585901605
objk = 3.017520807305863
trustRadius = 0.0005
sampleRadius = 0.0005
stepNorm = 0.09729538053300502
chi = 0.27361435369037085
Iteration time (s) = 0.7604734897613525
RESTORATION
**************************************

[FRP] solve 790 of phase 20, thetak=5.230e-04, Delta=5.000e-04

**************************************
Iteration 878:
thetak = 0.0005229911585901605
objk = 3.017520807305863
trustRadius = 0.0005
sampleRadius = 0.0005
stepNorm = 0.09729538053300502
chi = 0.27361435369037085
Iteration time (s) = 0.7516825199127197
RESTORATION
**************************************

[FRP] solve 791 of phase 20, thetak=5.230e-04, Delta=5.000e-04

**************************************
Iteration 879:
thetak = 0.0005229911585901605
objk = 3.017520807305863
trustRadius = 0.0005
sampleRadius = 0.0005
stepNorm = 0.09729538053300502
chi = 0.27361435369037085
Iteration time (s) = 0.7607643604278564
RESTORATION
**************************************

[FRP] solve 792 of phase 20, thetak=5.230e-04, Delta=5.000e-04

**************************************
Iteration 880:
thetak = 0.0005229911585901605
objk = 3.017520807305863
trustRadius = 0.0005
sampleRadius = 0.0005
stepNorm = 0.09729538053300502
chi = 0.27361435369037085
Iteration time (s) = 0.7696325778961182
RESTORATION
**************************************

[FRP] solve 793 of phase 20, thetak=5.230e-04, Delta=5.000e-04

**************************************
Iteration 881:
thetak = 0.0005229911585901605
objk = 3.017520807305863
trustRadius = 0.0005
sampleRadius = 0.0005
stepNorm = 0.09729538053300502
chi = 0.27361435369037085
Iteration time (s) = 0.7595677375793457
RESTORATION
**************************************

[FRP] solve 794 of phase 20, thetak=5.230e-04, Delta=5.000e-04

**************************************
Iteration 882:
thetak = 0.0005229911585901605
objk = 3.017520807305863
trustRadius = 0.0005
sampleRadius = 0.0005
stepNorm = 0.09729538053300502
chi = 0.27361435369037085
Iteration time (s) = 0.7663085460662842
RESTORATION
**************************************

[FRP] solve 795 of phase 20, thetak=5.230e-04, Delta=5.000e-04

**************************************
Iteration 883:
thetak = 0.0005229911585901605
objk = 3.017520807305863
trustRadius = 0.0005
sampleRadius = 0.0005
stepNorm = 0.09729538053300502
chi = 0.27361435369037085
Iteration time (s) = 0.8727567195892334
RESTORATION
**************************************

[FRP] solve 796 of phase 20, thetak=5.230e-04, Delta=5.000e-04

**************************************
Iteration 884:
thetak = 0.0005229911585901605
objk = 3.017520807305863
trustRadius = 0.0005
sampleRadius = 0.0005
stepNorm = 0.09729538053300502
chi = 0.27361435369037085
Iteration time (s) = 0.7408034801483154
RESTORATION
**************************************

[FRP] solve 797 of phase 20, thetak=5.230e-04, Delta=5.000e-04

**************************************
Iteration 885:
thetak = 0.0005229911585901605
objk = 3.017520807305863
trustRadius = 0.0005
sampleRadius = 0.0005
stepNorm = 0.09729538053300502
chi = 0.27361435369037085
Iteration time (s) = 0.7470481395721436
RESTORATION
**************************************

[FRP] solve 798 of phase 20, thetak=5.230e-04, Delta=5.000e-04

**************************************
Iteration 886:
thetak = 0.0005229911585901605
objk = 3.017520807305863
trustRadius = 0.0005
sampleRadius = 0.0005
stepNorm = 0.09729538053300502
chi = 0.27361435369037085
Iteration time (s) = 0.7580959796905518
RESTORATION
**************************************

[FRP] solve 799 of phase 20, thetak=5.230e-04, Delta=5.000e-04

**************************************
Iteration 887:
thetak = 0.0005229911585901605
objk = 3.017520807305863
trustRadius = 0.0005
sampleRadius = 0.0005
stepNorm = 0.09729538053300502
chi = 0.27361435369037085
Iteration time (s) = 0.7525699138641357
RESTORATION
**************************************

[FRP] solve 800 of phase 20, thetak=5.230e-04, Delta=5.000e-04

**************************************
Iteration 888:
thetak = 0.0005229911585901605
objk = 3.017520807305863
trustRadius = 0.0005
sampleRadius = 0.0005
stepNorm = 0.09729538053300502
chi = 0.27361435369037085
Iteration time (s) = 0.7662663459777832
RESTORATION
**************************************

[FRP] solve 801 of phase 20, thetak=5.230e-04, Delta=5.000e-04

**************************************
Iteration 889:
thetak = 0.0005229911585901605
objk = 3.017520807305863
trustRadius = 0.0005
sampleRadius = 0.0005
stepNorm = 0.09729538053300502
chi = 0.27361435369037085
Iteration time (s) = 0.7407193183898926
RESTORATION
**************************************

[FRP] solve 802 of phase 20, thetak=5.230e-04, Delta=5.000e-04

**************************************
Iteration 890:
thetak = 0.0005229911585901605
objk = 3.017520807305863
trustRadius = 0.0005
sampleRadius = 0.0005
stepNorm = 0.09729538053300502
chi = 0.27361435369037085
Iteration time (s) = 0.7617850303649902
RESTORATION
**************************************

[FRP] solve 803 of phase 20, thetak=5.230e-04, Delta=5.000e-04

**************************************
Iteration 891:
thetak = 0.0005229911585901605
objk = 3.017520807305863
trustRadius = 0.0005
sampleRadius = 0.0005
stepNorm = 0.09729538053300502
chi = 0.27361435369037085
Iteration time (s) = 0.7816307544708252
RESTORATION
**************************************

[FRP] solve 804 of phase 20, thetak=5.230e-04, Delta=5.000e-04

**************************************
Iteration 892:
thetak = 0.0005229911585901605
objk = 3.017520807305863
trustRadius = 0.0005
sampleRadius = 0.0005
stepNorm = 0.09729538053300502
chi = 0.27361435369037085
Iteration time (s) = 0.8330934047698975
RESTORATION
**************************************

[FRP] solve 805 of phase 20, thetak=5.230e-04, Delta=5.000e-04

**************************************
Iteration 893:
thetak = 0.0005229911585901605
objk = 3.017520807305863
trustRadius = 0.0005
sampleRadius = 0.0005
stepNorm = 0.09729538053300502
chi = 0.27361435369037085
Iteration time (s) = 0.7571911811828613
RESTORATION
**************************************

[FRP] solve 806 of phase 20, thetak=5.230e-04, Delta=5.000e-04

**************************************
Iteration 894:
thetak = 0.0005229911585901605
objk = 3.017520807305863
trustRadius = 0.0005
sampleRadius = 0.0005
stepNorm = 0.09729538053300502
chi = 0.27361435369037085
Iteration time (s) = 0.7533366680145264
RESTORATION
**************************************

[FRP] solve 807 of phase 20, thetak=5.230e-04, Delta=5.000e-04

**************************************
Iteration 895:
thetak = 0.0005229911585901605
objk = 3.017520807305863
trustRadius = 0.0005
sampleRadius = 0.0005
stepNorm = 0.09729538053300502
chi = 0.27361435369037085
Iteration time (s) = 0.759476900100708
RESTORATION
**************************************

[FRP] solve 808 of phase 20, thetak=5.230e-04, Delta=5.000e-04

**************************************
Iteration 896:
thetak = 0.0005229911585901605
objk = 3.017520807305863
trustRadius = 0.0005
sampleRadius = 0.0005
stepNorm = 0.09729538053300502
chi = 0.27361435369037085
Iteration time (s) = 0.7449626922607422
RESTORATION
**************************************

[FRP] solve 809 of phase 20, thetak=5.230e-04, Delta=5.000e-04

**************************************
Iteration 897:
thetak = 0.0005229911585901605
objk = 3.017520807305863
trustRadius = 0.0005
sampleRadius = 0.0005
stepNorm = 0.09729538053300502
chi = 0.27361435369037085
Iteration time (s) = 0.7508940696716309
RESTORATION
**************************************

[FRP] solve 810 of phase 20, thetak=5.230e-04, Delta=5.000e-04

**************************************
Iteration 898:
thetak = 0.0005229911585901605
objk = 3.017520807305863
trustRadius = 0.0005
sampleRadius = 0.0005
stepNorm = 0.09729538053300502
chi = 0.27361435369037085
Iteration time (s) = 0.7731318473815918
RESTORATION
**************************************

[FRP] solve 811 of phase 20, thetak=5.230e-04, Delta=5.000e-04

**************************************
Iteration 899:
thetak = 0.0005229911585901605
objk = 3.017520807305863
trustRadius = 0.0005
sampleRadius = 0.0005
stepNorm = 0.09729538053300502
chi = 0.27361435369037085
Iteration time (s) = 0.9000866413116455
RESTORATION
**************************************

[FRP] solve 812 of phase 20, thetak=5.230e-04, Delta=5.000e-04

**************************************
Iteration 900:
thetak = 0.0005229911585901605
objk = 3.017520807305863
trustRadius = 0.0005
sampleRadius = 0.0005
stepNorm = 0.09729538053300502
chi = 0.27361435369037085
Iteration time (s) = 0.8073678016662598
RESTORATION
**************************************

[FRP] solve 813 of phase 20, thetak=5.230e-04, Delta=5.000e-04

**************************************
Iteration 901:
thetak = 0.0005229911585901605
objk = 3.017520807305863
trustRadius = 0.0005
sampleRadius = 0.0005
stepNorm = 0.09729538053300502
chi = 0.27361435369037085
Iteration time (s) = 0.8045768737792969
RESTORATION
**************************************

[FRP] solve 814 of phase 20, thetak=5.230e-04, Delta=5.000e-04

**************************************
Iteration 902:
thetak = 0.0005229911585901605
objk = 3.017520807305863
trustRadius = 0.0005
sampleRadius = 0.0005
stepNorm = 0.09729538053300502
chi = 0.27361435369037085
Iteration time (s) = 0.7978918552398682
RESTORATION
**************************************

[FRP] solve 815 of phase 20, thetak=5.230e-04, Delta=5.000e-04

**************************************
Iteration 903:
thetak = 0.0005229911585901605
objk = 3.017520807305863
trustRadius = 0.0005
sampleRadius = 0.0005
stepNorm = 0.09729538053300502
chi = 0.27361435369037085
Iteration time (s) = 0.793341875076294
RESTORATION
**************************************

[FRP] solve 816 of phase 20, thetak=5.230e-04, Delta=5.000e-04

**************************************
Iteration 904:
thetak = 0.0005229911585901605
objk = 3.017520807305863
trustRadius = 0.0005
sampleRadius = 0.0005
stepNorm = 0.09729538053300502
chi = 0.27361435369037085
Iteration time (s) = 0.7952630519866943
RESTORATION
**************************************

[FRP] solve 817 of phase 20, thetak=5.230e-04, Delta=5.000e-04

**************************************
Iteration 905:
thetak = 0.0005229911585901605
objk = 3.017520807305863
trustRadius = 0.0005
sampleRadius = 0.0005
stepNorm = 0.09729538053300502
chi = 0.27361435369037085
Iteration time (s) = 0.9097695350646973
RESTORATION
**************************************

[FRP] solve 818 of phase 20, thetak=5.230e-04, Delta=5.000e-04

**************************************
Iteration 906:
thetak = 0.0005229911585901605
objk = 3.017520807305863
trustRadius = 0.0005
sampleRadius = 0.0005
stepNorm = 0.09729538053300502
chi = 0.27361435369037085
Iteration time (s) = 0.8033270835876465
RESTORATION
**************************************

[FRP] solve 819 of phase 20, thetak=5.230e-04, Delta=5.000e-04

**************************************
Iteration 907:
thetak = 0.0005229911585901605
objk = 3.017520807305863
trustRadius = 0.0005
sampleRadius = 0.0005
stepNorm = 0.09729538053300502
chi = 0.27361435369037085
Iteration time (s) = 0.7863426208496094
RESTORATION
**************************************

[FRP] solve 820 of phase 20, thetak=5.230e-04, Delta=5.000e-04

**************************************
Iteration 908:
thetak = 0.0005229911585901605
objk = 3.017520807305863
trustRadius = 0.0005
sampleRadius = 0.0005
stepNorm = 0.09729538053300502
chi = 0.27361435369037085
Iteration time (s) = 0.87990403175354
RESTORATION
**************************************

[FRP] solve 821 of phase 20, thetak=5.230e-04, Delta=5.000e-04

**************************************
Iteration 909:
thetak = 0.0005229911585901605
objk = 3.017520807305863
trustRadius = 0.0005
sampleRadius = 0.0005
stepNorm = 0.09729538053300502
chi = 0.27361435369037085
Iteration time (s) = 0.9123542308807373
RESTORATION
**************************************

[FRP] solve 822 of phase 20, thetak=5.230e-04, Delta=5.000e-04

**************************************
Iteration 910:
thetak = 0.0005229911585901605
objk = 3.017520807305863
trustRadius = 0.0005
sampleRadius = 0.0005
stepNorm = 0.09729538053300502
chi = 0.27361435369037085
Iteration time (s) = 0.777672290802002
RESTORATION
**************************************

[FRP] solve 823 of phase 20, thetak=5.230e-04, Delta=5.000e-04

**************************************
Iteration 911:
thetak = 0.0005229911585901605
objk = 3.017520807305863
trustRadius = 0.0005
sampleRadius = 0.0005
stepNorm = 0.09729538053300502
chi = 0.27361435369037085
Iteration time (s) = 0.8062241077423096
RESTORATION
**************************************

[FRP] solve 824 of phase 20, thetak=5.230e-04, Delta=5.000e-04

**************************************
Iteration 912:
thetak = 0.0005229911585901605
objk = 3.017520807305863
trustRadius = 0.0005
sampleRadius = 0.0005
stepNorm = 0.09729538053300502
chi = 0.27361435369037085
Iteration time (s) = 1.0305275917053223
RESTORATION
**************************************

[FRP] solve 825 of phase 20, thetak=5.230e-04, Delta=5.000e-04

**************************************
Iteration 913:
thetak = 0.0005229911585901605
objk = 3.017520807305863
trustRadius = 0.0005
sampleRadius = 0.0005
stepNorm = 0.09729538053300502
chi = 0.27361435369037085
Iteration time (s) = 0.8347020149230957
RESTORATION
**************************************

[FRP] solve 826 of phase 20, thetak=5.230e-04, Delta=5.000e-04

**************************************
Iteration 914:
thetak = 0.0005229911585901605
objk = 3.017520807305863
trustRadius = 0.0005
sampleRadius = 0.0005
stepNorm = 0.09729538053300502
chi = 0.27361435369037085
Iteration time (s) = 0.919856071472168
RESTORATION
**************************************

[FRP] solve 827 of phase 20, thetak=5.230e-04, Delta=5.000e-04

**************************************
Iteration 915:
thetak = 0.0005229911585901605
objk = 3.017520807305863
trustRadius = 0.0005
sampleRadius = 0.0005
stepNorm = 0.09729538053300502
chi = 0.27361435369037085
Iteration time (s) = 1.0248725414276123
RESTORATION
**************************************

[FRP] solve 828 of phase 20, thetak=5.230e-04, Delta=5.000e-04

**************************************
Iteration 916:
thetak = 0.0005229911585901605
objk = 3.017520807305863
trustRadius = 0.0005
sampleRadius = 0.0005
stepNorm = 0.09729538053300502
chi = 0.27361435369037085
Iteration time (s) = 1.2440903186798096
RESTORATION
**************************************

[FRP] solve 829 of phase 20, thetak=5.230e-04, Delta=5.000e-04

**************************************
Iteration 917:
thetak = 0.0005229911585901605
objk = 3.017520807305863
trustRadius = 0.0005
sampleRadius = 0.0005
stepNorm = 0.09729538053300502
chi = 0.27361435369037085
Iteration time (s) = 0.9420270919799805
RESTORATION
**************************************

[FRP] solve 830 of phase 20, thetak=5.230e-04, Delta=5.000e-04

**************************************
Iteration 918:
thetak = 0.0005229911585901605
objk = 3.017520807305863
trustRadius = 0.0005
sampleRadius = 0.0005
stepNorm = 0.09729538053300502
chi = 0.27361435369037085
Iteration time (s) = 1.1928679943084717
RESTORATION
**************************************

[FRP] solve 831 of phase 20, thetak=5.230e-04, Delta=5.000e-04

**************************************
Iteration 919:
thetak = 0.0005229911585901605
objk = 3.017520807305863
trustRadius = 0.0005
sampleRadius = 0.0005
stepNorm = 0.09729538053300502
chi = 0.27361435369037085
Iteration time (s) = 1.0048744678497314
RESTORATION
**************************************

[FRP] solve 832 of phase 20, thetak=5.230e-04, Delta=5.000e-04

**************************************
Iteration 920:
thetak = 0.0005229911585901605
objk = 3.017520807305863
trustRadius = 0.0005
sampleRadius = 0.0005
stepNorm = 0.09729538053300502
chi = 0.27361435369037085
Iteration time (s) = 0.918581485748291
RESTORATION
**************************************

[FRP] solve 833 of phase 20, thetak=5.230e-04, Delta=5.000e-04

**************************************
Iteration 921:
thetak = 0.0005229911585901605
objk = 3.017520807305863
trustRadius = 0.0005
sampleRadius = 0.0005
stepNorm = 0.09729538053300502
chi = 0.27361435369037085
Iteration time (s) = 1.04742431640625
RESTORATION
**************************************

[FRP] solve 834 of phase 20, thetak=5.230e-04, Delta=5.000e-04

**************************************
Iteration 922:
thetak = 0.0005229911585901605
objk = 3.017520807305863
trustRadius = 0.0005
sampleRadius = 0.0005
stepNorm = 0.09729538053300502
chi = 0.27361435369037085
Iteration time (s) = 0.8948605060577393
RESTORATION
**************************************

[FRP] solve 835 of phase 20, thetak=5.230e-04, Delta=5.000e-04

**************************************
Iteration 923:
thetak = 0.0005229911585901605
objk = 3.017520807305863
trustRadius = 0.0005
sampleRadius = 0.0005
stepNorm = 0.09729538053300502
chi = 0.27361435369037085
Iteration time (s) = 0.9227402210235596
RESTORATION
**************************************

[FRP] solve 836 of phase 20, thetak=5.230e-04, Delta=5.000e-04

**************************************
Iteration 924:
thetak = 0.0005229911585901605
objk = 3.017520807305863
trustRadius = 0.0005
sampleRadius = 0.0005
stepNorm = 0.09729538053300502
chi = 0.27361435369037085
Iteration time (s) = 0.8105237483978271
RESTORATION
**************************************

[FRP] solve 837 of phase 20, thetak=5.230e-04, Delta=5.000e-04

**************************************
Iteration 925:
thetak = 0.0005229911585901605
objk = 3.017520807305863
trustRadius = 0.0005
sampleRadius = 0.0005
stepNorm = 0.09729538053300502
chi = 0.27361435369037085
Iteration time (s) = 0.8135101795196533
RESTORATION
**************************************

[FRP] solve 838 of phase 20, thetak=5.230e-04, Delta=5.000e-04

**************************************
Iteration 926:
thetak = 0.0005229911585901605
objk = 3.017520807305863
trustRadius = 0.0005
sampleRadius = 0.0005
stepNorm = 0.09729538053300502
chi = 0.27361435369037085
Iteration time (s) = 0.7838354110717773
RESTORATION
**************************************

[FRP] solve 839 of phase 20, thetak=5.230e-04, Delta=5.000e-04

**************************************
Iteration 927:
thetak = 0.0005229911585901605
objk = 3.017520807305863
trustRadius = 0.0005
sampleRadius = 0.0005
stepNorm = 0.09729538053300502
chi = 0.27361435369037085
Iteration time (s) = 0.8016846179962158
RESTORATION
**************************************

[FRP] solve 840 of phase 20, thetak=5.230e-04, Delta=5.000e-04

**************************************
Iteration 928:
thetak = 0.0005229911585901605
objk = 3.017520807305863
trustRadius = 0.0005
sampleRadius = 0.0005
stepNorm = 0.09729538053300502
chi = 0.27361435369037085
Iteration time (s) = 0.7993812561035156
RESTORATION
**************************************

[FRP] solve 841 of phase 20, thetak=5.230e-04, Delta=5.000e-04

**************************************
Iteration 929:
thetak = 0.0005229911585901605
objk = 3.017520807305863
trustRadius = 0.0005
sampleRadius = 0.0005
stepNorm = 0.09729538053300502
chi = 0.27361435369037085
Iteration time (s) = 0.7817587852478027
RESTORATION
**************************************

[FRP] solve 842 of phase 20, thetak=5.230e-04, Delta=5.000e-04

**************************************
Iteration 930:
thetak = 0.0005229911585901605
objk = 3.017520807305863
trustRadius = 0.0005
sampleRadius = 0.0005
stepNorm = 0.09729538053300502
chi = 0.27361435369037085
Iteration time (s) = 0.815617561340332
RESTORATION
**************************************

[FRP] solve 843 of phase 20, thetak=5.230e-04, Delta=5.000e-04

**************************************
Iteration 931:
thetak = 0.0005229911585901605
objk = 3.017520807305863
trustRadius = 0.0005
sampleRadius = 0.0005
stepNorm = 0.09729538053300502
chi = 0.27361435369037085
Iteration time (s) = 0.8021724224090576
RESTORATION
**************************************

[FRP] solve 844 of phase 20, thetak=5.230e-04, Delta=5.000e-04

**************************************
Iteration 932:
thetak = 0.0005229911585901605
objk = 3.017520807305863
trustRadius = 0.0005
sampleRadius = 0.0005
stepNorm = 0.09729538053300502
chi = 0.27361435369037085
Iteration time (s) = 0.7845790386199951
RESTORATION
**************************************

[FRP] solve 845 of phase 20, thetak=5.230e-04, Delta=5.000e-04

**************************************
Iteration 933:
thetak = 0.0005229911585901605
objk = 3.017520807305863
trustRadius = 0.0005
sampleRadius = 0.0005
stepNorm = 0.09729538053300502
chi = 0.27361435369037085
Iteration time (s) = 0.8218269348144531
RESTORATION
**************************************

[FRP] solve 846 of phase 20, thetak=5.230e-04, Delta=5.000e-04

**************************************
Iteration 934:
thetak = 0.0005229911585901605
objk = 3.017520807305863
trustRadius = 0.0005
sampleRadius = 0.0005
stepNorm = 0.09729538053300502
chi = 0.27361435369037085
Iteration time (s) = 0.895056962966919
RESTORATION
**************************************

[FRP] solve 847 of phase 20, thetak=5.230e-04, Delta=5.000e-04

**************************************
Iteration 935:
thetak = 0.0005229911585901605
objk = 3.017520807305863
trustRadius = 0.0005
sampleRadius = 0.0005
stepNorm = 0.09729538053300502
chi = 0.27361435369037085
Iteration time (s) = 0.7782039642333984
RESTORATION
**************************************

[FRP] solve 848 of phase 20, thetak=5.230e-04, Delta=5.000e-04

**************************************
Iteration 936:
thetak = 0.0005229911585901605
objk = 3.017520807305863
trustRadius = 0.0005
sampleRadius = 0.0005
stepNorm = 0.09729538053300502
chi = 0.27361435369037085
Iteration time (s) = 0.7986652851104736
RESTORATION
**************************************

[FRP] solve 849 of phase 20, thetak=5.230e-04, Delta=5.000e-04

**************************************
Iteration 937:
thetak = 0.0005229911585901605
objk = 3.017520807305863
trustRadius = 0.0005
sampleRadius = 0.0005
stepNorm = 0.09729538053300502
chi = 0.27361435369037085
Iteration time (s) = 0.8101811408996582
RESTORATION
**************************************

[FRP] solve 850 of phase 20, thetak=5.230e-04, Delta=5.000e-04

**************************************
Iteration 938:
thetak = 0.0005229911585901605
objk = 3.017520807305863
trustRadius = 0.0005
sampleRadius = 0.0005
stepNorm = 0.09729538053300502
chi = 0.27361435369037085
Iteration time (s) = 0.8036134243011475
RESTORATION
**************************************

[FRP] solve 851 of phase 20, thetak=5.230e-04, Delta=5.000e-04

**************************************
Iteration 939:
thetak = 0.0005229911585901605
objk = 3.017520807305863
trustRadius = 0.0005
sampleRadius = 0.0005
stepNorm = 0.09729538053300502
chi = 0.27361435369037085
Iteration time (s) = 0.7868144512176514
RESTORATION
**************************************

[FRP] solve 852 of phase 20, thetak=5.230e-04, Delta=5.000e-04

**************************************
Iteration 940:
thetak = 0.0005229911585901605
objk = 3.017520807305863
trustRadius = 0.0005
sampleRadius = 0.0005
stepNorm = 0.09729538053300502
chi = 0.27361435369037085
Iteration time (s) = 0.8056678771972656
RESTORATION
**************************************

[FRP] solve 853 of phase 20, thetak=5.230e-04, Delta=5.000e-04

**************************************
Iteration 941:
thetak = 0.0005229911585901605
objk = 3.017520807305863
trustRadius = 0.0005
sampleRadius = 0.0005
stepNorm = 0.09729538053300502
chi = 0.27361435369037085
Iteration time (s) = 0.8000607490539551
RESTORATION
**************************************

[FRP] solve 854 of phase 20, thetak=5.230e-04, Delta=5.000e-04

**************************************
Iteration 942:
thetak = 0.0005229911585901605
objk = 3.017520807305863
trustRadius = 0.0005
sampleRadius = 0.0005
stepNorm = 0.09729538053300502
chi = 0.27361435369037085
Iteration time (s) = 0.7755818367004395
RESTORATION
**************************************

[FRP] solve 855 of phase 20, thetak=5.230e-04, Delta=5.000e-04

**************************************
Iteration 943:
thetak = 0.0005229911585901605
objk = 3.017520807305863
trustRadius = 0.0005
sampleRadius = 0.0005
stepNorm = 0.09729538053300502
chi = 0.27361435369037085
Iteration time (s) = 0.8073091506958008
RESTORATION
**************************************

[FRP] solve 856 of phase 20, thetak=5.230e-04, Delta=5.000e-04

**************************************
Iteration 944:
thetak = 0.0005229911585901605
objk = 3.017520807305863
trustRadius = 0.0005
sampleRadius = 0.0005
stepNorm = 0.09729538053300502
chi = 0.27361435369037085
Iteration time (s) = 0.8043560981750488
RESTORATION
**************************************

[FRP] solve 857 of phase 20, thetak=5.230e-04, Delta=5.000e-04

**************************************
Iteration 945:
thetak = 0.0005229911585901605
objk = 3.017520807305863
trustRadius = 0.0005
sampleRadius = 0.0005
stepNorm = 0.09729538053300502
chi = 0.27361435369037085
Iteration time (s) = 0.9179236888885498
RESTORATION
**************************************

[FRP] solve 858 of phase 20, thetak=5.230e-04, Delta=5.000e-04

**************************************
Iteration 946:
thetak = 0.0005229911585901605
objk = 3.017520807305863
trustRadius = 0.0005
sampleRadius = 0.0005
stepNorm = 0.09729538053300502
chi = 0.27361435369037085
Iteration time (s) = 0.8007504940032959
RESTORATION
**************************************

[FRP] solve 859 of phase 20, thetak=5.230e-04, Delta=5.000e-04

**************************************
Iteration 947:
thetak = 0.0005229911585901605
objk = 3.017520807305863
trustRadius = 0.0005
sampleRadius = 0.0005
stepNorm = 0.09729538053300502
chi = 0.27361435369037085
Iteration time (s) = 0.7927703857421875
RESTORATION
**************************************

[FRP] solve 860 of phase 20, thetak=5.230e-04, Delta=5.000e-04

**************************************
Iteration 948:
thetak = 0.0005229911585901605
objk = 3.017520807305863
trustRadius = 0.0005
sampleRadius = 0.0005
stepNorm = 0.09729538053300502
chi = 0.27361435369037085
Iteration time (s) = 0.8091428279876709
RESTORATION
**************************************

[FRP] solve 861 of phase 20, thetak=5.230e-04, Delta=5.000e-04

**************************************
Iteration 949:
thetak = 0.0005229911585901605
objk = 3.017520807305863
trustRadius = 0.0005
sampleRadius = 0.0005
stepNorm = 0.09729538053300502
chi = 0.27361435369037085
Iteration time (s) = 0.8024642467498779
RESTORATION
**************************************

[FRP] solve 862 of phase 20, thetak=5.230e-04, Delta=5.000e-04

**************************************
Iteration 950:
thetak = 0.0005229911585901605
objk = 3.017520807305863
trustRadius = 0.0005
sampleRadius = 0.0005
stepNorm = 0.09729538053300502
chi = 0.27361435369037085
Iteration time (s) = 0.7728555202484131
RESTORATION
**************************************

[FRP] solve 863 of phase 20, thetak=5.230e-04, Delta=5.000e-04

**************************************
Iteration 951:
thetak = 0.0005229911585901605
objk = 3.017520807305863
trustRadius = 0.0005
sampleRadius = 0.0005
stepNorm = 0.09729538053300502
chi = 0.27361435369037085
Iteration time (s) = 0.8022429943084717
RESTORATION
**************************************

[FRP] solve 864 of phase 20, thetak=5.230e-04, Delta=5.000e-04

**************************************
Iteration 952:
thetak = 0.0005229911585901605
objk = 3.017520807305863
trustRadius = 0.0005
sampleRadius = 0.0005
stepNorm = 0.09729538053300502
chi = 0.27361435369037085
Iteration time (s) = 0.9093935489654541
RESTORATION
**************************************

[FRP] solve 865 of phase 20, thetak=5.230e-04, Delta=5.000e-04

**************************************
Iteration 953:
thetak = 0.0005229911585901605
objk = 3.017520807305863
trustRadius = 0.0005
sampleRadius = 0.0005
stepNorm = 0.09729538053300502
chi = 0.27361435369037085
Iteration time (s) = 0.7955551147460938
RESTORATION
**************************************

[FRP] solve 866 of phase 20, thetak=5.230e-04, Delta=5.000e-04

**************************************
Iteration 954:
thetak = 0.0005229911585901605
objk = 3.017520807305863
trustRadius = 0.0005
sampleRadius = 0.0005
stepNorm = 0.09729538053300502
chi = 0.27361435369037085
Iteration time (s) = 0.8039572238922119
RESTORATION
**************************************

[FRP] solve 867 of phase 20, thetak=5.230e-04, Delta=5.000e-04

**************************************
Iteration 955:
thetak = 0.0005229911585901605
objk = 3.017520807305863
trustRadius = 0.0005
sampleRadius = 0.0005
stepNorm = 0.09729538053300502
chi = 0.27361435369037085
Iteration time (s) = 0.8913393020629883
RESTORATION
**************************************

[FRP] solve 868 of phase 20, thetak=5.230e-04, Delta=5.000e-04

**************************************
Iteration 956:
thetak = 0.0005229911585901605
objk = 3.017520807305863
trustRadius = 0.0005
sampleRadius = 0.0005
stepNorm = 0.09729538053300502
chi = 0.27361435369037085
Iteration time (s) = 0.8814828395843506
RESTORATION
**************************************

[FRP] solve 869 of phase 20, thetak=5.230e-04, Delta=5.000e-04

**************************************
Iteration 957:
thetak = 0.0005229911585901605
objk = 3.017520807305863
trustRadius = 0.0005
sampleRadius = 0.0005
stepNorm = 0.09729538053300502
chi = 0.27361435369037085
Iteration time (s) = 0.9050941467285156
RESTORATION
**************************************

[FRP] solve 870 of phase 20, thetak=5.230e-04, Delta=5.000e-04

**************************************
Iteration 958:
thetak = 0.0005229911585901605
objk = 3.017520807305863
trustRadius = 0.0005
sampleRadius = 0.0005
stepNorm = 0.09729538053300502
chi = 0.27361435369037085
Iteration time (s) = 0.9079532623291016
RESTORATION
**************************************

[FRP] solve 871 of phase 20, thetak=5.230e-04, Delta=5.000e-04

**************************************
Iteration 959:
thetak = 0.0005229911585901605
objk = 3.017520807305863
trustRadius = 0.0005
sampleRadius = 0.0005
stepNorm = 0.09729538053300502
chi = 0.27361435369037085
Iteration time (s) = 0.7981481552124023
RESTORATION
**************************************

[FRP] solve 872 of phase 20, thetak=5.230e-04, Delta=5.000e-04

**************************************
Iteration 960:
thetak = 0.0005229911585901605
objk = 3.017520807305863
trustRadius = 0.0005
sampleRadius = 0.0005
stepNorm = 0.09729538053300502
chi = 0.27361435369037085
Iteration time (s) = 0.9026026725769043
RESTORATION
**************************************

[FRP] solve 873 of phase 20, thetak=5.230e-04, Delta=5.000e-04

**************************************
Iteration 961:
thetak = 0.0005229911585901605
objk = 3.017520807305863
trustRadius = 0.0005
sampleRadius = 0.0005
stepNorm = 0.09729538053300502
chi = 0.27361435369037085
Iteration time (s) = 0.9562337398529053
RESTORATION
**************************************

[FRP] solve 874 of phase 20, thetak=5.230e-04, Delta=5.000e-04

**************************************
Iteration 962:
thetak = 0.0005229911585901605
objk = 3.017520807305863
trustRadius = 0.0005
sampleRadius = 0.0005
stepNorm = 0.09729538053300502
chi = 0.27361435369037085
Iteration time (s) = 0.9256899356842041
RESTORATION
**************************************

[FRP] solve 875 of phase 20, thetak=5.230e-04, Delta=5.000e-04

**************************************
Iteration 963:
thetak = 0.0005229911585901605
objk = 3.017520807305863
trustRadius = 0.0005
sampleRadius = 0.0005
stepNorm = 0.09729538053300502
chi = 0.27361435369037085
Iteration time (s) = 0.9123091697692871
RESTORATION
**************************************

[FRP] solve 876 of phase 20, thetak=5.230e-04, Delta=5.000e-04

**************************************
Iteration 964:
thetak = 0.0005229911585901605
objk = 3.017520807305863
trustRadius = 0.0005
sampleRadius = 0.0005
stepNorm = 0.09729538053300502
chi = 0.27361435369037085
Iteration time (s) = 0.8260912895202637
RESTORATION
**************************************

[FRP] solve 877 of phase 20, thetak=5.230e-04, Delta=5.000e-04

**************************************
Iteration 965:
thetak = 0.0005229911585901605
objk = 3.017520807305863
trustRadius = 0.0005
sampleRadius = 0.0005
stepNorm = 0.09729538053300502
chi = 0.27361435369037085
Iteration time (s) = 0.903799295425415
RESTORATION
**************************************

[FRP] solve 878 of phase 20, thetak=5.230e-04, Delta=5.000e-04

**************************************
Iteration 966:
thetak = 0.0005229911585901605
objk = 3.017520807305863
trustRadius = 0.0005
sampleRadius = 0.0005
stepNorm = 0.09729538053300502
chi = 0.27361435369037085
Iteration time (s) = 0.7888240814208984
RESTORATION
**************************************

[FRP] solve 879 of phase 20, thetak=5.230e-04, Delta=5.000e-04

**************************************
Iteration 967:
thetak = 0.0005229911585901605
objk = 3.017520807305863
trustRadius = 0.0005
sampleRadius = 0.0005
stepNorm = 0.09729538053300502
chi = 0.27361435369037085
Iteration time (s) = 0.7949542999267578
RESTORATION
**************************************

[FRP] solve 880 of phase 20, thetak=5.230e-04, Delta=5.000e-04

**************************************
Iteration 968:
thetak = 0.0005229911585901605
objk = 3.017520807305863
trustRadius = 0.0005
sampleRadius = 0.0005
stepNorm = 0.09729538053300502
chi = 0.27361435369037085
Iteration time (s) = 0.7875385284423828
RESTORATION
**************************************

[FRP] solve 881 of phase 20, thetak=5.230e-04, Delta=5.000e-04

**************************************
Iteration 969:
thetak = 0.0005229911585901605
objk = 3.017520807305863
trustRadius = 0.0005
sampleRadius = 0.0005
stepNorm = 0.09729538053300502
chi = 0.27361435369037085
Iteration time (s) = 0.7803444862365723
RESTORATION
**************************************

[FRP] solve 882 of phase 20, thetak=5.230e-04, Delta=5.000e-04

**************************************
Iteration 970:
thetak = 0.0005229911585901605
objk = 3.017520807305863
trustRadius = 0.0005
sampleRadius = 0.0005
stepNorm = 0.09729538053300502
chi = 0.27361435369037085
Iteration time (s) = 0.794043779373169
RESTORATION
**************************************

[FRP] solve 883 of phase 20, thetak=5.230e-04, Delta=5.000e-04

**************************************
Iteration 971:
thetak = 0.0005229911585901605
objk = 3.017520807305863
trustRadius = 0.0005
sampleRadius = 0.0005
stepNorm = 0.09729538053300502
chi = 0.27361435369037085
Iteration time (s) = 0.7948780059814453
RESTORATION
**************************************

[FRP] solve 884 of phase 20, thetak=5.230e-04, Delta=5.000e-04

**************************************
Iteration 972:
thetak = 0.0005229911585901605
objk = 3.017520807305863
trustRadius = 0.0005
sampleRadius = 0.0005
stepNorm = 0.09729538053300502
chi = 0.27361435369037085
Iteration time (s) = 0.8027188777923584
RESTORATION
**************************************

[FRP] solve 885 of phase 20, thetak=5.230e-04, Delta=5.000e-04

**************************************
Iteration 973:
thetak = 0.0005229911585901605
objk = 3.017520807305863
trustRadius = 0.0005
sampleRadius = 0.0005
stepNorm = 0.09729538053300502
chi = 0.27361435369037085
Iteration time (s) = 0.7809045314788818
RESTORATION
**************************************

[FRP] solve 886 of phase 20, thetak=5.230e-04, Delta=5.000e-04

**************************************
Iteration 974:
thetak = 0.0005229911585901605
objk = 3.017520807305863
trustRadius = 0.0005
sampleRadius = 0.0005
stepNorm = 0.09729538053300502
chi = 0.27361435369037085
Iteration time (s) = 0.7729823589324951
RESTORATION
**************************************

[FRP] solve 887 of phase 20, thetak=5.230e-04, Delta=5.000e-04

**************************************
Iteration 975:
thetak = 0.0005229911585901605
objk = 3.017520807305863
trustRadius = 0.0005
sampleRadius = 0.0005
stepNorm = 0.09729538053300502
chi = 0.27361435369037085
Iteration time (s) = 0.7999238967895508
RESTORATION
**************************************

[FRP] solve 888 of phase 20, thetak=5.230e-04, Delta=5.000e-04

**************************************
Iteration 976:
thetak = 0.0005229911585901605
objk = 3.017520807305863
trustRadius = 0.0005
sampleRadius = 0.0005
stepNorm = 0.09729538053300502
chi = 0.27361435369037085
Iteration time (s) = 0.7894477844238281
RESTORATION
**************************************

[FRP] solve 889 of phase 20, thetak=5.230e-04, Delta=5.000e-04

**************************************
Iteration 977:
thetak = 0.0005229911585901605
objk = 3.017520807305863
trustRadius = 0.0005
sampleRadius = 0.0005
stepNorm = 0.09729538053300502
chi = 0.27361435369037085
Iteration time (s) = 0.775775671005249
RESTORATION
**************************************

[FRP] solve 890 of phase 20, thetak=5.230e-04, Delta=5.000e-04

**************************************
Iteration 978:
thetak = 0.0005229911585901605
objk = 3.017520807305863
trustRadius = 0.0005
sampleRadius = 0.0005
stepNorm = 0.09729538053300502
chi = 0.27361435369037085
Iteration time (s) = 0.79854416847229
RESTORATION
**************************************

[FRP] solve 891 of phase 20, thetak=5.230e-04, Delta=5.000e-04

**************************************
Iteration 979:
thetak = 0.0005229911585901605
objk = 3.017520807305863
trustRadius = 0.0005
sampleRadius = 0.0005
stepNorm = 0.09729538053300502
chi = 0.27361435369037085
Iteration time (s) = 0.816683292388916
RESTORATION
**************************************

[FRP] solve 892 of phase 20, thetak=5.230e-04, Delta=5.000e-04

**************************************
Iteration 980:
thetak = 0.0005229911585901605
objk = 3.017520807305863
trustRadius = 0.0005
sampleRadius = 0.0005
stepNorm = 0.09729538053300502
chi = 0.27361435369037085
Iteration time (s) = 0.788672924041748
RESTORATION
**************************************

[FRP] solve 893 of phase 20, thetak=5.230e-04, Delta=5.000e-04

**************************************
Iteration 981:
thetak = 0.0005229911585901605
objk = 3.017520807305863
trustRadius = 0.0005
sampleRadius = 0.0005
stepNorm = 0.09729538053300502
chi = 0.27361435369037085
Iteration time (s) = 0.7749793529510498
RESTORATION
**************************************

[FRP] solve 894 of phase 20, thetak=5.230e-04, Delta=5.000e-04

**************************************
Iteration 982:
thetak = 0.0005229911585901605
objk = 3.017520807305863
trustRadius = 0.0005
sampleRadius = 0.0005
stepNorm = 0.09729538053300502
chi = 0.27361435369037085
Iteration time (s) = 0.8261070251464844
RESTORATION
**************************************

[FRP] solve 895 of phase 20, thetak=5.230e-04, Delta=5.000e-04

**************************************
Iteration 983:
thetak = 0.0005229911585901605
objk = 3.017520807305863
trustRadius = 0.0005
sampleRadius = 0.0005
stepNorm = 0.09729538053300502
chi = 0.27361435369037085
Iteration time (s) = 0.7989940643310547
RESTORATION
**************************************

[FRP] solve 896 of phase 20, thetak=5.230e-04, Delta=5.000e-04

**************************************
Iteration 984:
thetak = 0.0005229911585901605
objk = 3.017520807305863
trustRadius = 0.0005
sampleRadius = 0.0005
stepNorm = 0.09729538053300502
chi = 0.27361435369037085
Iteration time (s) = 0.7752947807312012
RESTORATION
**************************************

[FRP] solve 897 of phase 20, thetak=5.230e-04, Delta=5.000e-04

**************************************
Iteration 985:
thetak = 0.0005229911585901605
objk = 3.017520807305863
trustRadius = 0.0005
sampleRadius = 0.0005
stepNorm = 0.09729538053300502
chi = 0.27361435369037085
Iteration time (s) = 0.8036978244781494
RESTORATION
**************************************

[FRP] solve 898 of phase 20, thetak=5.230e-04, Delta=5.000e-04

**************************************
Iteration 986:
thetak = 0.0005229911585901605
objk = 3.017520807305863
trustRadius = 0.0005
sampleRadius = 0.0005
stepNorm = 0.09729538053300502
chi = 0.27361435369037085
Iteration time (s) = 0.8228192329406738
RESTORATION
**************************************

[FRP] solve 899 of phase 20, thetak=5.230e-04, Delta=5.000e-04

**************************************
Iteration 987:
thetak = 0.0005229911585901605
objk = 3.017520807305863
trustRadius = 0.0005
sampleRadius = 0.0005
stepNorm = 0.09729538053300502
chi = 0.27361435369037085
Iteration time (s) = 0.9193928241729736
RESTORATION
**************************************

[FRP] solve 900 of phase 20, thetak=5.230e-04, Delta=5.000e-04

**************************************
Iteration 988:
thetak = 0.0005229911585901605
objk = 3.017520807305863
trustRadius = 0.0005
sampleRadius = 0.0005
stepNorm = 0.09729538053300502
chi = 0.27361435369037085
Iteration time (s) = 0.8259880542755127
RESTORATION
**************************************

[FRP] solve 901 of phase 20, thetak=5.230e-04, Delta=5.000e-04

**************************************
Iteration 989:
thetak = 0.0005229911585901605
objk = 3.017520807305863
trustRadius = 0.0005
sampleRadius = 0.0005
stepNorm = 0.09729538053300502
chi = 0.27361435369037085
Iteration time (s) = 0.7982749938964844
RESTORATION
**************************************

[FRP] solve 902 of phase 20, thetak=5.230e-04, Delta=5.000e-04

**************************************
Iteration 990:
thetak = 0.0005229911585901605
objk = 3.017520807305863
trustRadius = 0.0005
sampleRadius = 0.0005
stepNorm = 0.09729538053300502
chi = 0.27361435369037085
Iteration time (s) = 0.7835140228271484
RESTORATION
**************************************

[FRP] solve 903 of phase 20, thetak=5.230e-04, Delta=5.000e-04

**************************************
Iteration 991:
thetak = 0.0005229911585901605
objk = 3.017520807305863
trustRadius = 0.0005
sampleRadius = 0.0005
stepNorm = 0.09729538053300502
chi = 0.27361435369037085
Iteration time (s) = 0.8969612121582031
RESTORATION
**************************************

[FRP] solve 904 of phase 20, thetak=5.230e-04, Delta=5.000e-04

**************************************
Iteration 992:
thetak = 0.0005229911585901605
objk = 3.017520807305863
trustRadius = 0.0005
sampleRadius = 0.0005
stepNorm = 0.09729538053300502
chi = 0.27361435369037085
Iteration time (s) = 0.8006291389465332
RESTORATION
**************************************

[FRP] solve 905 of phase 20, thetak=5.230e-04, Delta=5.000e-04

**************************************
Iteration 993:
thetak = 0.0005229911585901605
objk = 3.017520807305863
trustRadius = 0.0005
sampleRadius = 0.0005
stepNorm = 0.09729538053300502
chi = 0.27361435369037085
Iteration time (s) = 0.8100645542144775
RESTORATION
**************************************

[FRP] solve 906 of phase 20, thetak=5.230e-04, Delta=5.000e-04

**************************************
Iteration 994:
thetak = 0.0005229911585901605
objk = 3.017520807305863
trustRadius = 0.0005
sampleRadius = 0.0005
stepNorm = 0.09729538053300502
chi = 0.27361435369037085
Iteration time (s) = 0.7857744693756104
RESTORATION
**************************************

[FRP] solve 907 of phase 20, thetak=5.230e-04, Delta=5.000e-04

**************************************
Iteration 995:
thetak = 0.0005229911585901605
objk = 3.017520807305863
trustRadius = 0.0005
sampleRadius = 0.0005
stepNorm = 0.09729538053300502
chi = 0.27361435369037085
Iteration time (s) = 0.7764444351196289
RESTORATION
**************************************

[FRP] solve 908 of phase 20, thetak=5.230e-04, Delta=5.000e-04

**************************************
Iteration 996:
thetak = 0.0005229911585901605
objk = 3.017520807305863
trustRadius = 0.0005
sampleRadius = 0.0005
stepNorm = 0.09729538053300502
chi = 0.27361435369037085
Iteration time (s) = 0.7861263751983643
RESTORATION
**************************************

[FRP] solve 909 of phase 20, thetak=5.230e-04, Delta=5.000e-04

**************************************
Iteration 997:
thetak = 0.0005229911585901605
objk = 3.017520807305863
trustRadius = 0.0005
sampleRadius = 0.0005
stepNorm = 0.09729538053300502
chi = 0.27361435369037085
Iteration time (s) = 0.7903552055358887
RESTORATION
**************************************

[FRP] solve 910 of phase 20, thetak=5.230e-04, Delta=5.000e-04

**************************************
Iteration 998:
thetak = 0.0005229911585901605
objk = 3.017520807305863
trustRadius = 0.0005
sampleRadius = 0.0005
stepNorm = 0.09729538053300502
chi = 0.27361435369037085
Iteration time (s) = 0.7843277454376221
RESTORATION
**************************************

[FRP] solve 911 of phase 20, thetak=5.230e-04, Delta=5.000e-04

**************************************
Iteration 999:
thetak = 0.0005229911585901605
objk = 3.017520807305863
trustRadius = 0.0005
sampleRadius = 0.0005
stepNorm = 0.09729538053300502
chi = 0.27361435369037085
Iteration time (s) = 0.7926287651062012
RESTORATION
**************************************

[FRP] solve 912 of phase 20, thetak=5.230e-04, Delta=5.000e-04

**************************************
Iteration 1000:
thetak = 0.0005229911585901605
objk = 3.017520807305863
trustRadius = 0.0005
sampleRadius = 0.0005
stepNorm = 0.09729538053300502
chi = 0.27361435369037085
Iteration time (s) = 0.7974989414215088
RESTORATION
**************************************

EXIT: Maximum iterations

0	230.9871475034392	3.82871665748975	100000000.0		0.8209273815155029	1.0	0.1	97.88650821881674	236.86055280389334
1	35.18730066782294	0.5054281802329513	0.09804518467584643		0.9682683944702148	1.0	0.05	373.8851269948907	334.7470610227101
2	21.784008952650474	0.29302300176296625	0.13281982702403988		0.948359489440918	1.0	0.05	629.9993734779133	68.72245771678328
3	27.53999403488017	1.5466036337250157	0.1245481054427043		0.875781774520874	0.5	0.05	314.9999770007802	590.8613075057327
4	27.53999403488017	1.5466036337250157	0.1546187817786131		0.9463798999786377	0.25	0.05	157.49997617644658	590.8613075057327
5	11.366900728271967	3.3250544862014046	0.1684459382497727		0.8967142105102539	0.625	0.05	393.74985680703736	433.36133132928614
6	11.366900728271967	3.3250544862014046	0.2081822205643652		0.8804969787597656	0.3125	0.05	196.8749819296179	433.36133132928614
7	26.023747344495703	2.0147763614367697	0.1737322711132414		0.9546914100646973	0.78125	0.05	156.01561399217735	236.48634939966823
8	26.023747344495703	2.0147763614367697	0.18329968220910567		0.8990943431854248	0.390625	0.05	246.0936383070821	236.48634939966823
9	26.023747344495703	2.0147763614367697	0.18329968220910567		0.866506814956665	0.1953125	0.05	98.99855411023408	236.48634939966823
10	1.484113858873976	12.771449130398281	0.39406122983958847		0.7743682861328125	0.48828125	0.05	307.61705081950544	289.2179104115611
11	1.484113858873976	12.771449130398281	0.39406122590117615		0.8941154479980469	0.244140625	0.05	153.80857794691366	289.2179104115611
12	1.484113858873976	12.771449130398281	0.39406122590117615		0.8731043338775635	0.1220703125	0.05	23.59418058262372	289.2179104115611
13	0.12197455839238085	14.127068217280925	0.40179749727323366		0.8813726902008057	0.30517578125	0.05	192.26072828660972	312.8120909941848
14	0.12197455839238085	14.127068217280925	0.40179750245010026		0.8802938461303711	0.152587890625	0.05	96.13034836915244	312.8120909941848
15	9.14141913223841	2.6914480974061616	0.18721629760232067		0.8909626007080078	0.0762939453125	0.05	48.065082267277546	216.68174262503234
16	5.8203009692264	2.8913387637783767	0.166757230675697		0.8664984703063965	0.19073486328125	0.05	120.16294843349664	168.6166603577548
17	5.8203009692264	2.8913387637783767	0.2501404780811151		0.90299391746521	0.095367431640625	0.05	60.081457640248686	168.6166603577548
18	5.036071419093162	2.4914095999430748	0.2512137764376632		0.8663792610168457	0.2384185791015625	0.05	150.20360935977448	108.53520271750611
19	5.036071419093162	2.4914095999430748	0.2621258180915303		0.8758821487426758	0.11920928955078125	0.05	75.10183559286352	108.53520271750611
20	7.521149557866156	2.025312009159302	0.15262245111838235		0.8778767585754395	0.059604644775390625	0.05	37.55090502784657	33.43336712464259
21	1.8715075310647609	2.1585796690150127	0.1565805781674237		0.8686890602111816	0.14901161193847656	0.05	35.02063997876962	9.129242481836549
22	4.381803345045405	1.8732053348957736	0.21098335512722083		0.8663091659545898	0.3725290298461914	0.05	205.89674907722647	39.138177881973576
23	4.381803345045405	1.8732053348957736	0.24857350911420809		0.7609896659851074	0.1862645149230957	0.05	7.842504660039317	39.138177881973576
24	1.8393132491238329	1.8206279625956332	0.13537411666788482		0.8769559860229492	0.46566128730773926	0.05	138.54169210425437	39.1381094335332
25	1.8393132491238329	1.8206279625956332	0.20410965058587374		0.7657349109649658	0.23283064365386963	0.05	146.68324991290012	39.1381094335332
26	1.8393132491238329	1.8206279625956332	0.20410965058587374		0.762615442276001	0.11641532182693481	0.05	39.23022913676307	39.1381094335332
27	1.4332993414350716	6.174964583713855	0.3134332983913792		0.7873423099517822	0.29103830456733704	0.05	183.3540930391129	28.940760028510613
28	1.4332993414350716	6.174964583713855	0.3134331647569848		0.7721312046051025	0.14551915228366852	0.05	91.67679822949486	28.940760028510613
29	1.4332993414350716	6.174964583713855	0.3134331647569848		0.7613661289215088	0.07275957614183426	0.05	27.3954528426587	28.940760028510613
30	0.29952378366207233	7.2777692886645635	0.3195425436469738		0.7465176582336426	0.18189894035458565	0.05	114.59625479260177	34.30306007825588
31	0.29952378366207233	7.2777692886645635	0.3195425590387917		0.8662965297698975	0.09094947017729282	0.05	57.29814851839404	34.30306007825588
32	0.29952378366207233	7.2777692886645635	0.3247219544846174		0.8732450008392334	0.04547473508864641	0.022737367544323206	12.546206681580884	34.30306007825588
33	0.003658546036086568	7.640244970917484	0.33587841052103595		0.7670412063598633	0.11368683772161603	0.022737367544323206	71.62269163254746	40.033779227469466
34	0.003658546036086568	7.640244970917484	0.33587841307114286		0.7817516326904297	0.056843418860808015	0.022737367544323206	43.153578148115606	40.033779227469466
35	0.003658546036086568	7.640244970917484	0.33587841307114286		0.865135908126831	0.028421709430404007	0.022737367544323206	5.280530446672401	40.033779227469466
36	0.005219690194231796	7.770945483034421	0.3499948678653812		0.757133960723877	0.014210854715202004	0.007105427357601002	27.881237464939154	45.31430967414184
37	0.2621125408098253	5.119159879369688	0.27711788192746034		0.8754398822784424	0.03552713678800501	0.007105427357601002	27.581015686721322	36.36148468114419
38	0.2621125408098253	5.119159879369688	0.27711787149007244		0.888920783996582	0.017763568394002505	0.007105427357601002	19.53992417556203	36.36148468114419
39	0.18484604508384192	3.0010752216133447	0.16621027575922365		0.6577727794647217	0.04440892098500626	0.007105427357601002	27.977595788205093	25.170486442455825
40	0.18484604508384192	3.0010752216133447	0.24526493675457495		0.7738814353942871	0.02220446049250313	0.007105427357601002	13.98878145583268	25.170486442455825
41	0.2906720207551527	2.277787655640174	0.15282073159708923		0.8736405372619629	0.05551115123125783	0.007105427357601002	34.972003685784074	11.585264270580502
42	0.2906720207551527	2.277787655640174	0.21972748289020627		0.8768942356109619	0.027755575615628914	0.007105427357601002	17.485986385580162	11.585264270580502
43	0.2906720207551527	2.277787655640174	0.21972748289020627		0.767780065536499	0.013877787807814457	0.007105427357601002	16.533255644852048	11.585264270580502
44	0.03111956372547075	3.791809167033309	0.26521487984625775		0.6524825096130371	0.03469446951953614	0.007105427357601002	21.857491668791	12.535412981474451
45	0.03111956372547075	3.791809167033309	0.26521487990480197		0.8819108009338379	0.01734723475976807	0.007105427357601002	11.77462935859856	12.535412981474451
46	0.06005455887794574	2.2372520355204113	0.15304062052389034		0.8742146492004395	0.04336808689942018	0.007105427357601002	26.69379205385337	7.836842341980603
47	0.06005455887794574	2.2372520355204113	0.22604339092585524		0.8593668937683105	0.02168404344971009	0.007105427357601002	13.66092370879386	7.836842341980603
48	0.06005455887794574	2.2372520355204113	0.22604339092585524		0.8694448471069336	0.010842021724855044	0.007105427357601002	13.101681381521153	7.836842341980603
49	0.017953823449919387	3.396410552684695	0.2609477149046656		0.768510103225708	0.02710505431213761	0.007105427357601002	17.07616070311451	6.925927895779694
50	0.017953823449919387	3.396410552684695	0.2609477149035187		0.6712844371795654	0.013552527156068805	0.007105427357601002	9.66291239249582	6.925927895779694
51	0.017953823449919387	3.396410552684695	0.26089219821509285		0.8719818592071533	0.006776263578034403	0.0033881317890172014	4.783092251029956	6.925927895779694
52	9.759945244432189e-05	3.8320248864536297	0.2649263172441713		0.877763032913208	0.016940658945086007	0.0033881317890172014	13.737329122904278	11.058135648224095
53	9.759945244432189e-05	3.8320248864536297	0.2649263171175759		0.6744751930236816	0.008470329472543003	0.0033881317890172014	16.00403385423723	11.058135648224095
54	9.759945244432189e-05	3.8320248864536297	0.2649263171175759		0.5627455711364746	0.004235164736271502	0.0033881317890172014	1.859427296332754	11.058135648224095
55	0.0028693149968362086	4.005696620254133	0.26236849207929525		0.7655215263366699	0.002117582368135751	0.0010587911840678754	4.2743586865345335	12.917562944556849
56	0.005741150522522283	3.641622703635711	0.2592170009786894		0.8767654895782471	0.005293955920339377	0.0010587911840678754	10.849578516081948	8.643204258022315
57	0.005741150522522283	3.641622703635711	0.2592170007101218		0.7650859355926514	0.0026469779601696886	0.0010587911840678754	5.425741154018375	8.643204258022315
58	0.014407347982740076	3.2181764932075194	0.24559857195343035		0.7753736972808838	0.006617444900424221	0.0010587911840678754	7.628734209401792	3.21746310400394
59	0.014407347982740076	3.2181764932075194	0.24559857156397727		0.8641812801361084	0.0033087224502121107	0.0010587911840678754	6.717250935819855	3.21746310400394
60	0.004247058818295275	2.6966624217995903	0.24305671847291413		0.8697421550750732	0.008271806125530277	0.0010587911840678754	5.424491228611684	3.4997878318159152
61	0.004247058818295275	2.6966624217995903	0.2430567179057547		0.7754597663879395	0.004135903062765138	0.0010587911840678754	4.549492175113878	3.4997878318159152
62	0.004247058818295275	2.6966624217995903	0.2430567179057547		0.7724971771240234	0.002067951531382569	0.0010587911840678754	1.8644046120544573	3.4997878318159152
63	0.0009395840900299351	2.8786070793257514	0.24700453837943706		0.7690536975860596	0.0051698788284564225	0.0010587911840678754	5.686865517675364	1.635383219761458
64	0.0009395840900299351	2.8786070793257514	0.24700453818331256		0.8665716648101807	0.0025849394142282113	0.0010587911840678754	3.315897202996055	1.635383219761458
65	0.0009395840900299351	2.8786070793257514	0.24700453818331256		0.7734060287475586	0.0012924697071141056	0.0010587911840678754	0.7277691162160522	1.635383219761458
66	0.00035865935002156284	2.9397584114054673	0.2492664874217611		0.8760509490966797	0.0032311742677852643	0.0010587911840678754	3.9281792508939617	0.9076141035454057
67	0.00035865935002156284	2.9397584114054673	0.24926648726539916		0.7742738723754883	0.0016155871338926322	0.0010587911840678754	3.0517657874753894	0.9076141035454057
68	0.00035865935002156284	2.9397584114054673	0.27151727957391764		0.7713518142700195	0.0008077935669463161	0.0005	0.2832243068113627	0.9076141035454057
69	0.0012105373812212883	2.964008535007378	0.2721718335620584		0.886465311050415	0.0005	0.0005	1.0111865587641091	0.624389796734043
70	0.0012105373812212883	2.964008535007378	0.2721718334584159		0.7998473644256592	0.0005	0.0005	1.0111865587641233	0.624389796734043
71	0.0012105373812212883	2.964008535007378	0.2721718334584159		0.7711527347564697	0.0005	0.0005	0.10762843383191978	0.624389796734043
72	0.0011111415977851369	2.9732791031585237	0.27130503942224365		0.646817684173584	0.0005	0.0005	1.2547775868819713	0.5167613629021233
73	0.0011111415977851369	2.9732791031585237	0.27130503938520323		0.8859765529632568	0.0005	0.0005	1.2547775868819713	0.5167613629021233
74	0.0011111415977851369	2.9732791031585237	0.27130503938520323		0.7671542167663574	0.0005	0.0005	0.10842054187478567	0.5167613629021233
75	0.0006553256072254991	2.9824499947691856	0.2726719480367609		0.6621870994567871	0.00125	0.0005	2.5259829308746973	0.4083408210273376
76	0.0006553256072254991	2.9824499947691856	0.272671947958842		0.8787112236022949	0.000625	0.0005	1.262665694520301	0.4083408210273376
77	0.0006553256072254991	2.9824499947691856	0.272671947958842		0.8727936744689941	0.0005	0.0005	0.1042341756775329	0.4083408210273376
78	0.0005362339958692505	2.991411128001944	0.2729111544021665		0.7640020847320557	0.0005	0.0005	1.0104899109581922	0.3041066453498047
79	0.0005362339958692505	2.991411128001944	0.27291115429231627		0.7692034244537354	0.0005	0.0005	1.010489910958178	0.3041066453498047
80	0.0005362339958692505	2.991411128001944	0.27291115429231627		0.8810980319976807	0.0005	0.0005	0.1022317811785527	0.3041066453498047
81	0.0007426304709927667	3.0002746300307472	0.2720199251399048		0.6382448673248291	0.0005	0.0005	1.254778832258566	0.201874864171252
82	0.0007426304709927667	3.0002746300307472	0.272019925106033		0.8760960102081299	0.0005	0.0005	1.254778832258566	0.201874864171252
83	0.0007426304709927667	3.0002746300307472	0.272019925106033		0.7791805267333984	0.0005	0.0005	0.10281900471948546	0.201874864171252
84	0.000614155918607499	3.0089889929896403	0.2733865090444175		0.7686572074890137	0.0005	0.0005	1.0100744222535454	0.09905585945176654
85	0.000614155918607499	3.0089889929896403	0.2733865089633991		0.7712411880493164	0.0005	0.0005	1.0100744222535312	0.09905585945176654
86	0.000614155918607499	3.0089889929896403	0.2733865089633991		0.7626597881317139	0.0005	0.0005	0.09905585945176654	0.09905585945176654
87	0.0005229911585901605	3.017520807305863	0.27361435379628724		0.7492082118988037	0.0005	0.0005	1.010476408954311	0.0
88	0.0005229911585901605	3.017520807305863	0.27361435369037085		0.8900461196899414	0.0005	0.0005	1.0104764089544531	0.0
89	0.0005229911585901605	3.017520807305863	0.27361435369037085		0.6603026390075684	0.0005	0.0005	0.09729538053300502	0.0
90	0.0005229911585901605	3.017520807305863	0.27361435369037085		0.758392333984375	0.0005	0.0005	0.09729538053300502	0.0
91	0.0005229911585901605	3.017520807305863	0.27361435369037085		0.8770618438720703	0.0005	0.0005	0.09729538053300502	0.0
92	0.0005229911585901605	3.017520807305863	0.27361435369037085		0.6478939056396484	0.0005	0.0005	0.09729538053300502	0.0
93	0.0005229911585901605	3.017520807305863	0.27361435369037085		0.7516889572143555	0.0005	0.0005	0.09729538053300502	0.0
94	0.0005229911585901605	3.017520807305863	0.27361435369037085		0.6558029651641846	0.0005	0.0005	0.09729538053300502	0.0
95	0.0005229911585901605	3.017520807305863	0.27361435369037085		0.7829062938690186	0.0005	0.0005	0.09729538053300502	0.0
96	0.0005229911585901605	3.017520807305863	0.27361435369037085		0.7578487396240234	0.0005	0.0005	0.09729538053300502	0.0
97	0.0005229911585901605	3.017520807305863	0.27361435369037085		0.649824857711792	0.0005	0.0005	0.09729538053300502	0.0
98	0.0005229911585901605	3.017520807305863	0.27361435369037085		0.7641289234161377	0.0005	0.0005	0.09729538053300502	0.0
99	0.0005229911585901605	3.017520807305863	0.27361435369037085		0.7581996917724609	0.0005	0.0005	0.09729538053300502	0.0
100	0.0005229911585901605	3.017520807305863	0.27361435369037085		0.7394084930419922	0.0005	0.0005	0.09729538053300502	0.0
101	0.0005229911585901605	3.017520807305863	0.27361435369037085		0.6536145210266113	0.0005	0.0005	0.09729538053300502	0.0
102	0.0005229911585901605	3.017520807305863	0.27361435369037085		0.6648843288421631	0.0005	0.0005	0.09729538053300502	0.0
103	0.0005229911585901605	3.017520807305863	0.27361435369037085		0.8778471946716309	0.0005	0.0005	0.09729538053300502	0.0
104	0.0005229911585901605	3.017520807305863	0.27361435369037085		0.7558748722076416	0.0005	0.0005	0.09729538053300502	0.0
105	0.0005229911585901605	3.017520807305863	0.27361435369037085		0.7568237781524658	0.0005	0.0005	0.09729538053300502	0.0
106	0.0005229911585901605	3.017520807305863	0.27361435369037085		0.7701256275177002	0.0005	0.0005	0.09729538053300502	0.0
107	0.0005229911585901605	3.017520807305863	0.27361435369037085		0.7637162208557129	0.0005	0.0005	0.09729538053300502	0.0
108	0.0005229911585901605	3.017520807305863	0.27361435369037085		0.6657884120941162	0.0005	0.0005	0.09729538053300502	0.0
109	0.0005229911585901605	3.017520807305863	0.27361435369037085		0.7600686550140381	0.0005	0.0005	0.09729538053300502	0.0
110	0.0005229911585901605	3.017520807305863	0.27361435369037085		0.7714359760284424	0.0005	0.0005	0.09729538053300502	0.0
111	0.0005229911585901605	3.017520807305863	0.27361435369037085		0.7551145553588867	0.0005	0.0005	0.09729538053300502	0.0
112	0.0005229911585901605	3.017520807305863	0.27361435369037085		0.653179407119751	0.0005	0.0005	0.09729538053300502	0.0
113	0.0005229911585901605	3.017520807305863	0.27361435369037085		0.7714838981628418	0.0005	0.0005	0.09729538053300502	0.0
114	0.0005229911585901605	3.017520807305863	0.27361435369037085		0.7606966495513916	0.0005	0.0005	0.09729538053300502	0.0
115	0.0005229911585901605	3.017520807305863	0.27361435369037085		0.7637913227081299	0.0005	0.0005	0.09729538053300502	0.0
116	0.0005229911585901605	3.017520807305863	0.27361435369037085		0.6736831665039062	0.0005	0.0005	0.09729538053300502	0.0
117	0.0005229911585901605	3.017520807305863	0.27361435369037085		0.7674438953399658	0.0005	0.0005	0.09729538053300502	0.0
118	0.0005229911585901605	3.017520807305863	0.27361435369037085		0.761756420135498	0.0005	0.0005	0.09729538053300502	0.0
119	0.0005229911585901605	3.017520807305863	0.27361435369037085		0.6685185432434082	0.0005	0.0005	0.09729538053300502	0.0
120	0.0005229911585901605	3.017520807305863	0.27361435369037085		0.8755521774291992	0.0005	0.0005	0.09729538053300502	0.0
121	0.0005229911585901605	3.017520807305863	0.27361435369037085		0.7818436622619629	0.0005	0.0005	0.09729538053300502	0.0
122	0.0005229911585901605	3.017520807305863	0.27361435369037085		0.7821695804595947	0.0005	0.0005	0.09729538053300502	0.0
123	0.0005229911585901605	3.017520807305863	0.27361435369037085		0.7599353790283203	0.0005	0.0005	0.09729538053300502	0.0
124	0.0005229911585901605	3.017520807305863	0.27361435369037085		0.6523816585540771	0.0005	0.0005	0.09729538053300502	0.0
125	0.0005229911585901605	3.017520807305863	0.27361435369037085		0.7919957637786865	0.0005	0.0005	0.09729538053300502	0.0
126	0.0005229911585901605	3.017520807305863	0.27361435369037085		0.7646105289459229	0.0005	0.0005	0.09729538053300502	0.0
127	0.0005229911585901605	3.017520807305863	0.27361435369037085		0.7698965072631836	0.0005	0.0005	0.09729538053300502	0.0
128	0.0005229911585901605	3.017520807305863	0.27361435369037085		0.7657277584075928	0.0005	0.0005	0.09729538053300502	0.0
129	0.0005229911585901605	3.017520807305863	0.27361435369037085		0.7597343921661377	0.0005	0.0005	0.09729538053300502	0.0
130	0.0005229911585901605	3.017520807305863	0.27361435369037085		0.7550637722015381	0.0005	0.0005	0.09729538053300502	0.0
131	0.0005229911585901605	3.017520807305863	0.27361435369037085		0.6606588363647461	0.0005	0.0005	0.09729538053300502	0.0
132	0.0005229911585901605	3.017520807305863	0.27361435369037085		0.7788398265838623	0.0005	0.0005	0.09729538053300502	0.0
133	0.0005229911585901605	3.017520807305863	0.27361435369037085		0.7668943405151367	0.0005	0.0005	0.09729538053300502	0.0
134	0.0005229911585901605	3.017520807305863	0.27361435369037085		0.753718376159668	0.0005	0.0005	0.09729538053300502	0.0
135	0.0005229911585901605	3.017520807305863	0.27361435369037085		0.6731522083282471	0.0005	0.0005	0.09729538053300502	0.0
136	0.0005229911585901605	3.017520807305863	0.27361435369037085		0.7687749862670898	0.0005	0.0005	0.09729538053300502	0.0
137	0.0005229911585901605	3.017520807305863	0.27361435369037085		0.7634997367858887	0.0005	0.0005	0.09729538053300502	0.0
138	0.0005229911585901605	3.017520807305863	0.27361435369037085		0.6760959625244141	0.0005	0.0005	0.09729538053300502	0.0
139	0.0005229911585901605	3.017520807305863	0.27361435369037085		0.7400107383728027	0.0005	0.0005	0.09729538053300502	0.0
140	0.0005229911585901605	3.017520807305863	0.27361435369037085		0.7657928466796875	0.0005	0.0005	0.09729538053300502	0.0
141	0.0005229911585901605	3.017520807305863	0.27361435369037085		0.6675412654876709	0.0005	0.0005	0.09729538053300502	0.0
142	0.0005229911585901605	3.017520807305863	0.27361435369037085		0.6495659351348877	0.0005	0.0005	0.09729538053300502	0.0
143	0.0005229911585901605	3.017520807305863	0.27361435369037085		0.7710530757904053	0.0005	0.0005	0.09729538053300502	0.0
144	0.0005229911585901605	3.017520807305863	0.27361435369037085		0.7554395198822021	0.0005	0.0005	0.09729538053300502	0.0
145	0.0005229911585901605	3.017520807305863	0.27361435369037085		0.7573890686035156	0.0005	0.0005	0.09729538053300502	0.0
146	0.0005229911585901605	3.017520807305863	0.27361435369037085		0.7429161071777344	0.0005	0.0005	0.09729538053300502	0.0
147	0.0005229911585901605	3.017520807305863	0.27361435369037085		0.7754886150360107	0.0005	0.0005	0.09729538053300502	0.0
148	0.0005229911585901605	3.017520807305863	0.27361435369037085		0.7801318168640137	0.0005	0.0005	0.09729538053300502	0.0
149	0.0005229911585901605	3.017520807305863	0.27361435369037085		0.8814723491668701	0.0005	0.0005	0.09729538053300502	0.0
150	0.0005229911585901605	3.017520807305863	0.27361435369037085		1.5554883480072021	0.0005	0.0005	0.09729538053300502	0.0
151	0.0005229911585901605	3.017520807305863	0.27361435369037085		0.7882130146026611	0.0005	0.0005	0.09729538053300502	0.0
152	0.0005229911585901605	3.017520807305863	0.27361435369037085		0.8748805522918701	0.0005	0.0005	0.09729538053300502	0.0
153	0.0005229911585901605	3.017520807305863	0.27361435369037085		0.90574049949646	0.0005	0.0005	0.09729538053300502	0.0
154	0.0005229911585901605	3.017520807305863	0.27361435369037085		0.7681493759155273	0.0005	0.0005	0.09729538053300502	0.0
155	0.0005229911585901605	3.017520807305863	0.27361435369037085		0.744267463684082	0.0005	0.0005	0.09729538053300502	0.0
156	0.0005229911585901605	3.017520807305863	0.27361435369037085		0.7650914192199707	0.0005	0.0005	0.09729538053300502	0.0
157	0.0005229911585901605	3.017520807305863	0.27361435369037085		0.7689929008483887	0.0005	0.0005	0.09729538053300502	0.0
158	0.0005229911585901605	3.017520807305863	0.27361435369037085		0.5550448894500732	0.0005	0.0005	0.09729538053300502	0.0
159	0.0005229911585901605	3.017520807305863	0.27361435369037085		0.6486005783081055	0.0005	0.0005	0.09729538053300502	0.0
160	0.0005229911585901605	3.017520807305863	0.27361435369037085		0.7630665302276611	0.0005	0.0005	0.09729538053300502	0.0
161	0.0005229911585901605	3.017520807305863	0.27361435369037085		0.7891452312469482	0.0005	0.0005	0.09729538053300502	0.0
162	0.0005229911585901605	3.017520807305863	0.27361435369037085		0.6415860652923584	0.0005	0.0005	0.09729538053300502	0.0
163	0.0005229911585901605	3.017520807305863	0.27361435369037085		0.7748606204986572	0.0005	0.0005	0.09729538053300502	0.0
164	0.0005229911585901605	3.017520807305863	0.27361435369037085		0.7575125694274902	0.0005	0.0005	0.09729538053300502	0.0
165	0.0005229911585901605	3.017520807305863	0.27361435369037085		0.9234607219696045	0.0005	0.0005	0.09729538053300502	0.0
166	0.0005229911585901605	3.017520807305863	0.27361435369037085		0.6658926010131836	0.0005	0.0005	0.09729538053300502	0.0
167	0.0005229911585901605	3.017520807305863	0.27361435369037085		0.7771408557891846	0.0005	0.0005	0.09729538053300502	0.0
168	0.0005229911585901605	3.017520807305863	0.27361435369037085		0.768012523651123	0.0005	0.0005	0.09729538053300502	0.0
169	0.0005229911585901605	3.017520807305863	0.27361435369037085		0.7659976482391357	0.0005	0.0005	0.09729538053300502	0.0
170	0.0005229911585901605	3.017520807305863	0.27361435369037085		0.7742881774902344	0.0005	0.0005	0.09729538053300502	0.0
171	0.0005229911585901605	3.017520807305863	0.27361435369037085		0.7588911056518555	0.0005	0.0005	0.09729538053300502	0.0
172	0.0005229911585901605	3.017520807305863	0.27361435369037085		0.8878028392791748	0.0005	0.0005	0.09729538053300502	0.0
173	0.0005229911585901605	3.017520807305863	0.27361435369037085		0.7653937339782715	0.0005	0.0005	0.09729538053300502	0.0
174	0.0005229911585901605	3.017520807305863	0.27361435369037085		0.6559319496154785	0.0005	0.0005	0.09729538053300502	0.0
175	0.0005229911585901605	3.017520807305863	0.27361435369037085		0.8480455875396729	0.0005	0.0005	0.09729538053300502	0.0
176	0.0005229911585901605	3.017520807305863	0.27361435369037085		0.8937599658966064	0.0005	0.0005	0.09729538053300502	0.0
177	0.0005229911585901605	3.017520807305863	0.27361435369037085		0.7436974048614502	0.0005	0.0005	0.09729538053300502	0.0
178	0.0005229911585901605	3.017520807305863	0.27361435369037085		0.7610971927642822	0.0005	0.0005	0.09729538053300502	0.0
179	0.0005229911585901605	3.017520807305863	0.27361435369037085		0.765235424041748	0.0005	0.0005	0.09729538053300502	0.0
180	0.0005229911585901605	3.017520807305863	0.27361435369037085		0.7640218734741211	0.0005	0.0005	0.09729538053300502	0.0
181	0.0005229911585901605	3.017520807305863	0.27361435369037085		0.7597312927246094	0.0005	0.0005	0.09729538053300502	0.0
182	0.0005229911585901605	3.017520807305863	0.27361435369037085		0.6680433750152588	0.0005	0.0005	0.09729538053300502	0.0
183	0.0005229911585901605	3.017520807305863	0.27361435369037085		0.768153190612793	0.0005	0.0005	0.09729538053300502	0.0
184	0.0005229911585901605	3.017520807305863	0.27361435369037085		0.656804084777832	0.0005	0.0005	0.09729538053300502	0.0
185	0.0005229911585901605	3.017520807305863	0.27361435369037085		0.7585883140563965	0.0005	0.0005	0.09729538053300502	0.0
186	0.0005229911585901605	3.017520807305863	0.27361435369037085		0.6856873035430908	0.0005	0.0005	0.09729538053300502	0.0
187	0.0005229911585901605	3.017520807305863	0.27361435369037085		0.9286205768585205	0.0005	0.0005	0.09729538053300502	0.0
188	0.0005229911585901605	3.017520807305863	0.27361435369037085		0.6636843681335449	0.0005	0.0005	0.09729538053300502	0.0
189	0.0005229911585901605	3.017520807305863	0.27361435369037085		0.7486782073974609	0.0005	0.0005	0.09729538053300502	0.0
190	0.0005229911585901605	3.017520807305863	0.27361435369037085		0.7910964488983154	0.0005	0.0005	0.09729538053300502	0.0
191	0.0005229911585901605	3.017520807305863	0.27361435369037085		0.7510166168212891	0.0005	0.0005	0.09729538053300502	0.0
192	0.0005229911585901605	3.017520807305863	0.27361435369037085		0.7580356597900391	0.0005	0.0005	0.09729538053300502	0.0
193	0.0005229911585901605	3.017520807305863	0.27361435369037085		0.6842648983001709	0.0005	0.0005	0.09729538053300502	0.0
194	0.0005229911585901605	3.017520807305863	0.27361435369037085		0.7753734588623047	0.0005	0.0005	0.09729538053300502	0.0
195	0.0005229911585901605	3.017520807305863	0.27361435369037085		0.7713806629180908	0.0005	0.0005	0.09729538053300502	0.0
196	0.0005229911585901605	3.017520807305863	0.27361435369037085		0.6366598606109619	0.0005	0.0005	0.09729538053300502	0.0
197	0.0005229911585901605	3.017520807305863	0.27361435369037085		0.6599526405334473	0.0005	0.0005	0.09729538053300502	0.0
198	0.0005229911585901605	3.017520807305863	0.27361435369037085		0.904843807220459	0.0005	0.0005	0.09729538053300502	0.0
199	0.0005229911585901605	3.017520807305863	0.27361435369037085		0.8107771873474121	0.0005	0.0005	0.09729538053300502	0.0
200	0.0005229911585901605	3.017520807305863	0.27361435369037085		0.7559924125671387	0.0005	0.0005	0.09729538053300502	0.0
201	0.0005229911585901605	3.017520807305863	0.27361435369037085		0.6451656818389893	0.0005	0.0005	0.09729538053300502	0.0
202	0.0005229911585901605	3.017520807305863	0.27361435369037085		0.7773439884185791	0.0005	0.0005	0.09729538053300502	0.0
203	0.0005229911585901605	3.017520807305863	0.27361435369037085		0.6628186702728271	0.0005	0.0005	0.09729538053300502	0.0
204	0.0005229911585901605	3.017520807305863	0.27361435369037085		0.6772158145904541	0.0005	0.0005	0.09729538053300502	0.0
205	0.0005229911585901605	3.017520807305863	0.27361435369037085		0.6555089950561523	0.0005	0.0005	0.09729538053300502	0.0
206	0.0005229911585901605	3.017520807305863	0.27361435369037085		0.780752420425415	0.0005	0.0005	0.09729538053300502	0.0
207	0.0005229911585901605	3.017520807305863	0.27361435369037085		0.7490746974945068	0.0005	0.0005	0.09729538053300502	0.0
208	0.0005229911585901605	3.017520807305863	0.27361435369037085		0.7701904773712158	0.0005	0.0005	0.09729538053300502	0.0
209	0.0005229911585901605	3.017520807305863	0.27361435369037085		0.6648690700531006	0.0005	0.0005	0.09729538053300502	0.0
210	0.0005229911585901605	3.017520807305863	0.27361435369037085		0.7732133865356445	0.0005	0.0005	0.09729538053300502	0.0
211	0.0005229911585901605	3.017520807305863	0.27361435369037085		0.7538723945617676	0.0005	0.0005	0.09729538053300502	0.0
212	0.0005229911585901605	3.017520807305863	0.27361435369037085		0.6541440486907959	0.0005	0.0005	0.09729538053300502	0.0
213	0.0005229911585901605	3.017520807305863	0.27361435369037085		0.7850782871246338	0.0005	0.0005	0.09729538053300502	0.0
214	0.0005229911585901605	3.017520807305863	0.27361435369037085		0.7525804042816162	0.0005	0.0005	0.09729538053300502	0.0
215	0.0005229911585901605	3.017520807305863	0.27361435369037085		0.6799836158752441	0.0005	0.0005	0.09729538053300502	0.0
216	0.0005229911585901605	3.017520807305863	0.27361435369037085		0.6729609966278076	0.0005	0.0005	0.09729538053300502	0.0
217	0.0005229911585901605	3.017520807305863	0.27361435369037085		0.6535906791687012	0.0005	0.0005	0.09729538053300502	0.0
218	0.0005229911585901605	3.017520807305863	0.27361435369037085		0.7625370025634766	0.0005	0.0005	0.09729538053300502	0.0
219	0.0005229911585901605	3.017520807305863	0.27361435369037085		0.6576218605041504	0.0005	0.0005	0.09729538053300502	0.0
220	0.0005229911585901605	3.017520807305863	0.27361435369037085		0.5528404712677002	0.0005	0.0005	0.09729538053300502	0.0
221	0.0005229911585901605	3.017520807305863	0.27361435369037085		0.7962701320648193	0.0005	0.0005	0.09729538053300502	0.0
222	0.0005229911585901605	3.017520807305863	0.27361435369037085		0.7460510730743408	0.0005	0.0005	0.09729538053300502	0.0
223	0.0005229911585901605	3.017520807305863	0.27361435369037085		0.7568635940551758	0.0005	0.0005	0.09729538053300502	0.0
224	0.0005229911585901605	3.017520807305863	0.27361435369037085		0.7713940143585205	0.0005	0.0005	0.09729538053300502	0.0
225	0.0005229911585901605	3.017520807305863	0.27361435369037085		0.7784552574157715	0.0005	0.0005	0.09729538053300502	0.0
226	0.0005229911585901605	3.017520807305863	0.27361435369037085		0.6604752540588379	0.0005	0.0005	0.09729538053300502	0.0
227	0.0005229911585901605	3.017520807305863	0.27361435369037085		0.6745343208312988	0.0005	0.0005	0.09729538053300502	0.0
228	0.0005229911585901605	3.017520807305863	0.27361435369037085		0.7615396976470947	0.0005	0.0005	0.09729538053300502	0.0
229	0.0005229911585901605	3.017520807305863	0.27361435369037085		0.7546133995056152	0.0005	0.0005	0.09729538053300502	0.0
230	0.0005229911585901605	3.017520807305863	0.27361435369037085		0.6673369407653809	0.0005	0.0005	0.09729538053300502	0.0
231	0.0005229911585901605	3.017520807305863	0.27361435369037085		0.7540149688720703	0.0005	0.0005	0.09729538053300502	0.0
232	0.0005229911585901605	3.017520807305863	0.27361435369037085		0.6665308475494385	0.0005	0.0005	0.09729538053300502	0.0
233	0.0005229911585901605	3.017520807305863	0.27361435369037085		0.8857905864715576	0.0005	0.0005	0.09729538053300502	0.0
234	0.0005229911585901605	3.017520807305863	0.27361435369037085		0.763033390045166	0.0005	0.0005	0.09729538053300502	0.0
235	0.0005229911585901605	3.017520807305863	0.27361435369037085		0.6538093090057373	0.0005	0.0005	0.09729538053300502	0.0
236	0.0005229911585901605	3.017520807305863	0.27361435369037085		0.7749738693237305	0.0005	0.0005	0.09729538053300502	0.0
237	0.0005229911585901605	3.017520807305863	0.27361435369037085		0.7613623142242432	0.0005	0.0005	0.09729538053300502	0.0
238	0.0005229911585901605	3.017520807305863	0.27361435369037085		0.7490553855895996	0.0005	0.0005	0.09729538053300502	0.0
239	0.0005229911585901605	3.017520807305863	0.27361435369037085		0.6528341770172119	0.0005	0.0005	0.09729538053300502	0.0
240	0.0005229911585901605	3.017520807305863	0.27361435369037085		0.6777381896972656	0.0005	0.0005	0.09729538053300502	0.0
241	0.0005229911585901605	3.017520807305863	0.27361435369037085		0.7772843837738037	0.0005	0.0005	0.09729538053300502	0.0
242	0.0005229911585901605	3.017520807305863	0.27361435369037085		0.6544239521026611	0.0005	0.0005	0.09729538053300502	0.0
243	0.0005229911585901605	3.017520807305863	0.27361435369037085		0.762688398361206	0.0005	0.0005	0.09729538053300502	0.0
244	0.0005229911585901605	3.017520807305863	0.27361435369037085		0.8015000820159912	0.0005	0.0005	0.09729538053300502	0.0
245	0.0005229911585901605	3.017520807305863	0.27361435369037085		0.6387302875518799	0.0005	0.0005	0.09729538053300502	0.0
246	0.0005229911585901605	3.017520807305863	0.27361435369037085		0.7611277103424072	0.0005	0.0005	0.09729538053300502	0.0
247	0.0005229911585901605	3.017520807305863	0.27361435369037085		0.6677184104919434	0.0005	0.0005	0.09729538053300502	0.0
248	0.0005229911585901605	3.017520807305863	0.27361435369037085		0.672112226486206	0.0005	0.0005	0.09729538053300502	0.0
249	0.0005229911585901605	3.017520807305863	0.27361435369037085		0.7670679092407227	0.0005	0.0005	0.09729538053300502	0.0
250	0.0005229911585901605	3.017520807305863	0.27361435369037085		0.772857666015625	0.0005	0.0005	0.09729538053300502	0.0
251	0.0005229911585901605	3.017520807305863	0.27361435369037085		0.7745711803436279	0.0005	0.0005	0.09729538053300502	0.0
252	0.0005229911585901605	3.017520807305863	0.27361435369037085		0.7605376243591309	0.0005	0.0005	0.09729538053300502	0.0
253	0.0005229911585901605	3.017520807305863	0.27361435369037085		0.7588310241699219	0.0005	0.0005	0.09729538053300502	0.0
254	0.0005229911585901605	3.017520807305863	0.27361435369037085		0.6651239395141602	0.0005	0.0005	0.09729538053300502	0.0
255	0.0005229911585901605	3.017520807305863	0.27361435369037085		0.6713275909423828	0.0005	0.0005	0.09729538053300502	0.0
256	0.0005229911585901605	3.017520807305863	0.27361435369037085		0.7712826728820801	0.0005	0.0005	0.09729538053300502	0.0
257	0.0005229911585901605	3.017520807305863	0.27361435369037085		0.749335527420044	0.0005	0.0005	0.09729538053300502	0.0
258	0.0005229911585901605	3.017520807305863	0.27361435369037085		0.6659097671508789	0.0005	0.0005	0.09729538053300502	0.0
259	0.0005229911585901605	3.017520807305863	0.27361435369037085		0.6807348728179932	0.0005	0.0005	0.09729538053300502	0.0
260	0.0005229911585901605	3.017520807305863	0.27361435369037085		0.7680144309997559	0.0005	0.0005	0.09729538053300502	0.0
261	0.0005229911585901605	3.017520807305863	0.27361435369037085		0.6697759628295898	0.0005	0.0005	0.09729538053300502	0.0
262	0.0005229911585901605	3.017520807305863	0.27361435369037085		0.6389505863189697	0.0005	0.0005	0.09729538053300502	0.0
263	0.0005229911585901605	3.017520807305863	0.27361435369037085		0.7696449756622314	0.0005	0.0005	0.09729538053300502	0.0
264	0.0005229911585901605	3.017520807305863	0.27361435369037085		0.869194507598877	0.0005	0.0005	0.09729538053300502	0.0
265	0.0005229911585901605	3.017520807305863	0.27361435369037085		0.7553591728210449	0.0005	0.0005	0.09729538053300502	0.0
266	0.0005229911585901605	3.017520807305863	0.27361435369037085		0.6608920097351074	0.0005	0.0005	0.09729538053300502	0.0
267	0.0005229911585901605	3.017520807305863	0.27361435369037085		0.7737443447113037	0.0005	0.0005	0.09729538053300502	0.0
268	0.0005229911585901605	3.017520807305863	0.27361435369037085		0.6590113639831543	0.0005	0.0005	0.09729538053300502	0.0
269	0.0005229911585901605	3.017520807305863	0.27361435369037085		0.7577083110809326	0.0005	0.0005	0.09729538053300502	0.0
270	0.0005229911585901605	3.017520807305863	0.27361435369037085		0.7486021518707275	0.0005	0.0005	0.09729538053300502	0.0
271	0.0005229911585901605	3.017520807305863	0.27361435369037085		0.773310661315918	0.0005	0.0005	0.09729538053300502	0.0
272	0.0005229911585901605	3.017520807305863	0.27361435369037085		0.7669134140014648	0.0005	0.0005	0.09729538053300502	0.0
273	0.0005229911585901605	3.017520807305863	0.27361435369037085		0.6696512699127197	0.0005	0.0005	0.09729538053300502	0.0
274	0.0005229911585901605	3.017520807305863	0.27361435369037085		0.6608836650848389	0.0005	0.0005	0.09729538053300502	0.0
275	0.0005229911585901605	3.017520807305863	0.27361435369037085		0.7690126895904541	0.0005	0.0005	0.09729538053300502	0.0
276	0.0005229911585901605	3.017520807305863	0.27361435369037085		0.6665620803833008	0.0005	0.0005	0.09729538053300502	0.0
277	0.0005229911585901605	3.017520807305863	0.27361435369037085		0.6363644599914551	0.0005	0.0005	0.09729538053300502	0.0
278	0.0005229911585901605	3.017520807305863	0.27361435369037085		0.7588202953338623	0.0005	0.0005	0.09729538053300502	0.0
279	0.0005229911585901605	3.017520807305863	0.27361435369037085		0.6584024429321289	0.0005	0.0005	0.09729538053300502	0.0
280	0.0005229911585901605	3.017520807305863	0.27361435369037085		0.7639210224151611	0.0005	0.0005	0.09729538053300502	0.0
281	0.0005229911585901605	3.017520807305863	0.27361435369037085		0.7683839797973633	0.0005	0.0005	0.09729538053300502	0.0
282	0.0005229911585901605	3.017520807305863	0.27361435369037085		0.6669654846191406	0.0005	0.0005	0.09729538053300502	0.0
283	0.0005229911585901605	3.017520807305863	0.27361435369037085		0.7562875747680664	0.0005	0.0005	0.09729538053300502	0.0
284	0.0005229911585901605	3.017520807305863	0.27361435369037085		0.7507922649383545	0.0005	0.0005	0.09729538053300502	0.0
285	0.0005229911585901605	3.017520807305863	0.27361435369037085		0.7621455192565918	0.0005	0.0005	0.09729538053300502	0.0
286	0.0005229911585901605	3.017520807305863	0.27361435369037085		0.7572154998779297	0.0005	0.0005	0.09729538053300502	0.0
287	0.0005229911585901605	3.017520807305863	0.27361435369037085		0.8767573833465576	0.0005	0.0005	0.09729538053300502	0.0
288	0.0005229911585901605	3.017520807305863	0.27361435369037085		0.6684439182281494	0.0005	0.0005	0.09729538053300502	0.0
289	0.0005229911585901605	3.017520807305863	0.27361435369037085		0.7615830898284912	0.0005	0.0005	0.09729538053300502	0.0
290	0.0005229911585901605	3.017520807305863	0.27361435369037085		0.88092041015625	0.0005	0.0005	0.09729538053300502	0.0
291	0.0005229911585901605	3.017520807305863	0.27361435369037085		0.6632955074310303	0.0005	0.0005	0.09729538053300502	0.0
292	0.0005229911585901605	3.017520807305863	0.27361435369037085		0.7491159439086914	0.0005	0.0005	0.09729538053300502	0.0
293	0.0005229911585901605	3.017520807305863	0.27361435369037085		0.6601307392120361	0.0005	0.0005	0.09729538053300502	0.0
294	0.0005229911585901605	3.017520807305863	0.27361435369037085		0.8757748603820801	0.0005	0.0005	0.09729538053300502	0.0
295	0.0005229911585901605	3.017520807305863	0.27361435369037085		0.7605605125427246	0.0005	0.0005	0.09729538053300502	0.0
296	0.0005229911585901605	3.017520807305863	0.27361435369037085		0.6542048454284668	0.0005	0.0005	0.09729538053300502	0.0
297	0.0005229911585901605	3.017520807305863	0.27361435369037085		0.6768651008605957	0.0005	0.0005	0.09729538053300502	0.0
298	0.0005229911585901605	3.017520807305863	0.27361435369037085		0.7641549110412598	0.0005	0.0005	0.09729538053300502	0.0
299	0.0005229911585901605	3.017520807305863	0.27361435369037085		0.6636953353881836	0.0005	0.0005	0.09729538053300502	0.0
300	0.0005229911585901605	3.017520807305863	0.27361435369037085		0.7521984577178955	0.0005	0.0005	0.09729538053300502	0.0
301	0.0005229911585901605	3.017520807305863	0.27361435369037085		0.7554771900177002	0.0005	0.0005	0.09729538053300502	0.0
302	0.0005229911585901605	3.017520807305863	0.27361435369037085		0.783076286315918	0.0005	0.0005	0.09729538053300502	0.0
303	0.0005229911585901605	3.017520807305863	0.27361435369037085		0.7579131126403809	0.0005	0.0005	0.09729538053300502	0.0
304	0.0005229911585901605	3.017520807305863	0.27361435369037085		0.6454870700836182	0.0005	0.0005	0.09729538053300502	0.0
305	0.0005229911585901605	3.017520807305863	0.27361435369037085		0.8832199573516846	0.0005	0.0005	0.09729538053300502	0.0
306	0.0005229911585901605	3.017520807305863	0.27361435369037085		0.7562518119812012	0.0005	0.0005	0.09729538053300502	0.0
307	0.0005229911585901605	3.017520807305863	0.27361435369037085		0.6511595249176025	0.0005	0.0005	0.09729538053300502	0.0
308	0.0005229911585901605	3.017520807305863	0.27361435369037085		0.7621748447418213	0.0005	0.0005	0.09729538053300502	0.0
309	0.0005229911585901605	3.017520807305863	0.27361435369037085		0.8200576305389404	0.0005	0.0005	0.09729538053300502	0.0
310	0.0005229911585901605	3.017520807305863	0.27361435369037085		0.7769834995269775	0.0005	0.0005	0.09729538053300502	0.0
311	0.0005229911585901605	3.017520807305863	0.27361435369037085		0.8927230834960938	0.0005	0.0005	0.09729538053300502	0.0
312	0.0005229911585901605	3.017520807305863	0.27361435369037085		1.4355473518371582	0.0005	0.0005	0.09729538053300502	0.0
313	0.0005229911585901605	3.017520807305863	0.27361435369037085		0.977118968963623	0.0005	0.0005	0.09729538053300502	0.0
314	0.0005229911585901605	3.017520807305863	0.27361435369037085		0.889629602432251	0.0005	0.0005	0.09729538053300502	0.0
315	0.0005229911585901605	3.017520807305863	0.27361435369037085		0.8867244720458984	0.0005	0.0005	0.09729538053300502	0.0
316	0.0005229911585901605	3.017520807305863	0.27361435369037085		0.6575148105621338	0.0005	0.0005	0.09729538053300502	0.0
317	0.0005229911585901605	3.017520807305863	0.27361435369037085		0.6657819747924805	0.0005	0.0005	0.09729538053300502	0.0
318	0.0005229911585901605	3.017520807305863	0.27361435369037085		0.7666752338409424	0.0005	0.0005	0.09729538053300502	0.0
319	0.0005229911585901605	3.017520807305863	0.27361435369037085		0.7801778316497803	0.0005	0.0005	0.09729538053300502	0.0
320	0.0005229911585901605	3.017520807305863	0.27361435369037085		0.7595987319946289	0.0005	0.0005	0.09729538053300502	0.0
321	0.0005229911585901605	3.017520807305863	0.27361435369037085		0.7653748989105225	0.0005	0.0005	0.09729538053300502	0.0
322	0.0005229911585901605	3.017520807305863	0.27361435369037085		0.7504475116729736	0.0005	0.0005	0.09729538053300502	0.0
323	0.0005229911585901605	3.017520807305863	0.27361435369037085		0.771007776260376	0.0005	0.0005	0.09729538053300502	0.0
324	0.0005229911585901605	3.017520807305863	0.27361435369037085		0.764538049697876	0.0005	0.0005	0.09729538053300502	0.0
325	0.0005229911585901605	3.017520807305863	0.27361435369037085		0.6690859794616699	0.0005	0.0005	0.09729538053300502	0.0
326	0.0005229911585901605	3.017520807305863	0.27361435369037085		0.7780439853668213	0.0005	0.0005	0.09729538053300502	0.0
327	0.0005229911585901605	3.017520807305863	0.27361435369037085		0.6355278491973877	0.0005	0.0005	0.09729538053300502	0.0
328	0.0005229911585901605	3.017520807305863	0.27361435369037085		0.7753996849060059	0.0005	0.0005	0.09729538053300502	0.0
329	0.0005229911585901605	3.017520807305863	0.27361435369037085		0.5569343566894531	0.0005	0.0005	0.09729538053300502	0.0
330	0.0005229911585901605	3.017520807305863	0.27361435369037085		0.6745147705078125	0.0005	0.0005	0.09729538053300502	0.0
331	0.0005229911585901605	3.017520807305863	0.27361435369037085		0.7527415752410889	0.0005	0.0005	0.09729538053300502	0.0
332	0.0005229911585901605	3.017520807305863	0.27361435369037085		0.6718127727508545	0.0005	0.0005	0.09729538053300502	0.0
333	0.0005229911585901605	3.017520807305863	0.27361435369037085		0.7804574966430664	0.0005	0.0005	0.09729538053300502	0.0
334	0.0005229911585901605	3.017520807305863	0.27361435369037085		0.7730331420898438	0.0005	0.0005	0.09729538053300502	0.0
335	0.0005229911585901605	3.017520807305863	0.27361435369037085		0.7791347503662109	0.0005	0.0005	0.09729538053300502	0.0
336	0.0005229911585901605	3.017520807305863	0.27361435369037085		0.7826066017150879	0.0005	0.0005	0.09729538053300502	0.0
337	0.0005229911585901605	3.017520807305863	0.27361435369037085		0.7619516849517822	0.0005	0.0005	0.09729538053300502	0.0
338	0.0005229911585901605	3.017520807305863	0.27361435369037085		0.7795517444610596	0.0005	0.0005	0.09729538053300502	0.0
339	0.0005229911585901605	3.017520807305863	0.27361435369037085		0.7498316764831543	0.0005	0.0005	0.09729538053300502	0.0
340	0.0005229911585901605	3.017520807305863	0.27361435369037085		0.692335844039917	0.0005	0.0005	0.09729538053300502	0.0
341	0.0005229911585901605	3.017520807305863	0.27361435369037085		0.8962466716766357	0.0005	0.0005	0.09729538053300502	0.0
342	0.0005229911585901605	3.017520807305863	0.27361435369037085		0.7726974487304688	0.0005	0.0005	0.09729538053300502	0.0
343	0.0005229911585901605	3.017520807305863	0.27361435369037085		0.7687430381774902	0.0005	0.0005	0.09729538053300502	0.0
344	0.0005229911585901605	3.017520807305863	0.27361435369037085		0.7728185653686523	0.0005	0.0005	0.09729538053300502	0.0
345	0.0005229911585901605	3.017520807305863	0.27361435369037085		0.6586613655090332	0.0005	0.0005	0.09729538053300502	0.0
346	0.0005229911585901605	3.017520807305863	0.27361435369037085		0.7618765830993652	0.0005	0.0005	0.09729538053300502	0.0
347	0.0005229911585901605	3.017520807305863	0.27361435369037085		0.7925059795379639	0.0005	0.0005	0.09729538053300502	0.0
348	0.0005229911585901605	3.017520807305863	0.27361435369037085		0.7899618148803711	0.0005	0.0005	0.09729538053300502	0.0
349	0.0005229911585901605	3.017520807305863	0.27361435369037085		0.7730963230133057	0.0005	0.0005	0.09729538053300502	0.0
350	0.0005229911585901605	3.017520807305863	0.27361435369037085		0.9016692638397217	0.0005	0.0005	0.09729538053300502	0.0
351	0.0005229911585901605	3.017520807305863	0.27361435369037085		0.7771728038787842	0.0005	0.0005	0.09729538053300502	0.0
352	0.0005229911585901605	3.017520807305863	0.27361435369037085		0.772019624710083	0.0005	0.0005	0.09729538053300502	0.0
353	0.0005229911585901605	3.017520807305863	0.27361435369037085		0.7921957969665527	0.0005	0.0005	0.09729538053300502	0.0
354	0.0005229911585901605	3.017520807305863	0.27361435369037085		0.7864236831665039	0.0005	0.0005	0.09729538053300502	0.0
355	0.0005229911585901605	3.017520807305863	0.27361435369037085		0.7792658805847168	0.0005	0.0005	0.09729538053300502	0.0
356	0.0005229911585901605	3.017520807305863	0.27361435369037085		0.7731227874755859	0.0005	0.0005	0.09729538053300502	0.0
357	0.0005229911585901605	3.017520807305863	0.27361435369037085		0.7942924499511719	0.0005	0.0005	0.09729538053300502	0.0
358	0.0005229911585901605	3.017520807305863	0.27361435369037085		0.6656441688537598	0.0005	0.0005	0.09729538053300502	0.0
359	0.0005229911585901605	3.017520807305863	0.27361435369037085		0.9438009262084961	0.0005	0.0005	0.09729538053300502	0.0
360	0.0005229911585901605	3.017520807305863	0.27361435369037085		0.7746121883392334	0.0005	0.0005	0.09729538053300502	0.0
361	0.0005229911585901605	3.017520807305863	0.27361435369037085		0.8144400119781494	0.0005	0.0005	0.09729538053300502	0.0
362	0.0005229911585901605	3.017520807305863	0.27361435369037085		0.7570979595184326	0.0005	0.0005	0.09729538053300502	0.0
363	0.0005229911585901605	3.017520807305863	0.27361435369037085		0.7524313926696777	0.0005	0.0005	0.09729538053300502	0.0
364	0.0005229911585901605	3.017520807305863	0.27361435369037085		0.7550301551818848	0.0005	0.0005	0.09729538053300502	0.0
365	0.0005229911585901605	3.017520807305863	0.27361435369037085		0.6590509414672852	0.0005	0.0005	0.09729538053300502	0.0
366	0.0005229911585901605	3.017520807305863	0.27361435369037085		0.6653938293457031	0.0005	0.0005	0.09729538053300502	0.0
367	0.0005229911585901605	3.017520807305863	0.27361435369037085		0.7806081771850586	0.0005	0.0005	0.09729538053300502	0.0
368	0.0005229911585901605	3.017520807305863	0.27361435369037085		0.7621514797210693	0.0005	0.0005	0.09729538053300502	0.0
369	0.0005229911585901605	3.017520807305863	0.27361435369037085		0.6702656745910645	0.0005	0.0005	0.09729538053300502	0.0
370	0.0005229911585901605	3.017520807305863	0.27361435369037085		0.7227199077606201	0.0005	0.0005	0.09729538053300502	0.0
371	0.0005229911585901605	3.017520807305863	0.27361435369037085		0.7631740570068359	0.0005	0.0005	0.09729538053300502	0.0
372	0.0005229911585901605	3.017520807305863	0.27361435369037085		0.7433109283447266	0.0005	0.0005	0.09729538053300502	0.0
373	0.0005229911585901605	3.017520807305863	0.27361435369037085		0.664095401763916	0.0005	0.0005	0.09729538053300502	0.0
374	0.0005229911585901605	3.017520807305863	0.27361435369037085		0.663999080657959	0.0005	0.0005	0.09729538053300502	0.0
375	0.0005229911585901605	3.017520807305863	0.27361435369037085		0.8596041202545166	0.0005	0.0005	0.09729538053300502	0.0
376	0.0005229911585901605	3.017520807305863	0.27361435369037085		0.7878053188323975	0.0005	0.0005	0.09729538053300502	0.0
377	0.0005229911585901605	3.017520807305863	0.27361435369037085		0.7731552124023438	0.0005	0.0005	0.09729538053300502	0.0
378	0.0005229911585901605	3.017520807305863	0.27361435369037085		0.772789478302002	0.0005	0.0005	0.09729538053300502	0.0
379	0.0005229911585901605	3.017520807305863	0.27361435369037085		0.7734193801879883	0.0005	0.0005	0.09729538053300502	0.0
380	0.0005229911585901605	3.017520807305863	0.27361435369037085		0.781425952911377	0.0005	0.0005	0.09729538053300502	0.0
381	0.0005229911585901605	3.017520807305863	0.27361435369037085		0.8670990467071533	0.0005	0.0005	0.09729538053300502	0.0
382	0.0005229911585901605	3.017520807305863	0.27361435369037085		0.8739674091339111	0.0005	0.0005	0.09729538053300502	0.0
383	0.0005229911585901605	3.017520807305863	0.27361435369037085		0.6604013442993164	0.0005	0.0005	0.09729538053300502	0.0
384	0.0005229911585901605	3.017520807305863	0.27361435369037085		0.6729815006256104	0.0005	0.0005	0.09729538053300502	0.0
385	0.0005229911585901605	3.017520807305863	0.27361435369037085		0.880014181137085	0.0005	0.0005	0.09729538053300502	0.0
386	0.0005229911585901605	3.017520807305863	0.27361435369037085		0.7820134162902832	0.0005	0.0005	0.09729538053300502	0.0
387	0.0005229911585901605	3.017520807305863	0.27361435369037085		0.7370738983154297	0.0005	0.0005	0.09729538053300502	0.0
388	0.0005229911585901605	3.017520807305863	0.27361435369037085		0.6566417217254639	0.0005	0.0005	0.09729538053300502	0.0
389	0.0005229911585901605	3.017520807305863	0.27361435369037085		0.6806697845458984	0.0005	0.0005	0.09729538053300502	0.0
390	0.0005229911585901605	3.017520807305863	0.27361435369037085		0.7540194988250732	0.0005	0.0005	0.09729538053300502	0.0
391	0.0005229911585901605	3.017520807305863	0.27361435369037085		0.6525371074676514	0.0005	0.0005	0.09729538053300502	0.0
392	0.0005229911585901605	3.017520807305863	0.27361435369037085		0.7738587856292725	0.0005	0.0005	0.09729538053300502	0.0
393	0.0005229911585901605	3.017520807305863	0.27361435369037085		0.7833595275878906	0.0005	0.0005	0.09729538053300502	0.0
394	0.0005229911585901605	3.017520807305863	0.27361435369037085		0.6602249145507812	0.0005	0.0005	0.09729538053300502	0.0
395	0.0005229911585901605	3.017520807305863	0.27361435369037085		1.0371601581573486	0.0005	0.0005	0.09729538053300502	0.0
396	0.0005229911585901605	3.017520807305863	0.27361435369037085		1.4435012340545654	0.0005	0.0005	0.09729538053300502	0.0
397	0.0005229911585901605	3.017520807305863	0.27361435369037085		1.0378365516662598	0.0005	0.0005	0.09729538053300502	0.0
398	0.0005229911585901605	3.017520807305863	0.27361435369037085		1.286346197128296	0.0005	0.0005	0.09729538053300502	0.0
399	0.0005229911585901605	3.017520807305863	0.27361435369037085		0.7532589435577393	0.0005	0.0005	0.09729538053300502	0.0
400	0.0005229911585901605	3.017520807305863	0.27361435369037085		0.6646952629089355	0.0005	0.0005	0.09729538053300502	0.0
401	0.0005229911585901605	3.017520807305863	0.27361435369037085		0.667823076248169	0.0005	0.0005	0.09729538053300502	0.0
402	0.0005229911585901605	3.017520807305863	0.27361435369037085		0.7521064281463623	0.0005	0.0005	0.09729538053300502	0.0
403	0.0005229911585901605	3.017520807305863	0.27361435369037085		0.7889666557312012	0.0005	0.0005	0.09729538053300502	0.0
404	0.0005229911585901605	3.017520807305863	0.27361435369037085		0.6497159004211426	0.0005	0.0005	0.09729538053300502	0.0
405	0.0005229911585901605	3.017520807305863	0.27361435369037085		0.756777286529541	0.0005	0.0005	0.09729538053300502	0.0
406	0.0005229911585901605	3.017520807305863	0.27361435369037085		0.759408712387085	0.0005	0.0005	0.09729538053300502	0.0
407	0.0005229911585901605	3.017520807305863	0.27361435369037085		0.7778213024139404	0.0005	0.0005	0.09729538053300502	0.0
408	0.0005229911585901605	3.017520807305863	0.27361435369037085		0.7811174392700195	0.0005	0.0005	0.09729538053300502	0.0
409	0.0005229911585901605	3.017520807305863	0.27361435369037085		0.8946821689605713	0.0005	0.0005	0.09729538053300502	0.0
410	0.0005229911585901605	3.017520807305863	0.27361435369037085		0.8748822212219238	0.0005	0.0005	0.09729538053300502	0.0
411	0.0005229911585901605	3.017520807305863	0.27361435369037085		0.7407536506652832	0.0005	0.0005	0.09729538053300502	0.0
412	0.0005229911585901605	3.017520807305863	0.27361435369037085		0.6719415187835693	0.0005	0.0005	0.09729538053300502	0.0
413	0.0005229911585901605	3.017520807305863	0.27361435369037085		0.7753937244415283	0.0005	0.0005	0.09729538053300502	0.0
414	0.0005229911585901605	3.017520807305863	0.27361435369037085		0.6510839462280273	0.0005	0.0005	0.09729538053300502	0.0
415	0.0005229911585901605	3.017520807305863	0.27361435369037085		0.7523553371429443	0.0005	0.0005	0.09729538053300502	0.0
416	0.0005229911585901605	3.017520807305863	0.27361435369037085		0.6566777229309082	0.0005	0.0005	0.09729538053300502	0.0
417	0.0005229911585901605	3.017520807305863	0.27361435369037085		0.6774117946624756	0.0005	0.0005	0.09729538053300502	0.0
418	0.0005229911585901605	3.017520807305863	0.27361435369037085		0.7694053649902344	0.0005	0.0005	0.09729538053300502	0.0
419	0.0005229911585901605	3.017520807305863	0.27361435369037085		0.6663269996643066	0.0005	0.0005	0.09729538053300502	0.0
420	0.0005229911585901605	3.017520807305863	0.27361435369037085		0.6618771553039551	0.0005	0.0005	0.09729538053300502	0.0
421	0.0005229911585901605	3.017520807305863	0.27361435369037085		0.777557373046875	0.0005	0.0005	0.09729538053300502	0.0
422	0.0005229911585901605	3.017520807305863	0.27361435369037085		0.7751376628875732	0.0005	0.0005	0.09729538053300502	0.0
423	0.0005229911585901605	3.017520807305863	0.27361435369037085		0.6539843082427979	0.0005	0.0005	0.09729538053300502	0.0
424	0.0005229911585901605	3.017520807305863	0.27361435369037085		0.7658939361572266	0.0005	0.0005	0.09729538053300502	0.0
425	0.0005229911585901605	3.017520807305863	0.27361435369037085		0.7737686634063721	0.0005	0.0005	0.09729538053300502	0.0
426	0.0005229911585901605	3.017520807305863	0.27361435369037085		0.7612175941467285	0.0005	0.0005	0.09729538053300502	0.0
427	0.0005229911585901605	3.017520807305863	0.27361435369037085		0.6631486415863037	0.0005	0.0005	0.09729538053300502	0.0
428	0.0005229911585901605	3.017520807305863	0.27361435369037085		0.8819043636322021	0.0005	0.0005	0.09729538053300502	0.0
429	0.0005229911585901605	3.017520807305863	0.27361435369037085		0.775841236114502	0.0005	0.0005	0.09729538053300502	0.0
430	0.0005229911585901605	3.017520807305863	0.27361435369037085		0.6568269729614258	0.0005	0.0005	0.09729538053300502	0.0
431	0.0005229911585901605	3.017520807305863	0.27361435369037085		0.644798994064331	0.0005	0.0005	0.09729538053300502	0.0
432	0.0005229911585901605	3.017520807305863	0.27361435369037085		0.7667124271392822	0.0005	0.0005	0.09729538053300502	0.0
433	0.0005229911585901605	3.017520807305863	0.27361435369037085		0.9107763767242432	0.0005	0.0005	0.09729538053300502	0.0
434	0.0005229911585901605	3.017520807305863	0.27361435369037085		0.6566050052642822	0.0005	0.0005	0.09729538053300502	0.0
435	0.0005229911585901605	3.017520807305863	0.27361435369037085		0.7674434185028076	0.0005	0.0005	0.09729538053300502	0.0
436	0.0005229911585901605	3.017520807305863	0.27361435369037085		0.7587337493896484	0.0005	0.0005	0.09729538053300502	0.0
437	0.0005229911585901605	3.017520807305863	0.27361435369037085		0.7620484828948975	0.0005	0.0005	0.09729538053300502	0.0
438	0.0005229911585901605	3.017520807305863	0.27361435369037085		0.652848482131958	0.0005	0.0005	0.09729538053300502	0.0
439	0.0005229911585901605	3.017520807305863	0.27361435369037085		0.7503395080566406	0.0005	0.0005	0.09729538053300502	0.0
440	0.0005229911585901605	3.017520807305863	0.27361435369037085		0.7798788547515869	0.0005	0.0005	0.09729538053300502	0.0
441	0.0005229911585901605	3.017520807305863	0.27361435369037085		0.7586574554443359	0.0005	0.0005	0.09729538053300502	0.0
442	0.0005229911585901605	3.017520807305863	0.27361435369037085		0.7560606002807617	0.0005	0.0005	0.09729538053300502	0.0
443	0.0005229911585901605	3.017520807305863	0.27361435369037085		0.6822514533996582	0.0005	0.0005	0.09729538053300502	0.0
444	0.0005229911585901605	3.017520807305863	0.27361435369037085		0.7705888748168945	0.0005	0.0005	0.09729538053300502	0.0
445	0.0005229911585901605	3.017520807305863	0.27361435369037085		0.6516404151916504	0.0005	0.0005	0.09729538053300502	0.0
446	0.0005229911585901605	3.017520807305863	0.27361435369037085		0.6506216526031494	0.0005	0.0005	0.09729538053300502	0.0
447	0.0005229911585901605	3.017520807305863	0.27361435369037085		0.7807364463806152	0.0005	0.0005	0.09729538053300502	0.0
448	0.0005229911585901605	3.017520807305863	0.27361435369037085		0.7772154808044434	0.0005	0.0005	0.09729538053300502	0.0
449	0.0005229911585901605	3.017520807305863	0.27361435369037085		0.747750997543335	0.0005	0.0005	0.09729538053300502	0.0
450	0.0005229911585901605	3.017520807305863	0.27361435369037085		0.7586159706115723	0.0005	0.0005	0.09729538053300502	0.0
451	0.0005229911585901605	3.017520807305863	0.27361435369037085		0.8794276714324951	0.0005	0.0005	0.09729538053300502	0.0
452	0.0005229911585901605	3.017520807305863	0.27361435369037085		0.657386064529419	0.0005	0.0005	0.09729538053300502	0.0
453	0.0005229911585901605	3.017520807305863	0.27361435369037085		0.664592981338501	0.0005	0.0005	0.09729538053300502	0.0
454	0.0005229911585901605	3.017520807305863	0.27361435369037085		0.7554233074188232	0.0005	0.0005	0.09729538053300502	0.0
455	0.0005229911585901605	3.017520807305863	0.27361435369037085		0.6691129207611084	0.0005	0.0005	0.09729538053300502	0.0
456	0.0005229911585901605	3.017520807305863	0.27361435369037085		0.7452685832977295	0.0005	0.0005	0.09729538053300502	0.0
457	0.0005229911585901605	3.017520807305863	0.27361435369037085		0.6385445594787598	0.0005	0.0005	0.09729538053300502	0.0
458	0.0005229911585901605	3.017520807305863	0.27361435369037085		0.767061710357666	0.0005	0.0005	0.09729538053300502	0.0
459	0.0005229911585901605	3.017520807305863	0.27361435369037085		0.7821676731109619	0.0005	0.0005	0.09729538053300502	0.0
460	0.0005229911585901605	3.017520807305863	0.27361435369037085		0.672048807144165	0.0005	0.0005	0.09729538053300502	0.0
461	0.0005229911585901605	3.017520807305863	0.27361435369037085		0.6377880573272705	0.0005	0.0005	0.09729538053300502	0.0
462	0.0005229911585901605	3.017520807305863	0.27361435369037085		0.676814079284668	0.0005	0.0005	0.09729538053300502	0.0
463	0.0005229911585901605	3.017520807305863	0.27361435369037085		0.675137996673584	0.0005	0.0005	0.09729538053300502	0.0
464	0.0005229911585901605	3.017520807305863	0.27361435369037085		0.7634427547454834	0.0005	0.0005	0.09729538053300502	0.0
465	0.0005229911585901605	3.017520807305863	0.27361435369037085		0.6602826118469238	0.0005	0.0005	0.09729538053300502	0.0
466	0.0005229911585901605	3.017520807305863	0.27361435369037085		0.663536787033081	0.0005	0.0005	0.09729538053300502	0.0
467	0.0005229911585901605	3.017520807305863	0.27361435369037085		0.7880630493164062	0.0005	0.0005	0.09729538053300502	0.0
468	0.0005229911585901605	3.017520807305863	0.27361435369037085		0.5634002685546875	0.0005	0.0005	0.09729538053300502	0.0
469	0.0005229911585901605	3.017520807305863	0.27361435369037085		0.5618603229522705	0.0005	0.0005	0.09729538053300502	0.0
470	0.0005229911585901605	3.017520807305863	0.27361435369037085		0.8761041164398193	0.0005	0.0005	0.09729538053300502	0.0
471	0.0005229911585901605	3.017520807305863	0.27361435369037085		1.4965128898620605	0.0005	0.0005	0.09729538053300502	0.0
472	0.0005229911585901605	3.017520807305863	0.27361435369037085		0.8893659114837646	0.0005	0.0005	0.09729538053300502	0.0
473	0.0005229911585901605	3.017520807305863	0.27361435369037085		0.8980488777160645	0.0005	0.0005	0.09729538053300502	0.0
474	0.0005229911585901605	3.017520807305863	0.27361435369037085		0.7627227306365967	0.0005	0.0005	0.09729538053300502	0.0
475	0.0005229911585901605	3.017520807305863	0.27361435369037085		0.6760604381561279	0.0005	0.0005	0.09729538053300502	0.0
476	0.0005229911585901605	3.017520807305863	0.27361435369037085		0.7510416507720947	0.0005	0.0005	0.09729538053300502	0.0
477	0.0005229911585901605	3.017520807305863	0.27361435369037085		0.76395583152771	0.0005	0.0005	0.09729538053300502	0.0
478	0.0005229911585901605	3.017520807305863	0.27361435369037085		0.7675213813781738	0.0005	0.0005	0.09729538053300502	0.0
479	0.0005229911585901605	3.017520807305863	0.27361435369037085		0.7722957134246826	0.0005	0.0005	0.09729538053300502	0.0
480	0.0005229911585901605	3.017520807305863	0.27361435369037085		0.7664620876312256	0.0005	0.0005	0.09729538053300502	0.0
481	0.0005229911585901605	3.017520807305863	0.27361435369037085		0.7659978866577148	0.0005	0.0005	0.09729538053300502	0.0
482	0.0005229911585901605	3.017520807305863	0.27361435369037085		0.7656686305999756	0.0005	0.0005	0.09729538053300502	0.0
483	0.0005229911585901605	3.017520807305863	0.27361435369037085		0.8114640712738037	0.0005	0.0005	0.09729538053300502	0.0
484	0.0005229911585901605	3.017520807305863	0.27361435369037085		0.898033618927002	0.0005	0.0005	0.09729538053300502	0.0
485	0.0005229911585901605	3.017520807305863	0.27361435369037085		0.7831943035125732	0.0005	0.0005	0.09729538053300502	0.0
486	0.0005229911585901605	3.017520807305863	0.27361435369037085		0.7916786670684814	0.0005	0.0005	0.09729538053300502	0.0
487	0.0005229911585901605	3.017520807305863	0.27361435369037085		0.6717121601104736	0.0005	0.0005	0.09729538053300502	0.0
488	0.0005229911585901605	3.017520807305863	0.27361435369037085		0.7828752994537354	0.0005	0.0005	0.09729538053300502	0.0
489	0.0005229911585901605	3.017520807305863	0.27361435369037085		0.7610039710998535	0.0005	0.0005	0.09729538053300502	0.0
490	0.0005229911585901605	3.017520807305863	0.27361435369037085		0.661963939666748	0.0005	0.0005	0.09729538053300502	0.0
491	0.0005229911585901605	3.017520807305863	0.27361435369037085		0.7658970355987549	0.0005	0.0005	0.09729538053300502	0.0
492	0.0005229911585901605	3.017520807305863	0.27361435369037085		0.6764228343963623	0.0005	0.0005	0.09729538053300502	0.0
493	0.0005229911585901605	3.017520807305863	0.27361435369037085		0.7578530311584473	0.0005	0.0005	0.09729538053300502	0.0
494	0.0005229911585901605	3.017520807305863	0.27361435369037085		0.882927417755127	0.0005	0.0005	0.09729538053300502	0.0
495	0.0005229911585901605	3.017520807305863	0.27361435369037085		0.7846388816833496	0.0005	0.0005	0.09729538053300502	0.0
496	0.0005229911585901605	3.017520807305863	0.27361435369037085		0.767791748046875	0.0005	0.0005	0.09729538053300502	0.0
497	0.0005229911585901605	3.017520807305863	0.27361435369037085		0.7598476409912109	0.0005	0.0005	0.09729538053300502	0.0
498	0.0005229911585901605	3.017520807305863	0.27361435369037085		0.6622397899627686	0.0005	0.0005	0.09729538053300502	0.0
499	0.0005229911585901605	3.017520807305863	0.27361435369037085		0.7577791213989258	0.0005	0.0005	0.09729538053300502	0.0
500	0.0005229911585901605	3.017520807305863	0.27361435369037085		0.7830729484558105	0.0005	0.0005	0.09729538053300502	0.0
501	0.0005229911585901605	3.017520807305863	0.27361435369037085		0.7602324485778809	0.0005	0.0005	0.09729538053300502	0.0
502	0.0005229911585901605	3.017520807305863	0.27361435369037085		0.7820239067077637	0.0005	0.0005	0.09729538053300502	0.0
503	0.0005229911585901605	3.017520807305863	0.27361435369037085		0.8984670639038086	0.0005	0.0005	0.09729538053300502	0.0
504	0.0005229911585901605	3.017520807305863	0.27361435369037085		0.7398221492767334	0.0005	0.0005	0.09729538053300502	0.0
505	0.0005229911585901605	3.017520807305863	0.27361435369037085		0.6577150821685791	0.0005	0.0005	0.09729538053300502	0.0
506	0.0005229911585901605	3.017520807305863	0.27361435369037085		0.662545919418335	0.0005	0.0005	0.09729538053300502	0.0
507	0.0005229911585901605	3.017520807305863	0.27361435369037085		0.772960901260376	0.0005	0.0005	0.09729538053300502	0.0
508	0.0005229911585901605	3.017520807305863	0.27361435369037085		0.6653823852539062	0.0005	0.0005	0.09729538053300502	0.0
509	0.0005229911585901605	3.017520807305863	0.27361435369037085		0.7757906913757324	0.0005	0.0005	0.09729538053300502	0.0
510	0.0005229911585901605	3.017520807305863	0.27361435369037085		0.8885931968688965	0.0005	0.0005	0.09729538053300502	0.0
511	0.0005229911585901605	3.017520807305863	0.27361435369037085		0.7624533176422119	0.0005	0.0005	0.09729538053300502	0.0
512	0.0005229911585901605	3.017520807305863	0.27361435369037085		0.8786413669586182	0.0005	0.0005	0.09729538053300502	0.0
513	0.0005229911585901605	3.017520807305863	0.27361435369037085		0.756101131439209	0.0005	0.0005	0.09729538053300502	0.0
514	0.0005229911585901605	3.017520807305863	0.27361435369037085		0.798551082611084	0.0005	0.0005	0.09729538053300502	0.0
515	0.0005229911585901605	3.017520807305863	0.27361435369037085		0.8660612106323242	0.0005	0.0005	0.09729538053300502	0.0
516	0.0005229911585901605	3.017520807305863	0.27361435369037085		0.7347726821899414	0.0005	0.0005	0.09729538053300502	0.0
517	0.0005229911585901605	3.017520807305863	0.27361435369037085		0.7932968139648438	0.0005	0.0005	0.09729538053300502	0.0
518	0.0005229911585901605	3.017520807305863	0.27361435369037085		0.8769550323486328	0.0005	0.0005	0.09729538053300502	0.0
519	0.0005229911585901605	3.017520807305863	0.27361435369037085		0.7803084850311279	0.0005	0.0005	0.09729538053300502	0.0
520	0.0005229911585901605	3.017520807305863	0.27361435369037085		0.7742395401000977	0.0005	0.0005	0.09729538053300502	0.0
521	0.0005229911585901605	3.017520807305863	0.27361435369037085		0.7571899890899658	0.0005	0.0005	0.09729538053300502	0.0
522	0.0005229911585901605	3.017520807305863	0.27361435369037085		0.8898680210113525	0.0005	0.0005	0.09729538053300502	0.0
523	0.0005229911585901605	3.017520807305863	0.27361435369037085		0.7613976001739502	0.0005	0.0005	0.09729538053300502	0.0
524	0.0005229911585901605	3.017520807305863	0.27361435369037085		0.791895866394043	0.0005	0.0005	0.09729538053300502	0.0
525	0.0005229911585901605	3.017520807305863	0.27361435369037085		0.7680404186248779	0.0005	0.0005	0.09729538053300502	0.0
526	0.0005229911585901605	3.017520807305863	0.27361435369037085		0.6529746055603027	0.0005	0.0005	0.09729538053300502	0.0
527	0.0005229911585901605	3.017520807305863	0.27361435369037085		0.7834365367889404	0.0005	0.0005	0.09729538053300502	0.0
528	0.0005229911585901605	3.017520807305863	0.27361435369037085		0.780555009841919	0.0005	0.0005	0.09729538053300502	0.0
529	0.0005229911585901605	3.017520807305863	0.27361435369037085		0.7786567211151123	0.0005	0.0005	0.09729538053300502	0.0
530	0.0005229911585901605	3.017520807305863	0.27361435369037085		0.6577596664428711	0.0005	0.0005	0.09729538053300502	0.0
531	0.0005229911585901605	3.017520807305863	0.27361435369037085		0.6638970375061035	0.0005	0.0005	0.09729538053300502	0.0
532	0.0005229911585901605	3.017520807305863	0.27361435369037085		0.7823340892791748	0.0005	0.0005	0.09729538053300502	0.0
533	0.0005229911585901605	3.017520807305863	0.27361435369037085		0.7640347480773926	0.0005	0.0005	0.09729538053300502	0.0
534	0.0005229911585901605	3.017520807305863	0.27361435369037085		0.6518187522888184	0.0005	0.0005	0.09729538053300502	0.0
535	0.0005229911585901605	3.017520807305863	0.27361435369037085		0.7999527454376221	0.0005	0.0005	0.09729538053300502	0.0
536	0.0005229911585901605	3.017520807305863	0.27361435369037085		0.8747825622558594	0.0005	0.0005	0.09729538053300502	0.0
537	0.0005229911585901605	3.017520807305863	0.27361435369037085		0.7565615177154541	0.0005	0.0005	0.09729538053300502	0.0
538	0.0005229911585901605	3.017520807305863	0.27361435369037085		0.7802300453186035	0.0005	0.0005	0.09729538053300502	0.0
539	0.0005229911585901605	3.017520807305863	0.27361435369037085		0.6849503517150879	0.0005	0.0005	0.09729538053300502	0.0
540	0.0005229911585901605	3.017520807305863	0.27361435369037085		0.7869842052459717	0.0005	0.0005	0.09729538053300502	0.0
541	0.0005229911585901605	3.017520807305863	0.27361435369037085		0.8881113529205322	0.0005	0.0005	0.09729538053300502	0.0
542	0.0005229911585901605	3.017520807305863	0.27361435369037085		0.7699980735778809	0.0005	0.0005	0.09729538053300502	0.0
543	0.0005229911585901605	3.017520807305863	0.27361435369037085		0.8796181678771973	0.0005	0.0005	0.09729538053300502	0.0
544	0.0005229911585901605	3.017520807305863	0.27361435369037085		0.783083438873291	0.0005	0.0005	0.09729538053300502	0.0
545	0.0005229911585901605	3.017520807305863	0.27361435369037085		0.7467920780181885	0.0005	0.0005	0.09729538053300502	0.0
546	0.0005229911585901605	3.017520807305863	0.27361435369037085		0.676450252532959	0.0005	0.0005	0.09729538053300502	0.0
547	0.0005229911585901605	3.017520807305863	0.27361435369037085		0.7733535766601562	0.0005	0.0005	0.09729538053300502	0.0
548	0.0005229911585901605	3.017520807305863	0.27361435369037085		0.768019437789917	0.0005	0.0005	0.09729538053300502	0.0
549	0.0005229911585901605	3.017520807305863	0.27361435369037085		0.7725615501403809	0.0005	0.0005	0.09729538053300502	0.0
550	0.0005229911585901605	3.017520807305863	0.27361435369037085		0.7746555805206299	0.0005	0.0005	0.09729538053300502	0.0
551	0.0005229911585901605	3.017520807305863	0.27361435369037085		0.77142333984375	0.0005	0.0005	0.09729538053300502	0.0
552	0.0005229911585901605	3.017520807305863	0.27361435369037085		0.7739579677581787	0.0005	0.0005	0.09729538053300502	0.0
553	0.0005229911585901605	3.017520807305863	0.27361435369037085		0.7704174518585205	0.0005	0.0005	0.09729538053300502	0.0
554	0.0005229911585901605	3.017520807305863	0.27361435369037085		0.7835452556610107	0.0005	0.0005	0.09729538053300502	0.0
555	0.0005229911585901605	3.017520807305863	0.27361435369037085		0.7749016284942627	0.0005	0.0005	0.09729538053300502	0.0
556	0.0005229911585901605	3.017520807305863	0.27361435369037085		0.7640564441680908	0.0005	0.0005	0.09729538053300502	0.0
557	0.0005229911585901605	3.017520807305863	0.27361435369037085		0.7701525688171387	0.0005	0.0005	0.09729538053300502	0.0
558	0.0005229911585901605	3.017520807305863	0.27361435369037085		0.8827266693115234	0.0005	0.0005	0.09729538053300502	0.0
559	0.0005229911585901605	3.017520807305863	0.27361435369037085		0.7677390575408936	0.0005	0.0005	0.09729538053300502	0.0
560	0.0005229911585901605	3.017520807305863	0.27361435369037085		0.6713824272155762	0.0005	0.0005	0.09729538053300502	0.0
561	0.0005229911585901605	3.017520807305863	0.27361435369037085		0.7914621829986572	0.0005	0.0005	0.09729538053300502	0.0
562	0.0005229911585901605	3.017520807305863	0.27361435369037085		0.752859354019165	0.0005	0.0005	0.09729538053300502	0.0
563	0.0005229911585901605	3.017520807305863	0.27361435369037085		0.7707498073577881	0.0005	0.0005	0.09729538053300502	0.0
564	0.0005229911585901605	3.017520807305863	0.27361435369037085		0.7855608463287354	0.0005	0.0005	0.09729538053300502	0.0
565	0.0005229911585901605	3.017520807305863	0.27361435369037085		0.9134047031402588	0.0005	0.0005	0.09729538053300502	0.0
566	0.0005229911585901605	3.017520807305863	0.27361435369037085		0.7582623958587646	0.0005	0.0005	0.09729538053300502	0.0
567	0.0005229911585901605	3.017520807305863	0.27361435369037085		0.7832226753234863	0.0005	0.0005	0.09729538053300502	0.0
568	0.0005229911585901605	3.017520807305863	0.27361435369037085		0.7789807319641113	0.0005	0.0005	0.09729538053300502	0.0
569	0.0005229911585901605	3.017520807305863	0.27361435369037085		0.8856637477874756	0.0005	0.0005	0.09729538053300502	0.0
570	0.0005229911585901605	3.017520807305863	0.27361435369037085		0.7673420906066895	0.0005	0.0005	0.09729538053300502	0.0
571	0.0005229911585901605	3.017520807305863	0.27361435369037085		0.8714687824249268	0.0005	0.0005	0.09729538053300502	0.0
572	0.0005229911585901605	3.017520807305863	0.27361435369037085		0.7701611518859863	0.0005	0.0005	0.09729538053300502	0.0
573	0.0005229911585901605	3.017520807305863	0.27361435369037085		0.6486911773681641	0.0005	0.0005	0.09729538053300502	0.0
574	0.0005229911585901605	3.017520807305863	0.27361435369037085		0.6633400917053223	0.0005	0.0005	0.09729538053300502	0.0
575	0.0005229911585901605	3.017520807305863	0.27361435369037085		0.8875041007995605	0.0005	0.0005	0.09729538053300502	0.0
576	0.0005229911585901605	3.017520807305863	0.27361435369037085		0.7742550373077393	0.0005	0.0005	0.09729538053300502	0.0
577	0.0005229911585901605	3.017520807305863	0.27361435369037085		0.8654205799102783	0.0005	0.0005	0.09729538053300502	0.0
578	0.0005229911585901605	3.017520807305863	0.27361435369037085		0.7658507823944092	0.0005	0.0005	0.09729538053300502	0.0
579	0.0005229911585901605	3.017520807305863	0.27361435369037085		0.680138349533081	0.0005	0.0005	0.09729538053300502	0.0
580	0.0005229911585901605	3.017520807305863	0.27361435369037085		0.7634010314941406	0.0005	0.0005	0.09729538053300502	0.0
581	0.0005229911585901605	3.017520807305863	0.27361435369037085		0.6664955615997314	0.0005	0.0005	0.09729538053300502	0.0
582	0.0005229911585901605	3.017520807305863	0.27361435369037085		0.755774736404419	0.0005	0.0005	0.09729538053300502	0.0
583	0.0005229911585901605	3.017520807305863	0.27361435369037085		0.7747621536254883	0.0005	0.0005	0.09729538053300502	0.0
584	0.0005229911585901605	3.017520807305863	0.27361435369037085		0.7709248065948486	0.0005	0.0005	0.09729538053300502	0.0
585	0.0005229911585901605	3.017520807305863	0.27361435369037085		0.7728068828582764	0.0005	0.0005	0.09729538053300502	0.0
586	0.0005229911585901605	3.017520807305863	0.27361435369037085		0.8330590724945068	0.0005	0.0005	0.09729538053300502	0.0
587	0.0005229911585901605	3.017520807305863	0.27361435369037085		0.7759473323822021	0.0005	0.0005	0.09729538053300502	0.0
588	0.0005229911585901605	3.017520807305863	0.27361435369037085		0.7774221897125244	0.0005	0.0005	0.09729538053300502	0.0
589	0.0005229911585901605	3.017520807305863	0.27361435369037085		0.7658615112304688	0.0005	0.0005	0.09729538053300502	0.0
590	0.0005229911585901605	3.017520807305863	0.27361435369037085		0.7706291675567627	0.0005	0.0005	0.09729538053300502	0.0
591	0.0005229911585901605	3.017520807305863	0.27361435369037085		0.75705885887146	0.0005	0.0005	0.09729538053300502	0.0
592	0.0005229911585901605	3.017520807305863	0.27361435369037085		0.7814338207244873	0.0005	0.0005	0.09729538053300502	0.0
593	0.0005229911585901605	3.017520807305863	0.27361435369037085		0.7624142169952393	0.0005	0.0005	0.09729538053300502	0.0
594	0.0005229911585901605	3.017520807305863	0.27361435369037085		0.8847396373748779	0.0005	0.0005	0.09729538053300502	0.0
595	0.0005229911585901605	3.017520807305863	0.27361435369037085		0.7431795597076416	0.0005	0.0005	0.09729538053300502	0.0
596	0.0005229911585901605	3.017520807305863	0.27361435369037085		0.678581953048706	0.0005	0.0005	0.09729538053300502	0.0
597	0.0005229911585901605	3.017520807305863	0.27361435369037085		0.7949337959289551	0.0005	0.0005	0.09729538053300502	0.0
598	0.0005229911585901605	3.017520807305863	0.27361435369037085		0.7661337852478027	0.0005	0.0005	0.09729538053300502	0.0
599	0.0005229911585901605	3.017520807305863	0.27361435369037085		0.7620377540588379	0.0005	0.0005	0.09729538053300502	0.0
600	0.0005229911585901605	3.017520807305863	0.27361435369037085		0.6572055816650391	0.0005	0.0005	0.09729538053300502	0.0
601	0.0005229911585901605	3.017520807305863	0.27361435369037085		0.6615045070648193	0.0005	0.0005	0.09729538053300502	0.0
602	0.0005229911585901605	3.017520807305863	0.27361435369037085		0.8944416046142578	0.0005	0.0005	0.09729538053300502	0.0
603	0.0005229911585901605	3.017520807305863	0.27361435369037085		0.7916252613067627	0.0005	0.0005	0.09729538053300502	0.0
604	0.0005229911585901605	3.017520807305863	0.27361435369037085		0.7721924781799316	0.0005	0.0005	0.09729538053300502	0.0
605	0.0005229911585901605	3.017520807305863	0.27361435369037085		0.7802214622497559	0.0005	0.0005	0.09729538053300502	0.0
606	0.0005229911585901605	3.017520807305863	0.27361435369037085		0.7880406379699707	0.0005	0.0005	0.09729538053300502	0.0
607	0.0005229911585901605	3.017520807305863	0.27361435369037085		0.7690834999084473	0.0005	0.0005	0.09729538053300502	0.0
608	0.0005229911585901605	3.017520807305863	0.27361435369037085		0.7714018821716309	0.0005	0.0005	0.09729538053300502	0.0
609	0.0005229911585901605	3.017520807305863	0.27361435369037085		0.7655725479125977	0.0005	0.0005	0.09729538053300502	0.0
610	0.0005229911585901605	3.017520807305863	0.27361435369037085		0.7760405540466309	0.0005	0.0005	0.09729538053300502	0.0
611	0.0005229911585901605	3.017520807305863	0.27361435369037085		0.7680883407592773	0.0005	0.0005	0.09729538053300502	0.0
612	0.0005229911585901605	3.017520807305863	0.27361435369037085		0.7630283832550049	0.0005	0.0005	0.09729538053300502	0.0
613	0.0005229911585901605	3.017520807305863	0.27361435369037085		0.7836053371429443	0.0005	0.0005	0.09729538053300502	0.0
614	0.0005229911585901605	3.017520807305863	0.27361435369037085		0.7774825096130371	0.0005	0.0005	0.09729538053300502	0.0
615	0.0005229911585901605	3.017520807305863	0.27361435369037085		0.7670841217041016	0.0005	0.0005	0.09729538053300502	0.0
616	0.0005229911585901605	3.017520807305863	0.27361435369037085		0.7660322189331055	0.0005	0.0005	0.09729538053300502	0.0
617	0.0005229911585901605	3.017520807305863	0.27361435369037085		0.786705732345581	0.0005	0.0005	0.09729538053300502	0.0
618	0.0005229911585901605	3.017520807305863	0.27361435369037085		0.7670674324035645	0.0005	0.0005	0.09729538053300502	0.0
619	0.0005229911585901605	3.017520807305863	0.27361435369037085		0.8053085803985596	0.0005	0.0005	0.09729538053300502	0.0
620	0.0005229911585901605	3.017520807305863	0.27361435369037085		0.6735870838165283	0.0005	0.0005	0.09729538053300502	0.0
621	0.0005229911585901605	3.017520807305863	0.27361435369037085		0.6629302501678467	0.0005	0.0005	0.09729538053300502	0.0
622	0.0005229911585901605	3.017520807305863	0.27361435369037085		0.7968776226043701	0.0005	0.0005	0.09729538053300502	0.0
623	0.0005229911585901605	3.017520807305863	0.27361435369037085		0.7868812084197998	0.0005	0.0005	0.09729538053300502	0.0
624	0.0005229911585901605	3.017520807305863	0.27361435369037085		0.6554391384124756	0.0005	0.0005	0.09729538053300502	0.0
625	0.0005229911585901605	3.017520807305863	0.27361435369037085		0.9003345966339111	0.0005	0.0005	0.09729538053300502	0.0
626	0.0005229911585901605	3.017520807305863	0.27361435369037085		1.2668545246124268	0.0005	0.0005	0.09729538053300502	0.0
627	0.0005229911585901605	3.017520807305863	0.27361435369037085		0.950465202331543	0.0005	0.0005	0.09729538053300502	0.0
628	0.0005229911585901605	3.017520807305863	0.27361435369037085		0.8627126216888428	0.0005	0.0005	0.09729538053300502	0.0
629	0.0005229911585901605	3.017520807305863	0.27361435369037085		0.7873623371124268	0.0005	0.0005	0.09729538053300502	0.0
630	0.0005229911585901605	3.017520807305863	0.27361435369037085		0.7880926132202148	0.0005	0.0005	0.09729538053300502	0.0
631	0.0005229911585901605	3.017520807305863	0.27361435369037085		0.7697508335113525	0.0005	0.0005	0.09729538053300502	0.0
632	0.0005229911585901605	3.017520807305863	0.27361435369037085		0.7764909267425537	0.0005	0.0005	0.09729538053300502	0.0
633	0.0005229911585901605	3.017520807305863	0.27361435369037085		0.7754166126251221	0.0005	0.0005	0.09729538053300502	0.0
634	0.0005229911585901605	3.017520807305863	0.27361435369037085		0.7655060291290283	0.0005	0.0005	0.09729538053300502	0.0
635	0.0005229911585901605	3.017520807305863	0.27361435369037085		0.7567296028137207	0.0005	0.0005	0.09729538053300502	0.0
636	0.0005229911585901605	3.017520807305863	0.27361435369037085		0.6631462574005127	0.0005	0.0005	0.09729538053300502	0.0
637	0.0005229911585901605	3.017520807305863	0.27361435369037085		0.7713384628295898	0.0005	0.0005	0.09729538053300502	0.0
638	0.0005229911585901605	3.017520807305863	0.27361435369037085		0.6669886112213135	0.0005	0.0005	0.09729538053300502	0.0
639	0.0005229911585901605	3.017520807305863	0.27361435369037085		0.8716099262237549	0.0005	0.0005	0.09729538053300502	0.0
640	0.0005229911585901605	3.017520807305863	0.27361435369037085		0.8064026832580566	0.0005	0.0005	0.09729538053300502	0.0
641	0.0005229911585901605	3.017520807305863	0.27361435369037085		0.7638993263244629	0.0005	0.0005	0.09729538053300502	0.0
642	0.0005229911585901605	3.017520807305863	0.27361435369037085		0.6600632667541504	0.0005	0.0005	0.09729538053300502	0.0
643	0.0005229911585901605	3.017520807305863	0.27361435369037085		0.7656371593475342	0.0005	0.0005	0.09729538053300502	0.0
644	0.0005229911585901605	3.017520807305863	0.27361435369037085		0.7818946838378906	0.0005	0.0005	0.09729538053300502	0.0
645	0.0005229911585901605	3.017520807305863	0.27361435369037085		0.7746102809906006	0.0005	0.0005	0.09729538053300502	0.0
646	0.0005229911585901605	3.017520807305863	0.27361435369037085		0.749967098236084	0.0005	0.0005	0.09729538053300502	0.0
647	0.0005229911585901605	3.017520807305863	0.27361435369037085		0.6571271419525146	0.0005	0.0005	0.09729538053300502	0.0
648	0.0005229911585901605	3.017520807305863	0.27361435369037085		0.777329683303833	0.0005	0.0005	0.09729538053300502	0.0
649	0.0005229911585901605	3.017520807305863	0.27361435369037085		0.873091459274292	0.0005	0.0005	0.09729538053300502	0.0
650	0.0005229911585901605	3.017520807305863	0.27361435369037085		0.9777035713195801	0.0005	0.0005	0.09729538053300502	0.0
651	0.0005229911585901605	3.017520807305863	0.27361435369037085		0.9150292873382568	0.0005	0.0005	0.09729538053300502	0.0
652	0.0005229911585901605	3.017520807305863	0.27361435369037085		0.7694969177246094	0.0005	0.0005	0.09729538053300502	0.0
653	0.0005229911585901605	3.017520807305863	0.27361435369037085		0.764432430267334	0.0005	0.0005	0.09729538053300502	0.0
654	0.0005229911585901605	3.017520807305863	0.27361435369037085		0.7718279361724854	0.0005	0.0005	0.09729538053300502	0.0
655	0.0005229911585901605	3.017520807305863	0.27361435369037085		0.7551121711730957	0.0005	0.0005	0.09729538053300502	0.0
656	0.0005229911585901605	3.017520807305863	0.27361435369037085		0.7484831809997559	0.0005	0.0005	0.09729538053300502	0.0
657	0.0005229911585901605	3.017520807305863	0.27361435369037085		0.7753820419311523	0.0005	0.0005	0.09729538053300502	0.0
658	0.0005229911585901605	3.017520807305863	0.27361435369037085		0.7712850570678711	0.0005	0.0005	0.09729538053300502	0.0
659	0.0005229911585901605	3.017520807305863	0.27361435369037085		0.78432297706604	0.0005	0.0005	0.09729538053300502	0.0
660	0.0005229911585901605	3.017520807305863	0.27361435369037085		0.7588083744049072	0.0005	0.0005	0.09729538053300502	0.0
661	0.0005229911585901605	3.017520807305863	0.27361435369037085		0.6689560413360596	0.0005	0.0005	0.09729538053300502	0.0
662	0.0005229911585901605	3.017520807305863	0.27361435369037085		0.7598507404327393	0.0005	0.0005	0.09729538053300502	0.0
663	0.0005229911585901605	3.017520807305863	0.27361435369037085		0.895517110824585	0.0005	0.0005	0.09729538053300502	0.0
664	0.0005229911585901605	3.017520807305863	0.27361435369037085		1.0231220722198486	0.0005	0.0005	0.09729538053300502	0.0
665	0.0005229911585901605	3.017520807305863	0.27361435369037085		1.393528699874878	0.0005	0.0005	0.09729538053300502	0.0
666	0.0005229911585901605	3.017520807305863	0.27361435369037085		1.250300407409668	0.0005	0.0005	0.09729538053300502	0.0
667	0.0005229911585901605	3.017520807305863	0.27361435369037085		1.1840181350708008	0.0005	0.0005	0.09729538053300502	0.0
668	0.0005229911585901605	3.017520807305863	0.27361435369037085		1.0822176933288574	0.0005	0.0005	0.09729538053300502	0.0
669	0.0005229911585901605	3.017520807305863	0.27361435369037085		0.757115364074707	0.0005	0.0005	0.09729538053300502	0.0
670	0.0005229911585901605	3.017520807305863	0.27361435369037085		0.7436206340789795	0.0005	0.0005	0.09729538053300502	0.0
671	0.0005229911585901605	3.017520807305863	0.27361435369037085		0.8844602108001709	0.0005	0.0005	0.09729538053300502	0.0
672	0.0005229911585901605	3.017520807305863	0.27361435369037085		0.7730762958526611	0.0005	0.0005	0.09729538053300502	0.0
673	0.0005229911585901605	3.017520807305863	0.27361435369037085		0.8551011085510254	0.0005	0.0005	0.09729538053300502	0.0
674	0.0005229911585901605	3.017520807305863	0.27361435369037085		0.8987326622009277	0.0005	0.0005	0.09729538053300502	0.0
675	0.0005229911585901605	3.017520807305863	0.27361435369037085		0.7487297058105469	0.0005	0.0005	0.09729538053300502	0.0
676	0.0005229911585901605	3.017520807305863	0.27361435369037085		0.7522404193878174	0.0005	0.0005	0.09729538053300502	0.0
677	0.0005229911585901605	3.017520807305863	0.27361435369037085		0.7690613269805908	0.0005	0.0005	0.09729538053300502	0.0
678	0.0005229911585901605	3.017520807305863	0.27361435369037085		0.8723673820495605	0.0005	0.0005	0.09729538053300502	0.0
679	0.0005229911585901605	3.017520807305863	0.27361435369037085		0.7761738300323486	0.0005	0.0005	0.09729538053300502	0.0
680	0.0005229911585901605	3.017520807305863	0.27361435369037085		0.8066582679748535	0.0005	0.0005	0.09729538053300502	0.0
681	0.0005229911585901605	3.017520807305863	0.27361435369037085		1.344367504119873	0.0005	0.0005	0.09729538053300502	0.0
682	0.0005229911585901605	3.017520807305863	0.27361435369037085		0.9076285362243652	0.0005	0.0005	0.09729538053300502	0.0
683	0.0005229911585901605	3.017520807305863	0.27361435369037085		0.8450295925140381	0.0005	0.0005	0.09729538053300502	0.0
684	0.0005229911585901605	3.017520807305863	0.27361435369037085		0.7805578708648682	0.0005	0.0005	0.09729538053300502	0.0
685	0.0005229911585901605	3.017520807305863	0.27361435369037085		0.9739916324615479	0.0005	0.0005	0.09729538053300502	0.0
686	0.0005229911585901605	3.017520807305863	0.27361435369037085		0.7672562599182129	0.0005	0.0005	0.09729538053300502	0.0
687	0.0005229911585901605	3.017520807305863	0.27361435369037085		0.7559800148010254	0.0005	0.0005	0.09729538053300502	0.0
688	0.0005229911585901605	3.017520807305863	0.27361435369037085		0.7395362854003906	0.0005	0.0005	0.09729538053300502	0.0
689	0.0005229911585901605	3.017520807305863	0.27361435369037085		0.7431652545928955	0.0005	0.0005	0.09729538053300502	0.0
690	0.0005229911585901605	3.017520807305863	0.27361435369037085		0.7398264408111572	0.0005	0.0005	0.09729538053300502	0.0
691	0.0005229911585901605	3.017520807305863	0.27361435369037085		0.6603772640228271	0.0005	0.0005	0.09729538053300502	0.0
692	0.0005229911585901605	3.017520807305863	0.27361435369037085		1.073427438735962	0.0005	0.0005	0.09729538053300502	0.0
693	0.0005229911585901605	3.017520807305863	0.27361435369037085		0.9071626663208008	0.0005	0.0005	0.09729538053300502	0.0
694	0.0005229911585901605	3.017520807305863	0.27361435369037085		3.9590766429901123	0.0005	0.0005	0.09729538053300502	0.0
695	0.0005229911585901605	3.017520807305863	0.27361435369037085		767.4345088005066	0.0005	0.0005	0.09729538053300502	0.0
696	0.0005229911585901605	3.017520807305863	0.27361435369037085		2436.403175354004	0.0005	0.0005	0.09729538053300502	0.0
697	0.0005229911585901605	3.017520807305863	0.27361435369037085		4.427406072616577	0.0005	0.0005	0.09729538053300502	0.0
698	0.0005229911585901605	3.017520807305863	0.27361435369037085		3.5714828968048096	0.0005	0.0005	0.09729538053300502	0.0
699	0.0005229911585901605	3.017520807305863	0.27361435369037085		4.255167484283447	0.0005	0.0005	0.09729538053300502	0.0
700	0.0005229911585901605	3.017520807305863	0.27361435369037085		4.134445428848267	0.0005	0.0005	0.09729538053300502	0.0
701	0.0005229911585901605	3.017520807305863	0.27361435369037085		3.1891636848449707	0.0005	0.0005	0.09729538053300502	0.0
702	0.0005229911585901605	3.017520807305863	0.27361435369037085		2.7494070529937744	0.0005	0.0005	0.09729538053300502	0.0
703	0.0005229911585901605	3.017520807305863	0.27361435369037085		2.338064670562744	0.0005	0.0005	0.09729538053300502	0.0
704	0.0005229911585901605	3.017520807305863	0.27361435369037085		1.5867812633514404	0.0005	0.0005	0.09729538053300502	0.0
705	0.0005229911585901605	3.017520807305863	0.27361435369037085		1.2499780654907227	0.0005	0.0005	0.09729538053300502	0.0
706	0.0005229911585901605	3.017520807305863	0.27361435369037085		1.1710388660430908	0.0005	0.0005	0.09729538053300502	0.0
707	0.0005229911585901605	3.017520807305863	0.27361435369037085		1.3330702781677246	0.0005	0.0005	0.09729538053300502	0.0
708	0.0005229911585901605	3.017520807305863	0.27361435369037085		1.1161134243011475	0.0005	0.0005	0.09729538053300502	0.0
709	0.0005229911585901605	3.017520807305863	0.27361435369037085		1.0968563556671143	0.0005	0.0005	0.09729538053300502	0.0
710	0.0005229911585901605	3.017520807305863	0.27361435369037085		1.186302661895752	0.0005	0.0005	0.09729538053300502	0.0
711	0.0005229911585901605	3.017520807305863	0.27361435369037085		0.9751381874084473	0.0005	0.0005	0.09729538053300502	0.0
712	0.0005229911585901605	3.017520807305863	0.27361435369037085		1.0976996421813965	0.0005	0.0005	0.09729538053300502	0.0
713	0.0005229911585901605	3.017520807305863	0.27361435369037085		1.2389304637908936	0.0005	0.0005	0.09729538053300502	0.0
714	0.0005229911585901605	3.017520807305863	0.27361435369037085		0.9184858798980713	0.0005	0.0005	0.09729538053300502	0.0
715	0.0005229911585901605	3.017520807305863	0.27361435369037085		1.0258018970489502	0.0005	0.0005	0.09729538053300502	0.0
716	0.0005229911585901605	3.017520807305863	0.27361435369037085		0.9050672054290771	0.0005	0.0005	0.09729538053300502	0.0
717	0.0005229911585901605	3.017520807305863	0.27361435369037085		1.1077535152435303	0.0005	0.0005	0.09729538053300502	0.0
718	0.0005229911585901605	3.017520807305863	0.27361435369037085		1.0302140712738037	0.0005	0.0005	0.09729538053300502	0.0
719	0.0005229911585901605	3.017520807305863	0.27361435369037085		1.4990119934082031	0.0005	0.0005	0.09729538053300502	0.0
720	0.0005229911585901605	3.017520807305863	0.27361435369037085		1.1128182411193848	0.0005	0.0005	0.09729538053300502	0.0
721	0.0005229911585901605	3.017520807305863	0.27361435369037085		1.0998661518096924	0.0005	0.0005	0.09729538053300502	0.0
722	0.0005229911585901605	3.017520807305863	0.27361435369037085		0.9297270774841309	0.0005	0.0005	0.09729538053300502	0.0
723	0.0005229911585901605	3.017520807305863	0.27361435369037085		0.9188544750213623	0.0005	0.0005	0.09729538053300502	0.0
724	0.0005229911585901605	3.017520807305863	0.27361435369037085		0.9551870822906494	0.0005	0.0005	0.09729538053300502	0.0
725	0.0005229911585901605	3.017520807305863	0.27361435369037085		1.142941951751709	0.0005	0.0005	0.09729538053300502	0.0
726	0.0005229911585901605	3.017520807305863	0.27361435369037085		1.0097510814666748	0.0005	0.0005	0.09729538053300502	0.0
727	0.0005229911585901605	3.017520807305863	0.27361435369037085		0.942471981048584	0.0005	0.0005	0.09729538053300502	0.0
728	0.0005229911585901605	3.017520807305863	0.27361435369037085		1.0444889068603516	0.0005	0.0005	0.09729538053300502	0.0
729	0.0005229911585901605	3.017520807305863	0.27361435369037085		1.2184760570526123	0.0005	0.0005	0.09729538053300502	0.0
730	0.0005229911585901605	3.017520807305863	0.27361435369037085		1.3715031147003174	0.0005	0.0005	0.09729538053300502	0.0
731	0.0005229911585901605	3.017520807305863	0.27361435369037085		1.0191988945007324	0.0005	0.0005	0.09729538053300502	0.0
732	0.0005229911585901605	3.017520807305863	0.27361435369037085		1.1113593578338623	0.0005	0.0005	0.09729538053300502	0.0
733	0.0005229911585901605	3.017520807305863	0.27361435369037085		0.9582178592681885	0.0005	0.0005	0.09729538053300502	0.0
734	0.0005229911585901605	3.017520807305863	0.27361435369037085		0.9959926605224609	0.0005	0.0005	0.09729538053300502	0.0
735	0.0005229911585901605	3.017520807305863	0.27361435369037085		1.0040192604064941	0.0005	0.0005	0.09729538053300502	0.0
736	0.0005229911585901605	3.017520807305863	0.27361435369037085		1.005066156387329	0.0005	0.0005	0.09729538053300502	0.0
737	0.0005229911585901605	3.017520807305863	0.27361435369037085		1.0039844512939453	0.0005	0.0005	0.09729538053300502	0.0
738	0.0005229911585901605	3.017520807305863	0.27361435369037085		0.9595739841461182	0.0005	0.0005	0.09729538053300502	0.0
739	0.0005229911585901605	3.017520807305863	0.27361435369037085		1.9702320098876953	0.0005	0.0005	0.09729538053300502	0.0
740	0.0005229911585901605	3.017520807305863	0.27361435369037085		1.7708561420440674	0.0005	0.0005	0.09729538053300502	0.0
741	0.0005229911585901605	3.017520807305863	0.27361435369037085		1.223522663116455	0.0005	0.0005	0.09729538053300502	0.0
742	0.0005229911585901605	3.017520807305863	0.27361435369037085		1.114729642868042	0.0005	0.0005	0.09729538053300502	0.0
743	0.0005229911585901605	3.017520807305863	0.27361435369037085		1.0825374126434326	0.0005	0.0005	0.09729538053300502	0.0
744	0.0005229911585901605	3.017520807305863	0.27361435369037085		0.8740396499633789	0.0005	0.0005	0.09729538053300502	0.0
745	0.0005229911585901605	3.017520807305863	0.27361435369037085		0.7769885063171387	0.0005	0.0005	0.09729538053300502	0.0
746	0.0005229911585901605	3.017520807305863	0.27361435369037085		0.8866407871246338	0.0005	0.0005	0.09729538053300502	0.0
747	0.0005229911585901605	3.017520807305863	0.27361435369037085		0.8979501724243164	0.0005	0.0005	0.09729538053300502	0.0
748	0.0005229911585901605	3.017520807305863	0.27361435369037085		1.124948263168335	0.0005	0.0005	0.09729538053300502	0.0
749	0.0005229911585901605	3.017520807305863	0.27361435369037085		0.8927226066589355	0.0005	0.0005	0.09729538053300502	0.0
750	0.0005229911585901605	3.017520807305863	0.27361435369037085		1.192033052444458	0.0005	0.0005	0.09729538053300502	0.0
751	0.0005229911585901605	3.017520807305863	0.27361435369037085		0.9170465469360352	0.0005	0.0005	0.09729538053300502	0.0
752	0.0005229911585901605	3.017520807305863	0.27361435369037085		0.9046239852905273	0.0005	0.0005	0.09729538053300502	0.0
753	0.0005229911585901605	3.017520807305863	0.27361435369037085		0.9665634632110596	0.0005	0.0005	0.09729538053300502	0.0
754	0.0005229911585901605	3.017520807305863	0.27361435369037085		0.8679971694946289	0.0005	0.0005	0.09729538053300502	0.0
755	0.0005229911585901605	3.017520807305863	0.27361435369037085		0.8794035911560059	0.0005	0.0005	0.09729538053300502	0.0
756	0.0005229911585901605	3.017520807305863	0.27361435369037085		0.8672943115234375	0.0005	0.0005	0.09729538053300502	0.0
757	0.0005229911585901605	3.017520807305863	0.27361435369037085		0.7701220512390137	0.0005	0.0005	0.09729538053300502	0.0
758	0.0005229911585901605	3.017520807305863	0.27361435369037085		0.8810243606567383	0.0005	0.0005	0.09729538053300502	0.0
759	0.0005229911585901605	3.017520807305863	0.27361435369037085		1.013636589050293	0.0005	0.0005	0.09729538053300502	0.0
760	0.0005229911585901605	3.017520807305863	0.27361435369037085		0.8958621025085449	0.0005	0.0005	0.09729538053300502	0.0
761	0.0005229911585901605	3.017520807305863	0.27361435369037085		0.9011616706848145	0.0005	0.0005	0.09729538053300502	0.0
762	0.0005229911585901605	3.017520807305863	0.27361435369037085		1.2899360656738281	0.0005	0.0005	0.09729538053300502	0.0
763	0.0005229911585901605	3.017520807305863	0.27361435369037085		0.8946413993835449	0.0005	0.0005	0.09729538053300502	0.0
764	0.0005229911585901605	3.017520807305863	0.27361435369037085		1.302037239074707	0.0005	0.0005	0.09729538053300502	0.0
765	0.0005229911585901605	3.017520807305863	0.27361435369037085		0.9556291103363037	0.0005	0.0005	0.09729538053300502	0.0
766	0.0005229911585901605	3.017520807305863	0.27361435369037085		0.7592387199401855	0.0005	0.0005	0.09729538053300502	0.0
767	0.0005229911585901605	3.017520807305863	0.27361435369037085		0.7580504417419434	0.0005	0.0005	0.09729538053300502	0.0
768	0.0005229911585901605	3.017520807305863	0.27361435369037085		0.7737224102020264	0.0005	0.0005	0.09729538053300502	0.0
769	0.0005229911585901605	3.017520807305863	0.27361435369037085		0.7457120418548584	0.0005	0.0005	0.09729538053300502	0.0
770	0.0005229911585901605	3.017520807305863	0.27361435369037085		0.7652204036712646	0.0005	0.0005	0.09729538053300502	0.0
771	0.0005229911585901605	3.017520807305863	0.27361435369037085		0.765449047088623	0.0005	0.0005	0.09729538053300502	0.0
772	0.0005229911585901605	3.017520807305863	0.27361435369037085		0.8926310539245605	0.0005	0.0005	0.09729538053300502	0.0
773	0.0005229911585901605	3.017520807305863	0.27361435369037085		0.7580068111419678	0.0005	0.0005	0.09729538053300502	0.0
774	0.0005229911585901605	3.017520807305863	0.27361435369037085		0.812117338180542	0.0005	0.0005	0.09729538053300502	0.0
775	0.0005229911585901605	3.017520807305863	0.27361435369037085		0.7529597282409668	0.0005	0.0005	0.09729538053300502	0.0
776	0.0005229911585901605	3.017520807305863	0.27361435369037085		0.7531859874725342	0.0005	0.0005	0.09729538053300502	0.0
777	0.0005229911585901605	3.017520807305863	0.27361435369037085		0.7513270378112793	0.0005	0.0005	0.09729538053300502	0.0
778	0.0005229911585901605	3.017520807305863	0.27361435369037085		0.7675867080688477	0.0005	0.0005	0.09729538053300502	0.0
779	0.0005229911585901605	3.017520807305863	0.27361435369037085		0.9693043231964111	0.0005	0.0005	0.09729538053300502	0.0
780	0.0005229911585901605	3.017520807305863	0.27361435369037085		0.75272536277771	0.0005	0.0005	0.09729538053300502	0.0
781	0.0005229911585901605	3.017520807305863	0.27361435369037085		0.7647171020507812	0.0005	0.0005	0.09729538053300502	0.0
782	0.0005229911585901605	3.017520807305863	0.27361435369037085		0.7485706806182861	0.0005	0.0005	0.09729538053300502	0.0
783	0.0005229911585901605	3.017520807305863	0.27361435369037085		0.7686293125152588	0.0005	0.0005	0.09729538053300502	0.0
784	0.0005229911585901605	3.017520807305863	0.27361435369037085		0.7530555725097656	0.0005	0.0005	0.09729538053300502	0.0
785	0.0005229911585901605	3.017520807305863	0.27361435369037085		0.7577304840087891	0.0005	0.0005	0.09729538053300502	0.0
786	0.0005229911585901605	3.017520807305863	0.27361435369037085		0.7735111713409424	0.0005	0.0005	0.09729538053300502	0.0
787	0.0005229911585901605	3.017520807305863	0.27361435369037085		0.8912353515625	0.0005	0.0005	0.09729538053300502	0.0
788	0.0005229911585901605	3.017520807305863	0.27361435369037085		0.7679967880249023	0.0005	0.0005	0.09729538053300502	0.0
789	0.0005229911585901605	3.017520807305863	0.27361435369037085		0.7704541683197021	0.0005	0.0005	0.09729538053300502	0.0
790	0.0005229911585901605	3.017520807305863	0.27361435369037085		0.7605619430541992	0.0005	0.0005	0.09729538053300502	0.0
791	0.0005229911585901605	3.017520807305863	0.27361435369037085		0.8599143028259277	0.0005	0.0005	0.09729538053300502	0.0
792	0.0005229911585901605	3.017520807305863	0.27361435369037085		0.8809306621551514	0.0005	0.0005	0.09729538053300502	0.0
793	0.0005229911585901605	3.017520807305863	0.27361435369037085		0.7530293464660645	0.0005	0.0005	0.09729538053300502	0.0
794	0.0005229911585901605	3.017520807305863	0.27361435369037085		0.8026924133300781	0.0005	0.0005	0.09729538053300502	0.0
795	0.0005229911585901605	3.017520807305863	0.27361435369037085		0.7664029598236084	0.0005	0.0005	0.09729538053300502	0.0
796	0.0005229911585901605	3.017520807305863	0.27361435369037085		0.7439384460449219	0.0005	0.0005	0.09729538053300502	0.0
797	0.0005229911585901605	3.017520807305863	0.27361435369037085		0.7649800777435303	0.0005	0.0005	0.09729538053300502	0.0
798	0.0005229911585901605	3.017520807305863	0.27361435369037085		0.7560756206512451	0.0005	0.0005	0.09729538053300502	0.0
799	0.0005229911585901605	3.017520807305863	0.27361435369037085		0.7477319240570068	0.0005	0.0005	0.09729538053300502	0.0
800	0.0005229911585901605	3.017520807305863	0.27361435369037085		0.7433779239654541	0.0005	0.0005	0.09729538053300502	0.0
801	0.0005229911585901605	3.017520807305863	0.27361435369037085		0.7556946277618408	0.0005	0.0005	0.09729538053300502	0.0
802	0.0005229911585901605	3.017520807305863	0.27361435369037085		0.7763955593109131	0.0005	0.0005	0.09729538053300502	0.0
803	0.0005229911585901605	3.017520807305863	0.27361435369037085		0.7506077289581299	0.0005	0.0005	0.09729538053300502	0.0
804	0.0005229911585901605	3.017520807305863	0.27361435369037085		0.7567050457000732	0.0005	0.0005	0.09729538053300502	0.0
805	0.0005229911585901605	3.017520807305863	0.27361435369037085		0.7534048557281494	0.0005	0.0005	0.09729538053300502	0.0
806	0.0005229911585901605	3.017520807305863	0.27361435369037085		0.7482690811157227	0.0005	0.0005	0.09729538053300502	0.0
807	0.0005229911585901605	3.017520807305863	0.27361435369037085		0.7623903751373291	0.0005	0.0005	0.09729538053300502	0.0
808	0.0005229911585901605	3.017520807305863	0.27361435369037085		0.7661077976226807	0.0005	0.0005	0.09729538053300502	0.0
809	0.0005229911585901605	3.017520807305863	0.27361435369037085		0.7770226001739502	0.0005	0.0005	0.09729538053300502	0.0
810	0.0005229911585901605	3.017520807305863	0.27361435369037085		0.7679123878479004	0.0005	0.0005	0.09729538053300502	0.0
811	0.0005229911585901605	3.017520807305863	0.27361435369037085		0.7524042129516602	0.0005	0.0005	0.09729538053300502	0.0
812	0.0005229911585901605	3.017520807305863	0.27361435369037085		0.7901268005371094	0.0005	0.0005	0.09729538053300502	0.0
813	0.0005229911585901605	3.017520807305863	0.27361435369037085		0.8336567878723145	0.0005	0.0005	0.09729538053300502	0.0
814	0.0005229911585901605	3.017520807305863	0.27361435369037085		0.7747859954833984	0.0005	0.0005	0.09729538053300502	0.0
815	0.0005229911585901605	3.017520807305863	0.27361435369037085		0.8148081302642822	0.0005	0.0005	0.09729538053300502	0.0
816	0.0005229911585901605	3.017520807305863	0.27361435369037085		0.7873947620391846	0.0005	0.0005	0.09729538053300502	0.0
817	0.0005229911585901605	3.017520807305863	0.27361435369037085		0.8977198600769043	0.0005	0.0005	0.09729538053300502	0.0
818	0.0005229911585901605	3.017520807305863	0.27361435369037085		0.744518518447876	0.0005	0.0005	0.09729538053300502	0.0
819	0.0005229911585901605	3.017520807305863	0.27361435369037085		0.8782589435577393	0.0005	0.0005	0.09729538053300502	0.0
820	0.0005229911585901605	3.017520807305863	0.27361435369037085		0.9364204406738281	0.0005	0.0005	0.09729538053300502	0.0
821	0.0005229911585901605	3.017520807305863	0.27361435369037085		0.7774920463562012	0.0005	0.0005	0.09729538053300502	0.0
822	0.0005229911585901605	3.017520807305863	0.27361435369037085		0.761244535446167	0.0005	0.0005	0.09729538053300502	0.0
823	0.0005229911585901605	3.017520807305863	0.27361435369037085		0.6621339321136475	0.0005	0.0005	0.09729538053300502	0.0
824	0.0005229911585901605	3.017520807305863	0.27361435369037085		0.8788487911224365	0.0005	0.0005	0.09729538053300502	0.0
825	0.0005229911585901605	3.017520807305863	0.27361435369037085		0.7619543075561523	0.0005	0.0005	0.09729538053300502	0.0
826	0.0005229911585901605	3.017520807305863	0.27361435369037085		0.7648887634277344	0.0005	0.0005	0.09729538053300502	0.0
827	0.0005229911585901605	3.017520807305863	0.27361435369037085		0.7468698024749756	0.0005	0.0005	0.09729538053300502	0.0
828	0.0005229911585901605	3.017520807305863	0.27361435369037085		0.6573214530944824	0.0005	0.0005	0.09729538053300502	0.0
829	0.0005229911585901605	3.017520807305863	0.27361435369037085		0.7458419799804688	0.0005	0.0005	0.09729538053300502	0.0
830	0.0005229911585901605	3.017520807305863	0.27361435369037085		0.7524912357330322	0.0005	0.0005	0.09729538053300502	0.0
831	0.0005229911585901605	3.017520807305863	0.27361435369037085		0.7772603034973145	0.0005	0.0005	0.09729538053300502	0.0
832	0.0005229911585901605	3.017520807305863	0.27361435369037085		0.7657492160797119	0.0005	0.0005	0.09729538053300502	0.0
833	0.0005229911585901605	3.017520807305863	0.27361435369037085		0.7575130462646484	0.0005	0.0005	0.09729538053300502	0.0
834	0.0005229911585901605	3.017520807305863	0.27361435369037085		0.7504804134368896	0.0005	0.0005	0.09729538053300502	0.0
835	0.0005229911585901605	3.017520807305863	0.27361435369037085		0.7573277950286865	0.0005	0.0005	0.09729538053300502	0.0
836	0.0005229911585901605	3.017520807305863	0.27361435369037085		0.7658500671386719	0.0005	0.0005	0.09729538053300502	0.0
837	0.0005229911585901605	3.017520807305863	0.27361435369037085		0.7577083110809326	0.0005	0.0005	0.09729538053300502	0.0
838	0.0005229911585901605	3.017520807305863	0.27361435369037085		0.7514376640319824	0.0005	0.0005	0.09729538053300502	0.0
839	0.0005229911585901605	3.017520807305863	0.27361435369037085		0.7853503227233887	0.0005	0.0005	0.09729538053300502	0.0
840	0.0005229911585901605	3.017520807305863	0.27361435369037085		0.6458401679992676	0.0005	0.0005	0.09729538053300502	0.0
841	0.0005229911585901605	3.017520807305863	0.27361435369037085		0.7564883232116699	0.0005	0.0005	0.09729538053300502	0.0
842	0.0005229911585901605	3.017520807305863	0.27361435369037085		0.8997960090637207	0.0005	0.0005	0.09729538053300502	0.0
843	0.0005229911585901605	3.017520807305863	0.27361435369037085		0.7728466987609863	0.0005	0.0005	0.09729538053300502	0.0
844	0.0005229911585901605	3.017520807305863	0.27361435369037085		0.82375168800354	0.0005	0.0005	0.09729538053300502	0.0
845	0.0005229911585901605	3.017520807305863	0.27361435369037085		0.7426762580871582	0.0005	0.0005	0.09729538053300502	0.0
846	0.0005229911585901605	3.017520807305863	0.27361435369037085		0.8911542892456055	0.0005	0.0005	0.09729538053300502	0.0
847	0.0005229911585901605	3.017520807305863	0.27361435369037085		0.7548651695251465	0.0005	0.0005	0.09729538053300502	0.0
848	0.0005229911585901605	3.017520807305863	0.27361435369037085		0.7455618381500244	0.0005	0.0005	0.09729538053300502	0.0
849	0.0005229911585901605	3.017520807305863	0.27361435369037085		0.7620060443878174	0.0005	0.0005	0.09729538053300502	0.0
850	0.0005229911585901605	3.017520807305863	0.27361435369037085		0.7646214962005615	0.0005	0.0005	0.09729538053300502	0.0
851	0.0005229911585901605	3.017520807305863	0.27361435369037085		0.7487821578979492	0.0005	0.0005	0.09729538053300502	0.0
852	0.0005229911585901605	3.017520807305863	0.27361435369037085		0.7668881416320801	0.0005	0.0005	0.09729538053300502	0.0
853	0.0005229911585901605	3.017520807305863	0.27361435369037085		0.7708127498626709	0.0005	0.0005	0.09729538053300502	0.0
854	0.0005229911585901605	3.017520807305863	0.27361435369037085		0.7503180503845215	0.0005	0.0005	0.09729538053300502	0.0
855	0.0005229911585901605	3.017520807305863	0.27361435369037085		0.7538967132568359	0.0005	0.0005	0.09729538053300502	0.0
856	0.0005229911585901605	3.017520807305863	0.27361435369037085		0.7511038780212402	0.0005	0.0005	0.09729538053300502	0.0
857	0.0005229911585901605	3.017520807305863	0.27361435369037085		0.7584092617034912	0.0005	0.0005	0.09729538053300502	0.0
858	0.0005229911585901605	3.017520807305863	0.27361435369037085		0.7645130157470703	0.0005	0.0005	0.09729538053300502	0.0
859	0.0005229911585901605	3.017520807305863	0.27361435369037085		0.7805299758911133	0.0005	0.0005	0.09729538053300502	0.0
860	0.0005229911585901605	3.017520807305863	0.27361435369037085		0.7438225746154785	0.0005	0.0005	0.09729538053300502	0.0
861	0.0005229911585901605	3.017520807305863	0.27361435369037085		0.8742532730102539	0.0005	0.0005	0.09729538053300502	0.0
862	0.0005229911585901605	3.017520807305863	0.27361435369037085		0.7515673637390137	0.0005	0.0005	0.09729538053300502	0.0
863	0.0005229911585901605	3.017520807305863	0.27361435369037085		0.7386577129364014	0.0005	0.0005	0.09729538053300502	0.0
864	0.0005229911585901605	3.017520807305863	0.27361435369037085		0.7780055999755859	0.0005	0.0005	0.09729538053300502	0.0
865	0.0005229911585901605	3.017520807305863	0.27361435369037085		0.804023265838623	0.0005	0.0005	0.09729538053300502	0.0
866	0.0005229911585901605	3.017520807305863	0.27361435369037085		0.7762761116027832	0.0005	0.0005	0.09729538053300502	0.0
867	0.0005229911585901605	3.017520807305863	0.27361435369037085		0.7678163051605225	0.0005	0.0005	0.09729538053300502	0.0
868	0.0005229911585901605	3.017520807305863	0.27361435369037085		0.7762835025787354	0.0005	0.0005	0.09729538053300502	0.0
869	0.0005229911585901605	3.017520807305863	0.27361435369037085		0.7638514041900635	0.0005	0.0005	0.09729538053300502	0.0
870	0.0005229911585901605	3.017520807305863	0.27361435369037085		0.7508540153503418	0.0005	0.0005	0.09729538053300502	0.0
871	0.0005229911585901605	3.017520807305863	0.27361435369037085		0.762315034866333	0.0005	0.0005	0.09729538053300502	0.0
872	0.0005229911585901605	3.017520807305863	0.27361435369037085		0.6608767509460449	0.0005	0.0005	0.09729538053300502	0.0
873	0.0005229911585901605	3.017520807305863	0.27361435369037085		0.8697876930236816	0.0005	0.0005	0.09729538053300502	0.0
874	0.0005229911585901605	3.017520807305863	0.27361435369037085		0.7563142776489258	0.0005	0.0005	0.09729538053300502	0.0
875	0.0005229911585901605	3.017520807305863	0.27361435369037085		0.7591767311096191	0.0005	0.0005	0.09729538053300502	0.0
876	0.0005229911585901605	3.017520807305863	0.27361435369037085		0.7811591625213623	0.0005	0.0005	0.09729538053300502	0.0
877	0.0005229911585901605	3.017520807305863	0.27361435369037085		0.7604734897613525	0.0005	0.0005	0.09729538053300502	0.0
878	0.0005229911585901605	3.017520807305863	0.27361435369037085		0.7516825199127197	0.0005	0.0005	0.09729538053300502	0.0
879	0.0005229911585901605	3.017520807305863	0.27361435369037085		0.7607643604278564	0.0005	0.0005	0.09729538053300502	0.0
880	0.0005229911585901605	3.017520807305863	0.27361435369037085		0.7696325778961182	0.0005	0.0005	0.09729538053300502	0.0
881	0.0005229911585901605	3.017520807305863	0.27361435369037085		0.7595677375793457	0.0005	0.0005	0.09729538053300502	0.0
882	0.0005229911585901605	3.017520807305863	0.27361435369037085		0.7663085460662842	0.0005	0.0005	0.09729538053300502	0.0
883	0.0005229911585901605	3.017520807305863	0.27361435369037085		0.8727567195892334	0.0005	0.0005	0.09729538053300502	0.0
884	0.0005229911585901605	3.017520807305863	0.27361435369037085		0.7408034801483154	0.0005	0.0005	0.09729538053300502	0.0
885	0.0005229911585901605	3.017520807305863	0.27361435369037085		0.7470481395721436	0.0005	0.0005	0.09729538053300502	0.0
886	0.0005229911585901605	3.017520807305863	0.27361435369037085		0.7580959796905518	0.0005	0.0005	0.09729538053300502	0.0
887	0.0005229911585901605	3.017520807305863	0.27361435369037085		0.7525699138641357	0.0005	0.0005	0.09729538053300502	0.0
888	0.0005229911585901605	3.017520807305863	0.27361435369037085		0.7662663459777832	0.0005	0.0005	0.09729538053300502	0.0
889	0.0005229911585901605	3.017520807305863	0.27361435369037085		0.7407193183898926	0.0005	0.0005	0.09729538053300502	0.0
890	0.0005229911585901605	3.017520807305863	0.27361435369037085		0.7617850303649902	0.0005	0.0005	0.09729538053300502	0.0
891	0.0005229911585901605	3.017520807305863	0.27361435369037085		0.7816307544708252	0.0005	0.0005	0.09729538053300502	0.0
892	0.0005229911585901605	3.017520807305863	0.27361435369037085		0.8330934047698975	0.0005	0.0005	0.09729538053300502	0.0
893	0.0005229911585901605	3.017520807305863	0.27361435369037085		0.7571911811828613	0.0005	0.0005	0.09729538053300502	0.0
894	0.0005229911585901605	3.017520807305863	0.27361435369037085		0.7533366680145264	0.0005	0.0005	0.09729538053300502	0.0
895	0.0005229911585901605	3.017520807305863	0.27361435369037085		0.759476900100708	0.0005	0.0005	0.09729538053300502	0.0
896	0.0005229911585901605	3.017520807305863	0.27361435369037085		0.7449626922607422	0.0005	0.0005	0.09729538053300502	0.0
897	0.0005229911585901605	3.017520807305863	0.27361435369037085		0.7508940696716309	0.0005	0.0005	0.09729538053300502	0.0
898	0.0005229911585901605	3.017520807305863	0.27361435369037085		0.7731318473815918	0.0005	0.0005	0.09729538053300502	0.0
899	0.0005229911585901605	3.017520807305863	0.27361435369037085		0.9000866413116455	0.0005	0.0005	0.09729538053300502	0.0
900	0.0005229911585901605	3.017520807305863	0.27361435369037085		0.8073678016662598	0.0005	0.0005	0.09729538053300502	0.0
901	0.0005229911585901605	3.017520807305863	0.27361435369037085		0.8045768737792969	0.0005	0.0005	0.09729538053300502	0.0
902	0.0005229911585901605	3.017520807305863	0.27361435369037085		0.7978918552398682	0.0005	0.0005	0.09729538053300502	0.0
903	0.0005229911585901605	3.017520807305863	0.27361435369037085		0.793341875076294	0.0005	0.0005	0.09729538053300502	0.0
904	0.0005229911585901605	3.017520807305863	0.27361435369037085		0.7952630519866943	0.0005	0.0005	0.09729538053300502	0.0
905	0.0005229911585901605	3.017520807305863	0.27361435369037085		0.9097695350646973	0.0005	0.0005	0.09729538053300502	0.0
906	0.0005229911585901605	3.017520807305863	0.27361435369037085		0.8033270835876465	0.0005	0.0005	0.09729538053300502	0.0
907	0.0005229911585901605	3.017520807305863	0.27361435369037085		0.7863426208496094	0.0005	0.0005	0.09729538053300502	0.0
908	0.0005229911585901605	3.017520807305863	0.27361435369037085		0.87990403175354	0.0005	0.0005	0.09729538053300502	0.0
909	0.0005229911585901605	3.017520807305863	0.27361435369037085		0.9123542308807373	0.0005	0.0005	0.09729538053300502	0.0
910	0.0005229911585901605	3.017520807305863	0.27361435369037085		0.777672290802002	0.0005	0.0005	0.09729538053300502	0.0
911	0.0005229911585901605	3.017520807305863	0.27361435369037085		0.8062241077423096	0.0005	0.0005	0.09729538053300502	0.0
912	0.0005229911585901605	3.017520807305863	0.27361435369037085		1.0305275917053223	0.0005	0.0005	0.09729538053300502	0.0
913	0.0005229911585901605	3.017520807305863	0.27361435369037085		0.8347020149230957	0.0005	0.0005	0.09729538053300502	0.0
914	0.0005229911585901605	3.017520807305863	0.27361435369037085		0.919856071472168	0.0005	0.0005	0.09729538053300502	0.0
915	0.0005229911585901605	3.017520807305863	0.27361435369037085		1.0248725414276123	0.0005	0.0005	0.09729538053300502	0.0
916	0.0005229911585901605	3.017520807305863	0.27361435369037085		1.2440903186798096	0.0005	0.0005	0.09729538053300502	0.0
917	0.0005229911585901605	3.017520807305863	0.27361435369037085		0.9420270919799805	0.0005	0.0005	0.09729538053300502	0.0
918	0.0005229911585901605	3.017520807305863	0.27361435369037085		1.1928679943084717	0.0005	0.0005	0.09729538053300502	0.0
919	0.0005229911585901605	3.017520807305863	0.27361435369037085		1.0048744678497314	0.0005	0.0005	0.09729538053300502	0.0
920	0.0005229911585901605	3.017520807305863	0.27361435369037085		0.918581485748291	0.0005	0.0005	0.09729538053300502	0.0
921	0.0005229911585901605	3.017520807305863	0.27361435369037085		1.04742431640625	0.0005	0.0005	0.09729538053300502	0.0
922	0.0005229911585901605	3.017520807305863	0.27361435369037085		0.8948605060577393	0.0005	0.0005	0.09729538053300502	0.0
923	0.0005229911585901605	3.017520807305863	0.27361435369037085		0.9227402210235596	0.0005	0.0005	0.09729538053300502	0.0
924	0.0005229911585901605	3.017520807305863	0.27361435369037085		0.8105237483978271	0.0005	0.0005	0.09729538053300502	0.0
925	0.0005229911585901605	3.017520807305863	0.27361435369037085		0.8135101795196533	0.0005	0.0005	0.09729538053300502	0.0
926	0.0005229911585901605	3.017520807305863	0.27361435369037085		0.7838354110717773	0.0005	0.0005	0.09729538053300502	0.0
927	0.0005229911585901605	3.017520807305863	0.27361435369037085		0.8016846179962158	0.0005	0.0005	0.09729538053300502	0.0
928	0.0005229911585901605	3.017520807305863	0.27361435369037085		0.7993812561035156	0.0005	0.0005	0.09729538053300502	0.0
929	0.0005229911585901605	3.017520807305863	0.27361435369037085		0.7817587852478027	0.0005	0.0005	0.09729538053300502	0.0
930	0.0005229911585901605	3.017520807305863	0.27361435369037085		0.815617561340332	0.0005	0.0005	0.09729538053300502	0.0
931	0.0005229911585901605	3.017520807305863	0.27361435369037085		0.8021724224090576	0.0005	0.0005	0.09729538053300502	0.0
932	0.0005229911585901605	3.017520807305863	0.27361435369037085		0.7845790386199951	0.0005	0.0005	0.09729538053300502	0.0
933	0.0005229911585901605	3.017520807305863	0.27361435369037085		0.8218269348144531	0.0005	0.0005	0.09729538053300502	0.0
934	0.0005229911585901605	3.017520807305863	0.27361435369037085		0.895056962966919	0.0005	0.0005	0.09729538053300502	0.0
935	0.0005229911585901605	3.017520807305863	0.27361435369037085		0.7782039642333984	0.0005	0.0005	0.09729538053300502	0.0
936	0.0005229911585901605	3.017520807305863	0.27361435369037085		0.7986652851104736	0.0005	0.0005	0.09729538053300502	0.0
937	0.0005229911585901605	3.017520807305863	0.27361435369037085		0.8101811408996582	0.0005	0.0005	0.09729538053300502	0.0
938	0.0005229911585901605	3.017520807305863	0.27361435369037085		0.8036134243011475	0.0005	0.0005	0.09729538053300502	0.0
939	0.0005229911585901605	3.017520807305863	0.27361435369037085		0.7868144512176514	0.0005	0.0005	0.09729538053300502	0.0
940	0.0005229911585901605	3.017520807305863	0.27361435369037085		0.8056678771972656	0.0005	0.0005	0.09729538053300502	0.0
941	0.0005229911585901605	3.017520807305863	0.27361435369037085		0.8000607490539551	0.0005	0.0005	0.09729538053300502	0.0
942	0.0005229911585901605	3.017520807305863	0.27361435369037085		0.7755818367004395	0.0005	0.0005	0.09729538053300502	0.0
943	0.0005229911585901605	3.017520807305863	0.27361435369037085		0.8073091506958008	0.0005	0.0005	0.09729538053300502	0.0
944	0.0005229911585901605	3.017520807305863	0.27361435369037085		0.8043560981750488	0.0005	0.0005	0.09729538053300502	0.0
945	0.0005229911585901605	3.017520807305863	0.27361435369037085		0.9179236888885498	0.0005	0.0005	0.09729538053300502	0.0
946	0.0005229911585901605	3.017520807305863	0.27361435369037085		0.8007504940032959	0.0005	0.0005	0.09729538053300502	0.0
947	0.0005229911585901605	3.017520807305863	0.27361435369037085		0.7927703857421875	0.0005	0.0005	0.09729538053300502	0.0
948	0.0005229911585901605	3.017520807305863	0.27361435369037085		0.8091428279876709	0.0005	0.0005	0.09729538053300502	0.0
949	0.0005229911585901605	3.017520807305863	0.27361435369037085		0.8024642467498779	0.0005	0.0005	0.09729538053300502	0.0
950	0.0005229911585901605	3.017520807305863	0.27361435369037085		0.7728555202484131	0.0005	0.0005	0.09729538053300502	0.0
951	0.0005229911585901605	3.017520807305863	0.27361435369037085		0.8022429943084717	0.0005	0.0005	0.09729538053300502	0.0
952	0.0005229911585901605	3.017520807305863	0.27361435369037085		0.9093935489654541	0.0005	0.0005	0.09729538053300502	0.0
953	0.0005229911585901605	3.017520807305863	0.27361435369037085		0.7955551147460938	0.0005	0.0005	0.09729538053300502	0.0
954	0.0005229911585901605	3.017520807305863	0.27361435369037085		0.8039572238922119	0.0005	0.0005	0.09729538053300502	0.0
955	0.0005229911585901605	3.017520807305863	0.27361435369037085		0.8913393020629883	0.0005	0.0005	0.09729538053300502	0.0
956	0.0005229911585901605	3.017520807305863	0.27361435369037085		0.8814828395843506	0.0005	0.0005	0.09729538053300502	0.0
957	0.0005229911585901605	3.017520807305863	0.27361435369037085		0.9050941467285156	0.0005	0.0005	0.09729538053300502	0.0
958	0.0005229911585901605	3.017520807305863	0.27361435369037085		0.9079532623291016	0.0005	0.0005	0.09729538053300502	0.0
959	0.0005229911585901605	3.017520807305863	0.27361435369037085		0.7981481552124023	0.0005	0.0005	0.09729538053300502	0.0
960	0.0005229911585901605	3.017520807305863	0.27361435369037085		0.9026026725769043	0.0005	0.0005	0.09729538053300502	0.0
961	0.0005229911585901605	3.017520807305863	0.27361435369037085		0.9562337398529053	0.0005	0.0005	0.09729538053300502	0.0
962	0.0005229911585901605	3.017520807305863	0.27361435369037085		0.9256899356842041	0.0005	0.0005	0.09729538053300502	0.0
963	0.0005229911585901605	3.017520807305863	0.27361435369037085		0.9123091697692871	0.0005	0.0005	0.09729538053300502	0.0
964	0.0005229911585901605	3.017520807305863	0.27361435369037085		0.8260912895202637	0.0005	0.0005	0.09729538053300502	0.0
965	0.0005229911585901605	3.017520807305863	0.27361435369037085		0.903799295425415	0.0005	0.0005	0.09729538053300502	0.0
966	0.0005229911585901605	3.017520807305863	0.27361435369037085		0.7888240814208984	0.0005	0.0005	0.09729538053300502	0.0
967	0.0005229911585901605	3.017520807305863	0.27361435369037085		0.7949542999267578	0.0005	0.0005	0.09729538053300502	0.0
968	0.0005229911585901605	3.017520807305863	0.27361435369037085		0.7875385284423828	0.0005	0.0005	0.09729538053300502	0.0
969	0.0005229911585901605	3.017520807305863	0.27361435369037085		0.7803444862365723	0.0005	0.0005	0.09729538053300502	0.0
970	0.0005229911585901605	3.017520807305863	0.27361435369037085		0.794043779373169	0.0005	0.0005	0.09729538053300502	0.0
971	0.0005229911585901605	3.017520807305863	0.27361435369037085		0.7948780059814453	0.0005	0.0005	0.09729538053300502	0.0
972	0.0005229911585901605	3.017520807305863	0.27361435369037085		0.8027188777923584	0.0005	0.0005	0.09729538053300502	0.0
973	0.0005229911585901605	3.017520807305863	0.27361435369037085		0.7809045314788818	0.0005	0.0005	0.09729538053300502	0.0
974	0.0005229911585901605	3.017520807305863	0.27361435369037085		0.7729823589324951	0.0005	0.0005	0.09729538053300502	0.0
975	0.0005229911585901605	3.017520807305863	0.27361435369037085		0.7999238967895508	0.0005	0.0005	0.09729538053300502	0.0
976	0.0005229911585901605	3.017520807305863	0.27361435369037085		0.7894477844238281	0.0005	0.0005	0.09729538053300502	0.0
977	0.0005229911585901605	3.017520807305863	0.27361435369037085		0.775775671005249	0.0005	0.0005	0.09729538053300502	0.0
978	0.0005229911585901605	3.017520807305863	0.27361435369037085		0.79854416847229	0.0005	0.0005	0.09729538053300502	0.0
979	0.0005229911585901605	3.017520807305863	0.27361435369037085		0.816683292388916	0.0005	0.0005	0.09729538053300502	0.0
980	0.0005229911585901605	3.017520807305863	0.27361435369037085		0.788672924041748	0.0005	0.0005	0.09729538053300502	0.0
981	0.0005229911585901605	3.017520807305863	0.27361435369037085		0.7749793529510498	0.0005	0.0005	0.09729538053300502	0.0
982	0.0005229911585901605	3.017520807305863	0.27361435369037085		0.8261070251464844	0.0005	0.0005	0.09729538053300502	0.0
983	0.0005229911585901605	3.017520807305863	0.27361435369037085		0.7989940643310547	0.0005	0.0005	0.09729538053300502	0.0
984	0.0005229911585901605	3.017520807305863	0.27361435369037085		0.7752947807312012	0.0005	0.0005	0.09729538053300502	0.0
985	0.0005229911585901605	3.017520807305863	0.27361435369037085		0.8036978244781494	0.0005	0.0005	0.09729538053300502	0.0
986	0.0005229911585901605	3.017520807305863	0.27361435369037085		0.8228192329406738	0.0005	0.0005	0.09729538053300502	0.0
987	0.0005229911585901605	3.017520807305863	0.27361435369037085		0.9193928241729736	0.0005	0.0005	0.09729538053300502	0.0
988	0.0005229911585901605	3.017520807305863	0.27361435369037085		0.8259880542755127	0.0005	0.0005	0.09729538053300502	0.0
989	0.0005229911585901605	3.017520807305863	0.27361435369037085		0.7982749938964844	0.0005	0.0005	0.09729538053300502	0.0
990	0.0005229911585901605	3.017520807305863	0.27361435369037085		0.7835140228271484	0.0005	0.0005	0.09729538053300502	0.0
991	0.0005229911585901605	3.017520807305863	0.27361435369037085		0.8969612121582031	0.0005	0.0005	0.09729538053300502	0.0
992	0.0005229911585901605	3.017520807305863	0.27361435369037085		0.8006291389465332	0.0005	0.0005	0.09729538053300502	0.0
993	0.0005229911585901605	3.017520807305863	0.27361435369037085		0.8100645542144775	0.0005	0.0005	0.09729538053300502	0.0
994	0.0005229911585901605	3.017520807305863	0.27361435369037085		0.7857744693756104	0.0005	0.0005	0.09729538053300502	0.0
995	0.0005229911585901605	3.017520807305863	0.27361435369037085		0.7764444351196289	0.0005	0.0005	0.09729538053300502	0.0
996	0.0005229911585901605	3.017520807305863	0.27361435369037085		0.7861263751983643	0.0005	0.0005	0.09729538053300502	0.0
997	0.0005229911585901605	3.017520807305863	0.27361435369037085		0.7903552055358887	0.0005	0.0005	0.09729538053300502	0.0
998	0.0005229911585901605	3.017520807305863	0.27361435369037085		0.7843277454376221	0.0005	0.0005	0.09729538053300502	0.0
999	0.0005229911585901605	3.017520807305863	0.27361435369037085		0.7926287651062012	0.0005	0.0005	0.09729538053300502	0.0
1000	0.0005229911585901605	3.017520807305863	0.27361435369037085		0.7974989414215088	0.0005	0.0005	0.09729538053300502	0.0

========== Optimization Summary ==========
Total Time (s): 4024.770767
Total Iterations: 1000
==========================================


========== RUN SUMMARY ==========
Iterations            : 1001
Problem size          : 51 variables  (x|y|z = 4|7|40)
    x = black-box inputs | y = black-box outputs | z = remaining
Black-box blocks      : 2  (outputs per block: block1=3, block2=4)
Constraints           : 39  (equality 36 | inequality 3)
Wall time (s)         : 4025.516
CPU time (s)          : 129.578   (process_time)
External BB evaluations (true black-box callback calls):
    block1      : 428
    block2      : 381
    TOTAL       : 809
    (evaluateDx sweeps: 2001)
BB cache              : 26218 hits / 27027 requests (97.0% hit rate); 809 true evaluations
System:
  OS              : Windows-11-10.0.26200-SP0
  Processor       : Intel64 Family 6 Model 140 Stepping 1, GenuineIntel
  Architecture    : AMD64
  Python          : 3.12.12
  CPU cores       : 8 logical, 4 physical
  RAM             : 15.7 GB
  numpy / pyomo   : 2.4.2 / 6.10.1.a0 (VOTD)
=================================

======================================================================
POST-SOLVE ECONOMICS AND BALANCE CHECK
======================================================================
  CH4_produced_kg_yr: 5338878.578213609
  CH4_into_PSA_mol_s: 11.671771533838339
  CH4_PSA_output_mol_s: 0.6075782010704925
  PSA_CH4_recovery: 0.05205535417730084
  H2_electrolyser_mol_s: 60.650493402735755
  SOEL_kW: 16369.56816939838
  H2_to_CH4_stoich_ratio: 1.2990850023687543
  PSA_CH4_balance_gap: 0.9479446813967393
  CAPEX_total_USD: 74774788.78904296
  CAPEX_annualised_USD_yr: 3964059.569026127
  OPEX_avg_USD_yr: 12191237.377450695
  TAC_USD_yr: 16155296.946476823
  LCOCH4_PSA_output_basis_USD_kg: 58.12988925182001
  LCOCH4_USD_kg: 3.025971973290764
  LCOCH4_with_H2_credit_USD_kg: 2.573611932141484
  CAPEX_share: {'SOEL': 0.9194567771423476, 'DFM': 0.035026419056404655, 'COMP': 0.022925381321789604, 'GC': 0.0024723959417292892, 'PSA': 0.01732764754484389, 'FURNACE': 0.002791378992884858}
  OPEX_share: {'SOEL': 0.8276510568186014, 'DFM': 0.07892682969294595, 'COMP': 0.03904155019844686, 'GC': 0.004210449933834526, 'PSA': 0.030796292199032252, 'FURNACE': 0.01937382115713891}
  H2_balance_rel_err: 0.08091367375071937
  C_unaccounted_frac: 0.2834144826829874
  reactor_per_cycle_mmol: {'CO2_in': 5.6220039092555405, 'CH4_out': 3.4598660400783214, 'H2_out': 22.111588592701622, 'CO2_out': 0.5687805395938272, 'H2_fed': 39.1160783554776}
ECONOMICS_DICT {"CH4_produced_kg_yr": 5338878.578213609, "CH4_into_PSA_mol_s": 11.671771533838339, "CH4_PSA_output_mol_s": 0.6075782010704925, "PSA_CH4_recovery": 0.05205535417730084, "H2_electrolyser_mol_s": 60.650493402735755, "SOEL_kW": 16369.56816939838, "H2_to_CH4_stoich_ratio": 1.2990850023687543, "PSA_CH4_balance_gap": 0.9479446813967393, "CAPEX_total_USD": 74774788.78904296, "CAPEX_annualised_USD_yr": 3964059.569026127, "OPEX_avg_USD_yr": 12191237.377450695, "TAC_USD_yr": 16155296.946476823, "LCOCH4_PSA_output_basis_USD_kg": 58.12988925182001, "LCOCH4_USD_kg": 3.025971973290764, "LCOCH4_with_H2_credit_USD_kg": 2.573611932141484, "CAPEX_share": {"SOEL": 0.9194567771423476, "DFM": 0.035026419056404655, "COMP": 0.022925381321789604, "GC": 0.0024723959417292892, "PSA": 0.01732764754484389, "FURNACE": 0.002791378992884858}, "OPEX_share": {"SOEL": 0.8276510568186014, "DFM": 0.07892682969294595, "COMP": 0.03904155019844686, "GC": 0.004210449933834526, "PSA": 0.030796292199032252, "FURNACE": 0.01937382115713891}, "H2_balance_rel_err": 0.08091367375071937, "C_unaccounted_frac": 0.2834144826829874, "reactor_per_cycle_mmol": {"CO2_in": 5.6220039092555405, "CH4_out": 3.4598660400783214, "H2_out": 22.111588592701622, "CO2_out": 0.5687805395938272, "H2_fed": 39.1160783554776}}
