[flowsheet] cache: 1695 reactor and 1479 PSA evaluation(s) loaded
[flowsheet] initialised 44 variable(s) from x0_best_hvR1.json
[gjh] using: <repo>\atrfu\gjh.exe
========== A-TRFu SOLVER ==========
Globalization strategy: 1 (Funnel)
Hypervolume sampling  : multiple_black_boxes=1
Restoration strategy  : 1 (R1 classic (contract on reject))
Problem size          : 51 variables  (x|y|z = 4|7|40);  2 black-box block(s)
    x = black-box inputs | y = black-box outputs | z = remaining
Constraints           : 39  (equality 36 | inequality 3)
Tolerances            : ep_i=1.0e-03, ep_chi=1.0e-03, ep_delta=1.0e-03, max_it=1000
===================================


**************************************
Iteration 0:
thetak = 42.037737027578
objk = 3.4754223139967735
trustRadius = 1.0
sampleRadius = 0.1
stepNorm = 141.73133340856492
chi = 100000000.0
Iteration time (s) = 0.7762622833251953
step rejected
**************************************


**************************************
Iteration 1:
thetak = 42.037737027578
objk = 3.4754223139967735
trustRadius = 0.5
sampleRadius = 0.1
stepNorm = 141.73172352555105
chi = 0.209291744798777
Iteration time (s) = 1.4465501308441162
theta-type step
**************************************


**************************************
Iteration 2:
thetak = 25.675815869959703
objk = 0.6228510992334748
trustRadius = 1.0
sampleRadius = 0.05
stepNorm = 130.0349675557427
chi = 0.1396432762522527
Iteration time (s) = 1.1213295459747314
theta-type step
**************************************


**************************************
Iteration 3:
thetak = 24.615733817160393
objk = 0.3639182922687198
trustRadius = 0.5
sampleRadius = 0.05
stepNorm = 130.03496657708106
chi = 0.11157400101918594
Iteration time (s) = 0.9402143955230713
theta-type step
**************************************


**************************************
Iteration 4:
thetak = 15.685322602612455
objk = 0.9133145290536656
trustRadius = 1.0
sampleRadius = 0.05
stepNorm = 286.7126402678748
chi = 0.1448130315353494
Iteration time (s) = 0.9097616672515869
step rejected
**************************************


**************************************
Iteration 5:
thetak = 15.685322602612455
objk = 0.9133145290536656
trustRadius = 0.5
sampleRadius = 0.025
stepNorm = 290.21233002234317
chi = 0.1648168747263316
Iteration time (s) = 0.8968956470489502
step rejected
**************************************

[FRP] solve 1 of phase 1, thetak=1.569e+01, Delta=2.500e-01

**************************************
Iteration 6:
thetak = 15.685322602612455
objk = 0.9133145290536656
trustRadius = 0.25
sampleRadius = 0.0125
stepNorm = 126.9483851398218
chi = 0.1666942144698101
Iteration time (s) = 0.9148011207580566
theta-type step
**************************************


**************************************
Iteration 7:
thetak = 3.4225654583384286
objk = 7.750970986188131
trustRadius = 0.625
sampleRadius = 0.018750000000000003
stepNorm = 126.94812035446517
chi = 0.24532802467770465
Iteration time (s) = 0.909029483795166
step rejected
**************************************


**************************************
Iteration 8:
thetak = 3.4225654583384286
objk = 7.750970986188131
trustRadius = 0.3125
sampleRadius = 0.009375000000000001
stepNorm = 126.94838521283253
chi = 0.25789331936751325
Iteration time (s) = 0.9137618541717529
step rejected
**************************************

[FRP] solve 1 of phase 2, thetak=3.423e+00, Delta=1.562e-01

**************************************
Iteration 9:
thetak = 3.4225654583384286
objk = 7.750970986188131
trustRadius = 0.15625
sampleRadius = 0.004687500000000001
stepNorm = 58.335761825253854
chi = 0.2463810510819383
Iteration time (s) = 0.8935556411743164
theta-type step
**************************************


**************************************
Iteration 10:
thetak = 1.3836559118853815
objk = 9.28803401987549
trustRadius = 0.390625
sampleRadius = 0.007031250000000001
stepNorm = 185.28396370241205
chi = 0.27224320456361434
Iteration time (s) = 1.0203583240509033
step rejected
**************************************


**************************************
Iteration 11:
thetak = 1.3836559118853815
objk = 9.28803401987549
trustRadius = 0.1953125
sampleRadius = 0.0035156250000000005
stepNorm = 123.04685731002465
chi = 0.26195053530159607
Iteration time (s) = 1.1596500873565674
step rejected
**************************************

[FRP] solve 1 of phase 3, thetak=1.384e+00, Delta=9.766e-02

**************************************
Iteration 12:
thetak = 1.3836559118853815
objk = 9.28803401987549
trustRadius = 0.09765625
sampleRadius = 0.0017578125000000003
stepNorm = 26.24652573494876
chi = 0.2508133162514024
Iteration time (s) = 0.9667167663574219
theta-type step
**************************************


**************************************
Iteration 13:
thetak = 0.2747764687572468
objk = 10.029442299302266
trustRadius = 0.244140625
sampleRadius = 0.00263671875
stepNorm = 153.80858169515136
chi = 0.2555801623140958
Iteration time (s) = 1.0108447074890137
step rejected
**************************************


**************************************
Iteration 14:
thetak = 0.2747764687572468
objk = 10.029442299302266
trustRadius = 0.1220703125
sampleRadius = 0.001318359375
stepNorm = 76.90427316299781
chi = 0.3742358129220894
Iteration time (s) = 0.9127066135406494
step rejected
**************************************

[FRP] solve 1 of phase 4, thetak=2.748e-01, Delta=6.104e-02

**************************************
Iteration 15:
thetak = 0.2747764687572468
objk = 10.029442299302266
trustRadius = 0.06103515625
sampleRadius = 0.001318359375
stepNorm = 6.33393356964433
chi = 0.3742358129220894
Iteration time (s) = 0.988800048828125
theta-type step
**************************************


**************************************
Iteration 16:
thetak = 0.52621303216316
objk = 10.105468257314671
trustRadius = 0.030517578125
sampleRadius = 0.001318359375
stepNorm = 58.1686832719445
chi = 0.2752495019125084
Iteration time (s) = 0.9268548488616943
f-type step
**************************************


**************************************
Iteration 17:
thetak = 0.17844261279105839
objk = 4.747595709282009
trustRadius = 0.0762939453125
sampleRadius = 0.001318359375
stepNorm = 48.065147598564636
chi = 0.24391108951459095
Iteration time (s) = 0.9262938499450684
f-type step
**************************************


**************************************
Iteration 18:
thetak = 1.3175099762253901
objk = 2.5063864588077096
trustRadius = 0.19073486328125
sampleRadius = 0.0006591796875
stepNorm = 120.16287788741565
chi = 0.24179127543310378
Iteration time (s) = 0.9141621589660645
step rejected
**************************************


**************************************
Iteration 19:
thetak = 1.3175099762253901
objk = 2.5063864588077096
trustRadius = 0.095367431640625
sampleRadius = 0.0005
stepNorm = 60.56399364590489
chi = 0.24394131555007856
Iteration time (s) = 1.0471000671386719
step rejected
**************************************

[FRP] solve 1 of phase 5, thetak=1.318e+00, Delta=4.768e-02

**************************************
Iteration 20:
thetak = 1.3175099762253901
objk = 2.5063864588077096
trustRadius = 0.0476837158203125
sampleRadius = 0.0005
stepNorm = 40.69711407382779
chi = 0.24394131555007856
Iteration time (s) = 0.9414036273956299
RESTORATION
**************************************

[FRP] solve 2 of phase 5, thetak=1.318e+00, Delta=2.384e-02

**************************************
Iteration 21:
thetak = 1.3175099762253901
objk = 2.5063864588077096
trustRadius = 0.02384185791015625
sampleRadius = 0.0005
stepNorm = 27.41779116041147
chi = 0.24394131555007856
Iteration time (s) = 1.9911854267120361
RESTORATION
**************************************

[FRP] solve 3 of phase 5, thetak=1.318e+00, Delta=1.192e-02

**************************************
Iteration 22:
thetak = 1.3175099762253901
objk = 2.5063864588077096
trustRadius = 0.011920928955078125
sampleRadius = 0.0005
stepNorm = 14.965127083114751
chi = 0.24394131555007856
Iteration time (s) = 1.3256053924560547
theta-type step
**************************************


**************************************
Iteration 23:
thetak = 0.9567921721620991
objk = 3.937562417772687
trustRadius = 0.029802322387695312
sampleRadius = 0.0005
stepNorm = 18.7753641537023
chi = 0.24768031651775416
Iteration time (s) = 1.9565229415893555
relax-theta-type step
**************************************


**************************************
Iteration 24:
thetak = 1.6649429290164977
objk = 2.4924861672345395
trustRadius = 0.014901161193847656
sampleRadius = 0.0005
stepNorm = 9.02755183200594
chi = 0.2883485826921483
Iteration time (s) = 1.340191125869751
theta-type step
**************************************


**************************************
Iteration 25:
thetak = 0.12627959445912132
objk = 2.502971107955676
trustRadius = 0.03725290298461914
sampleRadius = 0.0005
stepNorm = 27.064704383709298
chi = 0.190498094313287
Iteration time (s) = 1.1172215938568115
step rejected
**************************************


**************************************
Iteration 26:
thetak = 0.12627959445912132
objk = 2.502971107955676
trustRadius = 0.01862645149230957
sampleRadius = 0.0005
stepNorm = 13.537390997027742
chi = 0.19049772145805785
Iteration time (s) = 1.2268164157867432
step rejected
**************************************

[FRP] solve 1 of phase 6, thetak=1.263e-01, Delta=9.313e-03

**************************************
Iteration 27:
thetak = 0.12627959445912132
objk = 2.502971107955676
trustRadius = 0.009313225746154785
sampleRadius = 0.0005
stepNorm = 11.86360641182138
chi = 0.19049772145805785
Iteration time (s) = 0.9294042587280273
theta-type step
**************************************


**************************************
Iteration 28:
thetak = 0.14335344213776474
objk = 3.5772424901872992
trustRadius = 0.004656612873077393
sampleRadius = 0.0005
stepNorm = 11.094987193333623
chi = 0.3454428658929193
Iteration time (s) = 0.9372897148132324
step rejected
**************************************


**************************************
Iteration 29:
thetak = 0.14335344213776474
objk = 3.5772424901872992
trustRadius = 0.0023283064365386963
sampleRadius = 0.0005
stepNorm = 5.549145553798937
chi = 0.34544286516452627
Iteration time (s) = 1.1937224864959717
f-type step
**************************************


**************************************
Iteration 30:
thetak = 0.2959569504391321
objk = 3.1428361944235843
trustRadius = 0.005820766091346741
sampleRadius = 0.0005
stepNorm = 5.390803892441054
chi = 0.22460766220754533
Iteration time (s) = 1.0410304069519043
f-type step
**************************************


**************************************
Iteration 31:
thetak = 0.12228090425160792
objk = 2.5300685576006092
trustRadius = 0.014551915228366852
sampleRadius = 0.0005
stepNorm = 9.167671741217987
chi = 0.17981786463470162
Iteration time (s) = 1.1735217571258545
f-type step
**************************************


**************************************
Iteration 32:
thetak = 0.2605088980864073
objk = 2.4697208144372693
trustRadius = 0.03637978807091713
sampleRadius = 0.0005
stepNorm = 21.79427733474202
chi = 0.20719059275988297
Iteration time (s) = 1.1302876472473145
step rejected
**************************************


**************************************
Iteration 33:
thetak = 0.2605088980864073
objk = 2.4697208144372693
trustRadius = 0.018189894035458565
sampleRadius = 0.0005
stepNorm = 11.451483330174597
chi = 0.20719047698138407
Iteration time (s) = 1.0010278224945068
step rejected
**************************************

[FRP] solve 1 of phase 7, thetak=2.605e-01, Delta=9.095e-03

**************************************
Iteration 34:
thetak = 0.2605088980864073
objk = 2.4697208144372693
trustRadius = 0.009094947017729282
sampleRadius = 0.0005
stepNorm = 11.567281403970782
chi = 0.20719047698138407
Iteration time (s) = 1.14109206199646
theta-type step
**************************************


**************************************
Iteration 35:
thetak = 0.002988350413959436
objk = 3.4564789848684048
trustRadius = 0.022737367544323206
sampleRadius = 0.00075
stepNorm = 14.324474055545409
chi = 0.21870080804132444
Iteration time (s) = 0.9205739498138428
step rejected
**************************************


**************************************
Iteration 36:
thetak = 0.002988350413959436
objk = 3.4564789848684048
trustRadius = 0.011368683772161603
sampleRadius = 0.0005
stepNorm = 11.984610269303332
chi = 0.31525078198479134
Iteration time (s) = 0.906261682510376
step rejected
**************************************

[FRP] solve 1 of phase 8, thetak=2.988e-03, Delta=5.684e-03

**************************************
Iteration 37:
thetak = 0.002988350413959436
objk = 3.4564789848684048
trustRadius = 0.0056843418860808015
sampleRadius = 0.0005
stepNorm = 4.413389634301609
chi = 0.31525078198479134
Iteration time (s) = 0.9732637405395508
theta-type step
**************************************


**************************************
Iteration 38:
thetak = 0.08652980891161759
objk = 3.8329313946624723
trustRadius = 0.0028421709430404007
sampleRadius = 0.0005
stepNorm = 5.695907156889504
chi = 0.19777796908006184
Iteration time (s) = 0.8033478260040283
f-type step
**************************************


**************************************
Iteration 39:
thetak = 0.09119092793879925
objk = 3.3722228185616134
trustRadius = 0.007105427357601002
sampleRadius = 0.0005
stepNorm = 9.953947061782856
chi = 0.22972406802163736
Iteration time (s) = 0.9454867839813232
step rejected
**************************************


**************************************
Iteration 40:
thetak = 0.09119092793879925
objk = 3.3722228185616134
trustRadius = 0.003552713678800501
sampleRadius = 0.0005
stepNorm = 7.11206227292692
chi = 0.22972406818530752
Iteration time (s) = 0.9905385971069336
step rejected
**************************************

[FRP] solve 1 of phase 9, thetak=9.119e-02, Delta=1.776e-03

**************************************
Iteration 41:
thetak = 0.09119092793879925
objk = 3.3722228185616134
trustRadius = 0.0017763568394002505
sampleRadius = 0.0005
stepNorm = 0.7256377684557265
chi = 0.22972406818530752
Iteration time (s) = 0.9293043613433838
theta-type step
**************************************


**************************************
Iteration 42:
thetak = 0.004016442018062166
objk = 3.4617061408379857
trustRadius = 0.004440892098500626
sampleRadius = 0.0005
stepNorm = 10.636956144411144
chi = 0.18985104075970666
Iteration time (s) = 0.832308292388916
step rejected
**************************************


**************************************
Iteration 43:
thetak = 0.004016442018062166
objk = 3.4617061408379857
trustRadius = 0.002220446049250313
sampleRadius = 0.0005
stepNorm = 5.320115114632671
chi = 0.18985104063774186
Iteration time (s) = 0.9414608478546143
step rejected
**************************************

[FRP] solve 1 of phase 10, thetak=4.016e-03, Delta=1.110e-03

**************************************
Iteration 44:
thetak = 0.004016442018062166
objk = 3.4617061408379857
trustRadius = 0.0011102230246251565
sampleRadius = 0.0005
stepNorm = 0.29336702456778596
chi = 0.18985104063774186
Iteration time (s) = 0.9048008918762207
theta-type step
**************************************


**************************************
Iteration 45:
thetak = 0.007264509014526108
objk = 3.487422403288481
trustRadius = 0.0005551115123125783
sampleRadius = 0.0005
stepNorm = 1.1119275246111187
chi = 0.22839832658757137
Iteration time (s) = 0.9275798797607422
f-type step
**************************************


**************************************
Iteration 46:
thetak = 0.03433862981786779
objk = 3.3618126566092563
trustRadius = 0.0013877787807814457
sampleRadius = 0.0005
stepNorm = 2.7789437823196153
chi = 0.2741270071458188
Iteration time (s) = 0.9374241828918457
f-type step
**************************************


**************************************
Iteration 47:
thetak = 0.02884028210643433
objk = 3.150726940964408
trustRadius = 0.003469446951953614
sampleRadius = 0.0005
stepNorm = 7.1064737624440255
chi = 0.20411874361158638
Iteration time (s) = 0.9025053977966309
step rejected
**************************************


**************************************
Iteration 48:
thetak = 0.02884028210643433
objk = 3.150726940964408
trustRadius = 0.001734723475976807
sampleRadius = 0.0005
stepNorm = 3.471758778158815
chi = 0.2041187435719534
Iteration time (s) = 0.8892407417297363
f-type step
**************************************


**************************************
Iteration 49:
thetak = 0.04129298409164467
objk = 2.881962928079781
trustRadius = 0.004336808689942018
sampleRadius = 0.0005
stepNorm = 4.66677601504314
chi = 0.23258579032940452
Iteration time (s) = 0.9369797706604004
step rejected
**************************************


**************************************
Iteration 50:
thetak = 0.04129298409164467
objk = 2.881962928079781
trustRadius = 0.002168404344971009
sampleRadius = 0.0005
stepNorm = 3.0830454661559514
chi = 0.23258579045268407
Iteration time (s) = 0.9160404205322266
step rejected
**************************************

[FRP] solve 1 of phase 11, thetak=4.129e-02, Delta=1.084e-03

**************************************
Iteration 51:
thetak = 0.04129298409164467
objk = 2.881962928079781
trustRadius = 0.0010842021724855044
sampleRadius = 0.0005
stepNorm = 0.7470206870797398
chi = 0.23258579045268407
Iteration time (s) = 0.9036543369293213
RESTORATION
**************************************

[FRP] solve 2 of phase 11, thetak=4.129e-02, Delta=5.421e-04

**************************************
Iteration 52:
thetak = 0.04129298409164467
objk = 2.881962928079781
trustRadius = 0.0005421010862427522
sampleRadius = 0.0005
stepNorm = 0.5398529408696799
chi = 0.23258579045268407
Iteration time (s) = 1.199800729751587
theta-type step
**************************************


**************************************
Iteration 53:
thetak = 0.03759504429945617
objk = 2.940137614582514
trustRadius = 0.0005421010862427522
sampleRadius = 0.0005
stepNorm = 1.0844992131508775
chi = 0.2208673798160765
Iteration time (s) = 1.5425982475280762
step rejected
**************************************


**************************************
Iteration 54:
thetak = 0.03759504429945617
objk = 2.940137614582514
trustRadius = 0.0005
sampleRadius = 0.0005
stepNorm = 1.0002814122814954
chi = 0.22086737997655595
Iteration time (s) = 0.9481279850006104
f-type step
**************************************


**************************************
Iteration 55:
thetak = 0.0034241348350468534
objk = 2.821330093523116
trustRadius = 0.00125
sampleRadius = 0.0005
stepNorm = 1.3749988015630707
chi = 0.2821709468001078
Iteration time (s) = 0.9591436386108398
step rejected
**************************************


**************************************
Iteration 56:
thetak = 0.0034241348350468534
objk = 2.821330093523116
trustRadius = 0.000625
sampleRadius = 0.0005
stepNorm = 1.2501020377118408
chi = 0.2821709468130791
Iteration time (s) = 0.9138331413269043
step rejected
**************************************

[FRP] solve 1 of phase 12, thetak=3.424e-03, Delta=5.000e-04

**************************************
Iteration 57:
thetak = 0.0034241348350468534
objk = 2.821330093523116
trustRadius = 0.0005
sampleRadius = 0.0005
stepNorm = 0.5442539825918369
chi = 0.2821709468130791
Iteration time (s) = 0.9459216594696045
theta-type step
**************************************


**************************************
Iteration 58:
thetak = 0.007965600921348372
objk = 2.8851303647979467
trustRadius = 0.0005
sampleRadius = 0.0005
stepNorm = 1.00010094553042
chi = 0.42811962341856497
Iteration time (s) = 1.0525944232940674
step rejected
**************************************


**************************************
Iteration 59:
thetak = 0.007965600921348372
objk = 2.8851303647979467
trustRadius = 0.0005
sampleRadius = 0.0005
stepNorm = 1.0001009455303915
chi = 0.4281196240435104
Iteration time (s) = 1.0433804988861084
step rejected
**************************************

[FRP] solve 1 of phase 13, thetak=7.966e-03, Delta=5.000e-04

**************************************
Iteration 60:
thetak = 0.007965600921348372
objk = 2.8851303647979467
trustRadius = 0.0005
sampleRadius = 0.0005
stepNorm = 0.24786767276216892
chi = 0.4281196240435104
Iteration time (s) = 0.9093515872955322
theta-type step
**************************************


**************************************
Iteration 61:
thetak = 0.005229051873116338
objk = 2.9049724366809566
trustRadius = 0.00125
sampleRadius = 0.0005
stepNorm = 1.858349203869139
chi = 0.2881089696172095
Iteration time (s) = 0.9239256381988525
step rejected
**************************************


**************************************
Iteration 62:
thetak = 0.005229051873116338
objk = 2.9049724366809566
trustRadius = 0.000625
sampleRadius = 0.0005
stepNorm = 1.250102603455204
chi = 0.2881089701299526
Iteration time (s) = 0.9113063812255859
step rejected
**************************************

[FRP] solve 1 of phase 14, thetak=5.229e-03, Delta=5.000e-04

**************************************
Iteration 63:
thetak = 0.005229051873116338
objk = 2.9049724366809566
trustRadius = 0.0005
sampleRadius = 0.0005
stepNorm = 0.23404344626472096
chi = 0.2881089701299526
Iteration time (s) = 0.9524712562561035
RESTORATION
**************************************

[FRP] solve 2 of phase 14, thetak=5.229e-03, Delta=5.000e-04

**************************************
Iteration 64:
thetak = 0.005229051873116338
objk = 2.9049724366809566
trustRadius = 0.0005
sampleRadius = 0.0005
stepNorm = 0.23404344626472096
chi = 0.2881089701299526
Iteration time (s) = 1.032292127609253
RESTORATION
**************************************

[FRP] solve 3 of phase 14, thetak=5.229e-03, Delta=5.000e-04

**************************************
Iteration 65:
thetak = 0.005229051873116338
objk = 2.9049724366809566
trustRadius = 0.0005
sampleRadius = 0.0005
stepNorm = 0.23404344626472096
chi = 0.2881089701299526
Iteration time (s) = 1.4024951457977295
RESTORATION
**************************************

[FRP] solve 4 of phase 14, thetak=5.229e-03, Delta=5.000e-04

**************************************
Iteration 66:
thetak = 0.005229051873116338
objk = 2.9049724366809566
trustRadius = 0.0005
sampleRadius = 0.0005
stepNorm = 0.23404344626472096
chi = 0.2881089701299526
Iteration time (s) = 0.9306488037109375
RESTORATION
**************************************

[FRP] solve 5 of phase 14, thetak=5.229e-03, Delta=5.000e-04

**************************************
Iteration 67:
thetak = 0.005229051873116338
objk = 2.9049724366809566
trustRadius = 0.0005
sampleRadius = 0.0005
stepNorm = 0.23404344626472096
chi = 0.2881089701299526
Iteration time (s) = 0.9226534366607666
RESTORATION
**************************************

[FRP] solve 6 of phase 14, thetak=5.229e-03, Delta=5.000e-04

**************************************
Iteration 68:
thetak = 0.005229051873116338
objk = 2.9049724366809566
trustRadius = 0.0005
sampleRadius = 0.0005
stepNorm = 0.23404344626472096
chi = 0.2881089701299526
Iteration time (s) = 0.799095869064331
RESTORATION
**************************************

[FRP] solve 7 of phase 14, thetak=5.229e-03, Delta=5.000e-04

**************************************
Iteration 69:
thetak = 0.005229051873116338
objk = 2.9049724366809566
trustRadius = 0.0005
sampleRadius = 0.0005
stepNorm = 0.23404344626472096
chi = 0.2881089701299526
Iteration time (s) = 0.818676233291626
RESTORATION
**************************************

[FRP] solve 8 of phase 14, thetak=5.229e-03, Delta=5.000e-04

**************************************
Iteration 70:
thetak = 0.005229051873116338
objk = 2.9049724366809566
trustRadius = 0.0005
sampleRadius = 0.0005
stepNorm = 0.23404344626472096
chi = 0.2881089701299526
Iteration time (s) = 0.9061899185180664
RESTORATION
**************************************

[FRP] solve 9 of phase 14, thetak=5.229e-03, Delta=5.000e-04

**************************************
Iteration 71:
thetak = 0.005229051873116338
objk = 2.9049724366809566
trustRadius = 0.0005
sampleRadius = 0.0005
stepNorm = 0.23404344626472096
chi = 0.2881089701299526
Iteration time (s) = 0.8225641250610352
RESTORATION
**************************************

[FRP] solve 10 of phase 14, thetak=5.229e-03, Delta=5.000e-04

**************************************
Iteration 72:
thetak = 0.005229051873116338
objk = 2.9049724366809566
trustRadius = 0.0005
sampleRadius = 0.0005
stepNorm = 0.23404344626472096
chi = 0.2881089701299526
Iteration time (s) = 0.9031679630279541
RESTORATION
**************************************

[FRP] solve 11 of phase 14, thetak=5.229e-03, Delta=5.000e-04

**************************************
Iteration 73:
thetak = 0.005229051873116338
objk = 2.9049724366809566
trustRadius = 0.0005
sampleRadius = 0.0005
stepNorm = 0.23404344626472096
chi = 0.2881089701299526
Iteration time (s) = 0.9225246906280518
RESTORATION
**************************************

[FRP] solve 12 of phase 14, thetak=5.229e-03, Delta=5.000e-04

**************************************
Iteration 74:
thetak = 0.005229051873116338
objk = 2.9049724366809566
trustRadius = 0.0005
sampleRadius = 0.0005
stepNorm = 0.23404344626472096
chi = 0.2881089701299526
Iteration time (s) = 0.8054275512695312
RESTORATION
**************************************

[FRP] solve 13 of phase 14, thetak=5.229e-03, Delta=5.000e-04

**************************************
Iteration 75:
thetak = 0.005229051873116338
objk = 2.9049724366809566
trustRadius = 0.0005
sampleRadius = 0.0005
stepNorm = 0.23404344626472096
chi = 0.2881089701299526
Iteration time (s) = 0.8125977516174316
RESTORATION
**************************************

[FRP] solve 14 of phase 14, thetak=5.229e-03, Delta=5.000e-04

**************************************
Iteration 76:
thetak = 0.005229051873116338
objk = 2.9049724366809566
trustRadius = 0.0005
sampleRadius = 0.0005
stepNorm = 0.23404344626472096
chi = 0.2881089701299526
Iteration time (s) = 1.3100864887237549
RESTORATION
**************************************

[FRP] solve 15 of phase 14, thetak=5.229e-03, Delta=5.000e-04

**************************************
Iteration 77:
thetak = 0.005229051873116338
objk = 2.9049724366809566
trustRadius = 0.0005
sampleRadius = 0.0005
stepNorm = 0.23404344626472096
chi = 0.2881089701299526
Iteration time (s) = 0.7985231876373291
RESTORATION
**************************************

[FRP] solve 16 of phase 14, thetak=5.229e-03, Delta=5.000e-04

**************************************
Iteration 78:
thetak = 0.005229051873116338
objk = 2.9049724366809566
trustRadius = 0.0005
sampleRadius = 0.0005
stepNorm = 0.23404344626472096
chi = 0.2881089701299526
Iteration time (s) = 0.8239796161651611
RESTORATION
**************************************

[FRP] solve 17 of phase 14, thetak=5.229e-03, Delta=5.000e-04

**************************************
Iteration 79:
thetak = 0.005229051873116338
objk = 2.9049724366809566
trustRadius = 0.0005
sampleRadius = 0.0005
stepNorm = 0.23404344626472096
chi = 0.2881089701299526
Iteration time (s) = 0.8248519897460938
RESTORATION
**************************************

[FRP] solve 18 of phase 14, thetak=5.229e-03, Delta=5.000e-04

**************************************
Iteration 80:
thetak = 0.005229051873116338
objk = 2.9049724366809566
trustRadius = 0.0005
sampleRadius = 0.0005
stepNorm = 0.23404344626472096
chi = 0.2881089701299526
Iteration time (s) = 0.9203348159790039
RESTORATION
**************************************

[FRP] solve 19 of phase 14, thetak=5.229e-03, Delta=5.000e-04

**************************************
Iteration 81:
thetak = 0.005229051873116338
objk = 2.9049724366809566
trustRadius = 0.0005
sampleRadius = 0.0005
stepNorm = 0.23404344626472096
chi = 0.2881089701299526
Iteration time (s) = 0.8200078010559082
RESTORATION
**************************************

[FRP] solve 20 of phase 14, thetak=5.229e-03, Delta=5.000e-04

**************************************
Iteration 82:
thetak = 0.005229051873116338
objk = 2.9049724366809566
trustRadius = 0.0005
sampleRadius = 0.0005
stepNorm = 0.23404344626472096
chi = 0.2881089701299526
Iteration time (s) = 0.9599437713623047
RESTORATION
**************************************

[FRP] solve 21 of phase 14, thetak=5.229e-03, Delta=5.000e-04

**************************************
Iteration 83:
thetak = 0.005229051873116338
objk = 2.9049724366809566
trustRadius = 0.0005
sampleRadius = 0.0005
stepNorm = 0.23404344626472096
chi = 0.2881089701299526
Iteration time (s) = 0.9971823692321777
RESTORATION
**************************************

[FRP] solve 22 of phase 14, thetak=5.229e-03, Delta=5.000e-04

**************************************
Iteration 84:
thetak = 0.005229051873116338
objk = 2.9049724366809566
trustRadius = 0.0005
sampleRadius = 0.0005
stepNorm = 0.23404344626472096
chi = 0.2881089701299526
Iteration time (s) = 0.804940938949585
RESTORATION
**************************************

[FRP] solve 23 of phase 14, thetak=5.229e-03, Delta=5.000e-04

**************************************
Iteration 85:
thetak = 0.005229051873116338
objk = 2.9049724366809566
trustRadius = 0.0005
sampleRadius = 0.0005
stepNorm = 0.23404344626472096
chi = 0.2881089701299526
Iteration time (s) = 0.8179552555084229
RESTORATION
**************************************

[FRP] solve 24 of phase 14, thetak=5.229e-03, Delta=5.000e-04

**************************************
Iteration 86:
thetak = 0.005229051873116338
objk = 2.9049724366809566
trustRadius = 0.0005
sampleRadius = 0.0005
stepNorm = 0.23404344626472096
chi = 0.2881089701299526
Iteration time (s) = 0.9107985496520996
RESTORATION
**************************************

[FRP] solve 25 of phase 14, thetak=5.229e-03, Delta=5.000e-04

**************************************
Iteration 87:
thetak = 0.005229051873116338
objk = 2.9049724366809566
trustRadius = 0.0005
sampleRadius = 0.0005
stepNorm = 0.23404344626472096
chi = 0.2881089701299526
Iteration time (s) = 0.7841041088104248
RESTORATION
**************************************

[FRP] solve 26 of phase 14, thetak=5.229e-03, Delta=5.000e-04

**************************************
Iteration 88:
thetak = 0.005229051873116338
objk = 2.9049724366809566
trustRadius = 0.0005
sampleRadius = 0.0005
stepNorm = 0.23404344626472096
chi = 0.2881089701299526
Iteration time (s) = 0.8913638591766357
RESTORATION
**************************************

[FRP] solve 27 of phase 14, thetak=5.229e-03, Delta=5.000e-04

**************************************
Iteration 89:
thetak = 0.005229051873116338
objk = 2.9049724366809566
trustRadius = 0.0005
sampleRadius = 0.0005
stepNorm = 0.23404344626472096
chi = 0.2881089701299526
Iteration time (s) = 0.9217326641082764
RESTORATION
**************************************

[FRP] solve 28 of phase 14, thetak=5.229e-03, Delta=5.000e-04

**************************************
Iteration 90:
thetak = 0.005229051873116338
objk = 2.9049724366809566
trustRadius = 0.0005
sampleRadius = 0.0005
stepNorm = 0.23404344626472096
chi = 0.2881089701299526
Iteration time (s) = 0.9044511318206787
RESTORATION
**************************************

[FRP] solve 29 of phase 14, thetak=5.229e-03, Delta=5.000e-04

**************************************
Iteration 91:
thetak = 0.005229051873116338
objk = 2.9049724366809566
trustRadius = 0.0005
sampleRadius = 0.0005
stepNorm = 0.23404344626472096
chi = 0.2881089701299526
Iteration time (s) = 0.7898333072662354
RESTORATION
**************************************

[FRP] solve 30 of phase 14, thetak=5.229e-03, Delta=5.000e-04

**************************************
Iteration 92:
thetak = 0.005229051873116338
objk = 2.9049724366809566
trustRadius = 0.0005
sampleRadius = 0.0005
stepNorm = 0.23404344626472096
chi = 0.2881089701299526
Iteration time (s) = 0.9032797813415527
RESTORATION
**************************************

[FRP] solve 31 of phase 14, thetak=5.229e-03, Delta=5.000e-04

**************************************
Iteration 93:
thetak = 0.005229051873116338
objk = 2.9049724366809566
trustRadius = 0.0005
sampleRadius = 0.0005
stepNorm = 0.23404344626472096
chi = 0.2881089701299526
Iteration time (s) = 0.7985134124755859
RESTORATION
**************************************

[FRP] solve 32 of phase 14, thetak=5.229e-03, Delta=5.000e-04

**************************************
Iteration 94:
thetak = 0.005229051873116338
objk = 2.9049724366809566
trustRadius = 0.0005
sampleRadius = 0.0005
stepNorm = 0.23404344626472096
chi = 0.2881089701299526
Iteration time (s) = 0.7858328819274902
RESTORATION
**************************************

[FRP] solve 33 of phase 14, thetak=5.229e-03, Delta=5.000e-04

**************************************
Iteration 95:
thetak = 0.005229051873116338
objk = 2.9049724366809566
trustRadius = 0.0005
sampleRadius = 0.0005
stepNorm = 0.23404344626472096
chi = 0.2881089701299526
Iteration time (s) = 0.7726914882659912
RESTORATION
**************************************

[FRP] solve 34 of phase 14, thetak=5.229e-03, Delta=5.000e-04

**************************************
Iteration 96:
thetak = 0.005229051873116338
objk = 2.9049724366809566
trustRadius = 0.0005
sampleRadius = 0.0005
stepNorm = 0.23404344626472096
chi = 0.2881089701299526
Iteration time (s) = 0.911142110824585
RESTORATION
**************************************

[FRP] solve 35 of phase 14, thetak=5.229e-03, Delta=5.000e-04

**************************************
Iteration 97:
thetak = 0.005229051873116338
objk = 2.9049724366809566
trustRadius = 0.0005
sampleRadius = 0.0005
stepNorm = 0.23404344626472096
chi = 0.2881089701299526
Iteration time (s) = 0.7852616310119629
RESTORATION
**************************************

[FRP] solve 36 of phase 14, thetak=5.229e-03, Delta=5.000e-04

**************************************
Iteration 98:
thetak = 0.005229051873116338
objk = 2.9049724366809566
trustRadius = 0.0005
sampleRadius = 0.0005
stepNorm = 0.23404344626472096
chi = 0.2881089701299526
Iteration time (s) = 0.8266639709472656
RESTORATION
**************************************

[FRP] solve 37 of phase 14, thetak=5.229e-03, Delta=5.000e-04

**************************************
Iteration 99:
thetak = 0.005229051873116338
objk = 2.9049724366809566
trustRadius = 0.0005
sampleRadius = 0.0005
stepNorm = 0.23404344626472096
chi = 0.2881089701299526
Iteration time (s) = 0.8108334541320801
RESTORATION
**************************************

[FRP] solve 38 of phase 14, thetak=5.229e-03, Delta=5.000e-04

**************************************
Iteration 100:
thetak = 0.005229051873116338
objk = 2.9049724366809566
trustRadius = 0.0005
sampleRadius = 0.0005
stepNorm = 0.23404344626472096
chi = 0.2881089701299526
Iteration time (s) = 0.7949979305267334
RESTORATION
**************************************

[FRP] solve 39 of phase 14, thetak=5.229e-03, Delta=5.000e-04

**************************************
Iteration 101:
thetak = 0.005229051873116338
objk = 2.9049724366809566
trustRadius = 0.0005
sampleRadius = 0.0005
stepNorm = 0.23404344626472096
chi = 0.2881089701299526
Iteration time (s) = 0.806133508682251
RESTORATION
**************************************

[FRP] solve 40 of phase 14, thetak=5.229e-03, Delta=5.000e-04

**************************************
Iteration 102:
thetak = 0.005229051873116338
objk = 2.9049724366809566
trustRadius = 0.0005
sampleRadius = 0.0005
stepNorm = 0.23404344626472096
chi = 0.2881089701299526
Iteration time (s) = 0.7871766090393066
RESTORATION
**************************************

[FRP] solve 41 of phase 14, thetak=5.229e-03, Delta=5.000e-04

**************************************
Iteration 103:
thetak = 0.005229051873116338
objk = 2.9049724366809566
trustRadius = 0.0005
sampleRadius = 0.0005
stepNorm = 0.23404344626472096
chi = 0.2881089701299526
Iteration time (s) = 0.8061623573303223
RESTORATION
**************************************

[FRP] solve 42 of phase 14, thetak=5.229e-03, Delta=5.000e-04

**************************************
Iteration 104:
thetak = 0.005229051873116338
objk = 2.9049724366809566
trustRadius = 0.0005
sampleRadius = 0.0005
stepNorm = 0.23404344626472096
chi = 0.2881089701299526
Iteration time (s) = 0.7969827651977539
RESTORATION
**************************************

[FRP] solve 43 of phase 14, thetak=5.229e-03, Delta=5.000e-04

**************************************
Iteration 105:
thetak = 0.005229051873116338
objk = 2.9049724366809566
trustRadius = 0.0005
sampleRadius = 0.0005
stepNorm = 0.23404344626472096
chi = 0.2881089701299526
Iteration time (s) = 0.798478364944458
RESTORATION
**************************************

[FRP] solve 44 of phase 14, thetak=5.229e-03, Delta=5.000e-04

**************************************
Iteration 106:
thetak = 0.005229051873116338
objk = 2.9049724366809566
trustRadius = 0.0005
sampleRadius = 0.0005
stepNorm = 0.23404344626472096
chi = 0.2881089701299526
Iteration time (s) = 0.9282851219177246
RESTORATION
**************************************

[FRP] solve 45 of phase 14, thetak=5.229e-03, Delta=5.000e-04

**************************************
Iteration 107:
thetak = 0.005229051873116338
objk = 2.9049724366809566
trustRadius = 0.0005
sampleRadius = 0.0005
stepNorm = 0.23404344626472096
chi = 0.2881089701299526
Iteration time (s) = 0.8060901165008545
RESTORATION
**************************************

[FRP] solve 46 of phase 14, thetak=5.229e-03, Delta=5.000e-04

**************************************
Iteration 108:
thetak = 0.005229051873116338
objk = 2.9049724366809566
trustRadius = 0.0005
sampleRadius = 0.0005
stepNorm = 0.23404344626472096
chi = 0.2881089701299526
Iteration time (s) = 0.7726974487304688
RESTORATION
**************************************

[FRP] solve 47 of phase 14, thetak=5.229e-03, Delta=5.000e-04

**************************************
Iteration 109:
thetak = 0.005229051873116338
objk = 2.9049724366809566
trustRadius = 0.0005
sampleRadius = 0.0005
stepNorm = 0.23404344626472096
chi = 0.2881089701299526
Iteration time (s) = 0.7965657711029053
RESTORATION
**************************************

[FRP] solve 48 of phase 14, thetak=5.229e-03, Delta=5.000e-04

**************************************
Iteration 110:
thetak = 0.005229051873116338
objk = 2.9049724366809566
trustRadius = 0.0005
sampleRadius = 0.0005
stepNorm = 0.23404344626472096
chi = 0.2881089701299526
Iteration time (s) = 0.814713716506958
RESTORATION
**************************************

[FRP] solve 49 of phase 14, thetak=5.229e-03, Delta=5.000e-04

**************************************
Iteration 111:
thetak = 0.005229051873116338
objk = 2.9049724366809566
trustRadius = 0.0005
sampleRadius = 0.0005
stepNorm = 0.23404344626472096
chi = 0.2881089701299526
Iteration time (s) = 0.7874038219451904
RESTORATION
**************************************

[FRP] solve 50 of phase 14, thetak=5.229e-03, Delta=5.000e-04

**************************************
Iteration 112:
thetak = 0.005229051873116338
objk = 2.9049724366809566
trustRadius = 0.0005
sampleRadius = 0.0005
stepNorm = 0.23404344626472096
chi = 0.2881089701299526
Iteration time (s) = 0.7854673862457275
RESTORATION
**************************************

[FRP] solve 51 of phase 14, thetak=5.229e-03, Delta=5.000e-04

**************************************
Iteration 113:
thetak = 0.005229051873116338
objk = 2.9049724366809566
trustRadius = 0.0005
sampleRadius = 0.0005
stepNorm = 0.23404344626472096
chi = 0.2881089701299526
Iteration time (s) = 0.8012077808380127
RESTORATION
**************************************

[FRP] solve 52 of phase 14, thetak=5.229e-03, Delta=5.000e-04

**************************************
Iteration 114:
thetak = 0.005229051873116338
objk = 2.9049724366809566
trustRadius = 0.0005
sampleRadius = 0.0005
stepNorm = 0.23404344626472096
chi = 0.2881089701299526
Iteration time (s) = 0.7970564365386963
RESTORATION
**************************************

[FRP] solve 53 of phase 14, thetak=5.229e-03, Delta=5.000e-04

**************************************
Iteration 115:
thetak = 0.005229051873116338
objk = 2.9049724366809566
trustRadius = 0.0005
sampleRadius = 0.0005
stepNorm = 0.23404344626472096
chi = 0.2881089701299526
Iteration time (s) = 0.7814626693725586
RESTORATION
**************************************

[FRP] solve 54 of phase 14, thetak=5.229e-03, Delta=5.000e-04

**************************************
Iteration 116:
thetak = 0.005229051873116338
objk = 2.9049724366809566
trustRadius = 0.0005
sampleRadius = 0.0005
stepNorm = 0.23404344626472096
chi = 0.2881089701299526
Iteration time (s) = 0.7875761985778809
RESTORATION
**************************************

[FRP] solve 55 of phase 14, thetak=5.229e-03, Delta=5.000e-04

**************************************
Iteration 117:
thetak = 0.005229051873116338
objk = 2.9049724366809566
trustRadius = 0.0005
sampleRadius = 0.0005
stepNorm = 0.23404344626472096
chi = 0.2881089701299526
Iteration time (s) = 0.9128584861755371
RESTORATION
**************************************

[FRP] solve 56 of phase 14, thetak=5.229e-03, Delta=5.000e-04

**************************************
Iteration 118:
thetak = 0.005229051873116338
objk = 2.9049724366809566
trustRadius = 0.0005
sampleRadius = 0.0005
stepNorm = 0.23404344626472096
chi = 0.2881089701299526
Iteration time (s) = 0.8032631874084473
RESTORATION
**************************************

[FRP] solve 57 of phase 14, thetak=5.229e-03, Delta=5.000e-04

**************************************
Iteration 119:
thetak = 0.005229051873116338
objk = 2.9049724366809566
trustRadius = 0.0005
sampleRadius = 0.0005
stepNorm = 0.23404344626472096
chi = 0.2881089701299526
Iteration time (s) = 0.7910418510437012
RESTORATION
**************************************

[FRP] solve 58 of phase 14, thetak=5.229e-03, Delta=5.000e-04

**************************************
Iteration 120:
thetak = 0.005229051873116338
objk = 2.9049724366809566
trustRadius = 0.0005
sampleRadius = 0.0005
stepNorm = 0.23404344626472096
chi = 0.2881089701299526
Iteration time (s) = 0.8047957420349121
RESTORATION
**************************************

[FRP] solve 59 of phase 14, thetak=5.229e-03, Delta=5.000e-04

**************************************
Iteration 121:
thetak = 0.005229051873116338
objk = 2.9049724366809566
trustRadius = 0.0005
sampleRadius = 0.0005
stepNorm = 0.23404344626472096
chi = 0.2881089701299526
Iteration time (s) = 0.8918135166168213
RESTORATION
**************************************

[FRP] solve 60 of phase 14, thetak=5.229e-03, Delta=5.000e-04

**************************************
Iteration 122:
thetak = 0.005229051873116338
objk = 2.9049724366809566
trustRadius = 0.0005
sampleRadius = 0.0005
stepNorm = 0.23404344626472096
chi = 0.2881089701299526
Iteration time (s) = 0.8145971298217773
RESTORATION
**************************************

[FRP] solve 61 of phase 14, thetak=5.229e-03, Delta=5.000e-04

**************************************
Iteration 123:
thetak = 0.005229051873116338
objk = 2.9049724366809566
trustRadius = 0.0005
sampleRadius = 0.0005
stepNorm = 0.23404344626472096
chi = 0.2881089701299526
Iteration time (s) = 0.7805924415588379
RESTORATION
**************************************

[FRP] solve 62 of phase 14, thetak=5.229e-03, Delta=5.000e-04

**************************************
Iteration 124:
thetak = 0.005229051873116338
objk = 2.9049724366809566
trustRadius = 0.0005
sampleRadius = 0.0005
stepNorm = 0.23404344626472096
chi = 0.2881089701299526
Iteration time (s) = 0.9044268131256104
RESTORATION
**************************************

[FRP] solve 63 of phase 14, thetak=5.229e-03, Delta=5.000e-04

**************************************
Iteration 125:
thetak = 0.005229051873116338
objk = 2.9049724366809566
trustRadius = 0.0005
sampleRadius = 0.0005
stepNorm = 0.23404344626472096
chi = 0.2881089701299526
Iteration time (s) = 0.7816689014434814
RESTORATION
**************************************

[FRP] solve 64 of phase 14, thetak=5.229e-03, Delta=5.000e-04

**************************************
Iteration 126:
thetak = 0.005229051873116338
objk = 2.9049724366809566
trustRadius = 0.0005
sampleRadius = 0.0005
stepNorm = 0.23404344626472096
chi = 0.2881089701299526
Iteration time (s) = 0.7931685447692871
RESTORATION
**************************************

[FRP] solve 65 of phase 14, thetak=5.229e-03, Delta=5.000e-04

**************************************
Iteration 127:
thetak = 0.005229051873116338
objk = 2.9049724366809566
trustRadius = 0.0005
sampleRadius = 0.0005
stepNorm = 0.23404344626472096
chi = 0.2881089701299526
Iteration time (s) = 0.9078941345214844
RESTORATION
**************************************

[FRP] solve 66 of phase 14, thetak=5.229e-03, Delta=5.000e-04

**************************************
Iteration 128:
thetak = 0.005229051873116338
objk = 2.9049724366809566
trustRadius = 0.0005
sampleRadius = 0.0005
stepNorm = 0.23404344626472096
chi = 0.2881089701299526
Iteration time (s) = 0.7996065616607666
RESTORATION
**************************************

[FRP] solve 67 of phase 14, thetak=5.229e-03, Delta=5.000e-04

**************************************
Iteration 129:
thetak = 0.005229051873116338
objk = 2.9049724366809566
trustRadius = 0.0005
sampleRadius = 0.0005
stepNorm = 0.23404344626472096
chi = 0.2881089701299526
Iteration time (s) = 0.7952525615692139
RESTORATION
**************************************

[FRP] solve 68 of phase 14, thetak=5.229e-03, Delta=5.000e-04

**************************************
Iteration 130:
thetak = 0.005229051873116338
objk = 2.9049724366809566
trustRadius = 0.0005
sampleRadius = 0.0005
stepNorm = 0.23404344626472096
chi = 0.2881089701299526
Iteration time (s) = 0.8049321174621582
RESTORATION
**************************************

[FRP] solve 69 of phase 14, thetak=5.229e-03, Delta=5.000e-04

**************************************
Iteration 131:
thetak = 0.005229051873116338
objk = 2.9049724366809566
trustRadius = 0.0005
sampleRadius = 0.0005
stepNorm = 0.23404344626472096
chi = 0.2881089701299526
Iteration time (s) = 0.8438634872436523
RESTORATION
**************************************

[FRP] solve 70 of phase 14, thetak=5.229e-03, Delta=5.000e-04

**************************************
Iteration 132:
thetak = 0.005229051873116338
objk = 2.9049724366809566
trustRadius = 0.0005
sampleRadius = 0.0005
stepNorm = 0.23404344626472096
chi = 0.2881089701299526
Iteration time (s) = 0.785830020904541
RESTORATION
**************************************

[FRP] solve 71 of phase 14, thetak=5.229e-03, Delta=5.000e-04

**************************************
Iteration 133:
thetak = 0.005229051873116338
objk = 2.9049724366809566
trustRadius = 0.0005
sampleRadius = 0.0005
stepNorm = 0.23404344626472096
chi = 0.2881089701299526
Iteration time (s) = 0.7820272445678711
RESTORATION
**************************************

[FRP] solve 72 of phase 14, thetak=5.229e-03, Delta=5.000e-04

**************************************
Iteration 134:
thetak = 0.005229051873116338
objk = 2.9049724366809566
trustRadius = 0.0005
sampleRadius = 0.0005
stepNorm = 0.23404344626472096
chi = 0.2881089701299526
Iteration time (s) = 0.8050074577331543
RESTORATION
**************************************

[FRP] solve 73 of phase 14, thetak=5.229e-03, Delta=5.000e-04

**************************************
Iteration 135:
thetak = 0.005229051873116338
objk = 2.9049724366809566
trustRadius = 0.0005
sampleRadius = 0.0005
stepNorm = 0.23404344626472096
chi = 0.2881089701299526
Iteration time (s) = 0.8605477809906006
RESTORATION
**************************************

[FRP] solve 74 of phase 14, thetak=5.229e-03, Delta=5.000e-04

**************************************
Iteration 136:
thetak = 0.005229051873116338
objk = 2.9049724366809566
trustRadius = 0.0005
sampleRadius = 0.0005
stepNorm = 0.23404344626472096
chi = 0.2881089701299526
Iteration time (s) = 0.7780416011810303
RESTORATION
**************************************

[FRP] solve 75 of phase 14, thetak=5.229e-03, Delta=5.000e-04

**************************************
Iteration 137:
thetak = 0.005229051873116338
objk = 2.9049724366809566
trustRadius = 0.0005
sampleRadius = 0.0005
stepNorm = 0.23404344626472096
chi = 0.2881089701299526
Iteration time (s) = 0.9164085388183594
RESTORATION
**************************************

[FRP] solve 76 of phase 14, thetak=5.229e-03, Delta=5.000e-04

**************************************
Iteration 138:
thetak = 0.005229051873116338
objk = 2.9049724366809566
trustRadius = 0.0005
sampleRadius = 0.0005
stepNorm = 0.23404344626472096
chi = 0.2881089701299526
Iteration time (s) = 0.7963900566101074
RESTORATION
**************************************

[FRP] solve 77 of phase 14, thetak=5.229e-03, Delta=5.000e-04

**************************************
Iteration 139:
thetak = 0.005229051873116338
objk = 2.9049724366809566
trustRadius = 0.0005
sampleRadius = 0.0005
stepNorm = 0.23404344626472096
chi = 0.2881089701299526
Iteration time (s) = 0.7849576473236084
RESTORATION
**************************************

[FRP] solve 78 of phase 14, thetak=5.229e-03, Delta=5.000e-04

**************************************
Iteration 140:
thetak = 0.005229051873116338
objk = 2.9049724366809566
trustRadius = 0.0005
sampleRadius = 0.0005
stepNorm = 0.23404344626472096
chi = 0.2881089701299526
Iteration time (s) = 0.8037467002868652
RESTORATION
**************************************

[FRP] solve 79 of phase 14, thetak=5.229e-03, Delta=5.000e-04

**************************************
Iteration 141:
thetak = 0.005229051873116338
objk = 2.9049724366809566
trustRadius = 0.0005
sampleRadius = 0.0005
stepNorm = 0.23404344626472096
chi = 0.2881089701299526
Iteration time (s) = 0.8054080009460449
RESTORATION
**************************************

[FRP] solve 80 of phase 14, thetak=5.229e-03, Delta=5.000e-04

**************************************
Iteration 142:
thetak = 0.005229051873116338
objk = 2.9049724366809566
trustRadius = 0.0005
sampleRadius = 0.0005
stepNorm = 0.23404344626472096
chi = 0.2881089701299526
Iteration time (s) = 0.8879408836364746
RESTORATION
**************************************

[FRP] solve 81 of phase 14, thetak=5.229e-03, Delta=5.000e-04

**************************************
Iteration 143:
thetak = 0.005229051873116338
objk = 2.9049724366809566
trustRadius = 0.0005
sampleRadius = 0.0005
stepNorm = 0.23404344626472096
chi = 0.2881089701299526
Iteration time (s) = 0.7924370765686035
RESTORATION
**************************************

[FRP] solve 82 of phase 14, thetak=5.229e-03, Delta=5.000e-04

**************************************
Iteration 144:
thetak = 0.005229051873116338
objk = 2.9049724366809566
trustRadius = 0.0005
sampleRadius = 0.0005
stepNorm = 0.23404344626472096
chi = 0.2881089701299526
Iteration time (s) = 0.9183752536773682
RESTORATION
**************************************

[FRP] solve 83 of phase 14, thetak=5.229e-03, Delta=5.000e-04

**************************************
Iteration 145:
thetak = 0.005229051873116338
objk = 2.9049724366809566
trustRadius = 0.0005
sampleRadius = 0.0005
stepNorm = 0.23404344626472096
chi = 0.2881089701299526
Iteration time (s) = 0.9068620204925537
RESTORATION
**************************************

[FRP] solve 84 of phase 14, thetak=5.229e-03, Delta=5.000e-04

**************************************
Iteration 146:
thetak = 0.005229051873116338
objk = 2.9049724366809566
trustRadius = 0.0005
sampleRadius = 0.0005
stepNorm = 0.23404344626472096
chi = 0.2881089701299526
Iteration time (s) = 0.7945868968963623
RESTORATION
**************************************

[FRP] solve 85 of phase 14, thetak=5.229e-03, Delta=5.000e-04

**************************************
Iteration 147:
thetak = 0.005229051873116338
objk = 2.9049724366809566
trustRadius = 0.0005
sampleRadius = 0.0005
stepNorm = 0.23404344626472096
chi = 0.2881089701299526
Iteration time (s) = 0.8085577487945557
RESTORATION
**************************************

[FRP] solve 86 of phase 14, thetak=5.229e-03, Delta=5.000e-04

**************************************
Iteration 148:
thetak = 0.005229051873116338
objk = 2.9049724366809566
trustRadius = 0.0005
sampleRadius = 0.0005
stepNorm = 0.23404344626472096
chi = 0.2881089701299526
Iteration time (s) = 0.8855173587799072
RESTORATION
**************************************

[FRP] solve 87 of phase 14, thetak=5.229e-03, Delta=5.000e-04

**************************************
Iteration 149:
thetak = 0.005229051873116338
objk = 2.9049724366809566
trustRadius = 0.0005
sampleRadius = 0.0005
stepNorm = 0.23404344626472096
chi = 0.2881089701299526
Iteration time (s) = 0.8145246505737305
RESTORATION
**************************************

[FRP] solve 88 of phase 14, thetak=5.229e-03, Delta=5.000e-04

**************************************
Iteration 150:
thetak = 0.005229051873116338
objk = 2.9049724366809566
trustRadius = 0.0005
sampleRadius = 0.0005
stepNorm = 0.23404344626472096
chi = 0.2881089701299526
Iteration time (s) = 0.7961790561676025
RESTORATION
**************************************

[FRP] solve 89 of phase 14, thetak=5.229e-03, Delta=5.000e-04

**************************************
Iteration 151:
thetak = 0.005229051873116338
objk = 2.9049724366809566
trustRadius = 0.0005
sampleRadius = 0.0005
stepNorm = 0.23404344626472096
chi = 0.2881089701299526
Iteration time (s) = 0.9140803813934326
RESTORATION
**************************************

[FRP] solve 90 of phase 14, thetak=5.229e-03, Delta=5.000e-04

**************************************
Iteration 152:
thetak = 0.005229051873116338
objk = 2.9049724366809566
trustRadius = 0.0005
sampleRadius = 0.0005
stepNorm = 0.23404344626472096
chi = 0.2881089701299526
Iteration time (s) = 1.0125458240509033
RESTORATION
**************************************

[FRP] solve 91 of phase 14, thetak=5.229e-03, Delta=5.000e-04

**************************************
Iteration 153:
thetak = 0.005229051873116338
objk = 2.9049724366809566
trustRadius = 0.0005
sampleRadius = 0.0005
stepNorm = 0.23404344626472096
chi = 0.2881089701299526
Iteration time (s) = 0.9029817581176758
RESTORATION
**************************************

[FRP] solve 92 of phase 14, thetak=5.229e-03, Delta=5.000e-04

**************************************
Iteration 154:
thetak = 0.005229051873116338
objk = 2.9049724366809566
trustRadius = 0.0005
sampleRadius = 0.0005
stepNorm = 0.23404344626472096
chi = 0.2881089701299526
Iteration time (s) = 0.8016870021820068
RESTORATION
**************************************

[FRP] solve 93 of phase 14, thetak=5.229e-03, Delta=5.000e-04

**************************************
Iteration 155:
thetak = 0.005229051873116338
objk = 2.9049724366809566
trustRadius = 0.0005
sampleRadius = 0.0005
stepNorm = 0.23404344626472096
chi = 0.2881089701299526
Iteration time (s) = 0.9143092632293701
RESTORATION
**************************************

[FRP] solve 94 of phase 14, thetak=5.229e-03, Delta=5.000e-04

**************************************
Iteration 156:
thetak = 0.005229051873116338
objk = 2.9049724366809566
trustRadius = 0.0005
sampleRadius = 0.0005
stepNorm = 0.23404344626472096
chi = 0.2881089701299526
Iteration time (s) = 0.9183485507965088
RESTORATION
**************************************

[FRP] solve 95 of phase 14, thetak=5.229e-03, Delta=5.000e-04

**************************************
Iteration 157:
thetak = 0.005229051873116338
objk = 2.9049724366809566
trustRadius = 0.0005
sampleRadius = 0.0005
stepNorm = 0.23404344626472096
chi = 0.2881089701299526
Iteration time (s) = 0.9450099468231201
RESTORATION
**************************************

[FRP] solve 96 of phase 14, thetak=5.229e-03, Delta=5.000e-04

**************************************
Iteration 158:
thetak = 0.005229051873116338
objk = 2.9049724366809566
trustRadius = 0.0005
sampleRadius = 0.0005
stepNorm = 0.23404344626472096
chi = 0.2881089701299526
Iteration time (s) = 0.8968274593353271
RESTORATION
**************************************

[FRP] solve 97 of phase 14, thetak=5.229e-03, Delta=5.000e-04

**************************************
Iteration 159:
thetak = 0.005229051873116338
objk = 2.9049724366809566
trustRadius = 0.0005
sampleRadius = 0.0005
stepNorm = 0.23404344626472096
chi = 0.2881089701299526
Iteration time (s) = 0.903327465057373
RESTORATION
**************************************

[FRP] solve 98 of phase 14, thetak=5.229e-03, Delta=5.000e-04

**************************************
Iteration 160:
thetak = 0.005229051873116338
objk = 2.9049724366809566
trustRadius = 0.0005
sampleRadius = 0.0005
stepNorm = 0.23404344626472096
chi = 0.2881089701299526
Iteration time (s) = 0.9103536605834961
RESTORATION
**************************************

[FRP] solve 99 of phase 14, thetak=5.229e-03, Delta=5.000e-04

**************************************
Iteration 161:
thetak = 0.005229051873116338
objk = 2.9049724366809566
trustRadius = 0.0005
sampleRadius = 0.0005
stepNorm = 0.23404344626472096
chi = 0.2881089701299526
Iteration time (s) = 0.9162216186523438
RESTORATION
**************************************

[FRP] solve 100 of phase 14, thetak=5.229e-03, Delta=5.000e-04

**************************************
Iteration 162:
thetak = 0.005229051873116338
objk = 2.9049724366809566
trustRadius = 0.0005
sampleRadius = 0.0005
stepNorm = 0.23404344626472096
chi = 0.2881089701299526
Iteration time (s) = 0.9073059558868408
RESTORATION
**************************************

[FRP] solve 101 of phase 14, thetak=5.229e-03, Delta=5.000e-04

**************************************
Iteration 163:
thetak = 0.005229051873116338
objk = 2.9049724366809566
trustRadius = 0.0005
sampleRadius = 0.0005
stepNorm = 0.23404344626472096
chi = 0.2881089701299526
Iteration time (s) = 0.8149774074554443
RESTORATION
**************************************

[FRP] solve 102 of phase 14, thetak=5.229e-03, Delta=5.000e-04

**************************************
Iteration 164:
thetak = 0.005229051873116338
objk = 2.9049724366809566
trustRadius = 0.0005
sampleRadius = 0.0005
stepNorm = 0.23404344626472096
chi = 0.2881089701299526
Iteration time (s) = 0.9240005016326904
RESTORATION
**************************************

[FRP] solve 103 of phase 14, thetak=5.229e-03, Delta=5.000e-04

**************************************
Iteration 165:
thetak = 0.005229051873116338
objk = 2.9049724366809566
trustRadius = 0.0005
sampleRadius = 0.0005
stepNorm = 0.23404344626472096
chi = 0.2881089701299526
Iteration time (s) = 0.9208478927612305
RESTORATION
**************************************

[FRP] solve 104 of phase 14, thetak=5.229e-03, Delta=5.000e-04

**************************************
Iteration 166:
thetak = 0.005229051873116338
objk = 2.9049724366809566
trustRadius = 0.0005
sampleRadius = 0.0005
stepNorm = 0.23404344626472096
chi = 0.2881089701299526
Iteration time (s) = 0.9243273735046387
RESTORATION
**************************************

[FRP] solve 105 of phase 14, thetak=5.229e-03, Delta=5.000e-04

**************************************
Iteration 167:
thetak = 0.005229051873116338
objk = 2.9049724366809566
trustRadius = 0.0005
sampleRadius = 0.0005
stepNorm = 0.23404344626472096
chi = 0.2881089701299526
Iteration time (s) = 0.836789608001709
RESTORATION
**************************************

[FRP] solve 106 of phase 14, thetak=5.229e-03, Delta=5.000e-04

**************************************
Iteration 168:
thetak = 0.005229051873116338
objk = 2.9049724366809566
trustRadius = 0.0005
sampleRadius = 0.0005
stepNorm = 0.23404344626472096
chi = 0.2881089701299526
Iteration time (s) = 0.9062392711639404
RESTORATION
**************************************

[FRP] solve 107 of phase 14, thetak=5.229e-03, Delta=5.000e-04

**************************************
Iteration 169:
thetak = 0.005229051873116338
objk = 2.9049724366809566
trustRadius = 0.0005
sampleRadius = 0.0005
stepNorm = 0.23404344626472096
chi = 0.2881089701299526
Iteration time (s) = 0.80147385597229
RESTORATION
**************************************

[FRP] solve 108 of phase 14, thetak=5.229e-03, Delta=5.000e-04

**************************************
Iteration 170:
thetak = 0.005229051873116338
objk = 2.9049724366809566
trustRadius = 0.0005
sampleRadius = 0.0005
stepNorm = 0.23404344626472096
chi = 0.2881089701299526
Iteration time (s) = 0.8382561206817627
RESTORATION
**************************************

[FRP] solve 109 of phase 14, thetak=5.229e-03, Delta=5.000e-04

**************************************
Iteration 171:
thetak = 0.005229051873116338
objk = 2.9049724366809566
trustRadius = 0.0005
sampleRadius = 0.0005
stepNorm = 0.23404344626472096
chi = 0.2881089701299526
Iteration time (s) = 0.9018332958221436
RESTORATION
**************************************

[FRP] solve 110 of phase 14, thetak=5.229e-03, Delta=5.000e-04

**************************************
Iteration 172:
thetak = 0.005229051873116338
objk = 2.9049724366809566
trustRadius = 0.0005
sampleRadius = 0.0005
stepNorm = 0.23404344626472096
chi = 0.2881089701299526
Iteration time (s) = 0.8148226737976074
RESTORATION
**************************************

[FRP] solve 111 of phase 14, thetak=5.229e-03, Delta=5.000e-04

**************************************
Iteration 173:
thetak = 0.005229051873116338
objk = 2.9049724366809566
trustRadius = 0.0005
sampleRadius = 0.0005
stepNorm = 0.23404344626472096
chi = 0.2881089701299526
Iteration time (s) = 0.9076437950134277
RESTORATION
**************************************

[FRP] solve 112 of phase 14, thetak=5.229e-03, Delta=5.000e-04

**************************************
Iteration 174:
thetak = 0.005229051873116338
objk = 2.9049724366809566
trustRadius = 0.0005
sampleRadius = 0.0005
stepNorm = 0.23404344626472096
chi = 0.2881089701299526
Iteration time (s) = 0.8091182708740234
RESTORATION
**************************************

[FRP] solve 113 of phase 14, thetak=5.229e-03, Delta=5.000e-04

**************************************
Iteration 175:
thetak = 0.005229051873116338
objk = 2.9049724366809566
trustRadius = 0.0005
sampleRadius = 0.0005
stepNorm = 0.23404344626472096
chi = 0.2881089701299526
Iteration time (s) = 0.9050109386444092
RESTORATION
**************************************

[FRP] solve 114 of phase 14, thetak=5.229e-03, Delta=5.000e-04

**************************************
Iteration 176:
thetak = 0.005229051873116338
objk = 2.9049724366809566
trustRadius = 0.0005
sampleRadius = 0.0005
stepNorm = 0.23404344626472096
chi = 0.2881089701299526
Iteration time (s) = 0.9119656085968018
RESTORATION
**************************************

[FRP] solve 115 of phase 14, thetak=5.229e-03, Delta=5.000e-04

**************************************
Iteration 177:
thetak = 0.005229051873116338
objk = 2.9049724366809566
trustRadius = 0.0005
sampleRadius = 0.0005
stepNorm = 0.23404344626472096
chi = 0.2881089701299526
Iteration time (s) = 0.9728972911834717
RESTORATION
**************************************

[FRP] solve 116 of phase 14, thetak=5.229e-03, Delta=5.000e-04

**************************************
Iteration 178:
thetak = 0.005229051873116338
objk = 2.9049724366809566
trustRadius = 0.0005
sampleRadius = 0.0005
stepNorm = 0.23404344626472096
chi = 0.2881089701299526
Iteration time (s) = 0.9207682609558105
RESTORATION
**************************************

[FRP] solve 117 of phase 14, thetak=5.229e-03, Delta=5.000e-04

**************************************
Iteration 179:
thetak = 0.005229051873116338
objk = 2.9049724366809566
trustRadius = 0.0005
sampleRadius = 0.0005
stepNorm = 0.23404344626472096
chi = 0.2881089701299526
Iteration time (s) = 0.9263975620269775
RESTORATION
**************************************

[FRP] solve 118 of phase 14, thetak=5.229e-03, Delta=5.000e-04

**************************************
Iteration 180:
thetak = 0.005229051873116338
objk = 2.9049724366809566
trustRadius = 0.0005
sampleRadius = 0.0005
stepNorm = 0.23404344626472096
chi = 0.2881089701299526
Iteration time (s) = 0.8005475997924805
RESTORATION
**************************************

[FRP] solve 119 of phase 14, thetak=5.229e-03, Delta=5.000e-04

**************************************
Iteration 181:
thetak = 0.005229051873116338
objk = 2.9049724366809566
trustRadius = 0.0005
sampleRadius = 0.0005
stepNorm = 0.23404344626472096
chi = 0.2881089701299526
Iteration time (s) = 0.8227765560150146
RESTORATION
**************************************

[FRP] solve 120 of phase 14, thetak=5.229e-03, Delta=5.000e-04

**************************************
Iteration 182:
thetak = 0.005229051873116338
objk = 2.9049724366809566
trustRadius = 0.0005
sampleRadius = 0.0005
stepNorm = 0.23404344626472096
chi = 0.2881089701299526
Iteration time (s) = 0.7821619510650635
RESTORATION
**************************************

[FRP] solve 121 of phase 14, thetak=5.229e-03, Delta=5.000e-04

**************************************
Iteration 183:
thetak = 0.005229051873116338
objk = 2.9049724366809566
trustRadius = 0.0005
sampleRadius = 0.0005
stepNorm = 0.23404344626472096
chi = 0.2881089701299526
Iteration time (s) = 1.0155551433563232
RESTORATION
**************************************

[FRP] solve 122 of phase 14, thetak=5.229e-03, Delta=5.000e-04

**************************************
Iteration 184:
thetak = 0.005229051873116338
objk = 2.9049724366809566
trustRadius = 0.0005
sampleRadius = 0.0005
stepNorm = 0.23404344626472096
chi = 0.2881089701299526
Iteration time (s) = 0.8063888549804688
RESTORATION
**************************************

[FRP] solve 123 of phase 14, thetak=5.229e-03, Delta=5.000e-04

**************************************
Iteration 185:
thetak = 0.005229051873116338
objk = 2.9049724366809566
trustRadius = 0.0005
sampleRadius = 0.0005
stepNorm = 0.23404344626472096
chi = 0.2881089701299526
Iteration time (s) = 1.046720266342163
RESTORATION
**************************************

[FRP] solve 124 of phase 14, thetak=5.229e-03, Delta=5.000e-04

**************************************
Iteration 186:
thetak = 0.005229051873116338
objk = 2.9049724366809566
trustRadius = 0.0005
sampleRadius = 0.0005
stepNorm = 0.23404344626472096
chi = 0.2881089701299526
Iteration time (s) = 0.814192533493042
RESTORATION
**************************************

[FRP] solve 125 of phase 14, thetak=5.229e-03, Delta=5.000e-04

**************************************
Iteration 187:
thetak = 0.005229051873116338
objk = 2.9049724366809566
trustRadius = 0.0005
sampleRadius = 0.0005
stepNorm = 0.23404344626472096
chi = 0.2881089701299526
Iteration time (s) = 3.0457606315612793
RESTORATION
**************************************

[FRP] solve 126 of phase 14, thetak=5.229e-03, Delta=5.000e-04

**************************************
Iteration 188:
thetak = 0.005229051873116338
objk = 2.9049724366809566
trustRadius = 0.0005
sampleRadius = 0.0005
stepNorm = 0.23404344626472096
chi = 0.2881089701299526
Iteration time (s) = 1.0618531703948975
RESTORATION
**************************************

[FRP] solve 127 of phase 14, thetak=5.229e-03, Delta=5.000e-04

**************************************
Iteration 189:
thetak = 0.005229051873116338
objk = 2.9049724366809566
trustRadius = 0.0005
sampleRadius = 0.0005
stepNorm = 0.23404344626472096
chi = 0.2881089701299526
Iteration time (s) = 0.8072946071624756
RESTORATION
**************************************

[FRP] solve 128 of phase 14, thetak=5.229e-03, Delta=5.000e-04

**************************************
Iteration 190:
thetak = 0.005229051873116338
objk = 2.9049724366809566
trustRadius = 0.0005
sampleRadius = 0.0005
stepNorm = 0.23404344626472096
chi = 0.2881089701299526
Iteration time (s) = 0.7990899085998535
RESTORATION
**************************************

[FRP] solve 129 of phase 14, thetak=5.229e-03, Delta=5.000e-04

**************************************
Iteration 191:
thetak = 0.005229051873116338
objk = 2.9049724366809566
trustRadius = 0.0005
sampleRadius = 0.0005
stepNorm = 0.23404344626472096
chi = 0.2881089701299526
Iteration time (s) = 0.8069632053375244
RESTORATION
**************************************

[FRP] solve 130 of phase 14, thetak=5.229e-03, Delta=5.000e-04

**************************************
Iteration 192:
thetak = 0.005229051873116338
objk = 2.9049724366809566
trustRadius = 0.0005
sampleRadius = 0.0005
stepNorm = 0.23404344626472096
chi = 0.2881089701299526
Iteration time (s) = 0.7874011993408203
RESTORATION
**************************************

[FRP] solve 131 of phase 14, thetak=5.229e-03, Delta=5.000e-04

**************************************
Iteration 193:
thetak = 0.005229051873116338
objk = 2.9049724366809566
trustRadius = 0.0005
sampleRadius = 0.0005
stepNorm = 0.23404344626472096
chi = 0.2881089701299526
Iteration time (s) = 0.8065938949584961
RESTORATION
**************************************

[FRP] solve 132 of phase 14, thetak=5.229e-03, Delta=5.000e-04

**************************************
Iteration 194:
thetak = 0.005229051873116338
objk = 2.9049724366809566
trustRadius = 0.0005
sampleRadius = 0.0005
stepNorm = 0.23404344626472096
chi = 0.2881089701299526
Iteration time (s) = 1.0329782962799072
RESTORATION
**************************************

[FRP] solve 133 of phase 14, thetak=5.229e-03, Delta=5.000e-04

**************************************
Iteration 195:
thetak = 0.005229051873116338
objk = 2.9049724366809566
trustRadius = 0.0005
sampleRadius = 0.0005
stepNorm = 0.23404344626472096
chi = 0.2881089701299526
Iteration time (s) = 0.8129496574401855
RESTORATION
**************************************

[FRP] solve 134 of phase 14, thetak=5.229e-03, Delta=5.000e-04

**************************************
Iteration 196:
thetak = 0.005229051873116338
objk = 2.9049724366809566
trustRadius = 0.0005
sampleRadius = 0.0005
stepNorm = 0.23404344626472096
chi = 0.2881089701299526
Iteration time (s) = 0.903994083404541
RESTORATION
**************************************

[FRP] solve 135 of phase 14, thetak=5.229e-03, Delta=5.000e-04

**************************************
Iteration 197:
thetak = 0.005229051873116338
objk = 2.9049724366809566
trustRadius = 0.0005
sampleRadius = 0.0005
stepNorm = 0.23404344626472096
chi = 0.2881089701299526
Iteration time (s) = 0.7849805355072021
RESTORATION
**************************************

[FRP] solve 136 of phase 14, thetak=5.229e-03, Delta=5.000e-04

**************************************
Iteration 198:
thetak = 0.005229051873116338
objk = 2.9049724366809566
trustRadius = 0.0005
sampleRadius = 0.0005
stepNorm = 0.23404344626472096
chi = 0.2881089701299526
Iteration time (s) = 0.8161156177520752
RESTORATION
**************************************

[FRP] solve 137 of phase 14, thetak=5.229e-03, Delta=5.000e-04

**************************************
Iteration 199:
thetak = 0.005229051873116338
objk = 2.9049724366809566
trustRadius = 0.0005
sampleRadius = 0.0005
stepNorm = 0.23404344626472096
chi = 0.2881089701299526
Iteration time (s) = 0.813758373260498
RESTORATION
**************************************

[FRP] solve 138 of phase 14, thetak=5.229e-03, Delta=5.000e-04

**************************************
Iteration 200:
thetak = 0.005229051873116338
objk = 2.9049724366809566
trustRadius = 0.0005
sampleRadius = 0.0005
stepNorm = 0.23404344626472096
chi = 0.2881089701299526
Iteration time (s) = 0.9286913871765137
RESTORATION
**************************************

[FRP] solve 139 of phase 14, thetak=5.229e-03, Delta=5.000e-04

**************************************
Iteration 201:
thetak = 0.005229051873116338
objk = 2.9049724366809566
trustRadius = 0.0005
sampleRadius = 0.0005
stepNorm = 0.23404344626472096
chi = 0.2881089701299526
Iteration time (s) = 0.9056787490844727
RESTORATION
**************************************

[FRP] solve 140 of phase 14, thetak=5.229e-03, Delta=5.000e-04

**************************************
Iteration 202:
thetak = 0.005229051873116338
objk = 2.9049724366809566
trustRadius = 0.0005
sampleRadius = 0.0005
stepNorm = 0.23404344626472096
chi = 0.2881089701299526
Iteration time (s) = 0.8151001930236816
RESTORATION
**************************************

[FRP] solve 141 of phase 14, thetak=5.229e-03, Delta=5.000e-04

**************************************
Iteration 203:
thetak = 0.005229051873116338
objk = 2.9049724366809566
trustRadius = 0.0005
sampleRadius = 0.0005
stepNorm = 0.23404344626472096
chi = 0.2881089701299526
Iteration time (s) = 0.815683126449585
RESTORATION
**************************************

[FRP] solve 142 of phase 14, thetak=5.229e-03, Delta=5.000e-04

**************************************
Iteration 204:
thetak = 0.005229051873116338
objk = 2.9049724366809566
trustRadius = 0.0005
sampleRadius = 0.0005
stepNorm = 0.23404344626472096
chi = 0.2881089701299526
Iteration time (s) = 0.8008055686950684
RESTORATION
**************************************

[FRP] solve 143 of phase 14, thetak=5.229e-03, Delta=5.000e-04

**************************************
Iteration 205:
thetak = 0.005229051873116338
objk = 2.9049724366809566
trustRadius = 0.0005
sampleRadius = 0.0005
stepNorm = 0.23404344626472096
chi = 0.2881089701299526
Iteration time (s) = 0.790198802947998
RESTORATION
**************************************

[FRP] solve 144 of phase 14, thetak=5.229e-03, Delta=5.000e-04

**************************************
Iteration 206:
thetak = 0.005229051873116338
objk = 2.9049724366809566
trustRadius = 0.0005
sampleRadius = 0.0005
stepNorm = 0.23404344626472096
chi = 0.2881089701299526
Iteration time (s) = 0.807065486907959
RESTORATION
**************************************

[FRP] solve 145 of phase 14, thetak=5.229e-03, Delta=5.000e-04

**************************************
Iteration 207:
thetak = 0.005229051873116338
objk = 2.9049724366809566
trustRadius = 0.0005
sampleRadius = 0.0005
stepNorm = 0.23404344626472096
chi = 0.2881089701299526
Iteration time (s) = 0.9411044120788574
RESTORATION
**************************************

[FRP] solve 146 of phase 14, thetak=5.229e-03, Delta=5.000e-04

**************************************
Iteration 208:
thetak = 0.005229051873116338
objk = 2.9049724366809566
trustRadius = 0.0005
sampleRadius = 0.0005
stepNorm = 0.23404344626472096
chi = 0.2881089701299526
Iteration time (s) = 0.8090989589691162
RESTORATION
**************************************

[FRP] solve 147 of phase 14, thetak=5.229e-03, Delta=5.000e-04

**************************************
Iteration 209:
thetak = 0.005229051873116338
objk = 2.9049724366809566
trustRadius = 0.0005
sampleRadius = 0.0005
stepNorm = 0.23404344626472096
chi = 0.2881089701299526
Iteration time (s) = 0.8137147426605225
RESTORATION
**************************************

[FRP] solve 148 of phase 14, thetak=5.229e-03, Delta=5.000e-04

**************************************
Iteration 210:
thetak = 0.005229051873116338
objk = 2.9049724366809566
trustRadius = 0.0005
sampleRadius = 0.0005
stepNorm = 0.23404344626472096
chi = 0.2881089701299526
Iteration time (s) = 0.7918195724487305
RESTORATION
**************************************

[FRP] solve 149 of phase 14, thetak=5.229e-03, Delta=5.000e-04

**************************************
Iteration 211:
thetak = 0.005229051873116338
objk = 2.9049724366809566
trustRadius = 0.0005
sampleRadius = 0.0005
stepNorm = 0.23404344626472096
chi = 0.2881089701299526
Iteration time (s) = 0.8151631355285645
RESTORATION
**************************************

[FRP] solve 150 of phase 14, thetak=5.229e-03, Delta=5.000e-04

**************************************
Iteration 212:
thetak = 0.005229051873116338
objk = 2.9049724366809566
trustRadius = 0.0005
sampleRadius = 0.0005
stepNorm = 0.23404344626472096
chi = 0.2881089701299526
Iteration time (s) = 0.7929103374481201
RESTORATION
**************************************

[FRP] solve 151 of phase 14, thetak=5.229e-03, Delta=5.000e-04

**************************************
Iteration 213:
thetak = 0.005229051873116338
objk = 2.9049724366809566
trustRadius = 0.0005
sampleRadius = 0.0005
stepNorm = 0.23404344626472096
chi = 0.2881089701299526
Iteration time (s) = 0.7967147827148438
RESTORATION
**************************************

[FRP] solve 152 of phase 14, thetak=5.229e-03, Delta=5.000e-04

**************************************
Iteration 214:
thetak = 0.005229051873116338
objk = 2.9049724366809566
trustRadius = 0.0005
sampleRadius = 0.0005
stepNorm = 0.23404344626472096
chi = 0.2881089701299526
Iteration time (s) = 0.9278595447540283
RESTORATION
**************************************

[FRP] solve 153 of phase 14, thetak=5.229e-03, Delta=5.000e-04

**************************************
Iteration 215:
thetak = 0.005229051873116338
objk = 2.9049724366809566
trustRadius = 0.0005
sampleRadius = 0.0005
stepNorm = 0.23404344626472096
chi = 0.2881089701299526
Iteration time (s) = 0.7937591075897217
RESTORATION
**************************************

[FRP] solve 154 of phase 14, thetak=5.229e-03, Delta=5.000e-04

**************************************
Iteration 216:
thetak = 0.005229051873116338
objk = 2.9049724366809566
trustRadius = 0.0005
sampleRadius = 0.0005
stepNorm = 0.23404344626472096
chi = 0.2881089701299526
Iteration time (s) = 0.8992478847503662
RESTORATION
**************************************

[FRP] solve 155 of phase 14, thetak=5.229e-03, Delta=5.000e-04

**************************************
Iteration 217:
thetak = 0.005229051873116338
objk = 2.9049724366809566
trustRadius = 0.0005
sampleRadius = 0.0005
stepNorm = 0.23404344626472096
chi = 0.2881089701299526
Iteration time (s) = 0.8138604164123535
RESTORATION
**************************************

[FRP] solve 156 of phase 14, thetak=5.229e-03, Delta=5.000e-04

**************************************
Iteration 218:
thetak = 0.005229051873116338
objk = 2.9049724366809566
trustRadius = 0.0005
sampleRadius = 0.0005
stepNorm = 0.23404344626472096
chi = 0.2881089701299526
Iteration time (s) = 0.7879390716552734
RESTORATION
**************************************

[FRP] solve 157 of phase 14, thetak=5.229e-03, Delta=5.000e-04

**************************************
Iteration 219:
thetak = 0.005229051873116338
objk = 2.9049724366809566
trustRadius = 0.0005
sampleRadius = 0.0005
stepNorm = 0.23404344626472096
chi = 0.2881089701299526
Iteration time (s) = 0.8975639343261719
RESTORATION
**************************************

[FRP] solve 158 of phase 14, thetak=5.229e-03, Delta=5.000e-04

**************************************
Iteration 220:
thetak = 0.005229051873116338
objk = 2.9049724366809566
trustRadius = 0.0005
sampleRadius = 0.0005
stepNorm = 0.23404344626472096
chi = 0.2881089701299526
Iteration time (s) = 0.9071938991546631
RESTORATION
**************************************

[FRP] solve 159 of phase 14, thetak=5.229e-03, Delta=5.000e-04

**************************************
Iteration 221:
thetak = 0.005229051873116338
objk = 2.9049724366809566
trustRadius = 0.0005
sampleRadius = 0.0005
stepNorm = 0.23404344626472096
chi = 0.2881089701299526
Iteration time (s) = 0.9630215167999268
RESTORATION
**************************************

[FRP] solve 160 of phase 14, thetak=5.229e-03, Delta=5.000e-04

**************************************
Iteration 222:
thetak = 0.005229051873116338
objk = 2.9049724366809566
trustRadius = 0.0005
sampleRadius = 0.0005
stepNorm = 0.23404344626472096
chi = 0.2881089701299526
Iteration time (s) = 0.8075056076049805
RESTORATION
**************************************

[FRP] solve 161 of phase 14, thetak=5.229e-03, Delta=5.000e-04

**************************************
Iteration 223:
thetak = 0.005229051873116338
objk = 2.9049724366809566
trustRadius = 0.0005
sampleRadius = 0.0005
stepNorm = 0.23404344626472096
chi = 0.2881089701299526
Iteration time (s) = 0.900644063949585
RESTORATION
**************************************

[FRP] solve 162 of phase 14, thetak=5.229e-03, Delta=5.000e-04

**************************************
Iteration 224:
thetak = 0.005229051873116338
objk = 2.9049724366809566
trustRadius = 0.0005
sampleRadius = 0.0005
stepNorm = 0.23404344626472096
chi = 0.2881089701299526
Iteration time (s) = 0.8010590076446533
RESTORATION
**************************************

[FRP] solve 163 of phase 14, thetak=5.229e-03, Delta=5.000e-04

**************************************
Iteration 225:
thetak = 0.005229051873116338
objk = 2.9049724366809566
trustRadius = 0.0005
sampleRadius = 0.0005
stepNorm = 0.23404344626472096
chi = 0.2881089701299526
Iteration time (s) = 0.7956132888793945
RESTORATION
**************************************

[FRP] solve 164 of phase 14, thetak=5.229e-03, Delta=5.000e-04

**************************************
Iteration 226:
thetak = 0.005229051873116338
objk = 2.9049724366809566
trustRadius = 0.0005
sampleRadius = 0.0005
stepNorm = 0.23404344626472096
chi = 0.2881089701299526
Iteration time (s) = 0.8177628517150879
RESTORATION
**************************************

[FRP] solve 165 of phase 14, thetak=5.229e-03, Delta=5.000e-04

**************************************
Iteration 227:
thetak = 0.005229051873116338
objk = 2.9049724366809566
trustRadius = 0.0005
sampleRadius = 0.0005
stepNorm = 0.23404344626472096
chi = 0.2881089701299526
Iteration time (s) = 0.968207597732544
RESTORATION
**************************************

[FRP] solve 166 of phase 14, thetak=5.229e-03, Delta=5.000e-04

**************************************
Iteration 228:
thetak = 0.005229051873116338
objk = 2.9049724366809566
trustRadius = 0.0005
sampleRadius = 0.0005
stepNorm = 0.23404344626472096
chi = 0.2881089701299526
Iteration time (s) = 0.9329323768615723
RESTORATION
**************************************

[FRP] solve 167 of phase 14, thetak=5.229e-03, Delta=5.000e-04

**************************************
Iteration 229:
thetak = 0.005229051873116338
objk = 2.9049724366809566
trustRadius = 0.0005
sampleRadius = 0.0005
stepNorm = 0.23404344626472096
chi = 0.2881089701299526
Iteration time (s) = 0.8041565418243408
RESTORATION
**************************************

[FRP] solve 168 of phase 14, thetak=5.229e-03, Delta=5.000e-04

**************************************
Iteration 230:
thetak = 0.005229051873116338
objk = 2.9049724366809566
trustRadius = 0.0005
sampleRadius = 0.0005
stepNorm = 0.23404344626472096
chi = 0.2881089701299526
Iteration time (s) = 0.8169875144958496
RESTORATION
**************************************

[FRP] solve 169 of phase 14, thetak=5.229e-03, Delta=5.000e-04

**************************************
Iteration 231:
thetak = 0.005229051873116338
objk = 2.9049724366809566
trustRadius = 0.0005
sampleRadius = 0.0005
stepNorm = 0.23404344626472096
chi = 0.2881089701299526
Iteration time (s) = 0.8047761917114258
RESTORATION
**************************************

[FRP] solve 170 of phase 14, thetak=5.229e-03, Delta=5.000e-04

**************************************
Iteration 232:
thetak = 0.005229051873116338
objk = 2.9049724366809566
trustRadius = 0.0005
sampleRadius = 0.0005
stepNorm = 0.23404344626472096
chi = 0.2881089701299526
Iteration time (s) = 0.7904636859893799
RESTORATION
**************************************

[FRP] solve 171 of phase 14, thetak=5.229e-03, Delta=5.000e-04

**************************************
Iteration 233:
thetak = 0.005229051873116338
objk = 2.9049724366809566
trustRadius = 0.0005
sampleRadius = 0.0005
stepNorm = 0.23404344626472096
chi = 0.2881089701299526
Iteration time (s) = 0.7908532619476318
RESTORATION
**************************************

[FRP] solve 172 of phase 14, thetak=5.229e-03, Delta=5.000e-04

**************************************
Iteration 234:
thetak = 0.005229051873116338
objk = 2.9049724366809566
trustRadius = 0.0005
sampleRadius = 0.0005
stepNorm = 0.23404344626472096
chi = 0.2881089701299526
Iteration time (s) = 1.01381516456604
RESTORATION
**************************************

[FRP] solve 173 of phase 14, thetak=5.229e-03, Delta=5.000e-04

**************************************
Iteration 235:
thetak = 0.005229051873116338
objk = 2.9049724366809566
trustRadius = 0.0005
sampleRadius = 0.0005
stepNorm = 0.23404344626472096
chi = 0.2881089701299526
Iteration time (s) = 0.7879378795623779
RESTORATION
**************************************

[FRP] solve 174 of phase 14, thetak=5.229e-03, Delta=5.000e-04

**************************************
Iteration 236:
thetak = 0.005229051873116338
objk = 2.9049724366809566
trustRadius = 0.0005
sampleRadius = 0.0005
stepNorm = 0.23404344626472096
chi = 0.2881089701299526
Iteration time (s) = 0.8148257732391357
RESTORATION
**************************************

[FRP] solve 175 of phase 14, thetak=5.229e-03, Delta=5.000e-04

**************************************
Iteration 237:
thetak = 0.005229051873116338
objk = 2.9049724366809566
trustRadius = 0.0005
sampleRadius = 0.0005
stepNorm = 0.23404344626472096
chi = 0.2881089701299526
Iteration time (s) = 0.796384334564209
RESTORATION
**************************************

[FRP] solve 176 of phase 14, thetak=5.229e-03, Delta=5.000e-04

**************************************
Iteration 238:
thetak = 0.005229051873116338
objk = 2.9049724366809566
trustRadius = 0.0005
sampleRadius = 0.0005
stepNorm = 0.23404344626472096
chi = 0.2881089701299526
Iteration time (s) = 0.8077659606933594
RESTORATION
**************************************

[FRP] solve 177 of phase 14, thetak=5.229e-03, Delta=5.000e-04

**************************************
Iteration 239:
thetak = 0.005229051873116338
objk = 2.9049724366809566
trustRadius = 0.0005
sampleRadius = 0.0005
stepNorm = 0.23404344626472096
chi = 0.2881089701299526
Iteration time (s) = 0.8950114250183105
RESTORATION
**************************************

[FRP] solve 178 of phase 14, thetak=5.229e-03, Delta=5.000e-04

**************************************
Iteration 240:
thetak = 0.005229051873116338
objk = 2.9049724366809566
trustRadius = 0.0005
sampleRadius = 0.0005
stepNorm = 0.23404344626472096
chi = 0.2881089701299526
Iteration time (s) = 0.793903112411499
RESTORATION
**************************************

[FRP] solve 179 of phase 14, thetak=5.229e-03, Delta=5.000e-04

**************************************
Iteration 241:
thetak = 0.005229051873116338
objk = 2.9049724366809566
trustRadius = 0.0005
sampleRadius = 0.0005
stepNorm = 0.23404344626472096
chi = 0.2881089701299526
Iteration time (s) = 0.9219534397125244
RESTORATION
**************************************

[FRP] solve 180 of phase 14, thetak=5.229e-03, Delta=5.000e-04

**************************************
Iteration 242:
thetak = 0.005229051873116338
objk = 2.9049724366809566
trustRadius = 0.0005
sampleRadius = 0.0005
stepNorm = 0.23404344626472096
chi = 0.2881089701299526
Iteration time (s) = 0.9022440910339355
RESTORATION
**************************************

[FRP] solve 181 of phase 14, thetak=5.229e-03, Delta=5.000e-04

**************************************
Iteration 243:
thetak = 0.005229051873116338
objk = 2.9049724366809566
trustRadius = 0.0005
sampleRadius = 0.0005
stepNorm = 0.23404344626472096
chi = 0.2881089701299526
Iteration time (s) = 0.7936480045318604
RESTORATION
**************************************

[FRP] solve 182 of phase 14, thetak=5.229e-03, Delta=5.000e-04

**************************************
Iteration 244:
thetak = 0.005229051873116338
objk = 2.9049724366809566
trustRadius = 0.0005
sampleRadius = 0.0005
stepNorm = 0.23404344626472096
chi = 0.2881089701299526
Iteration time (s) = 0.8081247806549072
RESTORATION
**************************************

[FRP] solve 183 of phase 14, thetak=5.229e-03, Delta=5.000e-04

**************************************
Iteration 245:
thetak = 0.005229051873116338
objk = 2.9049724366809566
trustRadius = 0.0005
sampleRadius = 0.0005
stepNorm = 0.23404344626472096
chi = 0.2881089701299526
Iteration time (s) = 0.7952075004577637
RESTORATION
**************************************

[FRP] solve 184 of phase 14, thetak=5.229e-03, Delta=5.000e-04

**************************************
Iteration 246:
thetak = 0.005229051873116338
objk = 2.9049724366809566
trustRadius = 0.0005
sampleRadius = 0.0005
stepNorm = 0.23404344626472096
chi = 0.2881089701299526
Iteration time (s) = 0.7854800224304199
RESTORATION
**************************************

[FRP] solve 185 of phase 14, thetak=5.229e-03, Delta=5.000e-04

**************************************
Iteration 247:
thetak = 0.005229051873116338
objk = 2.9049724366809566
trustRadius = 0.0005
sampleRadius = 0.0005
stepNorm = 0.23404344626472096
chi = 0.2881089701299526
Iteration time (s) = 0.9306232929229736
RESTORATION
**************************************

[FRP] solve 186 of phase 14, thetak=5.229e-03, Delta=5.000e-04

**************************************
Iteration 248:
thetak = 0.005229051873116338
objk = 2.9049724366809566
trustRadius = 0.0005
sampleRadius = 0.0005
stepNorm = 0.23404344626472096
chi = 0.2881089701299526
Iteration time (s) = 0.9942834377288818
RESTORATION
**************************************

[FRP] solve 187 of phase 14, thetak=5.229e-03, Delta=5.000e-04

**************************************
Iteration 249:
thetak = 0.005229051873116338
objk = 2.9049724366809566
trustRadius = 0.0005
sampleRadius = 0.0005
stepNorm = 0.23404344626472096
chi = 0.2881089701299526
Iteration time (s) = 0.7998721599578857
RESTORATION
**************************************

[FRP] solve 188 of phase 14, thetak=5.229e-03, Delta=5.000e-04

**************************************
Iteration 250:
thetak = 0.005229051873116338
objk = 2.9049724366809566
trustRadius = 0.0005
sampleRadius = 0.0005
stepNorm = 0.23404344626472096
chi = 0.2881089701299526
Iteration time (s) = 0.8100795745849609
RESTORATION
**************************************

[FRP] solve 189 of phase 14, thetak=5.229e-03, Delta=5.000e-04

**************************************
Iteration 251:
thetak = 0.005229051873116338
objk = 2.9049724366809566
trustRadius = 0.0005
sampleRadius = 0.0005
stepNorm = 0.23404344626472096
chi = 0.2881089701299526
Iteration time (s) = 0.7907347679138184
RESTORATION
**************************************

[FRP] solve 190 of phase 14, thetak=5.229e-03, Delta=5.000e-04

**************************************
Iteration 252:
thetak = 0.005229051873116338
objk = 2.9049724366809566
trustRadius = 0.0005
sampleRadius = 0.0005
stepNorm = 0.23404344626472096
chi = 0.2881089701299526
Iteration time (s) = 0.7831423282623291
RESTORATION
**************************************

[FRP] solve 191 of phase 14, thetak=5.229e-03, Delta=5.000e-04

**************************************
Iteration 253:
thetak = 0.005229051873116338
objk = 2.9049724366809566
trustRadius = 0.0005
sampleRadius = 0.0005
stepNorm = 0.23404344626472096
chi = 0.2881089701299526
Iteration time (s) = 0.783189058303833
RESTORATION
**************************************

[FRP] solve 192 of phase 14, thetak=5.229e-03, Delta=5.000e-04

**************************************
Iteration 254:
thetak = 0.005229051873116338
objk = 2.9049724366809566
trustRadius = 0.0005
sampleRadius = 0.0005
stepNorm = 0.23404344626472096
chi = 0.2881089701299526
Iteration time (s) = 0.8043668270111084
RESTORATION
**************************************

[FRP] solve 193 of phase 14, thetak=5.229e-03, Delta=5.000e-04

**************************************
Iteration 255:
thetak = 0.005229051873116338
objk = 2.9049724366809566
trustRadius = 0.0005
sampleRadius = 0.0005
stepNorm = 0.23404344626472096
chi = 0.2881089701299526
Iteration time (s) = 0.906853437423706
RESTORATION
**************************************

[FRP] solve 194 of phase 14, thetak=5.229e-03, Delta=5.000e-04

**************************************
Iteration 256:
thetak = 0.005229051873116338
objk = 2.9049724366809566
trustRadius = 0.0005
sampleRadius = 0.0005
stepNorm = 0.23404344626472096
chi = 0.2881089701299526
Iteration time (s) = 0.9074716567993164
RESTORATION
**************************************

[FRP] solve 195 of phase 14, thetak=5.229e-03, Delta=5.000e-04

**************************************
Iteration 257:
thetak = 0.005229051873116338
objk = 2.9049724366809566
trustRadius = 0.0005
sampleRadius = 0.0005
stepNorm = 0.23404344626472096
chi = 0.2881089701299526
Iteration time (s) = 0.8057005405426025
RESTORATION
**************************************

[FRP] solve 196 of phase 14, thetak=5.229e-03, Delta=5.000e-04

**************************************
Iteration 258:
thetak = 0.005229051873116338
objk = 2.9049724366809566
trustRadius = 0.0005
sampleRadius = 0.0005
stepNorm = 0.23404344626472096
chi = 0.2881089701299526
Iteration time (s) = 0.9012951850891113
RESTORATION
**************************************

[FRP] solve 197 of phase 14, thetak=5.229e-03, Delta=5.000e-04

**************************************
Iteration 259:
thetak = 0.005229051873116338
objk = 2.9049724366809566
trustRadius = 0.0005
sampleRadius = 0.0005
stepNorm = 0.23404344626472096
chi = 0.2881089701299526
Iteration time (s) = 1.0824618339538574
RESTORATION
**************************************

[FRP] solve 198 of phase 14, thetak=5.229e-03, Delta=5.000e-04

**************************************
Iteration 260:
thetak = 0.005229051873116338
objk = 2.9049724366809566
trustRadius = 0.0005
sampleRadius = 0.0005
stepNorm = 0.23404344626472096
chi = 0.2881089701299526
Iteration time (s) = 1.0512337684631348
RESTORATION
**************************************

[FRP] solve 199 of phase 14, thetak=5.229e-03, Delta=5.000e-04

**************************************
Iteration 261:
thetak = 0.005229051873116338
objk = 2.9049724366809566
trustRadius = 0.0005
sampleRadius = 0.0005
stepNorm = 0.23404344626472096
chi = 0.2881089701299526
Iteration time (s) = 1.084536075592041
RESTORATION
**************************************

[FRP] solve 200 of phase 14, thetak=5.229e-03, Delta=5.000e-04

**************************************
Iteration 262:
thetak = 0.005229051873116338
objk = 2.9049724366809566
trustRadius = 0.0005
sampleRadius = 0.0005
stepNorm = 0.23404344626472096
chi = 0.2881089701299526
Iteration time (s) = 0.8173701763153076
RESTORATION
**************************************

[FRP] solve 201 of phase 14, thetak=5.229e-03, Delta=5.000e-04

**************************************
Iteration 263:
thetak = 0.005229051873116338
objk = 2.9049724366809566
trustRadius = 0.0005
sampleRadius = 0.0005
stepNorm = 0.23404344626472096
chi = 0.2881089701299526
Iteration time (s) = 0.9124505519866943
RESTORATION
**************************************

[FRP] solve 202 of phase 14, thetak=5.229e-03, Delta=5.000e-04

**************************************
Iteration 264:
thetak = 0.005229051873116338
objk = 2.9049724366809566
trustRadius = 0.0005
sampleRadius = 0.0005
stepNorm = 0.23404344626472096
chi = 0.2881089701299526
Iteration time (s) = 0.7819552421569824
RESTORATION
**************************************

[FRP] solve 203 of phase 14, thetak=5.229e-03, Delta=5.000e-04

**************************************
Iteration 265:
thetak = 0.005229051873116338
objk = 2.9049724366809566
trustRadius = 0.0005
sampleRadius = 0.0005
stepNorm = 0.23404344626472096
chi = 0.2881089701299526
Iteration time (s) = 0.8012096881866455
RESTORATION
**************************************

[FRP] solve 204 of phase 14, thetak=5.229e-03, Delta=5.000e-04

**************************************
Iteration 266:
thetak = 0.005229051873116338
objk = 2.9049724366809566
trustRadius = 0.0005
sampleRadius = 0.0005
stepNorm = 0.23404344626472096
chi = 0.2881089701299526
Iteration time (s) = 0.899785041809082
RESTORATION
**************************************

[FRP] solve 205 of phase 14, thetak=5.229e-03, Delta=5.000e-04

**************************************
Iteration 267:
thetak = 0.005229051873116338
objk = 2.9049724366809566
trustRadius = 0.0005
sampleRadius = 0.0005
stepNorm = 0.23404344626472096
chi = 0.2881089701299526
Iteration time (s) = 0.9254083633422852
RESTORATION
**************************************

[FRP] solve 206 of phase 14, thetak=5.229e-03, Delta=5.000e-04

**************************************
Iteration 268:
thetak = 0.005229051873116338
objk = 2.9049724366809566
trustRadius = 0.0005
sampleRadius = 0.0005
stepNorm = 0.23404344626472096
chi = 0.2881089701299526
Iteration time (s) = 0.9696075916290283
RESTORATION
**************************************

[FRP] solve 207 of phase 14, thetak=5.229e-03, Delta=5.000e-04

**************************************
Iteration 269:
thetak = 0.005229051873116338
objk = 2.9049724366809566
trustRadius = 0.0005
sampleRadius = 0.0005
stepNorm = 0.23404344626472096
chi = 0.2881089701299526
Iteration time (s) = 0.8762922286987305
RESTORATION
**************************************

[FRP] solve 208 of phase 14, thetak=5.229e-03, Delta=5.000e-04

**************************************
Iteration 270:
thetak = 0.005229051873116338
objk = 2.9049724366809566
trustRadius = 0.0005
sampleRadius = 0.0005
stepNorm = 0.23404344626472096
chi = 0.2881089701299526
Iteration time (s) = 0.8139142990112305
RESTORATION
**************************************

[FRP] solve 209 of phase 14, thetak=5.229e-03, Delta=5.000e-04

**************************************
Iteration 271:
thetak = 0.005229051873116338
objk = 2.9049724366809566
trustRadius = 0.0005
sampleRadius = 0.0005
stepNorm = 0.23404344626472096
chi = 0.2881089701299526
Iteration time (s) = 0.914463996887207
RESTORATION
**************************************

[FRP] solve 210 of phase 14, thetak=5.229e-03, Delta=5.000e-04

**************************************
Iteration 272:
thetak = 0.005229051873116338
objk = 2.9049724366809566
trustRadius = 0.0005
sampleRadius = 0.0005
stepNorm = 0.23404344626472096
chi = 0.2881089701299526
Iteration time (s) = 0.9174745082855225
RESTORATION
**************************************

[FRP] solve 211 of phase 14, thetak=5.229e-03, Delta=5.000e-04

**************************************
Iteration 273:
thetak = 0.005229051873116338
objk = 2.9049724366809566
trustRadius = 0.0005
sampleRadius = 0.0005
stepNorm = 0.23404344626472096
chi = 0.2881089701299526
Iteration time (s) = 1.6498017311096191
RESTORATION
**************************************

[FRP] solve 212 of phase 14, thetak=5.229e-03, Delta=5.000e-04

**************************************
Iteration 274:
thetak = 0.005229051873116338
objk = 2.9049724366809566
trustRadius = 0.0005
sampleRadius = 0.0005
stepNorm = 0.23404344626472096
chi = 0.2881089701299526
Iteration time (s) = 1.1276166439056396
RESTORATION
**************************************

[FRP] solve 213 of phase 14, thetak=5.229e-03, Delta=5.000e-04

**************************************
Iteration 275:
thetak = 0.005229051873116338
objk = 2.9049724366809566
trustRadius = 0.0005
sampleRadius = 0.0005
stepNorm = 0.23404344626472096
chi = 0.2881089701299526
Iteration time (s) = 1.2967395782470703
RESTORATION
**************************************

[FRP] solve 214 of phase 14, thetak=5.229e-03, Delta=5.000e-04

**************************************
Iteration 276:
thetak = 0.005229051873116338
objk = 2.9049724366809566
trustRadius = 0.0005
sampleRadius = 0.0005
stepNorm = 0.23404344626472096
chi = 0.2881089701299526
Iteration time (s) = 1.0605690479278564
RESTORATION
**************************************

[FRP] solve 215 of phase 14, thetak=5.229e-03, Delta=5.000e-04

**************************************
Iteration 277:
thetak = 0.005229051873116338
objk = 2.9049724366809566
trustRadius = 0.0005
sampleRadius = 0.0005
stepNorm = 0.23404344626472096
chi = 0.2881089701299526
Iteration time (s) = 0.9412925243377686
RESTORATION
**************************************

[FRP] solve 216 of phase 14, thetak=5.229e-03, Delta=5.000e-04

**************************************
Iteration 278:
thetak = 0.005229051873116338
objk = 2.9049724366809566
trustRadius = 0.0005
sampleRadius = 0.0005
stepNorm = 0.23404344626472096
chi = 0.2881089701299526
Iteration time (s) = 1.2359123229980469
RESTORATION
**************************************

[FRP] solve 217 of phase 14, thetak=5.229e-03, Delta=5.000e-04

**************************************
Iteration 279:
thetak = 0.005229051873116338
objk = 2.9049724366809566
trustRadius = 0.0005
sampleRadius = 0.0005
stepNorm = 0.23404344626472096
chi = 0.2881089701299526
Iteration time (s) = 1.086379051208496
RESTORATION
**************************************

[FRP] solve 218 of phase 14, thetak=5.229e-03, Delta=5.000e-04

**************************************
Iteration 280:
thetak = 0.005229051873116338
objk = 2.9049724366809566
trustRadius = 0.0005
sampleRadius = 0.0005
stepNorm = 0.23404344626472096
chi = 0.2881089701299526
Iteration time (s) = 0.8119640350341797
RESTORATION
**************************************

[FRP] solve 219 of phase 14, thetak=5.229e-03, Delta=5.000e-04

**************************************
Iteration 281:
thetak = 0.005229051873116338
objk = 2.9049724366809566
trustRadius = 0.0005
sampleRadius = 0.0005
stepNorm = 0.23404344626472096
chi = 0.2881089701299526
Iteration time (s) = 0.9491591453552246
RESTORATION
**************************************

[FRP] solve 220 of phase 14, thetak=5.229e-03, Delta=5.000e-04

**************************************
Iteration 282:
thetak = 0.005229051873116338
objk = 2.9049724366809566
trustRadius = 0.0005
sampleRadius = 0.0005
stepNorm = 0.23404344626472096
chi = 0.2881089701299526
Iteration time (s) = 0.9131648540496826
RESTORATION
**************************************

[FRP] solve 221 of phase 14, thetak=5.229e-03, Delta=5.000e-04

**************************************
Iteration 283:
thetak = 0.005229051873116338
objk = 2.9049724366809566
trustRadius = 0.0005
sampleRadius = 0.0005
stepNorm = 0.23404344626472096
chi = 0.2881089701299526
Iteration time (s) = 0.9376716613769531
RESTORATION
**************************************

[FRP] solve 222 of phase 14, thetak=5.229e-03, Delta=5.000e-04

**************************************
Iteration 284:
thetak = 0.005229051873116338
objk = 2.9049724366809566
trustRadius = 0.0005
sampleRadius = 0.0005
stepNorm = 0.23404344626472096
chi = 0.2881089701299526
Iteration time (s) = 0.9618246555328369
RESTORATION
**************************************

[FRP] solve 223 of phase 14, thetak=5.229e-03, Delta=5.000e-04

**************************************
Iteration 285:
thetak = 0.005229051873116338
objk = 2.9049724366809566
trustRadius = 0.0005
sampleRadius = 0.0005
stepNorm = 0.23404344626472096
chi = 0.2881089701299526
Iteration time (s) = 0.9842755794525146
RESTORATION
**************************************

[FRP] solve 224 of phase 14, thetak=5.229e-03, Delta=5.000e-04

**************************************
Iteration 286:
thetak = 0.005229051873116338
objk = 2.9049724366809566
trustRadius = 0.0005
sampleRadius = 0.0005
stepNorm = 0.23404344626472096
chi = 0.2881089701299526
Iteration time (s) = 0.9214282035827637
RESTORATION
**************************************

[FRP] solve 225 of phase 14, thetak=5.229e-03, Delta=5.000e-04

**************************************
Iteration 287:
thetak = 0.005229051873116338
objk = 2.9049724366809566
trustRadius = 0.0005
sampleRadius = 0.0005
stepNorm = 0.23404344626472096
chi = 0.2881089701299526
Iteration time (s) = 0.8050494194030762
RESTORATION
**************************************

[FRP] solve 226 of phase 14, thetak=5.229e-03, Delta=5.000e-04

**************************************
Iteration 288:
thetak = 0.005229051873116338
objk = 2.9049724366809566
trustRadius = 0.0005
sampleRadius = 0.0005
stepNorm = 0.23404344626472096
chi = 0.2881089701299526
Iteration time (s) = 0.9125995635986328
RESTORATION
**************************************

[FRP] solve 227 of phase 14, thetak=5.229e-03, Delta=5.000e-04

**************************************
Iteration 289:
thetak = 0.005229051873116338
objk = 2.9049724366809566
trustRadius = 0.0005
sampleRadius = 0.0005
stepNorm = 0.23404344626472096
chi = 0.2881089701299526
Iteration time (s) = 0.9333527088165283
RESTORATION
**************************************

[FRP] solve 228 of phase 14, thetak=5.229e-03, Delta=5.000e-04

**************************************
Iteration 290:
thetak = 0.005229051873116338
objk = 2.9049724366809566
trustRadius = 0.0005
sampleRadius = 0.0005
stepNorm = 0.23404344626472096
chi = 0.2881089701299526
Iteration time (s) = 2.0262672901153564
RESTORATION
**************************************

[FRP] solve 229 of phase 14, thetak=5.229e-03, Delta=5.000e-04

**************************************
Iteration 291:
thetak = 0.005229051873116338
objk = 2.9049724366809566
trustRadius = 0.0005
sampleRadius = 0.0005
stepNorm = 0.23404344626472096
chi = 0.2881089701299526
Iteration time (s) = 1.1427109241485596
RESTORATION
**************************************

[FRP] solve 230 of phase 14, thetak=5.229e-03, Delta=5.000e-04

**************************************
Iteration 292:
thetak = 0.005229051873116338
objk = 2.9049724366809566
trustRadius = 0.0005
sampleRadius = 0.0005
stepNorm = 0.23404344626472096
chi = 0.2881089701299526
Iteration time (s) = 1.1172780990600586
RESTORATION
**************************************

[FRP] solve 231 of phase 14, thetak=5.229e-03, Delta=5.000e-04

**************************************
Iteration 293:
thetak = 0.005229051873116338
objk = 2.9049724366809566
trustRadius = 0.0005
sampleRadius = 0.0005
stepNorm = 0.23404344626472096
chi = 0.2881089701299526
Iteration time (s) = 0.9345455169677734
RESTORATION
**************************************

[FRP] solve 232 of phase 14, thetak=5.229e-03, Delta=5.000e-04

**************************************
Iteration 294:
thetak = 0.005229051873116338
objk = 2.9049724366809566
trustRadius = 0.0005
sampleRadius = 0.0005
stepNorm = 0.23404344626472096
chi = 0.2881089701299526
Iteration time (s) = 0.812265157699585
RESTORATION
**************************************

[FRP] solve 233 of phase 14, thetak=5.229e-03, Delta=5.000e-04

**************************************
Iteration 295:
thetak = 0.005229051873116338
objk = 2.9049724366809566
trustRadius = 0.0005
sampleRadius = 0.0005
stepNorm = 0.23404344626472096
chi = 0.2881089701299526
Iteration time (s) = 1.2211527824401855
RESTORATION
**************************************

[FRP] solve 234 of phase 14, thetak=5.229e-03, Delta=5.000e-04

**************************************
Iteration 296:
thetak = 0.005229051873116338
objk = 2.9049724366809566
trustRadius = 0.0005
sampleRadius = 0.0005
stepNorm = 0.23404344626472096
chi = 0.2881089701299526
Iteration time (s) = 1.296778678894043
RESTORATION
**************************************

[FRP] solve 235 of phase 14, thetak=5.229e-03, Delta=5.000e-04

**************************************
Iteration 297:
thetak = 0.005229051873116338
objk = 2.9049724366809566
trustRadius = 0.0005
sampleRadius = 0.0005
stepNorm = 0.23404344626472096
chi = 0.2881089701299526
Iteration time (s) = 1.0185050964355469
RESTORATION
**************************************

[FRP] solve 236 of phase 14, thetak=5.229e-03, Delta=5.000e-04

**************************************
Iteration 298:
thetak = 0.005229051873116338
objk = 2.9049724366809566
trustRadius = 0.0005
sampleRadius = 0.0005
stepNorm = 0.23404344626472096
chi = 0.2881089701299526
Iteration time (s) = 0.9144396781921387
RESTORATION
**************************************

[FRP] solve 237 of phase 14, thetak=5.229e-03, Delta=5.000e-04

**************************************
Iteration 299:
thetak = 0.005229051873116338
objk = 2.9049724366809566
trustRadius = 0.0005
sampleRadius = 0.0005
stepNorm = 0.23404344626472096
chi = 0.2881089701299526
Iteration time (s) = 0.9169340133666992
RESTORATION
**************************************

[FRP] solve 238 of phase 14, thetak=5.229e-03, Delta=5.000e-04

**************************************
Iteration 300:
thetak = 0.005229051873116338
objk = 2.9049724366809566
trustRadius = 0.0005
sampleRadius = 0.0005
stepNorm = 0.23404344626472096
chi = 0.2881089701299526
Iteration time (s) = 0.9326837062835693
RESTORATION
**************************************

[FRP] solve 239 of phase 14, thetak=5.229e-03, Delta=5.000e-04

**************************************
Iteration 301:
thetak = 0.005229051873116338
objk = 2.9049724366809566
trustRadius = 0.0005
sampleRadius = 0.0005
stepNorm = 0.23404344626472096
chi = 0.2881089701299526
Iteration time (s) = 1.7828407287597656
RESTORATION
**************************************

[FRP] solve 240 of phase 14, thetak=5.229e-03, Delta=5.000e-04

**************************************
Iteration 302:
thetak = 0.005229051873116338
objk = 2.9049724366809566
trustRadius = 0.0005
sampleRadius = 0.0005
stepNorm = 0.23404344626472096
chi = 0.2881089701299526
Iteration time (s) = 0.9193205833435059
RESTORATION
**************************************

[FRP] solve 241 of phase 14, thetak=5.229e-03, Delta=5.000e-04

**************************************
Iteration 303:
thetak = 0.005229051873116338
objk = 2.9049724366809566
trustRadius = 0.0005
sampleRadius = 0.0005
stepNorm = 0.23404344626472096
chi = 0.2881089701299526
Iteration time (s) = 1.0221819877624512
RESTORATION
**************************************

[FRP] solve 242 of phase 14, thetak=5.229e-03, Delta=5.000e-04

**************************************
Iteration 304:
thetak = 0.005229051873116338
objk = 2.9049724366809566
trustRadius = 0.0005
sampleRadius = 0.0005
stepNorm = 0.23404344626472096
chi = 0.2881089701299526
Iteration time (s) = 0.9338364601135254
RESTORATION
**************************************

[FRP] solve 243 of phase 14, thetak=5.229e-03, Delta=5.000e-04

**************************************
Iteration 305:
thetak = 0.005229051873116338
objk = 2.9049724366809566
trustRadius = 0.0005
sampleRadius = 0.0005
stepNorm = 0.23404344626472096
chi = 0.2881089701299526
Iteration time (s) = 0.9481754302978516
RESTORATION
**************************************

[FRP] solve 244 of phase 14, thetak=5.229e-03, Delta=5.000e-04

**************************************
Iteration 306:
thetak = 0.005229051873116338
objk = 2.9049724366809566
trustRadius = 0.0005
sampleRadius = 0.0005
stepNorm = 0.23404344626472096
chi = 0.2881089701299526
Iteration time (s) = 0.9604616165161133
RESTORATION
**************************************

[FRP] solve 245 of phase 14, thetak=5.229e-03, Delta=5.000e-04

**************************************
Iteration 307:
thetak = 0.005229051873116338
objk = 2.9049724366809566
trustRadius = 0.0005
sampleRadius = 0.0005
stepNorm = 0.23404344626472096
chi = 0.2881089701299526
Iteration time (s) = 1.3483529090881348
RESTORATION
**************************************

[FRP] solve 246 of phase 14, thetak=5.229e-03, Delta=5.000e-04

**************************************
Iteration 308:
thetak = 0.005229051873116338
objk = 2.9049724366809566
trustRadius = 0.0005
sampleRadius = 0.0005
stepNorm = 0.23404344626472096
chi = 0.2881089701299526
Iteration time (s) = 0.8004138469696045
RESTORATION
**************************************

[FRP] solve 247 of phase 14, thetak=5.229e-03, Delta=5.000e-04

**************************************
Iteration 309:
thetak = 0.005229051873116338
objk = 2.9049724366809566
trustRadius = 0.0005
sampleRadius = 0.0005
stepNorm = 0.23404344626472096
chi = 0.2881089701299526
Iteration time (s) = 0.8227372169494629
RESTORATION
**************************************

[FRP] solve 248 of phase 14, thetak=5.229e-03, Delta=5.000e-04

**************************************
Iteration 310:
thetak = 0.005229051873116338
objk = 2.9049724366809566
trustRadius = 0.0005
sampleRadius = 0.0005
stepNorm = 0.23404344626472096
chi = 0.2881089701299526
Iteration time (s) = 0.9316678047180176
RESTORATION
**************************************

[FRP] solve 249 of phase 14, thetak=5.229e-03, Delta=5.000e-04

**************************************
Iteration 311:
thetak = 0.005229051873116338
objk = 2.9049724366809566
trustRadius = 0.0005
sampleRadius = 0.0005
stepNorm = 0.23404344626472096
chi = 0.2881089701299526
Iteration time (s) = 0.9203152656555176
RESTORATION
**************************************

[FRP] solve 250 of phase 14, thetak=5.229e-03, Delta=5.000e-04

**************************************
Iteration 312:
thetak = 0.005229051873116338
objk = 2.9049724366809566
trustRadius = 0.0005
sampleRadius = 0.0005
stepNorm = 0.23404344626472096
chi = 0.2881089701299526
Iteration time (s) = 0.952383279800415
RESTORATION
**************************************

[FRP] solve 251 of phase 14, thetak=5.229e-03, Delta=5.000e-04

**************************************
Iteration 313:
thetak = 0.005229051873116338
objk = 2.9049724366809566
trustRadius = 0.0005
sampleRadius = 0.0005
stepNorm = 0.23404344626472096
chi = 0.2881089701299526
Iteration time (s) = 1.1282100677490234
RESTORATION
**************************************

[FRP] solve 252 of phase 14, thetak=5.229e-03, Delta=5.000e-04

**************************************
Iteration 314:
thetak = 0.005229051873116338
objk = 2.9049724366809566
trustRadius = 0.0005
sampleRadius = 0.0005
stepNorm = 0.23404344626472096
chi = 0.2881089701299526
Iteration time (s) = 0.8279621601104736
RESTORATION
**************************************

[FRP] solve 253 of phase 14, thetak=5.229e-03, Delta=5.000e-04

**************************************
Iteration 315:
thetak = 0.005229051873116338
objk = 2.9049724366809566
trustRadius = 0.0005
sampleRadius = 0.0005
stepNorm = 0.23404344626472096
chi = 0.2881089701299526
Iteration time (s) = 1.0104992389678955
RESTORATION
**************************************

[FRP] solve 254 of phase 14, thetak=5.229e-03, Delta=5.000e-04

**************************************
Iteration 316:
thetak = 0.005229051873116338
objk = 2.9049724366809566
trustRadius = 0.0005
sampleRadius = 0.0005
stepNorm = 0.23404344626472096
chi = 0.2881089701299526
Iteration time (s) = 1.331921100616455
RESTORATION
**************************************

[FRP] solve 255 of phase 14, thetak=5.229e-03, Delta=5.000e-04

**************************************
Iteration 317:
thetak = 0.005229051873116338
objk = 2.9049724366809566
trustRadius = 0.0005
sampleRadius = 0.0005
stepNorm = 0.23404344626472096
chi = 0.2881089701299526
Iteration time (s) = 0.9397053718566895
RESTORATION
**************************************

[FRP] solve 256 of phase 14, thetak=5.229e-03, Delta=5.000e-04

**************************************
Iteration 318:
thetak = 0.005229051873116338
objk = 2.9049724366809566
trustRadius = 0.0005
sampleRadius = 0.0005
stepNorm = 0.23404344626472096
chi = 0.2881089701299526
Iteration time (s) = 0.991314172744751
RESTORATION
**************************************

[FRP] solve 257 of phase 14, thetak=5.229e-03, Delta=5.000e-04

**************************************
Iteration 319:
thetak = 0.005229051873116338
objk = 2.9049724366809566
trustRadius = 0.0005
sampleRadius = 0.0005
stepNorm = 0.23404344626472096
chi = 0.2881089701299526
Iteration time (s) = 1.0935919284820557
RESTORATION
**************************************

[FRP] solve 258 of phase 14, thetak=5.229e-03, Delta=5.000e-04

**************************************
Iteration 320:
thetak = 0.005229051873116338
objk = 2.9049724366809566
trustRadius = 0.0005
sampleRadius = 0.0005
stepNorm = 0.23404344626472096
chi = 0.2881089701299526
Iteration time (s) = 1.0182487964630127
RESTORATION
**************************************

[FRP] solve 259 of phase 14, thetak=5.229e-03, Delta=5.000e-04

**************************************
Iteration 321:
thetak = 0.005229051873116338
objk = 2.9049724366809566
trustRadius = 0.0005
sampleRadius = 0.0005
stepNorm = 0.23404344626472096
chi = 0.2881089701299526
Iteration time (s) = 0.910724401473999
RESTORATION
**************************************

[FRP] solve 260 of phase 14, thetak=5.229e-03, Delta=5.000e-04

**************************************
Iteration 322:
thetak = 0.005229051873116338
objk = 2.9049724366809566
trustRadius = 0.0005
sampleRadius = 0.0005
stepNorm = 0.23404344626472096
chi = 0.2881089701299526
Iteration time (s) = 1.1073005199432373
RESTORATION
**************************************

[FRP] solve 261 of phase 14, thetak=5.229e-03, Delta=5.000e-04

**************************************
Iteration 323:
thetak = 0.005229051873116338
objk = 2.9049724366809566
trustRadius = 0.0005
sampleRadius = 0.0005
stepNorm = 0.23404344626472096
chi = 0.2881089701299526
Iteration time (s) = 0.8302221298217773
RESTORATION
**************************************

[FRP] solve 262 of phase 14, thetak=5.229e-03, Delta=5.000e-04

**************************************
Iteration 324:
thetak = 0.005229051873116338
objk = 2.9049724366809566
trustRadius = 0.0005
sampleRadius = 0.0005
stepNorm = 0.23404344626472096
chi = 0.2881089701299526
Iteration time (s) = 0.8226308822631836
RESTORATION
**************************************

[FRP] solve 263 of phase 14, thetak=5.229e-03, Delta=5.000e-04

**************************************
Iteration 325:
thetak = 0.005229051873116338
objk = 2.9049724366809566
trustRadius = 0.0005
sampleRadius = 0.0005
stepNorm = 0.23404344626472096
chi = 0.2881089701299526
Iteration time (s) = 1.0441992282867432
RESTORATION
**************************************

[FRP] solve 264 of phase 14, thetak=5.229e-03, Delta=5.000e-04

**************************************
Iteration 326:
thetak = 0.005229051873116338
objk = 2.9049724366809566
trustRadius = 0.0005
sampleRadius = 0.0005
stepNorm = 0.23404344626472096
chi = 0.2881089701299526
Iteration time (s) = 0.8232603073120117
RESTORATION
**************************************

[FRP] solve 265 of phase 14, thetak=5.229e-03, Delta=5.000e-04

**************************************
Iteration 327:
thetak = 0.005229051873116338
objk = 2.9049724366809566
trustRadius = 0.0005
sampleRadius = 0.0005
stepNorm = 0.23404344626472096
chi = 0.2881089701299526
Iteration time (s) = 0.8262383937835693
RESTORATION
**************************************

[FRP] solve 266 of phase 14, thetak=5.229e-03, Delta=5.000e-04

**************************************
Iteration 328:
thetak = 0.005229051873116338
objk = 2.9049724366809566
trustRadius = 0.0005
sampleRadius = 0.0005
stepNorm = 0.23404344626472096
chi = 0.2881089701299526
Iteration time (s) = 1.0323879718780518
RESTORATION
**************************************

[FRP] solve 267 of phase 14, thetak=5.229e-03, Delta=5.000e-04

**************************************
Iteration 329:
thetak = 0.005229051873116338
objk = 2.9049724366809566
trustRadius = 0.0005
sampleRadius = 0.0005
stepNorm = 0.23404344626472096
chi = 0.2881089701299526
Iteration time (s) = 1.3326187133789062
RESTORATION
**************************************

[FRP] solve 268 of phase 14, thetak=5.229e-03, Delta=5.000e-04

**************************************
Iteration 330:
thetak = 0.005229051873116338
objk = 2.9049724366809566
trustRadius = 0.0005
sampleRadius = 0.0005
stepNorm = 0.23404344626472096
chi = 0.2881089701299526
Iteration time (s) = 1.4298925399780273
RESTORATION
**************************************

[FRP] solve 269 of phase 14, thetak=5.229e-03, Delta=5.000e-04

**************************************
Iteration 331:
thetak = 0.005229051873116338
objk = 2.9049724366809566
trustRadius = 0.0005
sampleRadius = 0.0005
stepNorm = 0.23404344626472096
chi = 0.2881089701299526
Iteration time (s) = 1.0853631496429443
RESTORATION
**************************************

[FRP] solve 270 of phase 14, thetak=5.229e-03, Delta=5.000e-04

**************************************
Iteration 332:
thetak = 0.005229051873116338
objk = 2.9049724366809566
trustRadius = 0.0005
sampleRadius = 0.0005
stepNorm = 0.23404344626472096
chi = 0.2881089701299526
Iteration time (s) = 0.9399893283843994
RESTORATION
**************************************

[FRP] solve 271 of phase 14, thetak=5.229e-03, Delta=5.000e-04

**************************************
Iteration 333:
thetak = 0.005229051873116338
objk = 2.9049724366809566
trustRadius = 0.0005
sampleRadius = 0.0005
stepNorm = 0.23404344626472096
chi = 0.2881089701299526
Iteration time (s) = 0.9265742301940918
RESTORATION
**************************************

[FRP] solve 272 of phase 14, thetak=5.229e-03, Delta=5.000e-04

**************************************
Iteration 334:
thetak = 0.005229051873116338
objk = 2.9049724366809566
trustRadius = 0.0005
sampleRadius = 0.0005
stepNorm = 0.23404344626472096
chi = 0.2881089701299526
Iteration time (s) = 0.9229581356048584
RESTORATION
**************************************

[FRP] solve 273 of phase 14, thetak=5.229e-03, Delta=5.000e-04

**************************************
Iteration 335:
thetak = 0.005229051873116338
objk = 2.9049724366809566
trustRadius = 0.0005
sampleRadius = 0.0005
stepNorm = 0.23404344626472096
chi = 0.2881089701299526
Iteration time (s) = 0.934032678604126
RESTORATION
**************************************

[FRP] solve 274 of phase 14, thetak=5.229e-03, Delta=5.000e-04

**************************************
Iteration 336:
thetak = 0.005229051873116338
objk = 2.9049724366809566
trustRadius = 0.0005
sampleRadius = 0.0005
stepNorm = 0.23404344626472096
chi = 0.2881089701299526
Iteration time (s) = 1.0314579010009766
RESTORATION
**************************************

[FRP] solve 275 of phase 14, thetak=5.229e-03, Delta=5.000e-04

**************************************
Iteration 337:
thetak = 0.005229051873116338
objk = 2.9049724366809566
trustRadius = 0.0005
sampleRadius = 0.0005
stepNorm = 0.23404344626472096
chi = 0.2881089701299526
Iteration time (s) = 1.085005283355713
RESTORATION
**************************************

[FRP] solve 276 of phase 14, thetak=5.229e-03, Delta=5.000e-04

**************************************
Iteration 338:
thetak = 0.005229051873116338
objk = 2.9049724366809566
trustRadius = 0.0005
sampleRadius = 0.0005
stepNorm = 0.23404344626472096
chi = 0.2881089701299526
Iteration time (s) = 0.930516242980957
RESTORATION
**************************************

[FRP] solve 277 of phase 14, thetak=5.229e-03, Delta=5.000e-04

**************************************
Iteration 339:
thetak = 0.005229051873116338
objk = 2.9049724366809566
trustRadius = 0.0005
sampleRadius = 0.0005
stepNorm = 0.23404344626472096
chi = 0.2881089701299526
Iteration time (s) = 0.9317121505737305
RESTORATION
**************************************

[FRP] solve 278 of phase 14, thetak=5.229e-03, Delta=5.000e-04

**************************************
Iteration 340:
thetak = 0.005229051873116338
objk = 2.9049724366809566
trustRadius = 0.0005
sampleRadius = 0.0005
stepNorm = 0.23404344626472096
chi = 0.2881089701299526
Iteration time (s) = 0.9189176559448242
RESTORATION
**************************************

[FRP] solve 279 of phase 14, thetak=5.229e-03, Delta=5.000e-04

**************************************
Iteration 341:
thetak = 0.005229051873116338
objk = 2.9049724366809566
trustRadius = 0.0005
sampleRadius = 0.0005
stepNorm = 0.23404344626472096
chi = 0.2881089701299526
Iteration time (s) = 0.9051074981689453
RESTORATION
**************************************

[FRP] solve 280 of phase 14, thetak=5.229e-03, Delta=5.000e-04

**************************************
Iteration 342:
thetak = 0.005229051873116338
objk = 2.9049724366809566
trustRadius = 0.0005
sampleRadius = 0.0005
stepNorm = 0.23404344626472096
chi = 0.2881089701299526
Iteration time (s) = 0.8574552536010742
RESTORATION
**************************************

[FRP] solve 281 of phase 14, thetak=5.229e-03, Delta=5.000e-04

**************************************
Iteration 343:
thetak = 0.005229051873116338
objk = 2.9049724366809566
trustRadius = 0.0005
sampleRadius = 0.0005
stepNorm = 0.23404344626472096
chi = 0.2881089701299526
Iteration time (s) = 1.0882725715637207
RESTORATION
**************************************

[FRP] solve 282 of phase 14, thetak=5.229e-03, Delta=5.000e-04

**************************************
Iteration 344:
thetak = 0.005229051873116338
objk = 2.9049724366809566
trustRadius = 0.0005
sampleRadius = 0.0005
stepNorm = 0.23404344626472096
chi = 0.2881089701299526
Iteration time (s) = 0.8384928703308105
RESTORATION
**************************************

[FRP] solve 283 of phase 14, thetak=5.229e-03, Delta=5.000e-04

**************************************
Iteration 345:
thetak = 0.005229051873116338
objk = 2.9049724366809566
trustRadius = 0.0005
sampleRadius = 0.0005
stepNorm = 0.23404344626472096
chi = 0.2881089701299526
Iteration time (s) = 0.7803599834442139
RESTORATION
**************************************

[FRP] solve 284 of phase 14, thetak=5.229e-03, Delta=5.000e-04

**************************************
Iteration 346:
thetak = 0.005229051873116338
objk = 2.9049724366809566
trustRadius = 0.0005
sampleRadius = 0.0005
stepNorm = 0.23404344626472096
chi = 0.2881089701299526
Iteration time (s) = 0.9283947944641113
RESTORATION
**************************************

[FRP] solve 285 of phase 14, thetak=5.229e-03, Delta=5.000e-04

**************************************
Iteration 347:
thetak = 0.005229051873116338
objk = 2.9049724366809566
trustRadius = 0.0005
sampleRadius = 0.0005
stepNorm = 0.23404344626472096
chi = 0.2881089701299526
Iteration time (s) = 0.800060510635376
RESTORATION
**************************************

[FRP] solve 286 of phase 14, thetak=5.229e-03, Delta=5.000e-04

**************************************
Iteration 348:
thetak = 0.005229051873116338
objk = 2.9049724366809566
trustRadius = 0.0005
sampleRadius = 0.0005
stepNorm = 0.23404344626472096
chi = 0.2881089701299526
Iteration time (s) = 0.7978935241699219
RESTORATION
**************************************

[FRP] solve 287 of phase 14, thetak=5.229e-03, Delta=5.000e-04

**************************************
Iteration 349:
thetak = 0.005229051873116338
objk = 2.9049724366809566
trustRadius = 0.0005
sampleRadius = 0.0005
stepNorm = 0.23404344626472096
chi = 0.2881089701299526
Iteration time (s) = 1.2321255207061768
RESTORATION
**************************************

[FRP] solve 288 of phase 14, thetak=5.229e-03, Delta=5.000e-04

**************************************
Iteration 350:
thetak = 0.005229051873116338
objk = 2.9049724366809566
trustRadius = 0.0005
sampleRadius = 0.0005
stepNorm = 0.23404344626472096
chi = 0.2881089701299526
Iteration time (s) = 1.0413525104522705
RESTORATION
**************************************

[FRP] solve 289 of phase 14, thetak=5.229e-03, Delta=5.000e-04

**************************************
Iteration 351:
thetak = 0.005229051873116338
objk = 2.9049724366809566
trustRadius = 0.0005
sampleRadius = 0.0005
stepNorm = 0.23404344626472096
chi = 0.2881089701299526
Iteration time (s) = 0.9163060188293457
RESTORATION
**************************************

[FRP] solve 290 of phase 14, thetak=5.229e-03, Delta=5.000e-04

**************************************
Iteration 352:
thetak = 0.005229051873116338
objk = 2.9049724366809566
trustRadius = 0.0005
sampleRadius = 0.0005
stepNorm = 0.23404344626472096
chi = 0.2881089701299526
Iteration time (s) = 0.8031768798828125
RESTORATION
**************************************

[FRP] solve 291 of phase 14, thetak=5.229e-03, Delta=5.000e-04

**************************************
Iteration 353:
thetak = 0.005229051873116338
objk = 2.9049724366809566
trustRadius = 0.0005
sampleRadius = 0.0005
stepNorm = 0.23404344626472096
chi = 0.2881089701299526
Iteration time (s) = 0.7925710678100586
RESTORATION
**************************************

[FRP] solve 292 of phase 14, thetak=5.229e-03, Delta=5.000e-04

**************************************
Iteration 354:
thetak = 0.005229051873116338
objk = 2.9049724366809566
trustRadius = 0.0005
sampleRadius = 0.0005
stepNorm = 0.23404344626472096
chi = 0.2881089701299526
Iteration time (s) = 0.8040323257446289
RESTORATION
**************************************

[FRP] solve 293 of phase 14, thetak=5.229e-03, Delta=5.000e-04

**************************************
Iteration 355:
thetak = 0.005229051873116338
objk = 2.9049724366809566
trustRadius = 0.0005
sampleRadius = 0.0005
stepNorm = 0.23404344626472096
chi = 0.2881089701299526
Iteration time (s) = 0.9764144420623779
RESTORATION
**************************************

[FRP] solve 294 of phase 14, thetak=5.229e-03, Delta=5.000e-04

**************************************
Iteration 356:
thetak = 0.005229051873116338
objk = 2.9049724366809566
trustRadius = 0.0005
sampleRadius = 0.0005
stepNorm = 0.23404344626472096
chi = 0.2881089701299526
Iteration time (s) = 1.0417413711547852
RESTORATION
**************************************

[FRP] solve 295 of phase 14, thetak=5.229e-03, Delta=5.000e-04

**************************************
Iteration 357:
thetak = 0.005229051873116338
objk = 2.9049724366809566
trustRadius = 0.0005
sampleRadius = 0.0005
stepNorm = 0.23404344626472096
chi = 0.2881089701299526
Iteration time (s) = 0.7982931137084961
RESTORATION
**************************************

[FRP] solve 296 of phase 14, thetak=5.229e-03, Delta=5.000e-04

**************************************
Iteration 358:
thetak = 0.005229051873116338
objk = 2.9049724366809566
trustRadius = 0.0005
sampleRadius = 0.0005
stepNorm = 0.23404344626472096
chi = 0.2881089701299526
Iteration time (s) = 0.9191572666168213
RESTORATION
**************************************

[FRP] solve 297 of phase 14, thetak=5.229e-03, Delta=5.000e-04

**************************************
Iteration 359:
thetak = 0.005229051873116338
objk = 2.9049724366809566
trustRadius = 0.0005
sampleRadius = 0.0005
stepNorm = 0.23404344626472096
chi = 0.2881089701299526
Iteration time (s) = 0.8035569190979004
RESTORATION
**************************************

[FRP] solve 298 of phase 14, thetak=5.229e-03, Delta=5.000e-04

**************************************
Iteration 360:
thetak = 0.005229051873116338
objk = 2.9049724366809566
trustRadius = 0.0005
sampleRadius = 0.0005
stepNorm = 0.23404344626472096
chi = 0.2881089701299526
Iteration time (s) = 0.7925772666931152
RESTORATION
**************************************

[FRP] solve 299 of phase 14, thetak=5.229e-03, Delta=5.000e-04

**************************************
Iteration 361:
thetak = 0.005229051873116338
objk = 2.9049724366809566
trustRadius = 0.0005
sampleRadius = 0.0005
stepNorm = 0.23404344626472096
chi = 0.2881089701299526
Iteration time (s) = 0.8018507957458496
RESTORATION
**************************************

[FRP] solve 300 of phase 14, thetak=5.229e-03, Delta=5.000e-04

**************************************
Iteration 362:
thetak = 0.005229051873116338
objk = 2.9049724366809566
trustRadius = 0.0005
sampleRadius = 0.0005
stepNorm = 0.23404344626472096
chi = 0.2881089701299526
Iteration time (s) = 0.9640576839447021
RESTORATION
**************************************

[FRP] solve 301 of phase 14, thetak=5.229e-03, Delta=5.000e-04

**************************************
Iteration 363:
thetak = 0.005229051873116338
objk = 2.9049724366809566
trustRadius = 0.0005
sampleRadius = 0.0005
stepNorm = 0.23404344626472096
chi = 0.2881089701299526
Iteration time (s) = 0.8028051853179932
RESTORATION
**************************************

[FRP] solve 302 of phase 14, thetak=5.229e-03, Delta=5.000e-04

**************************************
Iteration 364:
thetak = 0.005229051873116338
objk = 2.9049724366809566
trustRadius = 0.0005
sampleRadius = 0.0005
stepNorm = 0.23404344626472096
chi = 0.2881089701299526
Iteration time (s) = 0.8136186599731445
RESTORATION
**************************************

[FRP] solve 303 of phase 14, thetak=5.229e-03, Delta=5.000e-04

**************************************
Iteration 365:
thetak = 0.005229051873116338
objk = 2.9049724366809566
trustRadius = 0.0005
sampleRadius = 0.0005
stepNorm = 0.23404344626472096
chi = 0.2881089701299526
Iteration time (s) = 0.9221651554107666
RESTORATION
**************************************

[FRP] solve 304 of phase 14, thetak=5.229e-03, Delta=5.000e-04

**************************************
Iteration 366:
thetak = 0.005229051873116338
objk = 2.9049724366809566
trustRadius = 0.0005
sampleRadius = 0.0005
stepNorm = 0.23404344626472096
chi = 0.2881089701299526
Iteration time (s) = 0.9072997570037842
RESTORATION
**************************************

[FRP] solve 305 of phase 14, thetak=5.229e-03, Delta=5.000e-04

**************************************
Iteration 367:
thetak = 0.005229051873116338
objk = 2.9049724366809566
trustRadius = 0.0005
sampleRadius = 0.0005
stepNorm = 0.23404344626472096
chi = 0.2881089701299526
Iteration time (s) = 0.8278729915618896
RESTORATION
**************************************

[FRP] solve 306 of phase 14, thetak=5.229e-03, Delta=5.000e-04

**************************************
Iteration 368:
thetak = 0.005229051873116338
objk = 2.9049724366809566
trustRadius = 0.0005
sampleRadius = 0.0005
stepNorm = 0.23404344626472096
chi = 0.2881089701299526
Iteration time (s) = 0.7916474342346191
RESTORATION
**************************************

[FRP] solve 307 of phase 14, thetak=5.229e-03, Delta=5.000e-04

**************************************
Iteration 369:
thetak = 0.005229051873116338
objk = 2.9049724366809566
trustRadius = 0.0005
sampleRadius = 0.0005
stepNorm = 0.23404344626472096
chi = 0.2881089701299526
Iteration time (s) = 1.025282621383667
RESTORATION
**************************************

[FRP] solve 308 of phase 14, thetak=5.229e-03, Delta=5.000e-04

**************************************
Iteration 370:
thetak = 0.005229051873116338
objk = 2.9049724366809566
trustRadius = 0.0005
sampleRadius = 0.0005
stepNorm = 0.23404344626472096
chi = 0.2881089701299526
Iteration time (s) = 0.8901927471160889
RESTORATION
**************************************

[FRP] solve 309 of phase 14, thetak=5.229e-03, Delta=5.000e-04

**************************************
Iteration 371:
thetak = 0.005229051873116338
objk = 2.9049724366809566
trustRadius = 0.0005
sampleRadius = 0.0005
stepNorm = 0.23404344626472096
chi = 0.2881089701299526
Iteration time (s) = 0.9203367233276367
RESTORATION
**************************************

[FRP] solve 310 of phase 14, thetak=5.229e-03, Delta=5.000e-04

**************************************
Iteration 372:
thetak = 0.005229051873116338
objk = 2.9049724366809566
trustRadius = 0.0005
sampleRadius = 0.0005
stepNorm = 0.23404344626472096
chi = 0.2881089701299526
Iteration time (s) = 0.802711009979248
RESTORATION
**************************************

[FRP] solve 311 of phase 14, thetak=5.229e-03, Delta=5.000e-04

**************************************
Iteration 373:
thetak = 0.005229051873116338
objk = 2.9049724366809566
trustRadius = 0.0005
sampleRadius = 0.0005
stepNorm = 0.23404344626472096
chi = 0.2881089701299526
Iteration time (s) = 0.8869438171386719
RESTORATION
**************************************

[FRP] solve 312 of phase 14, thetak=5.229e-03, Delta=5.000e-04

**************************************
Iteration 374:
thetak = 0.005229051873116338
objk = 2.9049724366809566
trustRadius = 0.0005
sampleRadius = 0.0005
stepNorm = 0.23404344626472096
chi = 0.2881089701299526
Iteration time (s) = 0.9109964370727539
RESTORATION
**************************************

[FRP] solve 313 of phase 14, thetak=5.229e-03, Delta=5.000e-04

**************************************
Iteration 375:
thetak = 0.005229051873116338
objk = 2.9049724366809566
trustRadius = 0.0005
sampleRadius = 0.0005
stepNorm = 0.23404344626472096
chi = 0.2881089701299526
Iteration time (s) = 0.9610614776611328
RESTORATION
**************************************

[FRP] solve 314 of phase 14, thetak=5.229e-03, Delta=5.000e-04

**************************************
Iteration 376:
thetak = 0.005229051873116338
objk = 2.9049724366809566
trustRadius = 0.0005
sampleRadius = 0.0005
stepNorm = 0.23404344626472096
chi = 0.2881089701299526
Iteration time (s) = 0.8082170486450195
RESTORATION
**************************************

[FRP] solve 315 of phase 14, thetak=5.229e-03, Delta=5.000e-04

**************************************
Iteration 377:
thetak = 0.005229051873116338
objk = 2.9049724366809566
trustRadius = 0.0005
sampleRadius = 0.0005
stepNorm = 0.23404344626472096
chi = 0.2881089701299526
Iteration time (s) = 0.9242088794708252
RESTORATION
**************************************

[FRP] solve 316 of phase 14, thetak=5.229e-03, Delta=5.000e-04

**************************************
Iteration 378:
thetak = 0.005229051873116338
objk = 2.9049724366809566
trustRadius = 0.0005
sampleRadius = 0.0005
stepNorm = 0.23404344626472096
chi = 0.2881089701299526
Iteration time (s) = 0.9078037738800049
RESTORATION
**************************************

[FRP] solve 317 of phase 14, thetak=5.229e-03, Delta=5.000e-04

**************************************
Iteration 379:
thetak = 0.005229051873116338
objk = 2.9049724366809566
trustRadius = 0.0005
sampleRadius = 0.0005
stepNorm = 0.23404344626472096
chi = 0.2881089701299526
Iteration time (s) = 0.7953939437866211
RESTORATION
**************************************

[FRP] solve 318 of phase 14, thetak=5.229e-03, Delta=5.000e-04

**************************************
Iteration 380:
thetak = 0.005229051873116338
objk = 2.9049724366809566
trustRadius = 0.0005
sampleRadius = 0.0005
stepNorm = 0.23404344626472096
chi = 0.2881089701299526
Iteration time (s) = 0.8964300155639648
RESTORATION
**************************************

[FRP] solve 319 of phase 14, thetak=5.229e-03, Delta=5.000e-04

**************************************
Iteration 381:
thetak = 0.005229051873116338
objk = 2.9049724366809566
trustRadius = 0.0005
sampleRadius = 0.0005
stepNorm = 0.23404344626472096
chi = 0.2881089701299526
Iteration time (s) = 0.8299548625946045
RESTORATION
**************************************

[FRP] solve 320 of phase 14, thetak=5.229e-03, Delta=5.000e-04

**************************************
Iteration 382:
thetak = 0.005229051873116338
objk = 2.9049724366809566
trustRadius = 0.0005
sampleRadius = 0.0005
stepNorm = 0.23404344626472096
chi = 0.2881089701299526
Iteration time (s) = 0.8100619316101074
RESTORATION
**************************************

[FRP] solve 321 of phase 14, thetak=5.229e-03, Delta=5.000e-04

**************************************
Iteration 383:
thetak = 0.005229051873116338
objk = 2.9049724366809566
trustRadius = 0.0005
sampleRadius = 0.0005
stepNorm = 0.23404344626472096
chi = 0.2881089701299526
Iteration time (s) = 0.9197354316711426
RESTORATION
**************************************

[FRP] solve 322 of phase 14, thetak=5.229e-03, Delta=5.000e-04

**************************************
Iteration 384:
thetak = 0.005229051873116338
objk = 2.9049724366809566
trustRadius = 0.0005
sampleRadius = 0.0005
stepNorm = 0.23404344626472096
chi = 0.2881089701299526
Iteration time (s) = 0.9129366874694824
RESTORATION
**************************************

[FRP] solve 323 of phase 14, thetak=5.229e-03, Delta=5.000e-04

**************************************
Iteration 385:
thetak = 0.005229051873116338
objk = 2.9049724366809566
trustRadius = 0.0005
sampleRadius = 0.0005
stepNorm = 0.23404344626472096
chi = 0.2881089701299526
Iteration time (s) = 0.9402532577514648
RESTORATION
**************************************

[FRP] solve 324 of phase 14, thetak=5.229e-03, Delta=5.000e-04

**************************************
Iteration 386:
thetak = 0.005229051873116338
objk = 2.9049724366809566
trustRadius = 0.0005
sampleRadius = 0.0005
stepNorm = 0.23404344626472096
chi = 0.2881089701299526
Iteration time (s) = 0.9251854419708252
RESTORATION
**************************************

[FRP] solve 325 of phase 14, thetak=5.229e-03, Delta=5.000e-04

**************************************
Iteration 387:
thetak = 0.005229051873116338
objk = 2.9049724366809566
trustRadius = 0.0005
sampleRadius = 0.0005
stepNorm = 0.23404344626472096
chi = 0.2881089701299526
Iteration time (s) = 0.8087491989135742
RESTORATION
**************************************

[FRP] solve 326 of phase 14, thetak=5.229e-03, Delta=5.000e-04

**************************************
Iteration 388:
thetak = 0.005229051873116338
objk = 2.9049724366809566
trustRadius = 0.0005
sampleRadius = 0.0005
stepNorm = 0.23404344626472096
chi = 0.2881089701299526
Iteration time (s) = 1.0373246669769287
RESTORATION
**************************************

[FRP] solve 327 of phase 14, thetak=5.229e-03, Delta=5.000e-04

**************************************
Iteration 389:
thetak = 0.005229051873116338
objk = 2.9049724366809566
trustRadius = 0.0005
sampleRadius = 0.0005
stepNorm = 0.23404344626472096
chi = 0.2881089701299526
Iteration time (s) = 0.9019505977630615
RESTORATION
**************************************

[FRP] solve 328 of phase 14, thetak=5.229e-03, Delta=5.000e-04

**************************************
Iteration 390:
thetak = 0.005229051873116338
objk = 2.9049724366809566
trustRadius = 0.0005
sampleRadius = 0.0005
stepNorm = 0.23404344626472096
chi = 0.2881089701299526
Iteration time (s) = 0.8022496700286865
RESTORATION
**************************************

[FRP] solve 329 of phase 14, thetak=5.229e-03, Delta=5.000e-04

**************************************
Iteration 391:
thetak = 0.005229051873116338
objk = 2.9049724366809566
trustRadius = 0.0005
sampleRadius = 0.0005
stepNorm = 0.23404344626472096
chi = 0.2881089701299526
Iteration time (s) = 0.9231479167938232
RESTORATION
**************************************

[FRP] solve 330 of phase 14, thetak=5.229e-03, Delta=5.000e-04

**************************************
Iteration 392:
thetak = 0.005229051873116338
objk = 2.9049724366809566
trustRadius = 0.0005
sampleRadius = 0.0005
stepNorm = 0.23404344626472096
chi = 0.2881089701299526
Iteration time (s) = 0.9127044677734375
RESTORATION
**************************************

[FRP] solve 331 of phase 14, thetak=5.229e-03, Delta=5.000e-04

**************************************
Iteration 393:
thetak = 0.005229051873116338
objk = 2.9049724366809566
trustRadius = 0.0005
sampleRadius = 0.0005
stepNorm = 0.23404344626472096
chi = 0.2881089701299526
Iteration time (s) = 0.7900097370147705
RESTORATION
**************************************

[FRP] solve 332 of phase 14, thetak=5.229e-03, Delta=5.000e-04

**************************************
Iteration 394:
thetak = 0.005229051873116338
objk = 2.9049724366809566
trustRadius = 0.0005
sampleRadius = 0.0005
stepNorm = 0.23404344626472096
chi = 0.2881089701299526
Iteration time (s) = 1.0413589477539062
RESTORATION
**************************************

[FRP] solve 333 of phase 14, thetak=5.229e-03, Delta=5.000e-04

**************************************
Iteration 395:
thetak = 0.005229051873116338
objk = 2.9049724366809566
trustRadius = 0.0005
sampleRadius = 0.0005
stepNorm = 0.23404344626472096
chi = 0.2881089701299526
Iteration time (s) = 0.9362168312072754
RESTORATION
**************************************

[FRP] solve 334 of phase 14, thetak=5.229e-03, Delta=5.000e-04

**************************************
Iteration 396:
thetak = 0.005229051873116338
objk = 2.9049724366809566
trustRadius = 0.0005
sampleRadius = 0.0005
stepNorm = 0.23404344626472096
chi = 0.2881089701299526
Iteration time (s) = 0.8017482757568359
RESTORATION
**************************************

[FRP] solve 335 of phase 14, thetak=5.229e-03, Delta=5.000e-04

**************************************
Iteration 397:
thetak = 0.005229051873116338
objk = 2.9049724366809566
trustRadius = 0.0005
sampleRadius = 0.0005
stepNorm = 0.23404344626472096
chi = 0.2881089701299526
Iteration time (s) = 0.8990530967712402
RESTORATION
**************************************

[FRP] solve 336 of phase 14, thetak=5.229e-03, Delta=5.000e-04

**************************************
Iteration 398:
thetak = 0.005229051873116338
objk = 2.9049724366809566
trustRadius = 0.0005
sampleRadius = 0.0005
stepNorm = 0.23404344626472096
chi = 0.2881089701299526
Iteration time (s) = 0.8961787223815918
RESTORATION
**************************************

[FRP] solve 337 of phase 14, thetak=5.229e-03, Delta=5.000e-04

**************************************
Iteration 399:
thetak = 0.005229051873116338
objk = 2.9049724366809566
trustRadius = 0.0005
sampleRadius = 0.0005
stepNorm = 0.23404344626472096
chi = 0.2881089701299526
Iteration time (s) = 0.7790744304656982
RESTORATION
**************************************

[FRP] solve 338 of phase 14, thetak=5.229e-03, Delta=5.000e-04

**************************************
Iteration 400:
thetak = 0.005229051873116338
objk = 2.9049724366809566
trustRadius = 0.0005
sampleRadius = 0.0005
stepNorm = 0.23404344626472096
chi = 0.2881089701299526
Iteration time (s) = 0.9326293468475342
RESTORATION
**************************************

[FRP] solve 339 of phase 14, thetak=5.229e-03, Delta=5.000e-04

**************************************
Iteration 401:
thetak = 0.005229051873116338
objk = 2.9049724366809566
trustRadius = 0.0005
sampleRadius = 0.0005
stepNorm = 0.23404344626472096
chi = 0.2881089701299526
Iteration time (s) = 1.0607750415802002
RESTORATION
**************************************

[FRP] solve 340 of phase 14, thetak=5.229e-03, Delta=5.000e-04

**************************************
Iteration 402:
thetak = 0.005229051873116338
objk = 2.9049724366809566
trustRadius = 0.0005
sampleRadius = 0.0005
stepNorm = 0.23404344626472096
chi = 0.2881089701299526
Iteration time (s) = 0.8065962791442871
RESTORATION
**************************************

[FRP] solve 341 of phase 14, thetak=5.229e-03, Delta=5.000e-04

**************************************
Iteration 403:
thetak = 0.005229051873116338
objk = 2.9049724366809566
trustRadius = 0.0005
sampleRadius = 0.0005
stepNorm = 0.23404344626472096
chi = 0.2881089701299526
Iteration time (s) = 0.8009419441223145
RESTORATION
**************************************

[FRP] solve 342 of phase 14, thetak=5.229e-03, Delta=5.000e-04

**************************************
Iteration 404:
thetak = 0.005229051873116338
objk = 2.9049724366809566
trustRadius = 0.0005
sampleRadius = 0.0005
stepNorm = 0.23404344626472096
chi = 0.2881089701299526
Iteration time (s) = 0.8062834739685059
RESTORATION
**************************************

[FRP] solve 343 of phase 14, thetak=5.229e-03, Delta=5.000e-04

**************************************
Iteration 405:
thetak = 0.005229051873116338
objk = 2.9049724366809566
trustRadius = 0.0005
sampleRadius = 0.0005
stepNorm = 0.23404344626472096
chi = 0.2881089701299526
Iteration time (s) = 0.8100581169128418
RESTORATION
**************************************

[FRP] solve 344 of phase 14, thetak=5.229e-03, Delta=5.000e-04

**************************************
Iteration 406:
thetak = 0.005229051873116338
objk = 2.9049724366809566
trustRadius = 0.0005
sampleRadius = 0.0005
stepNorm = 0.23404344626472096
chi = 0.2881089701299526
Iteration time (s) = 0.7911744117736816
RESTORATION
**************************************

[FRP] solve 345 of phase 14, thetak=5.229e-03, Delta=5.000e-04

**************************************
Iteration 407:
thetak = 0.005229051873116338
objk = 2.9049724366809566
trustRadius = 0.0005
sampleRadius = 0.0005
stepNorm = 0.23404344626472096
chi = 0.2881089701299526
Iteration time (s) = 0.8326191902160645
RESTORATION
**************************************

[FRP] solve 346 of phase 14, thetak=5.229e-03, Delta=5.000e-04

**************************************
Iteration 408:
thetak = 0.005229051873116338
objk = 2.9049724366809566
trustRadius = 0.0005
sampleRadius = 0.0005
stepNorm = 0.23404344626472096
chi = 0.2881089701299526
Iteration time (s) = 0.9633848667144775
RESTORATION
**************************************

[FRP] solve 347 of phase 14, thetak=5.229e-03, Delta=5.000e-04

**************************************
Iteration 409:
thetak = 0.005229051873116338
objk = 2.9049724366809566
trustRadius = 0.0005
sampleRadius = 0.0005
stepNorm = 0.23404344626472096
chi = 0.2881089701299526
Iteration time (s) = 0.7802519798278809
RESTORATION
**************************************

[FRP] solve 348 of phase 14, thetak=5.229e-03, Delta=5.000e-04

**************************************
Iteration 410:
thetak = 0.005229051873116338
objk = 2.9049724366809566
trustRadius = 0.0005
sampleRadius = 0.0005
stepNorm = 0.23404344626472096
chi = 0.2881089701299526
Iteration time (s) = 0.823326826095581
RESTORATION
**************************************

[FRP] solve 349 of phase 14, thetak=5.229e-03, Delta=5.000e-04

**************************************
Iteration 411:
thetak = 0.005229051873116338
objk = 2.9049724366809566
trustRadius = 0.0005
sampleRadius = 0.0005
stepNorm = 0.23404344626472096
chi = 0.2881089701299526
Iteration time (s) = 0.801293134689331
RESTORATION
**************************************

[FRP] solve 350 of phase 14, thetak=5.229e-03, Delta=5.000e-04

**************************************
Iteration 412:
thetak = 0.005229051873116338
objk = 2.9049724366809566
trustRadius = 0.0005
sampleRadius = 0.0005
stepNorm = 0.23404344626472096
chi = 0.2881089701299526
Iteration time (s) = 0.7934238910675049
RESTORATION
**************************************

[FRP] solve 351 of phase 14, thetak=5.229e-03, Delta=5.000e-04

**************************************
Iteration 413:
thetak = 0.005229051873116338
objk = 2.9049724366809566
trustRadius = 0.0005
sampleRadius = 0.0005
stepNorm = 0.23404344626472096
chi = 0.2881089701299526
Iteration time (s) = 0.9186508655548096
RESTORATION
**************************************

[FRP] solve 352 of phase 14, thetak=5.229e-03, Delta=5.000e-04

**************************************
Iteration 414:
thetak = 0.005229051873116338
objk = 2.9049724366809566
trustRadius = 0.0005
sampleRadius = 0.0005
stepNorm = 0.23404344626472096
chi = 0.2881089701299526
Iteration time (s) = 0.9557397365570068
RESTORATION
**************************************

[FRP] solve 353 of phase 14, thetak=5.229e-03, Delta=5.000e-04

**************************************
Iteration 415:
thetak = 0.005229051873116338
objk = 2.9049724366809566
trustRadius = 0.0005
sampleRadius = 0.0005
stepNorm = 0.23404344626472096
chi = 0.2881089701299526
Iteration time (s) = 0.8404293060302734
RESTORATION
**************************************

[FRP] solve 354 of phase 14, thetak=5.229e-03, Delta=5.000e-04

**************************************
Iteration 416:
thetak = 0.005229051873116338
objk = 2.9049724366809566
trustRadius = 0.0005
sampleRadius = 0.0005
stepNorm = 0.23404344626472096
chi = 0.2881089701299526
Iteration time (s) = 0.9167575836181641
RESTORATION
**************************************

[FRP] solve 355 of phase 14, thetak=5.229e-03, Delta=5.000e-04

**************************************
Iteration 417:
thetak = 0.005229051873116338
objk = 2.9049724366809566
trustRadius = 0.0005
sampleRadius = 0.0005
stepNorm = 0.23404344626472096
chi = 0.2881089701299526
Iteration time (s) = 0.8937828540802002
RESTORATION
**************************************

[FRP] solve 356 of phase 14, thetak=5.229e-03, Delta=5.000e-04

**************************************
Iteration 418:
thetak = 0.005229051873116338
objk = 2.9049724366809566
trustRadius = 0.0005
sampleRadius = 0.0005
stepNorm = 0.23404344626472096
chi = 0.2881089701299526
Iteration time (s) = 0.9223146438598633
RESTORATION
**************************************

[FRP] solve 357 of phase 14, thetak=5.229e-03, Delta=5.000e-04

**************************************
Iteration 419:
thetak = 0.005229051873116338
objk = 2.9049724366809566
trustRadius = 0.0005
sampleRadius = 0.0005
stepNorm = 0.23404344626472096
chi = 0.2881089701299526
Iteration time (s) = 1.0111382007598877
RESTORATION
**************************************

[FRP] solve 358 of phase 14, thetak=5.229e-03, Delta=5.000e-04

**************************************
Iteration 420:
thetak = 0.005229051873116338
objk = 2.9049724366809566
trustRadius = 0.0005
sampleRadius = 0.0005
stepNorm = 0.23404344626472096
chi = 0.2881089701299526
Iteration time (s) = 0.9596278667449951
RESTORATION
**************************************

[FRP] solve 359 of phase 14, thetak=5.229e-03, Delta=5.000e-04

**************************************
Iteration 421:
thetak = 0.005229051873116338
objk = 2.9049724366809566
trustRadius = 0.0005
sampleRadius = 0.0005
stepNorm = 0.23404344626472096
chi = 0.2881089701299526
Iteration time (s) = 1.1606485843658447
RESTORATION
**************************************

[FRP] solve 360 of phase 14, thetak=5.229e-03, Delta=5.000e-04

**************************************
Iteration 422:
thetak = 0.005229051873116338
objk = 2.9049724366809566
trustRadius = 0.0005
sampleRadius = 0.0005
stepNorm = 0.23404344626472096
chi = 0.2881089701299526
Iteration time (s) = 0.9170734882354736
RESTORATION
**************************************

[FRP] solve 361 of phase 14, thetak=5.229e-03, Delta=5.000e-04

**************************************
Iteration 423:
thetak = 0.005229051873116338
objk = 2.9049724366809566
trustRadius = 0.0005
sampleRadius = 0.0005
stepNorm = 0.23404344626472096
chi = 0.2881089701299526
Iteration time (s) = 0.9346864223480225
RESTORATION
**************************************

[FRP] solve 362 of phase 14, thetak=5.229e-03, Delta=5.000e-04

**************************************
Iteration 424:
thetak = 0.005229051873116338
objk = 2.9049724366809566
trustRadius = 0.0005
sampleRadius = 0.0005
stepNorm = 0.23404344626472096
chi = 0.2881089701299526
Iteration time (s) = 0.92462158203125
RESTORATION
**************************************

[FRP] solve 363 of phase 14, thetak=5.229e-03, Delta=5.000e-04

**************************************
Iteration 425:
thetak = 0.005229051873116338
objk = 2.9049724366809566
trustRadius = 0.0005
sampleRadius = 0.0005
stepNorm = 0.23404344626472096
chi = 0.2881089701299526
Iteration time (s) = 0.9150810241699219
RESTORATION
**************************************

[FRP] solve 364 of phase 14, thetak=5.229e-03, Delta=5.000e-04

**************************************
Iteration 426:
thetak = 0.005229051873116338
objk = 2.9049724366809566
trustRadius = 0.0005
sampleRadius = 0.0005
stepNorm = 0.23404344626472096
chi = 0.2881089701299526
Iteration time (s) = 0.9297032356262207
RESTORATION
**************************************

[FRP] solve 365 of phase 14, thetak=5.229e-03, Delta=5.000e-04

**************************************
Iteration 427:
thetak = 0.005229051873116338
objk = 2.9049724366809566
trustRadius = 0.0005
sampleRadius = 0.0005
stepNorm = 0.23404344626472096
chi = 0.2881089701299526
Iteration time (s) = 1.2934045791625977
RESTORATION
**************************************

[FRP] solve 366 of phase 14, thetak=5.229e-03, Delta=5.000e-04

**************************************
Iteration 428:
thetak = 0.005229051873116338
objk = 2.9049724366809566
trustRadius = 0.0005
sampleRadius = 0.0005
stepNorm = 0.23404344626472096
chi = 0.2881089701299526
Iteration time (s) = 0.928591251373291
RESTORATION
**************************************

[FRP] solve 367 of phase 14, thetak=5.229e-03, Delta=5.000e-04

**************************************
Iteration 429:
thetak = 0.005229051873116338
objk = 2.9049724366809566
trustRadius = 0.0005
sampleRadius = 0.0005
stepNorm = 0.23404344626472096
chi = 0.2881089701299526
Iteration time (s) = 1.0217511653900146
RESTORATION
**************************************

[FRP] solve 368 of phase 14, thetak=5.229e-03, Delta=5.000e-04

**************************************
Iteration 430:
thetak = 0.005229051873116338
objk = 2.9049724366809566
trustRadius = 0.0005
sampleRadius = 0.0005
stepNorm = 0.23404344626472096
chi = 0.2881089701299526
Iteration time (s) = 0.9627532958984375
RESTORATION
**************************************

[FRP] solve 369 of phase 14, thetak=5.229e-03, Delta=5.000e-04

**************************************
Iteration 431:
thetak = 0.005229051873116338
objk = 2.9049724366809566
trustRadius = 0.0005
sampleRadius = 0.0005
stepNorm = 0.23404344626472096
chi = 0.2881089701299526
Iteration time (s) = 0.9328722953796387
RESTORATION
**************************************

[FRP] solve 370 of phase 14, thetak=5.229e-03, Delta=5.000e-04

**************************************
Iteration 432:
thetak = 0.005229051873116338
objk = 2.9049724366809566
trustRadius = 0.0005
sampleRadius = 0.0005
stepNorm = 0.23404344626472096
chi = 0.2881089701299526
Iteration time (s) = 0.9341816902160645
RESTORATION
**************************************

[FRP] solve 371 of phase 14, thetak=5.229e-03, Delta=5.000e-04

**************************************
Iteration 433:
thetak = 0.005229051873116338
objk = 2.9049724366809566
trustRadius = 0.0005
sampleRadius = 0.0005
stepNorm = 0.23404344626472096
chi = 0.2881089701299526
Iteration time (s) = 1.2703206539154053
RESTORATION
**************************************

[FRP] solve 372 of phase 14, thetak=5.229e-03, Delta=5.000e-04

**************************************
Iteration 434:
thetak = 0.005229051873116338
objk = 2.9049724366809566
trustRadius = 0.0005
sampleRadius = 0.0005
stepNorm = 0.23404344626472096
chi = 0.2881089701299526
Iteration time (s) = 0.9396781921386719
RESTORATION
**************************************

[FRP] solve 373 of phase 14, thetak=5.229e-03, Delta=5.000e-04

**************************************
Iteration 435:
thetak = 0.005229051873116338
objk = 2.9049724366809566
trustRadius = 0.0005
sampleRadius = 0.0005
stepNorm = 0.23404344626472096
chi = 0.2881089701299526
Iteration time (s) = 0.9328587055206299
RESTORATION
**************************************

[FRP] solve 374 of phase 14, thetak=5.229e-03, Delta=5.000e-04

**************************************
Iteration 436:
thetak = 0.005229051873116338
objk = 2.9049724366809566
trustRadius = 0.0005
sampleRadius = 0.0005
stepNorm = 0.23404344626472096
chi = 0.2881089701299526
Iteration time (s) = 1.0739333629608154
RESTORATION
**************************************

[FRP] solve 375 of phase 14, thetak=5.229e-03, Delta=5.000e-04

**************************************
Iteration 437:
thetak = 0.005229051873116338
objk = 2.9049724366809566
trustRadius = 0.0005
sampleRadius = 0.0005
stepNorm = 0.23404344626472096
chi = 0.2881089701299526
Iteration time (s) = 0.9304854869842529
RESTORATION
**************************************

[FRP] solve 376 of phase 14, thetak=5.229e-03, Delta=5.000e-04

**************************************
Iteration 438:
thetak = 0.005229051873116338
objk = 2.9049724366809566
trustRadius = 0.0005
sampleRadius = 0.0005
stepNorm = 0.23404344626472096
chi = 0.2881089701299526
Iteration time (s) = 0.8186435699462891
RESTORATION
**************************************

[FRP] solve 377 of phase 14, thetak=5.229e-03, Delta=5.000e-04

**************************************
Iteration 439:
thetak = 0.005229051873116338
objk = 2.9049724366809566
trustRadius = 0.0005
sampleRadius = 0.0005
stepNorm = 0.23404344626472096
chi = 0.2881089701299526
Iteration time (s) = 1.0835745334625244
RESTORATION
**************************************

[FRP] solve 378 of phase 14, thetak=5.229e-03, Delta=5.000e-04

**************************************
Iteration 440:
thetak = 0.005229051873116338
objk = 2.9049724366809566
trustRadius = 0.0005
sampleRadius = 0.0005
stepNorm = 0.23404344626472096
chi = 0.2881089701299526
Iteration time (s) = 0.803901195526123
RESTORATION
**************************************

[FRP] solve 379 of phase 14, thetak=5.229e-03, Delta=5.000e-04

**************************************
Iteration 441:
thetak = 0.005229051873116338
objk = 2.9049724366809566
trustRadius = 0.0005
sampleRadius = 0.0005
stepNorm = 0.23404344626472096
chi = 0.2881089701299526
Iteration time (s) = 0.8076212406158447
RESTORATION
**************************************

[FRP] solve 380 of phase 14, thetak=5.229e-03, Delta=5.000e-04

**************************************
Iteration 442:
thetak = 0.005229051873116338
objk = 2.9049724366809566
trustRadius = 0.0005
sampleRadius = 0.0005
stepNorm = 0.23404344626472096
chi = 0.2881089701299526
Iteration time (s) = 0.7857091426849365
RESTORATION
**************************************

[FRP] solve 381 of phase 14, thetak=5.229e-03, Delta=5.000e-04

**************************************
Iteration 443:
thetak = 0.005229051873116338
objk = 2.9049724366809566
trustRadius = 0.0005
sampleRadius = 0.0005
stepNorm = 0.23404344626472096
chi = 0.2881089701299526
Iteration time (s) = 0.7933876514434814
RESTORATION
**************************************

[FRP] solve 382 of phase 14, thetak=5.229e-03, Delta=5.000e-04

**************************************
Iteration 444:
thetak = 0.005229051873116338
objk = 2.9049724366809566
trustRadius = 0.0005
sampleRadius = 0.0005
stepNorm = 0.23404344626472096
chi = 0.2881089701299526
Iteration time (s) = 0.9399046897888184
RESTORATION
**************************************

[FRP] solve 383 of phase 14, thetak=5.229e-03, Delta=5.000e-04

**************************************
Iteration 445:
thetak = 0.005229051873116338
objk = 2.9049724366809566
trustRadius = 0.0005
sampleRadius = 0.0005
stepNorm = 0.23404344626472096
chi = 0.2881089701299526
Iteration time (s) = 0.9980573654174805
RESTORATION
**************************************

[FRP] solve 384 of phase 14, thetak=5.229e-03, Delta=5.000e-04

**************************************
Iteration 446:
thetak = 0.005229051873116338
objk = 2.9049724366809566
trustRadius = 0.0005
sampleRadius = 0.0005
stepNorm = 0.23404344626472096
chi = 0.2881089701299526
Iteration time (s) = 0.9113163948059082
RESTORATION
**************************************

[FRP] solve 385 of phase 14, thetak=5.229e-03, Delta=5.000e-04

**************************************
Iteration 447:
thetak = 0.005229051873116338
objk = 2.9049724366809566
trustRadius = 0.0005
sampleRadius = 0.0005
stepNorm = 0.23404344626472096
chi = 0.2881089701299526
Iteration time (s) = 0.943976640701294
RESTORATION
**************************************

[FRP] solve 386 of phase 14, thetak=5.229e-03, Delta=5.000e-04

**************************************
Iteration 448:
thetak = 0.005229051873116338
objk = 2.9049724366809566
trustRadius = 0.0005
sampleRadius = 0.0005
stepNorm = 0.23404344626472096
chi = 0.2881089701299526
Iteration time (s) = 0.8057718276977539
RESTORATION
**************************************

[FRP] solve 387 of phase 14, thetak=5.229e-03, Delta=5.000e-04

**************************************
Iteration 449:
thetak = 0.005229051873116338
objk = 2.9049724366809566
trustRadius = 0.0005
sampleRadius = 0.0005
stepNorm = 0.23404344626472096
chi = 0.2881089701299526
Iteration time (s) = 0.822930097579956
RESTORATION
**************************************

[FRP] solve 388 of phase 14, thetak=5.229e-03, Delta=5.000e-04

**************************************
Iteration 450:
thetak = 0.005229051873116338
objk = 2.9049724366809566
trustRadius = 0.0005
sampleRadius = 0.0005
stepNorm = 0.23404344626472096
chi = 0.2881089701299526
Iteration time (s) = 0.8017477989196777
RESTORATION
**************************************

[FRP] solve 389 of phase 14, thetak=5.229e-03, Delta=5.000e-04

**************************************
Iteration 451:
thetak = 0.005229051873116338
objk = 2.9049724366809566
trustRadius = 0.0005
sampleRadius = 0.0005
stepNorm = 0.23404344626472096
chi = 0.2881089701299526
Iteration time (s) = 0.9423606395721436
RESTORATION
**************************************

[FRP] solve 390 of phase 14, thetak=5.229e-03, Delta=5.000e-04

**************************************
Iteration 452:
thetak = 0.005229051873116338
objk = 2.9049724366809566
trustRadius = 0.0005
sampleRadius = 0.0005
stepNorm = 0.23404344626472096
chi = 0.2881089701299526
Iteration time (s) = 0.9721400737762451
RESTORATION
**************************************

[FRP] solve 391 of phase 14, thetak=5.229e-03, Delta=5.000e-04

**************************************
Iteration 453:
thetak = 0.005229051873116338
objk = 2.9049724366809566
trustRadius = 0.0005
sampleRadius = 0.0005
stepNorm = 0.23404344626472096
chi = 0.2881089701299526
Iteration time (s) = 0.7928531169891357
RESTORATION
**************************************

[FRP] solve 392 of phase 14, thetak=5.229e-03, Delta=5.000e-04

**************************************
Iteration 454:
thetak = 0.005229051873116338
objk = 2.9049724366809566
trustRadius = 0.0005
sampleRadius = 0.0005
stepNorm = 0.23404344626472096
chi = 0.2881089701299526
Iteration time (s) = 0.8219418525695801
RESTORATION
**************************************

[FRP] solve 393 of phase 14, thetak=5.229e-03, Delta=5.000e-04

**************************************
Iteration 455:
thetak = 0.005229051873116338
objk = 2.9049724366809566
trustRadius = 0.0005
sampleRadius = 0.0005
stepNorm = 0.23404344626472096
chi = 0.2881089701299526
Iteration time (s) = 0.8223581314086914
RESTORATION
**************************************

[FRP] solve 394 of phase 14, thetak=5.229e-03, Delta=5.000e-04

**************************************
Iteration 456:
thetak = 0.005229051873116338
objk = 2.9049724366809566
trustRadius = 0.0005
sampleRadius = 0.0005
stepNorm = 0.23404344626472096
chi = 0.2881089701299526
Iteration time (s) = 0.7807767391204834
RESTORATION
**************************************

[FRP] solve 395 of phase 14, thetak=5.229e-03, Delta=5.000e-04

**************************************
Iteration 457:
thetak = 0.005229051873116338
objk = 2.9049724366809566
trustRadius = 0.0005
sampleRadius = 0.0005
stepNorm = 0.23404344626472096
chi = 0.2881089701299526
Iteration time (s) = 0.9223835468292236
RESTORATION
**************************************

[FRP] solve 396 of phase 14, thetak=5.229e-03, Delta=5.000e-04

**************************************
Iteration 458:
thetak = 0.005229051873116338
objk = 2.9049724366809566
trustRadius = 0.0005
sampleRadius = 0.0005
stepNorm = 0.23404344626472096
chi = 0.2881089701299526
Iteration time (s) = 0.81581711769104
RESTORATION
**************************************

[FRP] solve 397 of phase 14, thetak=5.229e-03, Delta=5.000e-04

**************************************
Iteration 459:
thetak = 0.005229051873116338
objk = 2.9049724366809566
trustRadius = 0.0005
sampleRadius = 0.0005
stepNorm = 0.23404344626472096
chi = 0.2881089701299526
Iteration time (s) = 0.8309085369110107
RESTORATION
**************************************

[FRP] solve 398 of phase 14, thetak=5.229e-03, Delta=5.000e-04

**************************************
Iteration 460:
thetak = 0.005229051873116338
objk = 2.9049724366809566
trustRadius = 0.0005
sampleRadius = 0.0005
stepNorm = 0.23404344626472096
chi = 0.2881089701299526
Iteration time (s) = 0.797752857208252
RESTORATION
**************************************

[FRP] solve 399 of phase 14, thetak=5.229e-03, Delta=5.000e-04

**************************************
Iteration 461:
thetak = 0.005229051873116338
objk = 2.9049724366809566
trustRadius = 0.0005
sampleRadius = 0.0005
stepNorm = 0.23404344626472096
chi = 0.2881089701299526
Iteration time (s) = 0.9065420627593994
RESTORATION
**************************************

[FRP] solve 400 of phase 14, thetak=5.229e-03, Delta=5.000e-04

**************************************
Iteration 462:
thetak = 0.005229051873116338
objk = 2.9049724366809566
trustRadius = 0.0005
sampleRadius = 0.0005
stepNorm = 0.23404344626472096
chi = 0.2881089701299526
Iteration time (s) = 0.7820932865142822
RESTORATION
**************************************

[FRP] solve 401 of phase 14, thetak=5.229e-03, Delta=5.000e-04

**************************************
Iteration 463:
thetak = 0.005229051873116338
objk = 2.9049724366809566
trustRadius = 0.0005
sampleRadius = 0.0005
stepNorm = 0.23404344626472096
chi = 0.2881089701299526
Iteration time (s) = 0.8154261112213135
RESTORATION
**************************************

[FRP] solve 402 of phase 14, thetak=5.229e-03, Delta=5.000e-04

**************************************
Iteration 464:
thetak = 0.005229051873116338
objk = 2.9049724366809566
trustRadius = 0.0005
sampleRadius = 0.0005
stepNorm = 0.23404344626472096
chi = 0.2881089701299526
Iteration time (s) = 1.668260097503662
RESTORATION
**************************************

[FRP] solve 403 of phase 14, thetak=5.229e-03, Delta=5.000e-04

**************************************
Iteration 465:
thetak = 0.005229051873116338
objk = 2.9049724366809566
trustRadius = 0.0005
sampleRadius = 0.0005
stepNorm = 0.23404344626472096
chi = 0.2881089701299526
Iteration time (s) = 1.1202898025512695
RESTORATION
**************************************

[FRP] solve 404 of phase 14, thetak=5.229e-03, Delta=5.000e-04

**************************************
Iteration 466:
thetak = 0.005229051873116338
objk = 2.9049724366809566
trustRadius = 0.0005
sampleRadius = 0.0005
stepNorm = 0.23404344626472096
chi = 0.2881089701299526
Iteration time (s) = 0.961040735244751
RESTORATION
**************************************

[FRP] solve 405 of phase 14, thetak=5.229e-03, Delta=5.000e-04

**************************************
Iteration 467:
thetak = 0.005229051873116338
objk = 2.9049724366809566
trustRadius = 0.0005
sampleRadius = 0.0005
stepNorm = 0.23404344626472096
chi = 0.2881089701299526
Iteration time (s) = 1.0357415676116943
RESTORATION
**************************************

[FRP] solve 406 of phase 14, thetak=5.229e-03, Delta=5.000e-04

**************************************
Iteration 468:
thetak = 0.005229051873116338
objk = 2.9049724366809566
trustRadius = 0.0005
sampleRadius = 0.0005
stepNorm = 0.23404344626472096
chi = 0.2881089701299526
Iteration time (s) = 0.801337718963623
RESTORATION
**************************************

[FRP] solve 407 of phase 14, thetak=5.229e-03, Delta=5.000e-04

**************************************
Iteration 469:
thetak = 0.005229051873116338
objk = 2.9049724366809566
trustRadius = 0.0005
sampleRadius = 0.0005
stepNorm = 0.23404344626472096
chi = 0.2881089701299526
Iteration time (s) = 0.9125235080718994
RESTORATION
**************************************

[FRP] solve 408 of phase 14, thetak=5.229e-03, Delta=5.000e-04

**************************************
Iteration 470:
thetak = 0.005229051873116338
objk = 2.9049724366809566
trustRadius = 0.0005
sampleRadius = 0.0005
stepNorm = 0.23404344626472096
chi = 0.2881089701299526
Iteration time (s) = 0.9092845916748047
RESTORATION
**************************************

[FRP] solve 409 of phase 14, thetak=5.229e-03, Delta=5.000e-04

**************************************
Iteration 471:
thetak = 0.005229051873116338
objk = 2.9049724366809566
trustRadius = 0.0005
sampleRadius = 0.0005
stepNorm = 0.23404344626472096
chi = 0.2881089701299526
Iteration time (s) = 0.9125874042510986
RESTORATION
**************************************

[FRP] solve 410 of phase 14, thetak=5.229e-03, Delta=5.000e-04

**************************************
Iteration 472:
thetak = 0.005229051873116338
objk = 2.9049724366809566
trustRadius = 0.0005
sampleRadius = 0.0005
stepNorm = 0.23404344626472096
chi = 0.2881089701299526
Iteration time (s) = 0.9098720550537109
RESTORATION
**************************************

[FRP] solve 411 of phase 14, thetak=5.229e-03, Delta=5.000e-04

**************************************
Iteration 473:
thetak = 0.005229051873116338
objk = 2.9049724366809566
trustRadius = 0.0005
sampleRadius = 0.0005
stepNorm = 0.23404344626472096
chi = 0.2881089701299526
Iteration time (s) = 0.9048585891723633
RESTORATION
**************************************

[FRP] solve 412 of phase 14, thetak=5.229e-03, Delta=5.000e-04

**************************************
Iteration 474:
thetak = 0.005229051873116338
objk = 2.9049724366809566
trustRadius = 0.0005
sampleRadius = 0.0005
stepNorm = 0.23404344626472096
chi = 0.2881089701299526
Iteration time (s) = 0.901862621307373
RESTORATION
**************************************

[FRP] solve 413 of phase 14, thetak=5.229e-03, Delta=5.000e-04

**************************************
Iteration 475:
thetak = 0.005229051873116338
objk = 2.9049724366809566
trustRadius = 0.0005
sampleRadius = 0.0005
stepNorm = 0.23404344626472096
chi = 0.2881089701299526
Iteration time (s) = 0.9202485084533691
RESTORATION
**************************************

[FRP] solve 414 of phase 14, thetak=5.229e-03, Delta=5.000e-04

**************************************
Iteration 476:
thetak = 0.005229051873116338
objk = 2.9049724366809566
trustRadius = 0.0005
sampleRadius = 0.0005
stepNorm = 0.23404344626472096
chi = 0.2881089701299526
Iteration time (s) = 0.804095983505249
RESTORATION
**************************************

[FRP] solve 415 of phase 14, thetak=5.229e-03, Delta=5.000e-04

**************************************
Iteration 477:
thetak = 0.005229051873116338
objk = 2.9049724366809566
trustRadius = 0.0005
sampleRadius = 0.0005
stepNorm = 0.23404344626472096
chi = 0.2881089701299526
Iteration time (s) = 1.0120482444763184
RESTORATION
**************************************

[FRP] solve 416 of phase 14, thetak=5.229e-03, Delta=5.000e-04

**************************************
Iteration 478:
thetak = 0.005229051873116338
objk = 2.9049724366809566
trustRadius = 0.0005
sampleRadius = 0.0005
stepNorm = 0.23404344626472096
chi = 0.2881089701299526
Iteration time (s) = 1.2538933753967285
RESTORATION
**************************************

[FRP] solve 417 of phase 14, thetak=5.229e-03, Delta=5.000e-04

**************************************
Iteration 479:
thetak = 0.005229051873116338
objk = 2.9049724366809566
trustRadius = 0.0005
sampleRadius = 0.0005
stepNorm = 0.23404344626472096
chi = 0.2881089701299526
Iteration time (s) = 0.9165441989898682
RESTORATION
**************************************

[FRP] solve 418 of phase 14, thetak=5.229e-03, Delta=5.000e-04

**************************************
Iteration 480:
thetak = 0.005229051873116338
objk = 2.9049724366809566
trustRadius = 0.0005
sampleRadius = 0.0005
stepNorm = 0.23404344626472096
chi = 0.2881089701299526
Iteration time (s) = 0.9393391609191895
RESTORATION
**************************************

[FRP] solve 419 of phase 14, thetak=5.229e-03, Delta=5.000e-04

**************************************
Iteration 481:
thetak = 0.005229051873116338
objk = 2.9049724366809566
trustRadius = 0.0005
sampleRadius = 0.0005
stepNorm = 0.23404344626472096
chi = 0.2881089701299526
Iteration time (s) = 0.9399435520172119
RESTORATION
**************************************

[FRP] solve 420 of phase 14, thetak=5.229e-03, Delta=5.000e-04

**************************************
Iteration 482:
thetak = 0.005229051873116338
objk = 2.9049724366809566
trustRadius = 0.0005
sampleRadius = 0.0005
stepNorm = 0.23404344626472096
chi = 0.2881089701299526
Iteration time (s) = 1.0377168655395508
RESTORATION
**************************************

[FRP] solve 421 of phase 14, thetak=5.229e-03, Delta=5.000e-04

**************************************
Iteration 483:
thetak = 0.005229051873116338
objk = 2.9049724366809566
trustRadius = 0.0005
sampleRadius = 0.0005
stepNorm = 0.23404344626472096
chi = 0.2881089701299526
Iteration time (s) = 0.8428399562835693
RESTORATION
**************************************

[FRP] solve 422 of phase 14, thetak=5.229e-03, Delta=5.000e-04

**************************************
Iteration 484:
thetak = 0.005229051873116338
objk = 2.9049724366809566
trustRadius = 0.0005
sampleRadius = 0.0005
stepNorm = 0.23404344626472096
chi = 0.2881089701299526
Iteration time (s) = 0.840876579284668
RESTORATION
**************************************

[FRP] solve 423 of phase 14, thetak=5.229e-03, Delta=5.000e-04

**************************************
Iteration 485:
thetak = 0.005229051873116338
objk = 2.9049724366809566
trustRadius = 0.0005
sampleRadius = 0.0005
stepNorm = 0.23404344626472096
chi = 0.2881089701299526
Iteration time (s) = 1.0425126552581787
RESTORATION
**************************************

[FRP] solve 424 of phase 14, thetak=5.229e-03, Delta=5.000e-04

**************************************
Iteration 486:
thetak = 0.005229051873116338
objk = 2.9049724366809566
trustRadius = 0.0005
sampleRadius = 0.0005
stepNorm = 0.23404344626472096
chi = 0.2881089701299526
Iteration time (s) = 0.8171570301055908
RESTORATION
**************************************

[FRP] solve 425 of phase 14, thetak=5.229e-03, Delta=5.000e-04

**************************************
Iteration 487:
thetak = 0.005229051873116338
objk = 2.9049724366809566
trustRadius = 0.0005
sampleRadius = 0.0005
stepNorm = 0.23404344626472096
chi = 0.2881089701299526
Iteration time (s) = 0.9318544864654541
RESTORATION
**************************************

[FRP] solve 426 of phase 14, thetak=5.229e-03, Delta=5.000e-04

**************************************
Iteration 488:
thetak = 0.005229051873116338
objk = 2.9049724366809566
trustRadius = 0.0005
sampleRadius = 0.0005
stepNorm = 0.23404344626472096
chi = 0.2881089701299526
Iteration time (s) = 0.7934520244598389
RESTORATION
**************************************

[FRP] solve 427 of phase 14, thetak=5.229e-03, Delta=5.000e-04

**************************************
Iteration 489:
thetak = 0.005229051873116338
objk = 2.9049724366809566
trustRadius = 0.0005
sampleRadius = 0.0005
stepNorm = 0.23404344626472096
chi = 0.2881089701299526
Iteration time (s) = 0.9273111820220947
RESTORATION
**************************************

[FRP] solve 428 of phase 14, thetak=5.229e-03, Delta=5.000e-04

**************************************
Iteration 490:
thetak = 0.005229051873116338
objk = 2.9049724366809566
trustRadius = 0.0005
sampleRadius = 0.0005
stepNorm = 0.23404344626472096
chi = 0.2881089701299526
Iteration time (s) = 0.9038567543029785
RESTORATION
**************************************

[FRP] solve 429 of phase 14, thetak=5.229e-03, Delta=5.000e-04

**************************************
Iteration 491:
thetak = 0.005229051873116338
objk = 2.9049724366809566
trustRadius = 0.0005
sampleRadius = 0.0005
stepNorm = 0.23404344626472096
chi = 0.2881089701299526
Iteration time (s) = 0.7986569404602051
RESTORATION
**************************************

[FRP] solve 430 of phase 14, thetak=5.229e-03, Delta=5.000e-04

**************************************
Iteration 492:
thetak = 0.005229051873116338
objk = 2.9049724366809566
trustRadius = 0.0005
sampleRadius = 0.0005
stepNorm = 0.23404344626472096
chi = 0.2881089701299526
Iteration time (s) = 0.8474781513214111
RESTORATION
**************************************

[FRP] solve 431 of phase 14, thetak=5.229e-03, Delta=5.000e-04

**************************************
Iteration 493:
thetak = 0.005229051873116338
objk = 2.9049724366809566
trustRadius = 0.0005
sampleRadius = 0.0005
stepNorm = 0.23404344626472096
chi = 0.2881089701299526
Iteration time (s) = 0.8127334117889404
RESTORATION
**************************************

[FRP] solve 432 of phase 14, thetak=5.229e-03, Delta=5.000e-04

**************************************
Iteration 494:
thetak = 0.005229051873116338
objk = 2.9049724366809566
trustRadius = 0.0005
sampleRadius = 0.0005
stepNorm = 0.23404344626472096
chi = 0.2881089701299526
Iteration time (s) = 0.8159289360046387
RESTORATION
**************************************

[FRP] solve 433 of phase 14, thetak=5.229e-03, Delta=5.000e-04

**************************************
Iteration 495:
thetak = 0.005229051873116338
objk = 2.9049724366809566
trustRadius = 0.0005
sampleRadius = 0.0005
stepNorm = 0.23404344626472096
chi = 0.2881089701299526
Iteration time (s) = 0.9295744895935059
RESTORATION
**************************************

[FRP] solve 434 of phase 14, thetak=5.229e-03, Delta=5.000e-04

**************************************
Iteration 496:
thetak = 0.005229051873116338
objk = 2.9049724366809566
trustRadius = 0.0005
sampleRadius = 0.0005
stepNorm = 0.23404344626472096
chi = 0.2881089701299526
Iteration time (s) = 1.3607358932495117
RESTORATION
**************************************

[FRP] solve 435 of phase 14, thetak=5.229e-03, Delta=5.000e-04

**************************************
Iteration 497:
thetak = 0.005229051873116338
objk = 2.9049724366809566
trustRadius = 0.0005
sampleRadius = 0.0005
stepNorm = 0.23404344626472096
chi = 0.2881089701299526
Iteration time (s) = 0.9115667343139648
RESTORATION
**************************************

[FRP] solve 436 of phase 14, thetak=5.229e-03, Delta=5.000e-04

**************************************
Iteration 498:
thetak = 0.005229051873116338
objk = 2.9049724366809566
trustRadius = 0.0005
sampleRadius = 0.0005
stepNorm = 0.23404344626472096
chi = 0.2881089701299526
Iteration time (s) = 0.8124864101409912
RESTORATION
**************************************

[FRP] solve 437 of phase 14, thetak=5.229e-03, Delta=5.000e-04

**************************************
Iteration 499:
thetak = 0.005229051873116338
objk = 2.9049724366809566
trustRadius = 0.0005
sampleRadius = 0.0005
stepNorm = 0.23404344626472096
chi = 0.2881089701299526
Iteration time (s) = 0.8145847320556641
RESTORATION
**************************************

[FRP] solve 438 of phase 14, thetak=5.229e-03, Delta=5.000e-04

**************************************
Iteration 500:
thetak = 0.005229051873116338
objk = 2.9049724366809566
trustRadius = 0.0005
sampleRadius = 0.0005
stepNorm = 0.23404344626472096
chi = 0.2881089701299526
Iteration time (s) = 0.9264757633209229
RESTORATION
**************************************

[FRP] solve 439 of phase 14, thetak=5.229e-03, Delta=5.000e-04

**************************************
Iteration 501:
thetak = 0.005229051873116338
objk = 2.9049724366809566
trustRadius = 0.0005
sampleRadius = 0.0005
stepNorm = 0.23404344626472096
chi = 0.2881089701299526
Iteration time (s) = 0.8151371479034424
RESTORATION
**************************************

[FRP] solve 440 of phase 14, thetak=5.229e-03, Delta=5.000e-04

**************************************
Iteration 502:
thetak = 0.005229051873116338
objk = 2.9049724366809566
trustRadius = 0.0005
sampleRadius = 0.0005
stepNorm = 0.23404344626472096
chi = 0.2881089701299526
Iteration time (s) = 0.9191100597381592
RESTORATION
**************************************

[FRP] solve 441 of phase 14, thetak=5.229e-03, Delta=5.000e-04

**************************************
Iteration 503:
thetak = 0.005229051873116338
objk = 2.9049724366809566
trustRadius = 0.0005
sampleRadius = 0.0005
stepNorm = 0.23404344626472096
chi = 0.2881089701299526
Iteration time (s) = 0.8461053371429443
RESTORATION
**************************************

[FRP] solve 442 of phase 14, thetak=5.229e-03, Delta=5.000e-04

**************************************
Iteration 504:
thetak = 0.005229051873116338
objk = 2.9049724366809566
trustRadius = 0.0005
sampleRadius = 0.0005
stepNorm = 0.23404344626472096
chi = 0.2881089701299526
Iteration time (s) = 0.8184256553649902
RESTORATION
**************************************

[FRP] solve 443 of phase 14, thetak=5.229e-03, Delta=5.000e-04

**************************************
Iteration 505:
thetak = 0.005229051873116338
objk = 2.9049724366809566
trustRadius = 0.0005
sampleRadius = 0.0005
stepNorm = 0.23404344626472096
chi = 0.2881089701299526
Iteration time (s) = 0.9070744514465332
RESTORATION
**************************************

[FRP] solve 444 of phase 14, thetak=5.229e-03, Delta=5.000e-04

**************************************
Iteration 506:
thetak = 0.005229051873116338
objk = 2.9049724366809566
trustRadius = 0.0005
sampleRadius = 0.0005
stepNorm = 0.23404344626472096
chi = 0.2881089701299526
Iteration time (s) = 0.9159255027770996
RESTORATION
**************************************

[FRP] solve 445 of phase 14, thetak=5.229e-03, Delta=5.000e-04

**************************************
Iteration 507:
thetak = 0.005229051873116338
objk = 2.9049724366809566
trustRadius = 0.0005
sampleRadius = 0.0005
stepNorm = 0.23404344626472096
chi = 0.2881089701299526
Iteration time (s) = 0.9340384006500244
RESTORATION
**************************************

[FRP] solve 446 of phase 14, thetak=5.229e-03, Delta=5.000e-04

**************************************
Iteration 508:
thetak = 0.005229051873116338
objk = 2.9049724366809566
trustRadius = 0.0005
sampleRadius = 0.0005
stepNorm = 0.23404344626472096
chi = 0.2881089701299526
Iteration time (s) = 1.0523505210876465
RESTORATION
**************************************

[FRP] solve 447 of phase 14, thetak=5.229e-03, Delta=5.000e-04

**************************************
Iteration 509:
thetak = 0.005229051873116338
objk = 2.9049724366809566
trustRadius = 0.0005
sampleRadius = 0.0005
stepNorm = 0.23404344626472096
chi = 0.2881089701299526
Iteration time (s) = 0.8076426982879639
RESTORATION
**************************************

[FRP] solve 448 of phase 14, thetak=5.229e-03, Delta=5.000e-04

**************************************
Iteration 510:
thetak = 0.005229051873116338
objk = 2.9049724366809566
trustRadius = 0.0005
sampleRadius = 0.0005
stepNorm = 0.23404344626472096
chi = 0.2881089701299526
Iteration time (s) = 0.9364185333251953
RESTORATION
**************************************

[FRP] solve 449 of phase 14, thetak=5.229e-03, Delta=5.000e-04

**************************************
Iteration 511:
thetak = 0.005229051873116338
objk = 2.9049724366809566
trustRadius = 0.0005
sampleRadius = 0.0005
stepNorm = 0.23404344626472096
chi = 0.2881089701299526
Iteration time (s) = 0.9034929275512695
RESTORATION
**************************************

[FRP] solve 450 of phase 14, thetak=5.229e-03, Delta=5.000e-04

**************************************
Iteration 512:
thetak = 0.005229051873116338
objk = 2.9049724366809566
trustRadius = 0.0005
sampleRadius = 0.0005
stepNorm = 0.23404344626472096
chi = 0.2881089701299526
Iteration time (s) = 0.8968203067779541
RESTORATION
**************************************

[FRP] solve 451 of phase 14, thetak=5.229e-03, Delta=5.000e-04

**************************************
Iteration 513:
thetak = 0.005229051873116338
objk = 2.9049724366809566
trustRadius = 0.0005
sampleRadius = 0.0005
stepNorm = 0.23404344626472096
chi = 0.2881089701299526
Iteration time (s) = 0.9131877422332764
RESTORATION
**************************************

[FRP] solve 452 of phase 14, thetak=5.229e-03, Delta=5.000e-04

**************************************
Iteration 514:
thetak = 0.005229051873116338
objk = 2.9049724366809566
trustRadius = 0.0005
sampleRadius = 0.0005
stepNorm = 0.23404344626472096
chi = 0.2881089701299526
Iteration time (s) = 1.3387954235076904
RESTORATION
**************************************

[FRP] solve 453 of phase 14, thetak=5.229e-03, Delta=5.000e-04

**************************************
Iteration 515:
thetak = 0.005229051873116338
objk = 2.9049724366809566
trustRadius = 0.0005
sampleRadius = 0.0005
stepNorm = 0.23404344626472096
chi = 0.2881089701299526
Iteration time (s) = 0.9265158176422119
RESTORATION
**************************************

[FRP] solve 454 of phase 14, thetak=5.229e-03, Delta=5.000e-04

**************************************
Iteration 516:
thetak = 0.005229051873116338
objk = 2.9049724366809566
trustRadius = 0.0005
sampleRadius = 0.0005
stepNorm = 0.23404344626472096
chi = 0.2881089701299526
Iteration time (s) = 0.7981913089752197
RESTORATION
**************************************

[FRP] solve 455 of phase 14, thetak=5.229e-03, Delta=5.000e-04

**************************************
Iteration 517:
thetak = 0.005229051873116338
objk = 2.9049724366809566
trustRadius = 0.0005
sampleRadius = 0.0005
stepNorm = 0.23404344626472096
chi = 0.2881089701299526
Iteration time (s) = 0.8208677768707275
RESTORATION
**************************************

[FRP] solve 456 of phase 14, thetak=5.229e-03, Delta=5.000e-04

**************************************
Iteration 518:
thetak = 0.005229051873116338
objk = 2.9049724366809566
trustRadius = 0.0005
sampleRadius = 0.0005
stepNorm = 0.23404344626472096
chi = 0.2881089701299526
Iteration time (s) = 0.8160054683685303
RESTORATION
**************************************

[FRP] solve 457 of phase 14, thetak=5.229e-03, Delta=5.000e-04

**************************************
Iteration 519:
thetak = 0.005229051873116338
objk = 2.9049724366809566
trustRadius = 0.0005
sampleRadius = 0.0005
stepNorm = 0.23404344626472096
chi = 0.2881089701299526
Iteration time (s) = 0.7965216636657715
RESTORATION
**************************************

[FRP] solve 458 of phase 14, thetak=5.229e-03, Delta=5.000e-04

**************************************
Iteration 520:
thetak = 0.005229051873116338
objk = 2.9049724366809566
trustRadius = 0.0005
sampleRadius = 0.0005
stepNorm = 0.23404344626472096
chi = 0.2881089701299526
Iteration time (s) = 0.8095073699951172
RESTORATION
**************************************

[FRP] solve 459 of phase 14, thetak=5.229e-03, Delta=5.000e-04

**************************************
Iteration 521:
thetak = 0.005229051873116338
objk = 2.9049724366809566
trustRadius = 0.0005
sampleRadius = 0.0005
stepNorm = 0.23404344626472096
chi = 0.2881089701299526
Iteration time (s) = 0.9579687118530273
RESTORATION
**************************************

[FRP] solve 460 of phase 14, thetak=5.229e-03, Delta=5.000e-04

**************************************
Iteration 522:
thetak = 0.005229051873116338
objk = 2.9049724366809566
trustRadius = 0.0005
sampleRadius = 0.0005
stepNorm = 0.23404344626472096
chi = 0.2881089701299526
Iteration time (s) = 0.8018307685852051
RESTORATION
**************************************

[FRP] solve 461 of phase 14, thetak=5.229e-03, Delta=5.000e-04

**************************************
Iteration 523:
thetak = 0.005229051873116338
objk = 2.9049724366809566
trustRadius = 0.0005
sampleRadius = 0.0005
stepNorm = 0.23404344626472096
chi = 0.2881089701299526
Iteration time (s) = 0.9178617000579834
RESTORATION
**************************************

[FRP] solve 462 of phase 14, thetak=5.229e-03, Delta=5.000e-04

**************************************
Iteration 524:
thetak = 0.005229051873116338
objk = 2.9049724366809566
trustRadius = 0.0005
sampleRadius = 0.0005
stepNorm = 0.23404344626472096
chi = 0.2881089701299526
Iteration time (s) = 0.8031013011932373
RESTORATION
**************************************

[FRP] solve 463 of phase 14, thetak=5.229e-03, Delta=5.000e-04

**************************************
Iteration 525:
thetak = 0.005229051873116338
objk = 2.9049724366809566
trustRadius = 0.0005
sampleRadius = 0.0005
stepNorm = 0.23404344626472096
chi = 0.2881089701299526
Iteration time (s) = 0.8092734813690186
RESTORATION
**************************************

[FRP] solve 464 of phase 14, thetak=5.229e-03, Delta=5.000e-04

**************************************
Iteration 526:
thetak = 0.005229051873116338
objk = 2.9049724366809566
trustRadius = 0.0005
sampleRadius = 0.0005
stepNorm = 0.23404344626472096
chi = 0.2881089701299526
Iteration time (s) = 0.8081150054931641
RESTORATION
**************************************

[FRP] solve 465 of phase 14, thetak=5.229e-03, Delta=5.000e-04

**************************************
Iteration 527:
thetak = 0.005229051873116338
objk = 2.9049724366809566
trustRadius = 0.0005
sampleRadius = 0.0005
stepNorm = 0.23404344626472096
chi = 0.2881089701299526
Iteration time (s) = 1.191174030303955
RESTORATION
**************************************

[FRP] solve 466 of phase 14, thetak=5.229e-03, Delta=5.000e-04

**************************************
Iteration 528:
thetak = 0.005229051873116338
objk = 2.9049724366809566
trustRadius = 0.0005
sampleRadius = 0.0005
stepNorm = 0.23404344626472096
chi = 0.2881089701299526
Iteration time (s) = 0.9205341339111328
RESTORATION
**************************************

[FRP] solve 467 of phase 14, thetak=5.229e-03, Delta=5.000e-04

**************************************
Iteration 529:
thetak = 0.005229051873116338
objk = 2.9049724366809566
trustRadius = 0.0005
sampleRadius = 0.0005
stepNorm = 0.23404344626472096
chi = 0.2881089701299526
Iteration time (s) = 0.9128785133361816
RESTORATION
**************************************

[FRP] solve 468 of phase 14, thetak=5.229e-03, Delta=5.000e-04

**************************************
Iteration 530:
thetak = 0.005229051873116338
objk = 2.9049724366809566
trustRadius = 0.0005
sampleRadius = 0.0005
stepNorm = 0.23404344626472096
chi = 0.2881089701299526
Iteration time (s) = 0.9315767288208008
RESTORATION
**************************************

[FRP] solve 469 of phase 14, thetak=5.229e-03, Delta=5.000e-04

**************************************
Iteration 531:
thetak = 0.005229051873116338
objk = 2.9049724366809566
trustRadius = 0.0005
sampleRadius = 0.0005
stepNorm = 0.23404344626472096
chi = 0.2881089701299526
Iteration time (s) = 0.8077445030212402
RESTORATION
**************************************

[FRP] solve 470 of phase 14, thetak=5.229e-03, Delta=5.000e-04

**************************************
Iteration 532:
thetak = 0.005229051873116338
objk = 2.9049724366809566
trustRadius = 0.0005
sampleRadius = 0.0005
stepNorm = 0.23404344626472096
chi = 0.2881089701299526
Iteration time (s) = 0.7959980964660645
RESTORATION
**************************************

[FRP] solve 471 of phase 14, thetak=5.229e-03, Delta=5.000e-04

**************************************
Iteration 533:
thetak = 0.005229051873116338
objk = 2.9049724366809566
trustRadius = 0.0005
sampleRadius = 0.0005
stepNorm = 0.23404344626472096
chi = 0.2881089701299526
Iteration time (s) = 0.9181838035583496
RESTORATION
**************************************

[FRP] solve 472 of phase 14, thetak=5.229e-03, Delta=5.000e-04

**************************************
Iteration 534:
thetak = 0.005229051873116338
objk = 2.9049724366809566
trustRadius = 0.0005
sampleRadius = 0.0005
stepNorm = 0.23404344626472096
chi = 0.2881089701299526
Iteration time (s) = 0.9207217693328857
RESTORATION
**************************************

[FRP] solve 473 of phase 14, thetak=5.229e-03, Delta=5.000e-04

**************************************
Iteration 535:
thetak = 0.005229051873116338
objk = 2.9049724366809566
trustRadius = 0.0005
sampleRadius = 0.0005
stepNorm = 0.23404344626472096
chi = 0.2881089701299526
Iteration time (s) = 0.8102495670318604
RESTORATION
**************************************

[FRP] solve 474 of phase 14, thetak=5.229e-03, Delta=5.000e-04

**************************************
Iteration 536:
thetak = 0.005229051873116338
objk = 2.9049724366809566
trustRadius = 0.0005
sampleRadius = 0.0005
stepNorm = 0.23404344626472096
chi = 0.2881089701299526
Iteration time (s) = 0.8991405963897705
RESTORATION
**************************************

[FRP] solve 475 of phase 14, thetak=5.229e-03, Delta=5.000e-04

**************************************
Iteration 537:
thetak = 0.005229051873116338
objk = 2.9049724366809566
trustRadius = 0.0005
sampleRadius = 0.0005
stepNorm = 0.23404344626472096
chi = 0.2881089701299526
Iteration time (s) = 0.7913241386413574
RESTORATION
**************************************

[FRP] solve 476 of phase 14, thetak=5.229e-03, Delta=5.000e-04

**************************************
Iteration 538:
thetak = 0.005229051873116338
objk = 2.9049724366809566
trustRadius = 0.0005
sampleRadius = 0.0005
stepNorm = 0.23404344626472096
chi = 0.2881089701299526
Iteration time (s) = 0.917973518371582
RESTORATION
**************************************

[FRP] solve 477 of phase 14, thetak=5.229e-03, Delta=5.000e-04

**************************************
Iteration 539:
thetak = 0.005229051873116338
objk = 2.9049724366809566
trustRadius = 0.0005
sampleRadius = 0.0005
stepNorm = 0.23404344626472096
chi = 0.2881089701299526
Iteration time (s) = 0.8204202651977539
RESTORATION
**************************************

[FRP] solve 478 of phase 14, thetak=5.229e-03, Delta=5.000e-04

**************************************
Iteration 540:
thetak = 0.005229051873116338
objk = 2.9049724366809566
trustRadius = 0.0005
sampleRadius = 0.0005
stepNorm = 0.23404344626472096
chi = 0.2881089701299526
Iteration time (s) = 0.8012874126434326
RESTORATION
**************************************

[FRP] solve 479 of phase 14, thetak=5.229e-03, Delta=5.000e-04

**************************************
Iteration 541:
thetak = 0.005229051873116338
objk = 2.9049724366809566
trustRadius = 0.0005
sampleRadius = 0.0005
stepNorm = 0.23404344626472096
chi = 0.2881089701299526
Iteration time (s) = 0.8189139366149902
RESTORATION
**************************************

[FRP] solve 480 of phase 14, thetak=5.229e-03, Delta=5.000e-04

**************************************
Iteration 542:
thetak = 0.005229051873116338
objk = 2.9049724366809566
trustRadius = 0.0005
sampleRadius = 0.0005
stepNorm = 0.23404344626472096
chi = 0.2881089701299526
Iteration time (s) = 0.7930948734283447
RESTORATION
**************************************

[FRP] solve 481 of phase 14, thetak=5.229e-03, Delta=5.000e-04

**************************************
Iteration 543:
thetak = 0.005229051873116338
objk = 2.9049724366809566
trustRadius = 0.0005
sampleRadius = 0.0005
stepNorm = 0.23404344626472096
chi = 0.2881089701299526
Iteration time (s) = 1.055511474609375
RESTORATION
**************************************

[FRP] solve 482 of phase 14, thetak=5.229e-03, Delta=5.000e-04

**************************************
Iteration 544:
thetak = 0.005229051873116338
objk = 2.9049724366809566
trustRadius = 0.0005
sampleRadius = 0.0005
stepNorm = 0.23404344626472096
chi = 0.2881089701299526
Iteration time (s) = 0.9851586818695068
RESTORATION
**************************************

[FRP] solve 483 of phase 14, thetak=5.229e-03, Delta=5.000e-04

**************************************
Iteration 545:
thetak = 0.005229051873116338
objk = 2.9049724366809566
trustRadius = 0.0005
sampleRadius = 0.0005
stepNorm = 0.23404344626472096
chi = 0.2881089701299526
Iteration time (s) = 0.8066709041595459
RESTORATION
**************************************

[FRP] solve 484 of phase 14, thetak=5.229e-03, Delta=5.000e-04

**************************************
Iteration 546:
thetak = 0.005229051873116338
objk = 2.9049724366809566
trustRadius = 0.0005
sampleRadius = 0.0005
stepNorm = 0.23404344626472096
chi = 0.2881089701299526
Iteration time (s) = 0.9105055332183838
RESTORATION
**************************************

[FRP] solve 485 of phase 14, thetak=5.229e-03, Delta=5.000e-04

**************************************
Iteration 547:
thetak = 0.005229051873116338
objk = 2.9049724366809566
trustRadius = 0.0005
sampleRadius = 0.0005
stepNorm = 0.23404344626472096
chi = 0.2881089701299526
Iteration time (s) = 0.9872665405273438
RESTORATION
**************************************

[FRP] solve 486 of phase 14, thetak=5.229e-03, Delta=5.000e-04

**************************************
Iteration 548:
thetak = 0.005229051873116338
objk = 2.9049724366809566
trustRadius = 0.0005
sampleRadius = 0.0005
stepNorm = 0.23404344626472096
chi = 0.2881089701299526
Iteration time (s) = 0.7953989505767822
RESTORATION
**************************************

[FRP] solve 487 of phase 14, thetak=5.229e-03, Delta=5.000e-04

**************************************
Iteration 549:
thetak = 0.005229051873116338
objk = 2.9049724366809566
trustRadius = 0.0005
sampleRadius = 0.0005
stepNorm = 0.23404344626472096
chi = 0.2881089701299526
Iteration time (s) = 1.0416522026062012
RESTORATION
**************************************

[FRP] solve 488 of phase 14, thetak=5.229e-03, Delta=5.000e-04

**************************************
Iteration 550:
thetak = 0.005229051873116338
objk = 2.9049724366809566
trustRadius = 0.0005
sampleRadius = 0.0005
stepNorm = 0.23404344626472096
chi = 0.2881089701299526
Iteration time (s) = 0.9098138809204102
RESTORATION
**************************************

[FRP] solve 489 of phase 14, thetak=5.229e-03, Delta=5.000e-04

**************************************
Iteration 551:
thetak = 0.005229051873116338
objk = 2.9049724366809566
trustRadius = 0.0005
sampleRadius = 0.0005
stepNorm = 0.23404344626472096
chi = 0.2881089701299526
Iteration time (s) = 0.8056433200836182
RESTORATION
**************************************

[FRP] solve 490 of phase 14, thetak=5.229e-03, Delta=5.000e-04

**************************************
Iteration 552:
thetak = 0.005229051873116338
objk = 2.9049724366809566
trustRadius = 0.0005
sampleRadius = 0.0005
stepNorm = 0.23404344626472096
chi = 0.2881089701299526
Iteration time (s) = 0.9219851493835449
RESTORATION
**************************************

[FRP] solve 491 of phase 14, thetak=5.229e-03, Delta=5.000e-04

**************************************
Iteration 553:
thetak = 0.005229051873116338
objk = 2.9049724366809566
trustRadius = 0.0005
sampleRadius = 0.0005
stepNorm = 0.23404344626472096
chi = 0.2881089701299526
Iteration time (s) = 0.9310836791992188
RESTORATION
**************************************

[FRP] solve 492 of phase 14, thetak=5.229e-03, Delta=5.000e-04

**************************************
Iteration 554:
thetak = 0.005229051873116338
objk = 2.9049724366809566
trustRadius = 0.0005
sampleRadius = 0.0005
stepNorm = 0.23404344626472096
chi = 0.2881089701299526
Iteration time (s) = 0.793684720993042
RESTORATION
**************************************

[FRP] solve 493 of phase 14, thetak=5.229e-03, Delta=5.000e-04

**************************************
Iteration 555:
thetak = 0.005229051873116338
objk = 2.9049724366809566
trustRadius = 0.0005
sampleRadius = 0.0005
stepNorm = 0.23404344626472096
chi = 0.2881089701299526
Iteration time (s) = 0.8202004432678223
RESTORATION
**************************************

[FRP] solve 494 of phase 14, thetak=5.229e-03, Delta=5.000e-04

**************************************
Iteration 556:
thetak = 0.005229051873116338
objk = 2.9049724366809566
trustRadius = 0.0005
sampleRadius = 0.0005
stepNorm = 0.23404344626472096
chi = 0.2881089701299526
Iteration time (s) = 1.241133213043213
RESTORATION
**************************************

[FRP] solve 495 of phase 14, thetak=5.229e-03, Delta=5.000e-04

**************************************
Iteration 557:
thetak = 0.005229051873116338
objk = 2.9049724366809566
trustRadius = 0.0005
sampleRadius = 0.0005
stepNorm = 0.23404344626472096
chi = 0.2881089701299526
Iteration time (s) = 0.7875797748565674
RESTORATION
**************************************

[FRP] solve 496 of phase 14, thetak=5.229e-03, Delta=5.000e-04

**************************************
Iteration 558:
thetak = 0.005229051873116338
objk = 2.9049724366809566
trustRadius = 0.0005
sampleRadius = 0.0005
stepNorm = 0.23404344626472096
chi = 0.2881089701299526
Iteration time (s) = 0.9288308620452881
RESTORATION
**************************************

[FRP] solve 497 of phase 14, thetak=5.229e-03, Delta=5.000e-04

**************************************
Iteration 559:
thetak = 0.005229051873116338
objk = 2.9049724366809566
trustRadius = 0.0005
sampleRadius = 0.0005
stepNorm = 0.23404344626472096
chi = 0.2881089701299526
Iteration time (s) = 0.9305124282836914
RESTORATION
**************************************

[FRP] solve 498 of phase 14, thetak=5.229e-03, Delta=5.000e-04

**************************************
Iteration 560:
thetak = 0.005229051873116338
objk = 2.9049724366809566
trustRadius = 0.0005
sampleRadius = 0.0005
stepNorm = 0.23404344626472096
chi = 0.2881089701299526
Iteration time (s) = 0.9272031784057617
RESTORATION
**************************************

[FRP] solve 499 of phase 14, thetak=5.229e-03, Delta=5.000e-04

**************************************
Iteration 561:
thetak = 0.005229051873116338
objk = 2.9049724366809566
trustRadius = 0.0005
sampleRadius = 0.0005
stepNorm = 0.23404344626472096
chi = 0.2881089701299526
Iteration time (s) = 0.8053398132324219
RESTORATION
**************************************

[FRP] solve 500 of phase 14, thetak=5.229e-03, Delta=5.000e-04

**************************************
Iteration 562:
thetak = 0.005229051873116338
objk = 2.9049724366809566
trustRadius = 0.0005
sampleRadius = 0.0005
stepNorm = 0.23404344626472096
chi = 0.2881089701299526
Iteration time (s) = 0.9103615283966064
RESTORATION
**************************************

[FRP] solve 501 of phase 14, thetak=5.229e-03, Delta=5.000e-04

**************************************
Iteration 563:
thetak = 0.005229051873116338
objk = 2.9049724366809566
trustRadius = 0.0005
sampleRadius = 0.0005
stepNorm = 0.23404344626472096
chi = 0.2881089701299526
Iteration time (s) = 0.9147036075592041
RESTORATION
**************************************

[FRP] solve 502 of phase 14, thetak=5.229e-03, Delta=5.000e-04

**************************************
Iteration 564:
thetak = 0.005229051873116338
objk = 2.9049724366809566
trustRadius = 0.0005
sampleRadius = 0.0005
stepNorm = 0.23404344626472096
chi = 0.2881089701299526
Iteration time (s) = 1.012873649597168
RESTORATION
**************************************

[FRP] solve 503 of phase 14, thetak=5.229e-03, Delta=5.000e-04

**************************************
Iteration 565:
thetak = 0.005229051873116338
objk = 2.9049724366809566
trustRadius = 0.0005
sampleRadius = 0.0005
stepNorm = 0.23404344626472096
chi = 0.2881089701299526
Iteration time (s) = 1.129518747329712
RESTORATION
**************************************

[FRP] solve 504 of phase 14, thetak=5.229e-03, Delta=5.000e-04

**************************************
Iteration 566:
thetak = 0.005229051873116338
objk = 2.9049724366809566
trustRadius = 0.0005
sampleRadius = 0.0005
stepNorm = 0.23404344626472096
chi = 0.2881089701299526
Iteration time (s) = 0.793921709060669
RESTORATION
**************************************

[FRP] solve 505 of phase 14, thetak=5.229e-03, Delta=5.000e-04

**************************************
Iteration 567:
thetak = 0.005229051873116338
objk = 2.9049724366809566
trustRadius = 0.0005
sampleRadius = 0.0005
stepNorm = 0.23404344626472096
chi = 0.2881089701299526
Iteration time (s) = 0.7984428405761719
RESTORATION
**************************************

[FRP] solve 506 of phase 14, thetak=5.229e-03, Delta=5.000e-04

**************************************
Iteration 568:
thetak = 0.005229051873116338
objk = 2.9049724366809566
trustRadius = 0.0005
sampleRadius = 0.0005
stepNorm = 0.23404344626472096
chi = 0.2881089701299526
Iteration time (s) = 0.9301879405975342
RESTORATION
**************************************

[FRP] solve 507 of phase 14, thetak=5.229e-03, Delta=5.000e-04

**************************************
Iteration 569:
thetak = 0.005229051873116338
objk = 2.9049724366809566
trustRadius = 0.0005
sampleRadius = 0.0005
stepNorm = 0.23404344626472096
chi = 0.2881089701299526
Iteration time (s) = 0.9003369808197021
RESTORATION
**************************************

[FRP] solve 508 of phase 14, thetak=5.229e-03, Delta=5.000e-04

**************************************
Iteration 570:
thetak = 0.005229051873116338
objk = 2.9049724366809566
trustRadius = 0.0005
sampleRadius = 0.0005
stepNorm = 0.23404344626472096
chi = 0.2881089701299526
Iteration time (s) = 0.9220850467681885
RESTORATION
**************************************

[FRP] solve 509 of phase 14, thetak=5.229e-03, Delta=5.000e-04

**************************************
Iteration 571:
thetak = 0.005229051873116338
objk = 2.9049724366809566
trustRadius = 0.0005
sampleRadius = 0.0005
stepNorm = 0.23404344626472096
chi = 0.2881089701299526
Iteration time (s) = 0.9516348838806152
RESTORATION
**************************************

[FRP] solve 510 of phase 14, thetak=5.229e-03, Delta=5.000e-04

**************************************
Iteration 572:
thetak = 0.005229051873116338
objk = 2.9049724366809566
trustRadius = 0.0005
sampleRadius = 0.0005
stepNorm = 0.23404344626472096
chi = 0.2881089701299526
Iteration time (s) = 0.9247510433197021
RESTORATION
**************************************

[FRP] solve 511 of phase 14, thetak=5.229e-03, Delta=5.000e-04

**************************************
Iteration 573:
thetak = 0.005229051873116338
objk = 2.9049724366809566
trustRadius = 0.0005
sampleRadius = 0.0005
stepNorm = 0.23404344626472096
chi = 0.2881089701299526
Iteration time (s) = 0.8100135326385498
RESTORATION
**************************************

[FRP] solve 512 of phase 14, thetak=5.229e-03, Delta=5.000e-04

**************************************
Iteration 574:
thetak = 0.005229051873116338
objk = 2.9049724366809566
trustRadius = 0.0005
sampleRadius = 0.0005
stepNorm = 0.23404344626472096
chi = 0.2881089701299526
Iteration time (s) = 0.8021750450134277
RESTORATION
**************************************

[FRP] solve 513 of phase 14, thetak=5.229e-03, Delta=5.000e-04

**************************************
Iteration 575:
thetak = 0.005229051873116338
objk = 2.9049724366809566
trustRadius = 0.0005
sampleRadius = 0.0005
stepNorm = 0.23404344626472096
chi = 0.2881089701299526
Iteration time (s) = 0.7927756309509277
RESTORATION
**************************************

[FRP] solve 514 of phase 14, thetak=5.229e-03, Delta=5.000e-04

**************************************
Iteration 576:
thetak = 0.005229051873116338
objk = 2.9049724366809566
trustRadius = 0.0005
sampleRadius = 0.0005
stepNorm = 0.23404344626472096
chi = 0.2881089701299526
Iteration time (s) = 0.9148702621459961
RESTORATION
**************************************

[FRP] solve 515 of phase 14, thetak=5.229e-03, Delta=5.000e-04

**************************************
Iteration 577:
thetak = 0.005229051873116338
objk = 2.9049724366809566
trustRadius = 0.0005
sampleRadius = 0.0005
stepNorm = 0.23404344626472096
chi = 0.2881089701299526
Iteration time (s) = 0.8092260360717773
RESTORATION
**************************************

[FRP] solve 516 of phase 14, thetak=5.229e-03, Delta=5.000e-04

**************************************
Iteration 578:
thetak = 0.005229051873116338
objk = 2.9049724366809566
trustRadius = 0.0005
sampleRadius = 0.0005
stepNorm = 0.23404344626472096
chi = 0.2881089701299526
Iteration time (s) = 0.8050534725189209
RESTORATION
**************************************

[FRP] solve 517 of phase 14, thetak=5.229e-03, Delta=5.000e-04

**************************************
Iteration 579:
thetak = 0.005229051873116338
objk = 2.9049724366809566
trustRadius = 0.0005
sampleRadius = 0.0005
stepNorm = 0.23404344626472096
chi = 0.2881089701299526
Iteration time (s) = 0.9071609973907471
RESTORATION
**************************************

[FRP] solve 518 of phase 14, thetak=5.229e-03, Delta=5.000e-04

**************************************
Iteration 580:
thetak = 0.005229051873116338
objk = 2.9049724366809566
trustRadius = 0.0005
sampleRadius = 0.0005
stepNorm = 0.23404344626472096
chi = 0.2881089701299526
Iteration time (s) = 0.8113329410552979
RESTORATION
**************************************

[FRP] solve 519 of phase 14, thetak=5.229e-03, Delta=5.000e-04

**************************************
Iteration 581:
thetak = 0.005229051873116338
objk = 2.9049724366809566
trustRadius = 0.0005
sampleRadius = 0.0005
stepNorm = 0.23404344626472096
chi = 0.2881089701299526
Iteration time (s) = 0.80316162109375
RESTORATION
**************************************

[FRP] solve 520 of phase 14, thetak=5.229e-03, Delta=5.000e-04

**************************************
Iteration 582:
thetak = 0.005229051873116338
objk = 2.9049724366809566
trustRadius = 0.0005
sampleRadius = 0.0005
stepNorm = 0.23404344626472096
chi = 0.2881089701299526
Iteration time (s) = 0.9290614128112793
RESTORATION
**************************************

[FRP] solve 521 of phase 14, thetak=5.229e-03, Delta=5.000e-04

**************************************
Iteration 583:
thetak = 0.005229051873116338
objk = 2.9049724366809566
trustRadius = 0.0005
sampleRadius = 0.0005
stepNorm = 0.23404344626472096
chi = 0.2881089701299526
Iteration time (s) = 1.3160429000854492
RESTORATION
**************************************

[FRP] solve 522 of phase 14, thetak=5.229e-03, Delta=5.000e-04

**************************************
Iteration 584:
thetak = 0.005229051873116338
objk = 2.9049724366809566
trustRadius = 0.0005
sampleRadius = 0.0005
stepNorm = 0.23404344626472096
chi = 0.2881089701299526
Iteration time (s) = 0.7959096431732178
RESTORATION
**************************************

[FRP] solve 523 of phase 14, thetak=5.229e-03, Delta=5.000e-04

**************************************
Iteration 585:
thetak = 0.005229051873116338
objk = 2.9049724366809566
trustRadius = 0.0005
sampleRadius = 0.0005
stepNorm = 0.23404344626472096
chi = 0.2881089701299526
Iteration time (s) = 0.9229283332824707
RESTORATION
**************************************

[FRP] solve 524 of phase 14, thetak=5.229e-03, Delta=5.000e-04

**************************************
Iteration 586:
thetak = 0.005229051873116338
objk = 2.9049724366809566
trustRadius = 0.0005
sampleRadius = 0.0005
stepNorm = 0.23404344626472096
chi = 0.2881089701299526
Iteration time (s) = 0.9076237678527832
RESTORATION
**************************************

[FRP] solve 525 of phase 14, thetak=5.229e-03, Delta=5.000e-04

**************************************
Iteration 587:
thetak = 0.005229051873116338
objk = 2.9049724366809566
trustRadius = 0.0005
sampleRadius = 0.0005
stepNorm = 0.23404344626472096
chi = 0.2881089701299526
Iteration time (s) = 0.8058404922485352
RESTORATION
**************************************

[FRP] solve 526 of phase 14, thetak=5.229e-03, Delta=5.000e-04

**************************************
Iteration 588:
thetak = 0.005229051873116338
objk = 2.9049724366809566
trustRadius = 0.0005
sampleRadius = 0.0005
stepNorm = 0.23404344626472096
chi = 0.2881089701299526
Iteration time (s) = 0.8320024013519287
RESTORATION
**************************************

[FRP] solve 527 of phase 14, thetak=5.229e-03, Delta=5.000e-04

**************************************
Iteration 589:
thetak = 0.005229051873116338
objk = 2.9049724366809566
trustRadius = 0.0005
sampleRadius = 0.0005
stepNorm = 0.23404344626472096
chi = 0.2881089701299526
Iteration time (s) = 0.7843978404998779
RESTORATION
**************************************

[FRP] solve 528 of phase 14, thetak=5.229e-03, Delta=5.000e-04

**************************************
Iteration 590:
thetak = 0.005229051873116338
objk = 2.9049724366809566
trustRadius = 0.0005
sampleRadius = 0.0005
stepNorm = 0.23404344626472096
chi = 0.2881089701299526
Iteration time (s) = 0.8113322257995605
RESTORATION
**************************************

[FRP] solve 529 of phase 14, thetak=5.229e-03, Delta=5.000e-04

**************************************
Iteration 591:
thetak = 0.005229051873116338
objk = 2.9049724366809566
trustRadius = 0.0005
sampleRadius = 0.0005
stepNorm = 0.23404344626472096
chi = 0.2881089701299526
Iteration time (s) = 1.0009374618530273
RESTORATION
**************************************

[FRP] solve 530 of phase 14, thetak=5.229e-03, Delta=5.000e-04

**************************************
Iteration 592:
thetak = 0.005229051873116338
objk = 2.9049724366809566
trustRadius = 0.0005
sampleRadius = 0.0005
stepNorm = 0.23404344626472096
chi = 0.2881089701299526
Iteration time (s) = 0.914376974105835
RESTORATION
**************************************

[FRP] solve 531 of phase 14, thetak=5.229e-03, Delta=5.000e-04

**************************************
Iteration 593:
thetak = 0.005229051873116338
objk = 2.9049724366809566
trustRadius = 0.0005
sampleRadius = 0.0005
stepNorm = 0.23404344626472096
chi = 0.2881089701299526
Iteration time (s) = 0.8010835647583008
RESTORATION
**************************************

[FRP] solve 532 of phase 14, thetak=5.229e-03, Delta=5.000e-04

**************************************
Iteration 594:
thetak = 0.005229051873116338
objk = 2.9049724366809566
trustRadius = 0.0005
sampleRadius = 0.0005
stepNorm = 0.23404344626472096
chi = 0.2881089701299526
Iteration time (s) = 0.936450719833374
RESTORATION
**************************************

[FRP] solve 533 of phase 14, thetak=5.229e-03, Delta=5.000e-04

**************************************
Iteration 595:
thetak = 0.005229051873116338
objk = 2.9049724366809566
trustRadius = 0.0005
sampleRadius = 0.0005
stepNorm = 0.23404344626472096
chi = 0.2881089701299526
Iteration time (s) = 0.8054571151733398
RESTORATION
**************************************

[FRP] solve 534 of phase 14, thetak=5.229e-03, Delta=5.000e-04

**************************************
Iteration 596:
thetak = 0.005229051873116338
objk = 2.9049724366809566
trustRadius = 0.0005
sampleRadius = 0.0005
stepNorm = 0.23404344626472096
chi = 0.2881089701299526
Iteration time (s) = 0.8088047504425049
RESTORATION
**************************************

[FRP] solve 535 of phase 14, thetak=5.229e-03, Delta=5.000e-04

**************************************
Iteration 597:
thetak = 0.005229051873116338
objk = 2.9049724366809566
trustRadius = 0.0005
sampleRadius = 0.0005
stepNorm = 0.23404344626472096
chi = 0.2881089701299526
Iteration time (s) = 0.8008942604064941
RESTORATION
**************************************

[FRP] solve 536 of phase 14, thetak=5.229e-03, Delta=5.000e-04

**************************************
Iteration 598:
thetak = 0.005229051873116338
objk = 2.9049724366809566
trustRadius = 0.0005
sampleRadius = 0.0005
stepNorm = 0.23404344626472096
chi = 0.2881089701299526
Iteration time (s) = 0.9118163585662842
RESTORATION
**************************************

[FRP] solve 537 of phase 14, thetak=5.229e-03, Delta=5.000e-04

**************************************
Iteration 599:
thetak = 0.005229051873116338
objk = 2.9049724366809566
trustRadius = 0.0005
sampleRadius = 0.0005
stepNorm = 0.23404344626472096
chi = 0.2881089701299526
Iteration time (s) = 0.8097608089447021
RESTORATION
**************************************

[FRP] solve 538 of phase 14, thetak=5.229e-03, Delta=5.000e-04

**************************************
Iteration 600:
thetak = 0.005229051873116338
objk = 2.9049724366809566
trustRadius = 0.0005
sampleRadius = 0.0005
stepNorm = 0.23404344626472096
chi = 0.2881089701299526
Iteration time (s) = 0.7981956005096436
RESTORATION
**************************************

[FRP] solve 539 of phase 14, thetak=5.229e-03, Delta=5.000e-04

**************************************
Iteration 601:
thetak = 0.005229051873116338
objk = 2.9049724366809566
trustRadius = 0.0005
sampleRadius = 0.0005
stepNorm = 0.23404344626472096
chi = 0.2881089701299526
Iteration time (s) = 0.8067145347595215
RESTORATION
**************************************

[FRP] solve 540 of phase 14, thetak=5.229e-03, Delta=5.000e-04

**************************************
Iteration 602:
thetak = 0.005229051873116338
objk = 2.9049724366809566
trustRadius = 0.0005
sampleRadius = 0.0005
stepNorm = 0.23404344626472096
chi = 0.2881089701299526
Iteration time (s) = 0.9183733463287354
RESTORATION
**************************************

[FRP] solve 541 of phase 14, thetak=5.229e-03, Delta=5.000e-04

**************************************
Iteration 603:
thetak = 0.005229051873116338
objk = 2.9049724366809566
trustRadius = 0.0005
sampleRadius = 0.0005
stepNorm = 0.23404344626472096
chi = 0.2881089701299526
Iteration time (s) = 0.9309070110321045
RESTORATION
**************************************

[FRP] solve 542 of phase 14, thetak=5.229e-03, Delta=5.000e-04

**************************************
Iteration 604:
thetak = 0.005229051873116338
objk = 2.9049724366809566
trustRadius = 0.0005
sampleRadius = 0.0005
stepNorm = 0.23404344626472096
chi = 0.2881089701299526
Iteration time (s) = 0.9472405910491943
RESTORATION
**************************************

[FRP] solve 543 of phase 14, thetak=5.229e-03, Delta=5.000e-04

**************************************
Iteration 605:
thetak = 0.005229051873116338
objk = 2.9049724366809566
trustRadius = 0.0005
sampleRadius = 0.0005
stepNorm = 0.23404344626472096
chi = 0.2881089701299526
Iteration time (s) = 0.8191065788269043
RESTORATION
**************************************

[FRP] solve 544 of phase 14, thetak=5.229e-03, Delta=5.000e-04

**************************************
Iteration 606:
thetak = 0.005229051873116338
objk = 2.9049724366809566
trustRadius = 0.0005
sampleRadius = 0.0005
stepNorm = 0.23404344626472096
chi = 0.2881089701299526
Iteration time (s) = 0.9096417427062988
RESTORATION
**************************************

[FRP] solve 545 of phase 14, thetak=5.229e-03, Delta=5.000e-04

**************************************
Iteration 607:
thetak = 0.005229051873116338
objk = 2.9049724366809566
trustRadius = 0.0005
sampleRadius = 0.0005
stepNorm = 0.23404344626472096
chi = 0.2881089701299526
Iteration time (s) = 1.3854327201843262
RESTORATION
**************************************

[FRP] solve 546 of phase 14, thetak=5.229e-03, Delta=5.000e-04

**************************************
Iteration 608:
thetak = 0.005229051873116338
objk = 2.9049724366809566
trustRadius = 0.0005
sampleRadius = 0.0005
stepNorm = 0.23404344626472096
chi = 0.2881089701299526
Iteration time (s) = 0.8112156391143799
RESTORATION
**************************************

[FRP] solve 547 of phase 14, thetak=5.229e-03, Delta=5.000e-04

**************************************
Iteration 609:
thetak = 0.005229051873116338
objk = 2.9049724366809566
trustRadius = 0.0005
sampleRadius = 0.0005
stepNorm = 0.23404344626472096
chi = 0.2881089701299526
Iteration time (s) = 0.911923885345459
RESTORATION
**************************************

[FRP] solve 548 of phase 14, thetak=5.229e-03, Delta=5.000e-04

**************************************
Iteration 610:
thetak = 0.005229051873116338
objk = 2.9049724366809566
trustRadius = 0.0005
sampleRadius = 0.0005
stepNorm = 0.23404344626472096
chi = 0.2881089701299526
Iteration time (s) = 0.9388751983642578
RESTORATION
**************************************

[FRP] solve 549 of phase 14, thetak=5.229e-03, Delta=5.000e-04

**************************************
Iteration 611:
thetak = 0.005229051873116338
objk = 2.9049724366809566
trustRadius = 0.0005
sampleRadius = 0.0005
stepNorm = 0.23404344626472096
chi = 0.2881089701299526
Iteration time (s) = 0.9236013889312744
RESTORATION
**************************************

[FRP] solve 550 of phase 14, thetak=5.229e-03, Delta=5.000e-04

**************************************
Iteration 612:
thetak = 0.005229051873116338
objk = 2.9049724366809566
trustRadius = 0.0005
sampleRadius = 0.0005
stepNorm = 0.23404344626472096
chi = 0.2881089701299526
Iteration time (s) = 0.9134640693664551
RESTORATION
**************************************

[FRP] solve 551 of phase 14, thetak=5.229e-03, Delta=5.000e-04

**************************************
Iteration 613:
thetak = 0.005229051873116338
objk = 2.9049724366809566
trustRadius = 0.0005
sampleRadius = 0.0005
stepNorm = 0.23404344626472096
chi = 0.2881089701299526
Iteration time (s) = 0.9194886684417725
RESTORATION
**************************************

[FRP] solve 552 of phase 14, thetak=5.229e-03, Delta=5.000e-04

**************************************
Iteration 614:
thetak = 0.005229051873116338
objk = 2.9049724366809566
trustRadius = 0.0005
sampleRadius = 0.0005
stepNorm = 0.23404344626472096
chi = 0.2881089701299526
Iteration time (s) = 0.908247709274292
RESTORATION
**************************************

[FRP] solve 553 of phase 14, thetak=5.229e-03, Delta=5.000e-04

**************************************
Iteration 615:
thetak = 0.005229051873116338
objk = 2.9049724366809566
trustRadius = 0.0005
sampleRadius = 0.0005
stepNorm = 0.23404344626472096
chi = 0.2881089701299526
Iteration time (s) = 0.9620673656463623
RESTORATION
**************************************

[FRP] solve 554 of phase 14, thetak=5.229e-03, Delta=5.000e-04

**************************************
Iteration 616:
thetak = 0.005229051873116338
objk = 2.9049724366809566
trustRadius = 0.0005
sampleRadius = 0.0005
stepNorm = 0.23404344626472096
chi = 0.2881089701299526
Iteration time (s) = 1.0922739505767822
RESTORATION
**************************************

[FRP] solve 555 of phase 14, thetak=5.229e-03, Delta=5.000e-04

**************************************
Iteration 617:
thetak = 0.005229051873116338
objk = 2.9049724366809566
trustRadius = 0.0005
sampleRadius = 0.0005
stepNorm = 0.23404344626472096
chi = 0.2881089701299526
Iteration time (s) = 0.9058775901794434
RESTORATION
**************************************

[FRP] solve 556 of phase 14, thetak=5.229e-03, Delta=5.000e-04

**************************************
Iteration 618:
thetak = 0.005229051873116338
objk = 2.9049724366809566
trustRadius = 0.0005
sampleRadius = 0.0005
stepNorm = 0.23404344626472096
chi = 0.2881089701299526
Iteration time (s) = 0.799755334854126
RESTORATION
**************************************

[FRP] solve 557 of phase 14, thetak=5.229e-03, Delta=5.000e-04

**************************************
Iteration 619:
thetak = 0.005229051873116338
objk = 2.9049724366809566
trustRadius = 0.0005
sampleRadius = 0.0005
stepNorm = 0.23404344626472096
chi = 0.2881089701299526
Iteration time (s) = 0.8258523941040039
RESTORATION
**************************************

[FRP] solve 558 of phase 14, thetak=5.229e-03, Delta=5.000e-04

**************************************
Iteration 620:
thetak = 0.005229051873116338
objk = 2.9049724366809566
trustRadius = 0.0005
sampleRadius = 0.0005
stepNorm = 0.23404344626472096
chi = 0.2881089701299526
Iteration time (s) = 0.8026149272918701
RESTORATION
**************************************

[FRP] solve 559 of phase 14, thetak=5.229e-03, Delta=5.000e-04

**************************************
Iteration 621:
thetak = 0.005229051873116338
objk = 2.9049724366809566
trustRadius = 0.0005
sampleRadius = 0.0005
stepNorm = 0.23404344626472096
chi = 0.2881089701299526
Iteration time (s) = 0.8233077526092529
RESTORATION
**************************************

[FRP] solve 560 of phase 14, thetak=5.229e-03, Delta=5.000e-04

**************************************
Iteration 622:
thetak = 0.005229051873116338
objk = 2.9049724366809566
trustRadius = 0.0005
sampleRadius = 0.0005
stepNorm = 0.23404344626472096
chi = 0.2881089701299526
Iteration time (s) = 0.9069783687591553
RESTORATION
**************************************

[FRP] solve 561 of phase 14, thetak=5.229e-03, Delta=5.000e-04

**************************************
Iteration 623:
thetak = 0.005229051873116338
objk = 2.9049724366809566
trustRadius = 0.0005
sampleRadius = 0.0005
stepNorm = 0.23404344626472096
chi = 0.2881089701299526
Iteration time (s) = 0.8272991180419922
RESTORATION
**************************************

[FRP] solve 562 of phase 14, thetak=5.229e-03, Delta=5.000e-04

**************************************
Iteration 624:
thetak = 0.005229051873116338
objk = 2.9049724366809566
trustRadius = 0.0005
sampleRadius = 0.0005
stepNorm = 0.23404344626472096
chi = 0.2881089701299526
Iteration time (s) = 0.8231096267700195
RESTORATION
**************************************

[FRP] solve 563 of phase 14, thetak=5.229e-03, Delta=5.000e-04

**************************************
Iteration 625:
thetak = 0.005229051873116338
objk = 2.9049724366809566
trustRadius = 0.0005
sampleRadius = 0.0005
stepNorm = 0.23404344626472096
chi = 0.2881089701299526
Iteration time (s) = 0.802753210067749
RESTORATION
**************************************

[FRP] solve 564 of phase 14, thetak=5.229e-03, Delta=5.000e-04

**************************************
Iteration 626:
thetak = 0.005229051873116338
objk = 2.9049724366809566
trustRadius = 0.0005
sampleRadius = 0.0005
stepNorm = 0.23404344626472096
chi = 0.2881089701299526
Iteration time (s) = 0.906982421875
RESTORATION
**************************************

[FRP] solve 565 of phase 14, thetak=5.229e-03, Delta=5.000e-04

**************************************
Iteration 627:
thetak = 0.005229051873116338
objk = 2.9049724366809566
trustRadius = 0.0005
sampleRadius = 0.0005
stepNorm = 0.23404344626472096
chi = 0.2881089701299526
Iteration time (s) = 1.049858808517456
RESTORATION
**************************************

[FRP] solve 566 of phase 14, thetak=5.229e-03, Delta=5.000e-04

**************************************
Iteration 628:
thetak = 0.005229051873116338
objk = 2.9049724366809566
trustRadius = 0.0005
sampleRadius = 0.0005
stepNorm = 0.23404344626472096
chi = 0.2881089701299526
Iteration time (s) = 0.9140706062316895
RESTORATION
**************************************

[FRP] solve 567 of phase 14, thetak=5.229e-03, Delta=5.000e-04

**************************************
Iteration 629:
thetak = 0.005229051873116338
objk = 2.9049724366809566
trustRadius = 0.0005
sampleRadius = 0.0005
stepNorm = 0.23404344626472096
chi = 0.2881089701299526
Iteration time (s) = 0.9337987899780273
RESTORATION
**************************************

[FRP] solve 568 of phase 14, thetak=5.229e-03, Delta=5.000e-04

**************************************
Iteration 630:
thetak = 0.005229051873116338
objk = 2.9049724366809566
trustRadius = 0.0005
sampleRadius = 0.0005
stepNorm = 0.23404344626472096
chi = 0.2881089701299526
Iteration time (s) = 0.8522512912750244
RESTORATION
**************************************

[FRP] solve 569 of phase 14, thetak=5.229e-03, Delta=5.000e-04

**************************************
Iteration 631:
thetak = 0.005229051873116338
objk = 2.9049724366809566
trustRadius = 0.0005
sampleRadius = 0.0005
stepNorm = 0.23404344626472096
chi = 0.2881089701299526
Iteration time (s) = 0.8027424812316895
RESTORATION
**************************************

[FRP] solve 570 of phase 14, thetak=5.229e-03, Delta=5.000e-04

**************************************
Iteration 632:
thetak = 0.005229051873116338
objk = 2.9049724366809566
trustRadius = 0.0005
sampleRadius = 0.0005
stepNorm = 0.23404344626472096
chi = 0.2881089701299526
Iteration time (s) = 1.3073351383209229
RESTORATION
**************************************

[FRP] solve 571 of phase 14, thetak=5.229e-03, Delta=5.000e-04

**************************************
Iteration 633:
thetak = 0.005229051873116338
objk = 2.9049724366809566
trustRadius = 0.0005
sampleRadius = 0.0005
stepNorm = 0.23404344626472096
chi = 0.2881089701299526
Iteration time (s) = 0.7840049266815186
RESTORATION
**************************************

[FRP] solve 572 of phase 14, thetak=5.229e-03, Delta=5.000e-04

**************************************
Iteration 634:
thetak = 0.005229051873116338
objk = 2.9049724366809566
trustRadius = 0.0005
sampleRadius = 0.0005
stepNorm = 0.23404344626472096
chi = 0.2881089701299526
Iteration time (s) = 0.8133687973022461
RESTORATION
**************************************

[FRP] solve 573 of phase 14, thetak=5.229e-03, Delta=5.000e-04

**************************************
Iteration 635:
thetak = 0.005229051873116338
objk = 2.9049724366809566
trustRadius = 0.0005
sampleRadius = 0.0005
stepNorm = 0.23404344626472096
chi = 0.2881089701299526
Iteration time (s) = 0.7984731197357178
RESTORATION
**************************************

[FRP] solve 574 of phase 14, thetak=5.229e-03, Delta=5.000e-04

**************************************
Iteration 636:
thetak = 0.005229051873116338
objk = 2.9049724366809566
trustRadius = 0.0005
sampleRadius = 0.0005
stepNorm = 0.23404344626472096
chi = 0.2881089701299526
Iteration time (s) = 0.8152527809143066
RESTORATION
**************************************

[FRP] solve 575 of phase 14, thetak=5.229e-03, Delta=5.000e-04

**************************************
Iteration 637:
thetak = 0.005229051873116338
objk = 2.9049724366809566
trustRadius = 0.0005
sampleRadius = 0.0005
stepNorm = 0.23404344626472096
chi = 0.2881089701299526
Iteration time (s) = 0.9016809463500977
RESTORATION
**************************************

[FRP] solve 576 of phase 14, thetak=5.229e-03, Delta=5.000e-04

**************************************
Iteration 638:
thetak = 0.005229051873116338
objk = 2.9049724366809566
trustRadius = 0.0005
sampleRadius = 0.0005
stepNorm = 0.23404344626472096
chi = 0.2881089701299526
Iteration time (s) = 0.8955662250518799
RESTORATION
**************************************

[FRP] solve 577 of phase 14, thetak=5.229e-03, Delta=5.000e-04

**************************************
Iteration 639:
thetak = 0.005229051873116338
objk = 2.9049724366809566
trustRadius = 0.0005
sampleRadius = 0.0005
stepNorm = 0.23404344626472096
chi = 0.2881089701299526
Iteration time (s) = 0.9149196147918701
RESTORATION
**************************************

[FRP] solve 578 of phase 14, thetak=5.229e-03, Delta=5.000e-04

**************************************
Iteration 640:
thetak = 0.005229051873116338
objk = 2.9049724366809566
trustRadius = 0.0005
sampleRadius = 0.0005
stepNorm = 0.23404344626472096
chi = 0.2881089701299526
Iteration time (s) = 0.9148886203765869
RESTORATION
**************************************

[FRP] solve 579 of phase 14, thetak=5.229e-03, Delta=5.000e-04

**************************************
Iteration 641:
thetak = 0.005229051873116338
objk = 2.9049724366809566
trustRadius = 0.0005
sampleRadius = 0.0005
stepNorm = 0.23404344626472096
chi = 0.2881089701299526
Iteration time (s) = 0.7955155372619629
RESTORATION
**************************************

[FRP] solve 580 of phase 14, thetak=5.229e-03, Delta=5.000e-04

**************************************
Iteration 642:
thetak = 0.005229051873116338
objk = 2.9049724366809566
trustRadius = 0.0005
sampleRadius = 0.0005
stepNorm = 0.23404344626472096
chi = 0.2881089701299526
Iteration time (s) = 0.9491329193115234
RESTORATION
**************************************

[FRP] solve 581 of phase 14, thetak=5.229e-03, Delta=5.000e-04

**************************************
Iteration 643:
thetak = 0.005229051873116338
objk = 2.9049724366809566
trustRadius = 0.0005
sampleRadius = 0.0005
stepNorm = 0.23404344626472096
chi = 0.2881089701299526
Iteration time (s) = 0.7999656200408936
RESTORATION
**************************************

[FRP] solve 582 of phase 14, thetak=5.229e-03, Delta=5.000e-04

**************************************
Iteration 644:
thetak = 0.005229051873116338
objk = 2.9049724366809566
trustRadius = 0.0005
sampleRadius = 0.0005
stepNorm = 0.23404344626472096
chi = 0.2881089701299526
Iteration time (s) = 0.9113020896911621
RESTORATION
**************************************

[FRP] solve 583 of phase 14, thetak=5.229e-03, Delta=5.000e-04

**************************************
Iteration 645:
thetak = 0.005229051873116338
objk = 2.9049724366809566
trustRadius = 0.0005
sampleRadius = 0.0005
stepNorm = 0.23404344626472096
chi = 0.2881089701299526
Iteration time (s) = 0.923830509185791
RESTORATION
**************************************

[FRP] solve 584 of phase 14, thetak=5.229e-03, Delta=5.000e-04

**************************************
Iteration 646:
thetak = 0.005229051873116338
objk = 2.9049724366809566
trustRadius = 0.0005
sampleRadius = 0.0005
stepNorm = 0.23404344626472096
chi = 0.2881089701299526
Iteration time (s) = 0.784705400466919
RESTORATION
**************************************

[FRP] solve 585 of phase 14, thetak=5.229e-03, Delta=5.000e-04

**************************************
Iteration 647:
thetak = 0.005229051873116338
objk = 2.9049724366809566
trustRadius = 0.0005
sampleRadius = 0.0005
stepNorm = 0.23404344626472096
chi = 0.2881089701299526
Iteration time (s) = 0.9327316284179688
RESTORATION
**************************************

[FRP] solve 586 of phase 14, thetak=5.229e-03, Delta=5.000e-04

**************************************
Iteration 648:
thetak = 0.005229051873116338
objk = 2.9049724366809566
trustRadius = 0.0005
sampleRadius = 0.0005
stepNorm = 0.23404344626472096
chi = 0.2881089701299526
Iteration time (s) = 0.8988115787506104
RESTORATION
**************************************

[FRP] solve 587 of phase 14, thetak=5.229e-03, Delta=5.000e-04

**************************************
Iteration 649:
thetak = 0.005229051873116338
objk = 2.9049724366809566
trustRadius = 0.0005
sampleRadius = 0.0005
stepNorm = 0.23404344626472096
chi = 0.2881089701299526
Iteration time (s) = 0.8875162601470947
RESTORATION
**************************************

[FRP] solve 588 of phase 14, thetak=5.229e-03, Delta=5.000e-04

**************************************
Iteration 650:
thetak = 0.005229051873116338
objk = 2.9049724366809566
trustRadius = 0.0005
sampleRadius = 0.0005
stepNorm = 0.23404344626472096
chi = 0.2881089701299526
Iteration time (s) = 0.9328734874725342
RESTORATION
**************************************

[FRP] solve 589 of phase 14, thetak=5.229e-03, Delta=5.000e-04

**************************************
Iteration 651:
thetak = 0.005229051873116338
objk = 2.9049724366809566
trustRadius = 0.0005
sampleRadius = 0.0005
stepNorm = 0.23404344626472096
chi = 0.2881089701299526
Iteration time (s) = 0.915381908416748
RESTORATION
**************************************

[FRP] solve 590 of phase 14, thetak=5.229e-03, Delta=5.000e-04

**************************************
Iteration 652:
thetak = 0.005229051873116338
objk = 2.9049724366809566
trustRadius = 0.0005
sampleRadius = 0.0005
stepNorm = 0.23404344626472096
chi = 0.2881089701299526
Iteration time (s) = 0.9121882915496826
RESTORATION
**************************************

[FRP] solve 591 of phase 14, thetak=5.229e-03, Delta=5.000e-04

**************************************
Iteration 653:
thetak = 0.005229051873116338
objk = 2.9049724366809566
trustRadius = 0.0005
sampleRadius = 0.0005
stepNorm = 0.23404344626472096
chi = 0.2881089701299526
Iteration time (s) = 1.1604187488555908
RESTORATION
**************************************

[FRP] solve 592 of phase 14, thetak=5.229e-03, Delta=5.000e-04

**************************************
Iteration 654:
thetak = 0.005229051873116338
objk = 2.9049724366809566
trustRadius = 0.0005
sampleRadius = 0.0005
stepNorm = 0.23404344626472096
chi = 0.2881089701299526
Iteration time (s) = 0.800020694732666
RESTORATION
**************************************

[FRP] solve 593 of phase 14, thetak=5.229e-03, Delta=5.000e-04

**************************************
Iteration 655:
thetak = 0.005229051873116338
objk = 2.9049724366809566
trustRadius = 0.0005
sampleRadius = 0.0005
stepNorm = 0.23404344626472096
chi = 0.2881089701299526
Iteration time (s) = 0.9357390403747559
RESTORATION
**************************************

[FRP] solve 594 of phase 14, thetak=5.229e-03, Delta=5.000e-04

**************************************
Iteration 656:
thetak = 0.005229051873116338
objk = 2.9049724366809566
trustRadius = 0.0005
sampleRadius = 0.0005
stepNorm = 0.23404344626472096
chi = 0.2881089701299526
Iteration time (s) = 0.7960169315338135
RESTORATION
**************************************

[FRP] solve 595 of phase 14, thetak=5.229e-03, Delta=5.000e-04

**************************************
Iteration 657:
thetak = 0.005229051873116338
objk = 2.9049724366809566
trustRadius = 0.0005
sampleRadius = 0.0005
stepNorm = 0.23404344626472096
chi = 0.2881089701299526
Iteration time (s) = 0.8047068119049072
RESTORATION
**************************************

[FRP] solve 596 of phase 14, thetak=5.229e-03, Delta=5.000e-04

**************************************
Iteration 658:
thetak = 0.005229051873116338
objk = 2.9049724366809566
trustRadius = 0.0005
sampleRadius = 0.0005
stepNorm = 0.23404344626472096
chi = 0.2881089701299526
Iteration time (s) = 0.9155399799346924
RESTORATION
**************************************

[FRP] solve 597 of phase 14, thetak=5.229e-03, Delta=5.000e-04

**************************************
Iteration 659:
thetak = 0.005229051873116338
objk = 2.9049724366809566
trustRadius = 0.0005
sampleRadius = 0.0005
stepNorm = 0.23404344626472096
chi = 0.2881089701299526
Iteration time (s) = 0.8036298751831055
RESTORATION
**************************************

[FRP] solve 598 of phase 14, thetak=5.229e-03, Delta=5.000e-04

**************************************
Iteration 660:
thetak = 0.005229051873116338
objk = 2.9049724366809566
trustRadius = 0.0005
sampleRadius = 0.0005
stepNorm = 0.23404344626472096
chi = 0.2881089701299526
Iteration time (s) = 0.8067653179168701
RESTORATION
**************************************

[FRP] solve 599 of phase 14, thetak=5.229e-03, Delta=5.000e-04

**************************************
Iteration 661:
thetak = 0.005229051873116338
objk = 2.9049724366809566
trustRadius = 0.0005
sampleRadius = 0.0005
stepNorm = 0.23404344626472096
chi = 0.2881089701299526
Iteration time (s) = 0.8223123550415039
RESTORATION
**************************************

[FRP] solve 600 of phase 14, thetak=5.229e-03, Delta=5.000e-04

**************************************
Iteration 662:
thetak = 0.005229051873116338
objk = 2.9049724366809566
trustRadius = 0.0005
sampleRadius = 0.0005
stepNorm = 0.23404344626472096
chi = 0.2881089701299526
Iteration time (s) = 0.8077983856201172
RESTORATION
**************************************

[FRP] solve 601 of phase 14, thetak=5.229e-03, Delta=5.000e-04

**************************************
Iteration 663:
thetak = 0.005229051873116338
objk = 2.9049724366809566
trustRadius = 0.0005
sampleRadius = 0.0005
stepNorm = 0.23404344626472096
chi = 0.2881089701299526
Iteration time (s) = 0.9184365272521973
RESTORATION
**************************************

[FRP] solve 602 of phase 14, thetak=5.229e-03, Delta=5.000e-04

**************************************
Iteration 664:
thetak = 0.005229051873116338
objk = 2.9049724366809566
trustRadius = 0.0005
sampleRadius = 0.0005
stepNorm = 0.23404344626472096
chi = 0.2881089701299526
Iteration time (s) = 0.9464573860168457
RESTORATION
**************************************

[FRP] solve 603 of phase 14, thetak=5.229e-03, Delta=5.000e-04

**************************************
Iteration 665:
thetak = 0.005229051873116338
objk = 2.9049724366809566
trustRadius = 0.0005
sampleRadius = 0.0005
stepNorm = 0.23404344626472096
chi = 0.2881089701299526
Iteration time (s) = 1.5909264087677002
RESTORATION
**************************************

[FRP] solve 604 of phase 14, thetak=5.229e-03, Delta=5.000e-04

**************************************
Iteration 666:
thetak = 0.005229051873116338
objk = 2.9049724366809566
trustRadius = 0.0005
sampleRadius = 0.0005
stepNorm = 0.23404344626472096
chi = 0.2881089701299526
Iteration time (s) = 1.1526710987091064
RESTORATION
**************************************

[FRP] solve 605 of phase 14, thetak=5.229e-03, Delta=5.000e-04

**************************************
Iteration 667:
thetak = 0.005229051873116338
objk = 2.9049724366809566
trustRadius = 0.0005
sampleRadius = 0.0005
stepNorm = 0.23404344626472096
chi = 0.2881089701299526
Iteration time (s) = 1.3426706790924072
RESTORATION
**************************************

[FRP] solve 606 of phase 14, thetak=5.229e-03, Delta=5.000e-04

**************************************
Iteration 668:
thetak = 0.005229051873116338
objk = 2.9049724366809566
trustRadius = 0.0005
sampleRadius = 0.0005
stepNorm = 0.23404344626472096
chi = 0.2881089701299526
Iteration time (s) = 1.190925121307373
RESTORATION
**************************************

[FRP] solve 607 of phase 14, thetak=5.229e-03, Delta=5.000e-04

**************************************
Iteration 669:
thetak = 0.005229051873116338
objk = 2.9049724366809566
trustRadius = 0.0005
sampleRadius = 0.0005
stepNorm = 0.23404344626472096
chi = 0.2881089701299526
Iteration time (s) = 1.27828049659729
RESTORATION
**************************************

[FRP] solve 608 of phase 14, thetak=5.229e-03, Delta=5.000e-04

**************************************
Iteration 670:
thetak = 0.005229051873116338
objk = 2.9049724366809566
trustRadius = 0.0005
sampleRadius = 0.0005
stepNorm = 0.23404344626472096
chi = 0.2881089701299526
Iteration time (s) = 1.5718090534210205
RESTORATION
**************************************

[FRP] solve 609 of phase 14, thetak=5.229e-03, Delta=5.000e-04

**************************************
Iteration 671:
thetak = 0.005229051873116338
objk = 2.9049724366809566
trustRadius = 0.0005
sampleRadius = 0.0005
stepNorm = 0.23404344626472096
chi = 0.2881089701299526
Iteration time (s) = 1.1642134189605713
RESTORATION
**************************************

[FRP] solve 610 of phase 14, thetak=5.229e-03, Delta=5.000e-04

**************************************
Iteration 672:
thetak = 0.005229051873116338
objk = 2.9049724366809566
trustRadius = 0.0005
sampleRadius = 0.0005
stepNorm = 0.23404344626472096
chi = 0.2881089701299526
Iteration time (s) = 0.9276468753814697
RESTORATION
**************************************

[FRP] solve 611 of phase 14, thetak=5.229e-03, Delta=5.000e-04

**************************************
Iteration 673:
thetak = 0.005229051873116338
objk = 2.9049724366809566
trustRadius = 0.0005
sampleRadius = 0.0005
stepNorm = 0.23404344626472096
chi = 0.2881089701299526
Iteration time (s) = 0.8138799667358398
RESTORATION
**************************************

[FRP] solve 612 of phase 14, thetak=5.229e-03, Delta=5.000e-04

**************************************
Iteration 674:
thetak = 0.005229051873116338
objk = 2.9049724366809566
trustRadius = 0.0005
sampleRadius = 0.0005
stepNorm = 0.23404344626472096
chi = 0.2881089701299526
Iteration time (s) = 1.0226473808288574
RESTORATION
**************************************

[FRP] solve 613 of phase 14, thetak=5.229e-03, Delta=5.000e-04

**************************************
Iteration 675:
thetak = 0.005229051873116338
objk = 2.9049724366809566
trustRadius = 0.0005
sampleRadius = 0.0005
stepNorm = 0.23404344626472096
chi = 0.2881089701299526
Iteration time (s) = 1.112316370010376
RESTORATION
**************************************

[FRP] solve 614 of phase 14, thetak=5.229e-03, Delta=5.000e-04

**************************************
Iteration 676:
thetak = 0.005229051873116338
objk = 2.9049724366809566
trustRadius = 0.0005
sampleRadius = 0.0005
stepNorm = 0.23404344626472096
chi = 0.2881089701299526
Iteration time (s) = 0.9284014701843262
RESTORATION
**************************************

[FRP] solve 615 of phase 14, thetak=5.229e-03, Delta=5.000e-04

**************************************
Iteration 677:
thetak = 0.005229051873116338
objk = 2.9049724366809566
trustRadius = 0.0005
sampleRadius = 0.0005
stepNorm = 0.23404344626472096
chi = 0.2881089701299526
Iteration time (s) = 1.0571234226226807
RESTORATION
**************************************

[FRP] solve 616 of phase 14, thetak=5.229e-03, Delta=5.000e-04

**************************************
Iteration 678:
thetak = 0.005229051873116338
objk = 2.9049724366809566
trustRadius = 0.0005
sampleRadius = 0.0005
stepNorm = 0.23404344626472096
chi = 0.2881089701299526
Iteration time (s) = 0.8141183853149414
RESTORATION
**************************************

[FRP] solve 617 of phase 14, thetak=5.229e-03, Delta=5.000e-04

**************************************
Iteration 679:
thetak = 0.005229051873116338
objk = 2.9049724366809566
trustRadius = 0.0005
sampleRadius = 0.0005
stepNorm = 0.23404344626472096
chi = 0.2881089701299526
Iteration time (s) = 0.9136903285980225
RESTORATION
**************************************

[FRP] solve 618 of phase 14, thetak=5.229e-03, Delta=5.000e-04

**************************************
Iteration 680:
thetak = 0.005229051873116338
objk = 2.9049724366809566
trustRadius = 0.0005
sampleRadius = 0.0005
stepNorm = 0.23404344626472096
chi = 0.2881089701299526
Iteration time (s) = 0.9352450370788574
RESTORATION
**************************************

[FRP] solve 619 of phase 14, thetak=5.229e-03, Delta=5.000e-04

**************************************
Iteration 681:
thetak = 0.005229051873116338
objk = 2.9049724366809566
trustRadius = 0.0005
sampleRadius = 0.0005
stepNorm = 0.23404344626472096
chi = 0.2881089701299526
Iteration time (s) = 0.930938720703125
RESTORATION
**************************************

[FRP] solve 620 of phase 14, thetak=5.229e-03, Delta=5.000e-04

**************************************
Iteration 682:
thetak = 0.005229051873116338
objk = 2.9049724366809566
trustRadius = 0.0005
sampleRadius = 0.0005
stepNorm = 0.23404344626472096
chi = 0.2881089701299526
Iteration time (s) = 0.819267749786377
RESTORATION
**************************************

[FRP] solve 621 of phase 14, thetak=5.229e-03, Delta=5.000e-04

**************************************
Iteration 683:
thetak = 0.005229051873116338
objk = 2.9049724366809566
trustRadius = 0.0005
sampleRadius = 0.0005
stepNorm = 0.23404344626472096
chi = 0.2881089701299526
Iteration time (s) = 1.0687084197998047
RESTORATION
**************************************

[FRP] solve 622 of phase 14, thetak=5.229e-03, Delta=5.000e-04

**************************************
Iteration 684:
thetak = 0.005229051873116338
objk = 2.9049724366809566
trustRadius = 0.0005
sampleRadius = 0.0005
stepNorm = 0.23404344626472096
chi = 0.2881089701299526
Iteration time (s) = 0.8208637237548828
RESTORATION
**************************************

[FRP] solve 623 of phase 14, thetak=5.229e-03, Delta=5.000e-04

**************************************
Iteration 685:
thetak = 0.005229051873116338
objk = 2.9049724366809566
trustRadius = 0.0005
sampleRadius = 0.0005
stepNorm = 0.23404344626472096
chi = 0.2881089701299526
Iteration time (s) = 0.8194384574890137
RESTORATION
**************************************

[FRP] solve 624 of phase 14, thetak=5.229e-03, Delta=5.000e-04

**************************************
Iteration 686:
thetak = 0.005229051873116338
objk = 2.9049724366809566
trustRadius = 0.0005
sampleRadius = 0.0005
stepNorm = 0.23404344626472096
chi = 0.2881089701299526
Iteration time (s) = 0.8067200183868408
RESTORATION
**************************************

[FRP] solve 625 of phase 14, thetak=5.229e-03, Delta=5.000e-04

**************************************
Iteration 687:
thetak = 0.005229051873116338
objk = 2.9049724366809566
trustRadius = 0.0005
sampleRadius = 0.0005
stepNorm = 0.23404344626472096
chi = 0.2881089701299526
Iteration time (s) = 0.8078598976135254
RESTORATION
**************************************

[FRP] solve 626 of phase 14, thetak=5.229e-03, Delta=5.000e-04

**************************************
Iteration 688:
thetak = 0.005229051873116338
objk = 2.9049724366809566
trustRadius = 0.0005
sampleRadius = 0.0005
stepNorm = 0.23404344626472096
chi = 0.2881089701299526
Iteration time (s) = 0.9206359386444092
RESTORATION
**************************************

[FRP] solve 627 of phase 14, thetak=5.229e-03, Delta=5.000e-04

**************************************
Iteration 689:
thetak = 0.005229051873116338
objk = 2.9049724366809566
trustRadius = 0.0005
sampleRadius = 0.0005
stepNorm = 0.23404344626472096
chi = 0.2881089701299526
Iteration time (s) = 0.8043496608734131
RESTORATION
**************************************

[FRP] solve 628 of phase 14, thetak=5.229e-03, Delta=5.000e-04

**************************************
Iteration 690:
thetak = 0.005229051873116338
objk = 2.9049724366809566
trustRadius = 0.0005
sampleRadius = 0.0005
stepNorm = 0.23404344626472096
chi = 0.2881089701299526
Iteration time (s) = 0.9122390747070312
RESTORATION
**************************************

[FRP] solve 629 of phase 14, thetak=5.229e-03, Delta=5.000e-04

**************************************
Iteration 691:
thetak = 0.005229051873116338
objk = 2.9049724366809566
trustRadius = 0.0005
sampleRadius = 0.0005
stepNorm = 0.23404344626472096
chi = 0.2881089701299526
Iteration time (s) = 0.8098759651184082
RESTORATION
**************************************

[FRP] solve 630 of phase 14, thetak=5.229e-03, Delta=5.000e-04

**************************************
Iteration 692:
thetak = 0.005229051873116338
objk = 2.9049724366809566
trustRadius = 0.0005
sampleRadius = 0.0005
stepNorm = 0.23404344626472096
chi = 0.2881089701299526
Iteration time (s) = 0.8047218322753906
RESTORATION
**************************************

[FRP] solve 631 of phase 14, thetak=5.229e-03, Delta=5.000e-04

**************************************
Iteration 693:
thetak = 0.005229051873116338
objk = 2.9049724366809566
trustRadius = 0.0005
sampleRadius = 0.0005
stepNorm = 0.23404344626472096
chi = 0.2881089701299526
Iteration time (s) = 0.8136773109436035
RESTORATION
**************************************

[FRP] solve 632 of phase 14, thetak=5.229e-03, Delta=5.000e-04

**************************************
Iteration 694:
thetak = 0.005229051873116338
objk = 2.9049724366809566
trustRadius = 0.0005
sampleRadius = 0.0005
stepNorm = 0.23404344626472096
chi = 0.2881089701299526
Iteration time (s) = 0.7749507427215576
RESTORATION
**************************************

[FRP] solve 633 of phase 14, thetak=5.229e-03, Delta=5.000e-04

**************************************
Iteration 695:
thetak = 0.005229051873116338
objk = 2.9049724366809566
trustRadius = 0.0005
sampleRadius = 0.0005
stepNorm = 0.23404344626472096
chi = 0.2881089701299526
Iteration time (s) = 0.7952313423156738
RESTORATION
**************************************

[FRP] solve 634 of phase 14, thetak=5.229e-03, Delta=5.000e-04

**************************************
Iteration 696:
thetak = 0.005229051873116338
objk = 2.9049724366809566
trustRadius = 0.0005
sampleRadius = 0.0005
stepNorm = 0.23404344626472096
chi = 0.2881089701299526
Iteration time (s) = 0.8177371025085449
RESTORATION
**************************************

[FRP] solve 635 of phase 14, thetak=5.229e-03, Delta=5.000e-04

**************************************
Iteration 697:
thetak = 0.005229051873116338
objk = 2.9049724366809566
trustRadius = 0.0005
sampleRadius = 0.0005
stepNorm = 0.23404344626472096
chi = 0.2881089701299526
Iteration time (s) = 0.7966809272766113
RESTORATION
**************************************

[FRP] solve 636 of phase 14, thetak=5.229e-03, Delta=5.000e-04

**************************************
Iteration 698:
thetak = 0.005229051873116338
objk = 2.9049724366809566
trustRadius = 0.0005
sampleRadius = 0.0005
stepNorm = 0.23404344626472096
chi = 0.2881089701299526
Iteration time (s) = 0.8031198978424072
RESTORATION
**************************************

[FRP] solve 637 of phase 14, thetak=5.229e-03, Delta=5.000e-04

**************************************
Iteration 699:
thetak = 0.005229051873116338
objk = 2.9049724366809566
trustRadius = 0.0005
sampleRadius = 0.0005
stepNorm = 0.23404344626472096
chi = 0.2881089701299526
Iteration time (s) = 0.8134129047393799
RESTORATION
**************************************

[FRP] solve 638 of phase 14, thetak=5.229e-03, Delta=5.000e-04

**************************************
Iteration 700:
thetak = 0.005229051873116338
objk = 2.9049724366809566
trustRadius = 0.0005
sampleRadius = 0.0005
stepNorm = 0.23404344626472096
chi = 0.2881089701299526
Iteration time (s) = 0.9125003814697266
RESTORATION
**************************************

[FRP] solve 639 of phase 14, thetak=5.229e-03, Delta=5.000e-04

**************************************
Iteration 701:
thetak = 0.005229051873116338
objk = 2.9049724366809566
trustRadius = 0.0005
sampleRadius = 0.0005
stepNorm = 0.23404344626472096
chi = 0.2881089701299526
Iteration time (s) = 0.9150867462158203
RESTORATION
**************************************

[FRP] solve 640 of phase 14, thetak=5.229e-03, Delta=5.000e-04

**************************************
Iteration 702:
thetak = 0.005229051873116338
objk = 2.9049724366809566
trustRadius = 0.0005
sampleRadius = 0.0005
stepNorm = 0.23404344626472096
chi = 0.2881089701299526
Iteration time (s) = 0.9166219234466553
RESTORATION
**************************************

[FRP] solve 641 of phase 14, thetak=5.229e-03, Delta=5.000e-04

**************************************
Iteration 703:
thetak = 0.005229051873116338
objk = 2.9049724366809566
trustRadius = 0.0005
sampleRadius = 0.0005
stepNorm = 0.23404344626472096
chi = 0.2881089701299526
Iteration time (s) = 0.8038897514343262
RESTORATION
**************************************

[FRP] solve 642 of phase 14, thetak=5.229e-03, Delta=5.000e-04

**************************************
Iteration 704:
thetak = 0.005229051873116338
objk = 2.9049724366809566
trustRadius = 0.0005
sampleRadius = 0.0005
stepNorm = 0.23404344626472096
chi = 0.2881089701299526
Iteration time (s) = 0.7973980903625488
RESTORATION
**************************************

[FRP] solve 643 of phase 14, thetak=5.229e-03, Delta=5.000e-04

**************************************
Iteration 705:
thetak = 0.005229051873116338
objk = 2.9049724366809566
trustRadius = 0.0005
sampleRadius = 0.0005
stepNorm = 0.23404344626472096
chi = 0.2881089701299526
Iteration time (s) = 0.8053591251373291
RESTORATION
**************************************

[FRP] solve 644 of phase 14, thetak=5.229e-03, Delta=5.000e-04

**************************************
Iteration 706:
thetak = 0.005229051873116338
objk = 2.9049724366809566
trustRadius = 0.0005
sampleRadius = 0.0005
stepNorm = 0.23404344626472096
chi = 0.2881089701299526
Iteration time (s) = 0.7892513275146484
RESTORATION
**************************************

[FRP] solve 645 of phase 14, thetak=5.229e-03, Delta=5.000e-04

**************************************
Iteration 707:
thetak = 0.005229051873116338
objk = 2.9049724366809566
trustRadius = 0.0005
sampleRadius = 0.0005
stepNorm = 0.23404344626472096
chi = 0.2881089701299526
Iteration time (s) = 0.8044424057006836
RESTORATION
**************************************

[FRP] solve 646 of phase 14, thetak=5.229e-03, Delta=5.000e-04

**************************************
Iteration 708:
thetak = 0.005229051873116338
objk = 2.9049724366809566
trustRadius = 0.0005
sampleRadius = 0.0005
stepNorm = 0.23404344626472096
chi = 0.2881089701299526
Iteration time (s) = 0.8923244476318359
RESTORATION
**************************************

[FRP] solve 647 of phase 14, thetak=5.229e-03, Delta=5.000e-04

**************************************
Iteration 709:
thetak = 0.005229051873116338
objk = 2.9049724366809566
trustRadius = 0.0005
sampleRadius = 0.0005
stepNorm = 0.23404344626472096
chi = 0.2881089701299526
Iteration time (s) = 0.804049015045166
RESTORATION
**************************************

[FRP] solve 648 of phase 14, thetak=5.229e-03, Delta=5.000e-04

**************************************
Iteration 710:
thetak = 0.005229051873116338
objk = 2.9049724366809566
trustRadius = 0.0005
sampleRadius = 0.0005
stepNorm = 0.23404344626472096
chi = 0.2881089701299526
Iteration time (s) = 0.9108781814575195
RESTORATION
**************************************

[FRP] solve 649 of phase 14, thetak=5.229e-03, Delta=5.000e-04

**************************************
Iteration 711:
thetak = 0.005229051873116338
objk = 2.9049724366809566
trustRadius = 0.0005
sampleRadius = 0.0005
stepNorm = 0.23404344626472096
chi = 0.2881089701299526
Iteration time (s) = 0.8084230422973633
RESTORATION
**************************************

[FRP] solve 650 of phase 14, thetak=5.229e-03, Delta=5.000e-04

**************************************
Iteration 712:
thetak = 0.005229051873116338
objk = 2.9049724366809566
trustRadius = 0.0005
sampleRadius = 0.0005
stepNorm = 0.23404344626472096
chi = 0.2881089701299526
Iteration time (s) = 0.8139729499816895
RESTORATION
**************************************

[FRP] solve 651 of phase 14, thetak=5.229e-03, Delta=5.000e-04

**************************************
Iteration 713:
thetak = 0.005229051873116338
objk = 2.9049724366809566
trustRadius = 0.0005
sampleRadius = 0.0005
stepNorm = 0.23404344626472096
chi = 0.2881089701299526
Iteration time (s) = 0.8037219047546387
RESTORATION
**************************************

[FRP] solve 652 of phase 14, thetak=5.229e-03, Delta=5.000e-04

**************************************
Iteration 714:
thetak = 0.005229051873116338
objk = 2.9049724366809566
trustRadius = 0.0005
sampleRadius = 0.0005
stepNorm = 0.23404344626472096
chi = 0.2881089701299526
Iteration time (s) = 0.8073997497558594
RESTORATION
**************************************

[FRP] solve 653 of phase 14, thetak=5.229e-03, Delta=5.000e-04

**************************************
Iteration 715:
thetak = 0.005229051873116338
objk = 2.9049724366809566
trustRadius = 0.0005
sampleRadius = 0.0005
stepNorm = 0.23404344626472096
chi = 0.2881089701299526
Iteration time (s) = 0.9142673015594482
RESTORATION
**************************************

[FRP] solve 654 of phase 14, thetak=5.229e-03, Delta=5.000e-04

**************************************
Iteration 716:
thetak = 0.005229051873116338
objk = 2.9049724366809566
trustRadius = 0.0005
sampleRadius = 0.0005
stepNorm = 0.23404344626472096
chi = 0.2881089701299526
Iteration time (s) = 0.8081364631652832
RESTORATION
**************************************

[FRP] solve 655 of phase 14, thetak=5.229e-03, Delta=5.000e-04

**************************************
Iteration 717:
thetak = 0.005229051873116338
objk = 2.9049724366809566
trustRadius = 0.0005
sampleRadius = 0.0005
stepNorm = 0.23404344626472096
chi = 0.2881089701299526
Iteration time (s) = 0.9207589626312256
RESTORATION
**************************************

[FRP] solve 656 of phase 14, thetak=5.229e-03, Delta=5.000e-04

**************************************
Iteration 718:
thetak = 0.005229051873116338
objk = 2.9049724366809566
trustRadius = 0.0005
sampleRadius = 0.0005
stepNorm = 0.23404344626472096
chi = 0.2881089701299526
Iteration time (s) = 0.78045654296875
RESTORATION
**************************************

[FRP] solve 657 of phase 14, thetak=5.229e-03, Delta=5.000e-04

**************************************
Iteration 719:
thetak = 0.005229051873116338
objk = 2.9049724366809566
trustRadius = 0.0005
sampleRadius = 0.0005
stepNorm = 0.23404344626472096
chi = 0.2881089701299526
Iteration time (s) = 0.7888920307159424
RESTORATION
**************************************

[FRP] solve 658 of phase 14, thetak=5.229e-03, Delta=5.000e-04

**************************************
Iteration 720:
thetak = 0.005229051873116338
objk = 2.9049724366809566
trustRadius = 0.0005
sampleRadius = 0.0005
stepNorm = 0.23404344626472096
chi = 0.2881089701299526
Iteration time (s) = 0.806842565536499
RESTORATION
**************************************

[FRP] solve 659 of phase 14, thetak=5.229e-03, Delta=5.000e-04

**************************************
Iteration 721:
thetak = 0.005229051873116338
objk = 2.9049724366809566
trustRadius = 0.0005
sampleRadius = 0.0005
stepNorm = 0.23404344626472096
chi = 0.2881089701299526
Iteration time (s) = 0.8050436973571777
RESTORATION
**************************************

[FRP] solve 660 of phase 14, thetak=5.229e-03, Delta=5.000e-04

**************************************
Iteration 722:
thetak = 0.005229051873116338
objk = 2.9049724366809566
trustRadius = 0.0005
sampleRadius = 0.0005
stepNorm = 0.23404344626472096
chi = 0.2881089701299526
Iteration time (s) = 0.9142405986785889
RESTORATION
**************************************

[FRP] solve 661 of phase 14, thetak=5.229e-03, Delta=5.000e-04

**************************************
Iteration 723:
thetak = 0.005229051873116338
objk = 2.9049724366809566
trustRadius = 0.0005
sampleRadius = 0.0005
stepNorm = 0.23404344626472096
chi = 0.2881089701299526
Iteration time (s) = 0.9216563701629639
RESTORATION
**************************************

[FRP] solve 662 of phase 14, thetak=5.229e-03, Delta=5.000e-04

**************************************
Iteration 724:
thetak = 0.005229051873116338
objk = 2.9049724366809566
trustRadius = 0.0005
sampleRadius = 0.0005
stepNorm = 0.23404344626472096
chi = 0.2881089701299526
Iteration time (s) = 0.9373948574066162
RESTORATION
**************************************

[FRP] solve 663 of phase 14, thetak=5.229e-03, Delta=5.000e-04

**************************************
Iteration 725:
thetak = 0.005229051873116338
objk = 2.9049724366809566
trustRadius = 0.0005
sampleRadius = 0.0005
stepNorm = 0.23404344626472096
chi = 0.2881089701299526
Iteration time (s) = 0.9075150489807129
RESTORATION
**************************************

[FRP] solve 664 of phase 14, thetak=5.229e-03, Delta=5.000e-04

**************************************
Iteration 726:
thetak = 0.005229051873116338
objk = 2.9049724366809566
trustRadius = 0.0005
sampleRadius = 0.0005
stepNorm = 0.23404344626472096
chi = 0.2881089701299526
Iteration time (s) = 0.9301497936248779
RESTORATION
**************************************

[FRP] solve 665 of phase 14, thetak=5.229e-03, Delta=5.000e-04

**************************************
Iteration 727:
thetak = 0.005229051873116338
objk = 2.9049724366809566
trustRadius = 0.0005
sampleRadius = 0.0005
stepNorm = 0.23404344626472096
chi = 0.2881089701299526
Iteration time (s) = 0.7971196174621582
RESTORATION
**************************************

[FRP] solve 666 of phase 14, thetak=5.229e-03, Delta=5.000e-04

**************************************
Iteration 728:
thetak = 0.005229051873116338
objk = 2.9049724366809566
trustRadius = 0.0005
sampleRadius = 0.0005
stepNorm = 0.23404344626472096
chi = 0.2881089701299526
Iteration time (s) = 0.9144072532653809
RESTORATION
**************************************

[FRP] solve 667 of phase 14, thetak=5.229e-03, Delta=5.000e-04

**************************************
Iteration 729:
thetak = 0.005229051873116338
objk = 2.9049724366809566
trustRadius = 0.0005
sampleRadius = 0.0005
stepNorm = 0.23404344626472096
chi = 0.2881089701299526
Iteration time (s) = 0.8075551986694336
RESTORATION
**************************************

[FRP] solve 668 of phase 14, thetak=5.229e-03, Delta=5.000e-04

**************************************
Iteration 730:
thetak = 0.005229051873116338
objk = 2.9049724366809566
trustRadius = 0.0005
sampleRadius = 0.0005
stepNorm = 0.23404344626472096
chi = 0.2881089701299526
Iteration time (s) = 0.919680118560791
RESTORATION
**************************************

[FRP] solve 669 of phase 14, thetak=5.229e-03, Delta=5.000e-04

**************************************
Iteration 731:
thetak = 0.005229051873116338
objk = 2.9049724366809566
trustRadius = 0.0005
sampleRadius = 0.0005
stepNorm = 0.23404344626472096
chi = 0.2881089701299526
Iteration time (s) = 0.7675797939300537
RESTORATION
**************************************

[FRP] solve 670 of phase 14, thetak=5.229e-03, Delta=5.000e-04

**************************************
Iteration 732:
thetak = 0.005229051873116338
objk = 2.9049724366809566
trustRadius = 0.0005
sampleRadius = 0.0005
stepNorm = 0.23404344626472096
chi = 0.2881089701299526
Iteration time (s) = 0.9112021923065186
RESTORATION
**************************************

[FRP] solve 671 of phase 14, thetak=5.229e-03, Delta=5.000e-04

**************************************
Iteration 733:
thetak = 0.005229051873116338
objk = 2.9049724366809566
trustRadius = 0.0005
sampleRadius = 0.0005
stepNorm = 0.23404344626472096
chi = 0.2881089701299526
Iteration time (s) = 0.9652955532073975
RESTORATION
**************************************

[FRP] solve 672 of phase 14, thetak=5.229e-03, Delta=5.000e-04

**************************************
Iteration 734:
thetak = 0.005229051873116338
objk = 2.9049724366809566
trustRadius = 0.0005
sampleRadius = 0.0005
stepNorm = 0.23404344626472096
chi = 0.2881089701299526
Iteration time (s) = 0.888484001159668
RESTORATION
**************************************

[FRP] solve 673 of phase 14, thetak=5.229e-03, Delta=5.000e-04

**************************************
Iteration 735:
thetak = 0.005229051873116338
objk = 2.9049724366809566
trustRadius = 0.0005
sampleRadius = 0.0005
stepNorm = 0.23404344626472096
chi = 0.2881089701299526
Iteration time (s) = 0.9150941371917725
RESTORATION
**************************************

[FRP] solve 674 of phase 14, thetak=5.229e-03, Delta=5.000e-04

**************************************
Iteration 736:
thetak = 0.005229051873116338
objk = 2.9049724366809566
trustRadius = 0.0005
sampleRadius = 0.0005
stepNorm = 0.23404344626472096
chi = 0.2881089701299526
Iteration time (s) = 0.9280695915222168
RESTORATION
**************************************

[FRP] solve 675 of phase 14, thetak=5.229e-03, Delta=5.000e-04

**************************************
Iteration 737:
thetak = 0.005229051873116338
objk = 2.9049724366809566
trustRadius = 0.0005
sampleRadius = 0.0005
stepNorm = 0.23404344626472096
chi = 0.2881089701299526
Iteration time (s) = 1.0538287162780762
RESTORATION
**************************************

[FRP] solve 676 of phase 14, thetak=5.229e-03, Delta=5.000e-04

**************************************
Iteration 738:
thetak = 0.005229051873116338
objk = 2.9049724366809566
trustRadius = 0.0005
sampleRadius = 0.0005
stepNorm = 0.23404344626472096
chi = 0.2881089701299526
Iteration time (s) = 0.9155380725860596
RESTORATION
**************************************

[FRP] solve 677 of phase 14, thetak=5.229e-03, Delta=5.000e-04

**************************************
Iteration 739:
thetak = 0.005229051873116338
objk = 2.9049724366809566
trustRadius = 0.0005
sampleRadius = 0.0005
stepNorm = 0.23404344626472096
chi = 0.2881089701299526
Iteration time (s) = 0.9247257709503174
RESTORATION
**************************************

[FRP] solve 678 of phase 14, thetak=5.229e-03, Delta=5.000e-04

**************************************
Iteration 740:
thetak = 0.005229051873116338
objk = 2.9049724366809566
trustRadius = 0.0005
sampleRadius = 0.0005
stepNorm = 0.23404344626472096
chi = 0.2881089701299526
Iteration time (s) = 0.9120876789093018
RESTORATION
**************************************

[FRP] solve 679 of phase 14, thetak=5.229e-03, Delta=5.000e-04

**************************************
Iteration 741:
thetak = 0.005229051873116338
objk = 2.9049724366809566
trustRadius = 0.0005
sampleRadius = 0.0005
stepNorm = 0.23404344626472096
chi = 0.2881089701299526
Iteration time (s) = 0.8443496227264404
RESTORATION
**************************************

[FRP] solve 680 of phase 14, thetak=5.229e-03, Delta=5.000e-04

**************************************
Iteration 742:
thetak = 0.005229051873116338
objk = 2.9049724366809566
trustRadius = 0.0005
sampleRadius = 0.0005
stepNorm = 0.23404344626472096
chi = 0.2881089701299526
Iteration time (s) = 0.9277112483978271
RESTORATION
**************************************

[FRP] solve 681 of phase 14, thetak=5.229e-03, Delta=5.000e-04

**************************************
Iteration 743:
thetak = 0.005229051873116338
objk = 2.9049724366809566
trustRadius = 0.0005
sampleRadius = 0.0005
stepNorm = 0.23404344626472096
chi = 0.2881089701299526
Iteration time (s) = 0.9228110313415527
RESTORATION
**************************************

[FRP] solve 682 of phase 14, thetak=5.229e-03, Delta=5.000e-04

**************************************
Iteration 744:
thetak = 0.005229051873116338
objk = 2.9049724366809566
trustRadius = 0.0005
sampleRadius = 0.0005
stepNorm = 0.23404344626472096
chi = 0.2881089701299526
Iteration time (s) = 0.9187626838684082
RESTORATION
**************************************

[FRP] solve 683 of phase 14, thetak=5.229e-03, Delta=5.000e-04

**************************************
Iteration 745:
thetak = 0.005229051873116338
objk = 2.9049724366809566
trustRadius = 0.0005
sampleRadius = 0.0005
stepNorm = 0.23404344626472096
chi = 0.2881089701299526
Iteration time (s) = 0.9241511821746826
RESTORATION
**************************************

[FRP] solve 684 of phase 14, thetak=5.229e-03, Delta=5.000e-04

**************************************
Iteration 746:
thetak = 0.005229051873116338
objk = 2.9049724366809566
trustRadius = 0.0005
sampleRadius = 0.0005
stepNorm = 0.23404344626472096
chi = 0.2881089701299526
Iteration time (s) = 0.8197555541992188
RESTORATION
**************************************

[FRP] solve 685 of phase 14, thetak=5.229e-03, Delta=5.000e-04

**************************************
Iteration 747:
thetak = 0.005229051873116338
objk = 2.9049724366809566
trustRadius = 0.0005
sampleRadius = 0.0005
stepNorm = 0.23404344626472096
chi = 0.2881089701299526
Iteration time (s) = 0.9143636226654053
RESTORATION
**************************************

[FRP] solve 686 of phase 14, thetak=5.229e-03, Delta=5.000e-04

**************************************
Iteration 748:
thetak = 0.005229051873116338
objk = 2.9049724366809566
trustRadius = 0.0005
sampleRadius = 0.0005
stepNorm = 0.23404344626472096
chi = 0.2881089701299526
Iteration time (s) = 0.9052705764770508
RESTORATION
**************************************

[FRP] solve 687 of phase 14, thetak=5.229e-03, Delta=5.000e-04

**************************************
Iteration 749:
thetak = 0.005229051873116338
objk = 2.9049724366809566
trustRadius = 0.0005
sampleRadius = 0.0005
stepNorm = 0.23404344626472096
chi = 0.2881089701299526
Iteration time (s) = 1.145780086517334
RESTORATION
**************************************

[FRP] solve 688 of phase 14, thetak=5.229e-03, Delta=5.000e-04

**************************************
Iteration 750:
thetak = 0.005229051873116338
objk = 2.9049724366809566
trustRadius = 0.0005
sampleRadius = 0.0005
stepNorm = 0.23404344626472096
chi = 0.2881089701299526
Iteration time (s) = 0.9181911945343018
RESTORATION
**************************************

[FRP] solve 689 of phase 14, thetak=5.229e-03, Delta=5.000e-04

**************************************
Iteration 751:
thetak = 0.005229051873116338
objk = 2.9049724366809566
trustRadius = 0.0005
sampleRadius = 0.0005
stepNorm = 0.23404344626472096
chi = 0.2881089701299526
Iteration time (s) = 0.9321937561035156
RESTORATION
**************************************

[FRP] solve 690 of phase 14, thetak=5.229e-03, Delta=5.000e-04

**************************************
Iteration 752:
thetak = 0.005229051873116338
objk = 2.9049724366809566
trustRadius = 0.0005
sampleRadius = 0.0005
stepNorm = 0.23404344626472096
chi = 0.2881089701299526
Iteration time (s) = 1.0660836696624756
RESTORATION
**************************************

[FRP] solve 691 of phase 14, thetak=5.229e-03, Delta=5.000e-04

**************************************
Iteration 753:
thetak = 0.005229051873116338
objk = 2.9049724366809566
trustRadius = 0.0005
sampleRadius = 0.0005
stepNorm = 0.23404344626472096
chi = 0.2881089701299526
Iteration time (s) = 0.9084312915802002
RESTORATION
**************************************

[FRP] solve 692 of phase 14, thetak=5.229e-03, Delta=5.000e-04

**************************************
Iteration 754:
thetak = 0.005229051873116338
objk = 2.9049724366809566
trustRadius = 0.0005
sampleRadius = 0.0005
stepNorm = 0.23404344626472096
chi = 0.2881089701299526
Iteration time (s) = 0.9419510364532471
RESTORATION
**************************************

[FRP] solve 693 of phase 14, thetak=5.229e-03, Delta=5.000e-04

**************************************
Iteration 755:
thetak = 0.005229051873116338
objk = 2.9049724366809566
trustRadius = 0.0005
sampleRadius = 0.0005
stepNorm = 0.23404344626472096
chi = 0.2881089701299526
Iteration time (s) = 1.0175399780273438
RESTORATION
**************************************

[FRP] solve 694 of phase 14, thetak=5.229e-03, Delta=5.000e-04

**************************************
Iteration 756:
thetak = 0.005229051873116338
objk = 2.9049724366809566
trustRadius = 0.0005
sampleRadius = 0.0005
stepNorm = 0.23404344626472096
chi = 0.2881089701299526
Iteration time (s) = 0.9051733016967773
RESTORATION
**************************************

[FRP] solve 695 of phase 14, thetak=5.229e-03, Delta=5.000e-04

**************************************
Iteration 757:
thetak = 0.005229051873116338
objk = 2.9049724366809566
trustRadius = 0.0005
sampleRadius = 0.0005
stepNorm = 0.23404344626472096
chi = 0.2881089701299526
Iteration time (s) = 0.9609017372131348
RESTORATION
**************************************

[FRP] solve 696 of phase 14, thetak=5.229e-03, Delta=5.000e-04

**************************************
Iteration 758:
thetak = 0.005229051873116338
objk = 2.9049724366809566
trustRadius = 0.0005
sampleRadius = 0.0005
stepNorm = 0.23404344626472096
chi = 0.2881089701299526
Iteration time (s) = 0.8071720600128174
RESTORATION
**************************************

[FRP] solve 697 of phase 14, thetak=5.229e-03, Delta=5.000e-04

**************************************
Iteration 759:
thetak = 0.005229051873116338
objk = 2.9049724366809566
trustRadius = 0.0005
sampleRadius = 0.0005
stepNorm = 0.23404344626472096
chi = 0.2881089701299526
Iteration time (s) = 0.9188191890716553
RESTORATION
**************************************

[FRP] solve 698 of phase 14, thetak=5.229e-03, Delta=5.000e-04

**************************************
Iteration 760:
thetak = 0.005229051873116338
objk = 2.9049724366809566
trustRadius = 0.0005
sampleRadius = 0.0005
stepNorm = 0.23404344626472096
chi = 0.2881089701299526
Iteration time (s) = 0.8011524677276611
RESTORATION
**************************************

[FRP] solve 699 of phase 14, thetak=5.229e-03, Delta=5.000e-04

**************************************
Iteration 761:
thetak = 0.005229051873116338
objk = 2.9049724366809566
trustRadius = 0.0005
sampleRadius = 0.0005
stepNorm = 0.23404344626472096
chi = 0.2881089701299526
Iteration time (s) = 0.8145296573638916
RESTORATION
**************************************

[FRP] solve 700 of phase 14, thetak=5.229e-03, Delta=5.000e-04

**************************************
Iteration 762:
thetak = 0.005229051873116338
objk = 2.9049724366809566
trustRadius = 0.0005
sampleRadius = 0.0005
stepNorm = 0.23404344626472096
chi = 0.2881089701299526
Iteration time (s) = 0.8050134181976318
RESTORATION
**************************************

[FRP] solve 701 of phase 14, thetak=5.229e-03, Delta=5.000e-04

**************************************
Iteration 763:
thetak = 0.005229051873116338
objk = 2.9049724366809566
trustRadius = 0.0005
sampleRadius = 0.0005
stepNorm = 0.23404344626472096
chi = 0.2881089701299526
Iteration time (s) = 0.8236515522003174
RESTORATION
**************************************

[FRP] solve 702 of phase 14, thetak=5.229e-03, Delta=5.000e-04

**************************************
Iteration 764:
thetak = 0.005229051873116338
objk = 2.9049724366809566
trustRadius = 0.0005
sampleRadius = 0.0005
stepNorm = 0.23404344626472096
chi = 0.2881089701299526
Iteration time (s) = 0.9071447849273682
RESTORATION
**************************************

[FRP] solve 703 of phase 14, thetak=5.229e-03, Delta=5.000e-04

**************************************
Iteration 765:
thetak = 0.005229051873116338
objk = 2.9049724366809566
trustRadius = 0.0005
sampleRadius = 0.0005
stepNorm = 0.23404344626472096
chi = 0.2881089701299526
Iteration time (s) = 0.7980942726135254
RESTORATION
**************************************

[FRP] solve 704 of phase 14, thetak=5.229e-03, Delta=5.000e-04

**************************************
Iteration 766:
thetak = 0.005229051873116338
objk = 2.9049724366809566
trustRadius = 0.0005
sampleRadius = 0.0005
stepNorm = 0.23404344626472096
chi = 0.2881089701299526
Iteration time (s) = 0.8210923671722412
RESTORATION
**************************************

[FRP] solve 705 of phase 14, thetak=5.229e-03, Delta=5.000e-04

**************************************
Iteration 767:
thetak = 0.005229051873116338
objk = 2.9049724366809566
trustRadius = 0.0005
sampleRadius = 0.0005
stepNorm = 0.23404344626472096
chi = 0.2881089701299526
Iteration time (s) = 0.8024163246154785
RESTORATION
**************************************

[FRP] solve 706 of phase 14, thetak=5.229e-03, Delta=5.000e-04

**************************************
Iteration 768:
thetak = 0.005229051873116338
objk = 2.9049724366809566
trustRadius = 0.0005
sampleRadius = 0.0005
stepNorm = 0.23404344626472096
chi = 0.2881089701299526
Iteration time (s) = 0.819105863571167
RESTORATION
**************************************

[FRP] solve 707 of phase 14, thetak=5.229e-03, Delta=5.000e-04

**************************************
Iteration 769:
thetak = 0.005229051873116338
objk = 2.9049724366809566
trustRadius = 0.0005
sampleRadius = 0.0005
stepNorm = 0.23404344626472096
chi = 0.2881089701299526
Iteration time (s) = 0.9081475734710693
RESTORATION
**************************************

[FRP] solve 708 of phase 14, thetak=5.229e-03, Delta=5.000e-04

**************************************
Iteration 770:
thetak = 0.005229051873116338
objk = 2.9049724366809566
trustRadius = 0.0005
sampleRadius = 0.0005
stepNorm = 0.23404344626472096
chi = 0.2881089701299526
Iteration time (s) = 0.819695234298706
RESTORATION
**************************************

[FRP] solve 709 of phase 14, thetak=5.229e-03, Delta=5.000e-04

**************************************
Iteration 771:
thetak = 0.005229051873116338
objk = 2.9049724366809566
trustRadius = 0.0005
sampleRadius = 0.0005
stepNorm = 0.23404344626472096
chi = 0.2881089701299526
Iteration time (s) = 0.7951812744140625
RESTORATION
**************************************

[FRP] solve 710 of phase 14, thetak=5.229e-03, Delta=5.000e-04

**************************************
Iteration 772:
thetak = 0.005229051873116338
objk = 2.9049724366809566
trustRadius = 0.0005
sampleRadius = 0.0005
stepNorm = 0.23404344626472096
chi = 0.2881089701299526
Iteration time (s) = 0.801145076751709
RESTORATION
**************************************

[FRP] solve 711 of phase 14, thetak=5.229e-03, Delta=5.000e-04

**************************************
Iteration 773:
thetak = 0.005229051873116338
objk = 2.9049724366809566
trustRadius = 0.0005
sampleRadius = 0.0005
stepNorm = 0.23404344626472096
chi = 0.2881089701299526
Iteration time (s) = 0.8085083961486816
RESTORATION
**************************************

[FRP] solve 712 of phase 14, thetak=5.229e-03, Delta=5.000e-04

**************************************
Iteration 774:
thetak = 0.005229051873116338
objk = 2.9049724366809566
trustRadius = 0.0005
sampleRadius = 0.0005
stepNorm = 0.23404344626472096
chi = 0.2881089701299526
Iteration time (s) = 0.7931375503540039
RESTORATION
**************************************

[FRP] solve 713 of phase 14, thetak=5.229e-03, Delta=5.000e-04

**************************************
Iteration 775:
thetak = 0.005229051873116338
objk = 2.9049724366809566
trustRadius = 0.0005
sampleRadius = 0.0005
stepNorm = 0.23404344626472096
chi = 0.2881089701299526
Iteration time (s) = 1.0232326984405518
RESTORATION
**************************************

[FRP] solve 714 of phase 14, thetak=5.229e-03, Delta=5.000e-04

**************************************
Iteration 776:
thetak = 0.005229051873116338
objk = 2.9049724366809566
trustRadius = 0.0005
sampleRadius = 0.0005
stepNorm = 0.23404344626472096
chi = 0.2881089701299526
Iteration time (s) = 0.8227267265319824
RESTORATION
**************************************

[FRP] solve 715 of phase 14, thetak=5.229e-03, Delta=5.000e-04

**************************************
Iteration 777:
thetak = 0.005229051873116338
objk = 2.9049724366809566
trustRadius = 0.0005
sampleRadius = 0.0005
stepNorm = 0.23404344626472096
chi = 0.2881089701299526
Iteration time (s) = 0.9100966453552246
RESTORATION
**************************************

[FRP] solve 716 of phase 14, thetak=5.229e-03, Delta=5.000e-04

**************************************
Iteration 778:
thetak = 0.005229051873116338
objk = 2.9049724366809566
trustRadius = 0.0005
sampleRadius = 0.0005
stepNorm = 0.23404344626472096
chi = 0.2881089701299526
Iteration time (s) = 0.8018479347229004
RESTORATION
**************************************

[FRP] solve 717 of phase 14, thetak=5.229e-03, Delta=5.000e-04

**************************************
Iteration 779:
thetak = 0.005229051873116338
objk = 2.9049724366809566
trustRadius = 0.0005
sampleRadius = 0.0005
stepNorm = 0.23404344626472096
chi = 0.2881089701299526
Iteration time (s) = 0.8907837867736816
RESTORATION
**************************************

[FRP] solve 718 of phase 14, thetak=5.229e-03, Delta=5.000e-04

**************************************
Iteration 780:
thetak = 0.005229051873116338
objk = 2.9049724366809566
trustRadius = 0.0005
sampleRadius = 0.0005
stepNorm = 0.23404344626472096
chi = 0.2881089701299526
Iteration time (s) = 0.8276731967926025
RESTORATION
**************************************

[FRP] solve 719 of phase 14, thetak=5.229e-03, Delta=5.000e-04

**************************************
Iteration 781:
thetak = 0.005229051873116338
objk = 2.9049724366809566
trustRadius = 0.0005
sampleRadius = 0.0005
stepNorm = 0.23404344626472096
chi = 0.2881089701299526
Iteration time (s) = 0.793792724609375
RESTORATION
**************************************

[FRP] solve 720 of phase 14, thetak=5.229e-03, Delta=5.000e-04

**************************************
Iteration 782:
thetak = 0.005229051873116338
objk = 2.9049724366809566
trustRadius = 0.0005
sampleRadius = 0.0005
stepNorm = 0.23404344626472096
chi = 0.2881089701299526
Iteration time (s) = 0.9620344638824463
RESTORATION
**************************************

[FRP] solve 721 of phase 14, thetak=5.229e-03, Delta=5.000e-04

**************************************
Iteration 783:
thetak = 0.005229051873116338
objk = 2.9049724366809566
trustRadius = 0.0005
sampleRadius = 0.0005
stepNorm = 0.23404344626472096
chi = 0.2881089701299526
Iteration time (s) = 0.8149278163909912
RESTORATION
**************************************

[FRP] solve 722 of phase 14, thetak=5.229e-03, Delta=5.000e-04

**************************************
Iteration 784:
thetak = 0.005229051873116338
objk = 2.9049724366809566
trustRadius = 0.0005
sampleRadius = 0.0005
stepNorm = 0.23404344626472096
chi = 0.2881089701299526
Iteration time (s) = 0.7941164970397949
RESTORATION
**************************************

[FRP] solve 723 of phase 14, thetak=5.229e-03, Delta=5.000e-04

**************************************
Iteration 785:
thetak = 0.005229051873116338
objk = 2.9049724366809566
trustRadius = 0.0005
sampleRadius = 0.0005
stepNorm = 0.23404344626472096
chi = 0.2881089701299526
Iteration time (s) = 0.9053356647491455
RESTORATION
**************************************

[FRP] solve 724 of phase 14, thetak=5.229e-03, Delta=5.000e-04

**************************************
Iteration 786:
thetak = 0.005229051873116338
objk = 2.9049724366809566
trustRadius = 0.0005
sampleRadius = 0.0005
stepNorm = 0.23404344626472096
chi = 0.2881089701299526
Iteration time (s) = 0.9056313037872314
RESTORATION
**************************************

[FRP] solve 725 of phase 14, thetak=5.229e-03, Delta=5.000e-04

**************************************
Iteration 787:
thetak = 0.005229051873116338
objk = 2.9049724366809566
trustRadius = 0.0005
sampleRadius = 0.0005
stepNorm = 0.23404344626472096
chi = 0.2881089701299526
Iteration time (s) = 0.9025821685791016
RESTORATION
**************************************

[FRP] solve 726 of phase 14, thetak=5.229e-03, Delta=5.000e-04

**************************************
Iteration 788:
thetak = 0.005229051873116338
objk = 2.9049724366809566
trustRadius = 0.0005
sampleRadius = 0.0005
stepNorm = 0.23404344626472096
chi = 0.2881089701299526
Iteration time (s) = 0.9772822856903076
RESTORATION
**************************************

[FRP] solve 727 of phase 14, thetak=5.229e-03, Delta=5.000e-04

**************************************
Iteration 789:
thetak = 0.005229051873116338
objk = 2.9049724366809566
trustRadius = 0.0005
sampleRadius = 0.0005
stepNorm = 0.23404344626472096
chi = 0.2881089701299526
Iteration time (s) = 0.7998692989349365
RESTORATION
**************************************

[FRP] solve 728 of phase 14, thetak=5.229e-03, Delta=5.000e-04

**************************************
Iteration 790:
thetak = 0.005229051873116338
objk = 2.9049724366809566
trustRadius = 0.0005
sampleRadius = 0.0005
stepNorm = 0.23404344626472096
chi = 0.2881089701299526
Iteration time (s) = 0.9504745006561279
RESTORATION
**************************************

[FRP] solve 729 of phase 14, thetak=5.229e-03, Delta=5.000e-04

**************************************
Iteration 791:
thetak = 0.005229051873116338
objk = 2.9049724366809566
trustRadius = 0.0005
sampleRadius = 0.0005
stepNorm = 0.23404344626472096
chi = 0.2881089701299526
Iteration time (s) = 0.9004716873168945
RESTORATION
**************************************

[FRP] solve 730 of phase 14, thetak=5.229e-03, Delta=5.000e-04

**************************************
Iteration 792:
thetak = 0.005229051873116338
objk = 2.9049724366809566
trustRadius = 0.0005
sampleRadius = 0.0005
stepNorm = 0.23404344626472096
chi = 0.2881089701299526
Iteration time (s) = 0.9308619499206543
RESTORATION
**************************************

[FRP] solve 731 of phase 14, thetak=5.229e-03, Delta=5.000e-04

**************************************
Iteration 793:
thetak = 0.005229051873116338
objk = 2.9049724366809566
trustRadius = 0.0005
sampleRadius = 0.0005
stepNorm = 0.23404344626472096
chi = 0.2881089701299526
Iteration time (s) = 0.8189899921417236
RESTORATION
**************************************

[FRP] solve 732 of phase 14, thetak=5.229e-03, Delta=5.000e-04

**************************************
Iteration 794:
thetak = 0.005229051873116338
objk = 2.9049724366809566
trustRadius = 0.0005
sampleRadius = 0.0005
stepNorm = 0.23404344626472096
chi = 0.2881089701299526
Iteration time (s) = 1.1149611473083496
RESTORATION
**************************************

[FRP] solve 733 of phase 14, thetak=5.229e-03, Delta=5.000e-04

**************************************
Iteration 795:
thetak = 0.005229051873116338
objk = 2.9049724366809566
trustRadius = 0.0005
sampleRadius = 0.0005
stepNorm = 0.23404344626472096
chi = 0.2881089701299526
Iteration time (s) = 0.7940709590911865
RESTORATION
**************************************

[FRP] solve 734 of phase 14, thetak=5.229e-03, Delta=5.000e-04

**************************************
Iteration 796:
thetak = 0.005229051873116338
objk = 2.9049724366809566
trustRadius = 0.0005
sampleRadius = 0.0005
stepNorm = 0.23404344626472096
chi = 0.2881089701299526
Iteration time (s) = 0.8058152198791504
RESTORATION
**************************************

[FRP] solve 735 of phase 14, thetak=5.229e-03, Delta=5.000e-04

**************************************
Iteration 797:
thetak = 0.005229051873116338
objk = 2.9049724366809566
trustRadius = 0.0005
sampleRadius = 0.0005
stepNorm = 0.23404344626472096
chi = 0.2881089701299526
Iteration time (s) = 0.8178069591522217
RESTORATION
**************************************

[FRP] solve 736 of phase 14, thetak=5.229e-03, Delta=5.000e-04

**************************************
Iteration 798:
thetak = 0.005229051873116338
objk = 2.9049724366809566
trustRadius = 0.0005
sampleRadius = 0.0005
stepNorm = 0.23404344626472096
chi = 0.2881089701299526
Iteration time (s) = 1.3077392578125
RESTORATION
**************************************

[FRP] solve 737 of phase 14, thetak=5.229e-03, Delta=5.000e-04

**************************************
Iteration 799:
thetak = 0.005229051873116338
objk = 2.9049724366809566
trustRadius = 0.0005
sampleRadius = 0.0005
stepNorm = 0.23404344626472096
chi = 0.2881089701299526
Iteration time (s) = 0.7946460247039795
RESTORATION
**************************************

[FRP] solve 738 of phase 14, thetak=5.229e-03, Delta=5.000e-04

**************************************
Iteration 800:
thetak = 0.005229051873116338
objk = 2.9049724366809566
trustRadius = 0.0005
sampleRadius = 0.0005
stepNorm = 0.23404344626472096
chi = 0.2881089701299526
Iteration time (s) = 1.0468339920043945
RESTORATION
**************************************

[FRP] solve 739 of phase 14, thetak=5.229e-03, Delta=5.000e-04

**************************************
Iteration 801:
thetak = 0.005229051873116338
objk = 2.9049724366809566
trustRadius = 0.0005
sampleRadius = 0.0005
stepNorm = 0.23404344626472096
chi = 0.2881089701299526
Iteration time (s) = 0.8271877765655518
RESTORATION
**************************************

[FRP] solve 740 of phase 14, thetak=5.229e-03, Delta=5.000e-04

**************************************
Iteration 802:
thetak = 0.005229051873116338
objk = 2.9049724366809566
trustRadius = 0.0005
sampleRadius = 0.0005
stepNorm = 0.23404344626472096
chi = 0.2881089701299526
Iteration time (s) = 0.8159451484680176
RESTORATION
**************************************

[FRP] solve 741 of phase 14, thetak=5.229e-03, Delta=5.000e-04

**************************************
Iteration 803:
thetak = 0.005229051873116338
objk = 2.9049724366809566
trustRadius = 0.0005
sampleRadius = 0.0005
stepNorm = 0.23404344626472096
chi = 0.2881089701299526
Iteration time (s) = 0.9131598472595215
RESTORATION
**************************************

[FRP] solve 742 of phase 14, thetak=5.229e-03, Delta=5.000e-04

**************************************
Iteration 804:
thetak = 0.005229051873116338
objk = 2.9049724366809566
trustRadius = 0.0005
sampleRadius = 0.0005
stepNorm = 0.23404344626472096
chi = 0.2881089701299526
Iteration time (s) = 0.7800948619842529
RESTORATION
**************************************

[FRP] solve 743 of phase 14, thetak=5.229e-03, Delta=5.000e-04

**************************************
Iteration 805:
thetak = 0.005229051873116338
objk = 2.9049724366809566
trustRadius = 0.0005
sampleRadius = 0.0005
stepNorm = 0.23404344626472096
chi = 0.2881089701299526
Iteration time (s) = 0.8319244384765625
RESTORATION
**************************************

[FRP] solve 744 of phase 14, thetak=5.229e-03, Delta=5.000e-04

**************************************
Iteration 806:
thetak = 0.005229051873116338
objk = 2.9049724366809566
trustRadius = 0.0005
sampleRadius = 0.0005
stepNorm = 0.23404344626472096
chi = 0.2881089701299526
Iteration time (s) = 0.8022208213806152
RESTORATION
**************************************

[FRP] solve 745 of phase 14, thetak=5.229e-03, Delta=5.000e-04

**************************************
Iteration 807:
thetak = 0.005229051873116338
objk = 2.9049724366809566
trustRadius = 0.0005
sampleRadius = 0.0005
stepNorm = 0.23404344626472096
chi = 0.2881089701299526
Iteration time (s) = 0.911818265914917
RESTORATION
**************************************

[FRP] solve 746 of phase 14, thetak=5.229e-03, Delta=5.000e-04

**************************************
Iteration 808:
thetak = 0.005229051873116338
objk = 2.9049724366809566
trustRadius = 0.0005
sampleRadius = 0.0005
stepNorm = 0.23404344626472096
chi = 0.2881089701299526
Iteration time (s) = 0.9050235748291016
RESTORATION
**************************************

[FRP] solve 747 of phase 14, thetak=5.229e-03, Delta=5.000e-04

**************************************
Iteration 809:
thetak = 0.005229051873116338
objk = 2.9049724366809566
trustRadius = 0.0005
sampleRadius = 0.0005
stepNorm = 0.23404344626472096
chi = 0.2881089701299526
Iteration time (s) = 0.927440881729126
RESTORATION
**************************************

[FRP] solve 748 of phase 14, thetak=5.229e-03, Delta=5.000e-04

**************************************
Iteration 810:
thetak = 0.005229051873116338
objk = 2.9049724366809566
trustRadius = 0.0005
sampleRadius = 0.0005
stepNorm = 0.23404344626472096
chi = 0.2881089701299526
Iteration time (s) = 1.2989397048950195
RESTORATION
**************************************

[FRP] solve 749 of phase 14, thetak=5.229e-03, Delta=5.000e-04

**************************************
Iteration 811:
thetak = 0.005229051873116338
objk = 2.9049724366809566
trustRadius = 0.0005
sampleRadius = 0.0005
stepNorm = 0.23404344626472096
chi = 0.2881089701299526
Iteration time (s) = 1.0343635082244873
RESTORATION
**************************************

[FRP] solve 750 of phase 14, thetak=5.229e-03, Delta=5.000e-04

**************************************
Iteration 812:
thetak = 0.005229051873116338
objk = 2.9049724366809566
trustRadius = 0.0005
sampleRadius = 0.0005
stepNorm = 0.23404344626472096
chi = 0.2881089701299526
Iteration time (s) = 0.8165173530578613
RESTORATION
**************************************

[FRP] solve 751 of phase 14, thetak=5.229e-03, Delta=5.000e-04

**************************************
Iteration 813:
thetak = 0.005229051873116338
objk = 2.9049724366809566
trustRadius = 0.0005
sampleRadius = 0.0005
stepNorm = 0.23404344626472096
chi = 0.2881089701299526
Iteration time (s) = 1.0487966537475586
RESTORATION
**************************************

[FRP] solve 752 of phase 14, thetak=5.229e-03, Delta=5.000e-04

**************************************
Iteration 814:
thetak = 0.005229051873116338
objk = 2.9049724366809566
trustRadius = 0.0005
sampleRadius = 0.0005
stepNorm = 0.23404344626472096
chi = 0.2881089701299526
Iteration time (s) = 0.9235005378723145
RESTORATION
**************************************

[FRP] solve 753 of phase 14, thetak=5.229e-03, Delta=5.000e-04

**************************************
Iteration 815:
thetak = 0.005229051873116338
objk = 2.9049724366809566
trustRadius = 0.0005
sampleRadius = 0.0005
stepNorm = 0.23404344626472096
chi = 0.2881089701299526
Iteration time (s) = 0.8120014667510986
RESTORATION
**************************************

[FRP] solve 754 of phase 14, thetak=5.229e-03, Delta=5.000e-04

**************************************
Iteration 816:
thetak = 0.005229051873116338
objk = 2.9049724366809566
trustRadius = 0.0005
sampleRadius = 0.0005
stepNorm = 0.23404344626472096
chi = 0.2881089701299526
Iteration time (s) = 0.9298231601715088
RESTORATION
**************************************

[FRP] solve 755 of phase 14, thetak=5.229e-03, Delta=5.000e-04

**************************************
Iteration 817:
thetak = 0.005229051873116338
objk = 2.9049724366809566
trustRadius = 0.0005
sampleRadius = 0.0005
stepNorm = 0.23404344626472096
chi = 0.2881089701299526
Iteration time (s) = 0.8072714805603027
RESTORATION
**************************************

[FRP] solve 756 of phase 14, thetak=5.229e-03, Delta=5.000e-04

**************************************
Iteration 818:
thetak = 0.005229051873116338
objk = 2.9049724366809566
trustRadius = 0.0005
sampleRadius = 0.0005
stepNorm = 0.23404344626472096
chi = 0.2881089701299526
Iteration time (s) = 0.8062286376953125
RESTORATION
**************************************

[FRP] solve 757 of phase 14, thetak=5.229e-03, Delta=5.000e-04

**************************************
Iteration 819:
thetak = 0.005229051873116338
objk = 2.9049724366809566
trustRadius = 0.0005
sampleRadius = 0.0005
stepNorm = 0.23404344626472096
chi = 0.2881089701299526
Iteration time (s) = 0.9311316013336182
RESTORATION
**************************************

[FRP] solve 758 of phase 14, thetak=5.229e-03, Delta=5.000e-04

**************************************
Iteration 820:
thetak = 0.005229051873116338
objk = 2.9049724366809566
trustRadius = 0.0005
sampleRadius = 0.0005
stepNorm = 0.23404344626472096
chi = 0.2881089701299526
Iteration time (s) = 0.8056621551513672
RESTORATION
**************************************

[FRP] solve 759 of phase 14, thetak=5.229e-03, Delta=5.000e-04

**************************************
Iteration 821:
thetak = 0.005229051873116338
objk = 2.9049724366809566
trustRadius = 0.0005
sampleRadius = 0.0005
stepNorm = 0.23404344626472096
chi = 0.2881089701299526
Iteration time (s) = 0.8034002780914307
RESTORATION
**************************************

[FRP] solve 760 of phase 14, thetak=5.229e-03, Delta=5.000e-04

**************************************
Iteration 822:
thetak = 0.005229051873116338
objk = 2.9049724366809566
trustRadius = 0.0005
sampleRadius = 0.0005
stepNorm = 0.23404344626472096
chi = 0.2881089701299526
Iteration time (s) = 0.8290293216705322
RESTORATION
**************************************

[FRP] solve 761 of phase 14, thetak=5.229e-03, Delta=5.000e-04

**************************************
Iteration 823:
thetak = 0.005229051873116338
objk = 2.9049724366809566
trustRadius = 0.0005
sampleRadius = 0.0005
stepNorm = 0.23404344626472096
chi = 0.2881089701299526
Iteration time (s) = 0.8095102310180664
RESTORATION
**************************************

[FRP] solve 762 of phase 14, thetak=5.229e-03, Delta=5.000e-04

**************************************
Iteration 824:
thetak = 0.005229051873116338
objk = 2.9049724366809566
trustRadius = 0.0005
sampleRadius = 0.0005
stepNorm = 0.23404344626472096
chi = 0.2881089701299526
Iteration time (s) = 0.9465835094451904
RESTORATION
**************************************

[FRP] solve 763 of phase 14, thetak=5.229e-03, Delta=5.000e-04

**************************************
Iteration 825:
thetak = 0.005229051873116338
objk = 2.9049724366809566
trustRadius = 0.0005
sampleRadius = 0.0005
stepNorm = 0.23404344626472096
chi = 0.2881089701299526
Iteration time (s) = 0.9203841686248779
RESTORATION
**************************************

[FRP] solve 764 of phase 14, thetak=5.229e-03, Delta=5.000e-04

**************************************
Iteration 826:
thetak = 0.005229051873116338
objk = 2.9049724366809566
trustRadius = 0.0005
sampleRadius = 0.0005
stepNorm = 0.23404344626472096
chi = 0.2881089701299526
Iteration time (s) = 0.792186975479126
RESTORATION
**************************************

[FRP] solve 765 of phase 14, thetak=5.229e-03, Delta=5.000e-04

**************************************
Iteration 827:
thetak = 0.005229051873116338
objk = 2.9049724366809566
trustRadius = 0.0005
sampleRadius = 0.0005
stepNorm = 0.23404344626472096
chi = 0.2881089701299526
Iteration time (s) = 0.8176345825195312
RESTORATION
**************************************

[FRP] solve 766 of phase 14, thetak=5.229e-03, Delta=5.000e-04

**************************************
Iteration 828:
thetak = 0.005229051873116338
objk = 2.9049724366809566
trustRadius = 0.0005
sampleRadius = 0.0005
stepNorm = 0.23404344626472096
chi = 0.2881089701299526
Iteration time (s) = 0.8009495735168457
RESTORATION
**************************************

[FRP] solve 767 of phase 14, thetak=5.229e-03, Delta=5.000e-04

**************************************
Iteration 829:
thetak = 0.005229051873116338
objk = 2.9049724366809566
trustRadius = 0.0005
sampleRadius = 0.0005
stepNorm = 0.23404344626472096
chi = 0.2881089701299526
Iteration time (s) = 0.7924036979675293
RESTORATION
**************************************

[FRP] solve 768 of phase 14, thetak=5.229e-03, Delta=5.000e-04

**************************************
Iteration 830:
thetak = 0.005229051873116338
objk = 2.9049724366809566
trustRadius = 0.0005
sampleRadius = 0.0005
stepNorm = 0.23404344626472096
chi = 0.2881089701299526
Iteration time (s) = 0.9149465560913086
RESTORATION
**************************************

[FRP] solve 769 of phase 14, thetak=5.229e-03, Delta=5.000e-04

**************************************
Iteration 831:
thetak = 0.005229051873116338
objk = 2.9049724366809566
trustRadius = 0.0005
sampleRadius = 0.0005
stepNorm = 0.23404344626472096
chi = 0.2881089701299526
Iteration time (s) = 0.7990200519561768
RESTORATION
**************************************

[FRP] solve 770 of phase 14, thetak=5.229e-03, Delta=5.000e-04

**************************************
Iteration 832:
thetak = 0.005229051873116338
objk = 2.9049724366809566
trustRadius = 0.0005
sampleRadius = 0.0005
stepNorm = 0.23404344626472096
chi = 0.2881089701299526
Iteration time (s) = 0.8171916007995605
RESTORATION
**************************************

[FRP] solve 771 of phase 14, thetak=5.229e-03, Delta=5.000e-04

**************************************
Iteration 833:
thetak = 0.005229051873116338
objk = 2.9049724366809566
trustRadius = 0.0005
sampleRadius = 0.0005
stepNorm = 0.23404344626472096
chi = 0.2881089701299526
Iteration time (s) = 0.9496088027954102
RESTORATION
**************************************

[FRP] solve 772 of phase 14, thetak=5.229e-03, Delta=5.000e-04

**************************************
Iteration 834:
thetak = 0.005229051873116338
objk = 2.9049724366809566
trustRadius = 0.0005
sampleRadius = 0.0005
stepNorm = 0.23404344626472096
chi = 0.2881089701299526
Iteration time (s) = 0.8123109340667725
RESTORATION
**************************************

[FRP] solve 773 of phase 14, thetak=5.229e-03, Delta=5.000e-04

**************************************
Iteration 835:
thetak = 0.005229051873116338
objk = 2.9049724366809566
trustRadius = 0.0005
sampleRadius = 0.0005
stepNorm = 0.23404344626472096
chi = 0.2881089701299526
Iteration time (s) = 0.916022777557373
RESTORATION
**************************************

[FRP] solve 774 of phase 14, thetak=5.229e-03, Delta=5.000e-04

**************************************
Iteration 836:
thetak = 0.005229051873116338
objk = 2.9049724366809566
trustRadius = 0.0005
sampleRadius = 0.0005
stepNorm = 0.23404344626472096
chi = 0.2881089701299526
Iteration time (s) = 0.8069367408752441
RESTORATION
**************************************

[FRP] solve 775 of phase 14, thetak=5.229e-03, Delta=5.000e-04

**************************************
Iteration 837:
thetak = 0.005229051873116338
objk = 2.9049724366809566
trustRadius = 0.0005
sampleRadius = 0.0005
stepNorm = 0.23404344626472096
chi = 0.2881089701299526
Iteration time (s) = 0.8117194175720215
RESTORATION
**************************************

[FRP] solve 776 of phase 14, thetak=5.229e-03, Delta=5.000e-04

**************************************
Iteration 838:
thetak = 0.005229051873116338
objk = 2.9049724366809566
trustRadius = 0.0005
sampleRadius = 0.0005
stepNorm = 0.23404344626472096
chi = 0.2881089701299526
Iteration time (s) = 1.1602261066436768
RESTORATION
**************************************

[FRP] solve 777 of phase 14, thetak=5.229e-03, Delta=5.000e-04

**************************************
Iteration 839:
thetak = 0.005229051873116338
objk = 2.9049724366809566
trustRadius = 0.0005
sampleRadius = 0.0005
stepNorm = 0.23404344626472096
chi = 0.2881089701299526
Iteration time (s) = 0.8172314167022705
RESTORATION
**************************************

[FRP] solve 778 of phase 14, thetak=5.229e-03, Delta=5.000e-04

**************************************
Iteration 840:
thetak = 0.005229051873116338
objk = 2.9049724366809566
trustRadius = 0.0005
sampleRadius = 0.0005
stepNorm = 0.23404344626472096
chi = 0.2881089701299526
Iteration time (s) = 0.8213193416595459
RESTORATION
**************************************

[FRP] solve 779 of phase 14, thetak=5.229e-03, Delta=5.000e-04

**************************************
Iteration 841:
thetak = 0.005229051873116338
objk = 2.9049724366809566
trustRadius = 0.0005
sampleRadius = 0.0005
stepNorm = 0.23404344626472096
chi = 0.2881089701299526
Iteration time (s) = 0.9091145992279053
RESTORATION
**************************************

[FRP] solve 780 of phase 14, thetak=5.229e-03, Delta=5.000e-04

**************************************
Iteration 842:
thetak = 0.005229051873116338
objk = 2.9049724366809566
trustRadius = 0.0005
sampleRadius = 0.0005
stepNorm = 0.23404344626472096
chi = 0.2881089701299526
Iteration time (s) = 0.8207268714904785
RESTORATION
**************************************

[FRP] solve 781 of phase 14, thetak=5.229e-03, Delta=5.000e-04

**************************************
Iteration 843:
thetak = 0.005229051873116338
objk = 2.9049724366809566
trustRadius = 0.0005
sampleRadius = 0.0005
stepNorm = 0.23404344626472096
chi = 0.2881089701299526
Iteration time (s) = 0.9340300559997559
RESTORATION
**************************************

[FRP] solve 782 of phase 14, thetak=5.229e-03, Delta=5.000e-04

**************************************
Iteration 844:
thetak = 0.005229051873116338
objk = 2.9049724366809566
trustRadius = 0.0005
sampleRadius = 0.0005
stepNorm = 0.23404344626472096
chi = 0.2881089701299526
Iteration time (s) = 0.790128231048584
RESTORATION
**************************************

[FRP] solve 783 of phase 14, thetak=5.229e-03, Delta=5.000e-04

**************************************
Iteration 845:
thetak = 0.005229051873116338
objk = 2.9049724366809566
trustRadius = 0.0005
sampleRadius = 0.0005
stepNorm = 0.23404344626472096
chi = 0.2881089701299526
Iteration time (s) = 0.8307700157165527
RESTORATION
**************************************

[FRP] solve 784 of phase 14, thetak=5.229e-03, Delta=5.000e-04

**************************************
Iteration 846:
thetak = 0.005229051873116338
objk = 2.9049724366809566
trustRadius = 0.0005
sampleRadius = 0.0005
stepNorm = 0.23404344626472096
chi = 0.2881089701299526
Iteration time (s) = 1.0249125957489014
RESTORATION
**************************************

[FRP] solve 785 of phase 14, thetak=5.229e-03, Delta=5.000e-04

**************************************
Iteration 847:
thetak = 0.005229051873116338
objk = 2.9049724366809566
trustRadius = 0.0005
sampleRadius = 0.0005
stepNorm = 0.23404344626472096
chi = 0.2881089701299526
Iteration time (s) = 0.8160989284515381
RESTORATION
**************************************

[FRP] solve 786 of phase 14, thetak=5.229e-03, Delta=5.000e-04

**************************************
Iteration 848:
thetak = 0.005229051873116338
objk = 2.9049724366809566
trustRadius = 0.0005
sampleRadius = 0.0005
stepNorm = 0.23404344626472096
chi = 0.2881089701299526
Iteration time (s) = 0.8078887462615967
RESTORATION
**************************************

[FRP] solve 787 of phase 14, thetak=5.229e-03, Delta=5.000e-04

**************************************
Iteration 849:
thetak = 0.005229051873116338
objk = 2.9049724366809566
trustRadius = 0.0005
sampleRadius = 0.0005
stepNorm = 0.23404344626472096
chi = 0.2881089701299526
Iteration time (s) = 0.7960216999053955
RESTORATION
**************************************

[FRP] solve 788 of phase 14, thetak=5.229e-03, Delta=5.000e-04

**************************************
Iteration 850:
thetak = 0.005229051873116338
objk = 2.9049724366809566
trustRadius = 0.0005
sampleRadius = 0.0005
stepNorm = 0.23404344626472096
chi = 0.2881089701299526
Iteration time (s) = 0.9038600921630859
RESTORATION
**************************************

[FRP] solve 789 of phase 14, thetak=5.229e-03, Delta=5.000e-04

**************************************
Iteration 851:
thetak = 0.005229051873116338
objk = 2.9049724366809566
trustRadius = 0.0005
sampleRadius = 0.0005
stepNorm = 0.23404344626472096
chi = 0.2881089701299526
Iteration time (s) = 0.9081804752349854
RESTORATION
**************************************

[FRP] solve 790 of phase 14, thetak=5.229e-03, Delta=5.000e-04

**************************************
Iteration 852:
thetak = 0.005229051873116338
objk = 2.9049724366809566
trustRadius = 0.0005
sampleRadius = 0.0005
stepNorm = 0.23404344626472096
chi = 0.2881089701299526
Iteration time (s) = 0.9394454956054688
RESTORATION
**************************************

[FRP] solve 791 of phase 14, thetak=5.229e-03, Delta=5.000e-04

**************************************
Iteration 853:
thetak = 0.005229051873116338
objk = 2.9049724366809566
trustRadius = 0.0005
sampleRadius = 0.0005
stepNorm = 0.23404344626472096
chi = 0.2881089701299526
Iteration time (s) = 0.9101452827453613
RESTORATION
**************************************

[FRP] solve 792 of phase 14, thetak=5.229e-03, Delta=5.000e-04

**************************************
Iteration 854:
thetak = 0.005229051873116338
objk = 2.9049724366809566
trustRadius = 0.0005
sampleRadius = 0.0005
stepNorm = 0.23404344626472096
chi = 0.2881089701299526
Iteration time (s) = 0.8098900318145752
RESTORATION
**************************************

[FRP] solve 793 of phase 14, thetak=5.229e-03, Delta=5.000e-04

**************************************
Iteration 855:
thetak = 0.005229051873116338
objk = 2.9049724366809566
trustRadius = 0.0005
sampleRadius = 0.0005
stepNorm = 0.23404344626472096
chi = 0.2881089701299526
Iteration time (s) = 0.7791099548339844
RESTORATION
**************************************

[FRP] solve 794 of phase 14, thetak=5.229e-03, Delta=5.000e-04

**************************************
Iteration 856:
thetak = 0.005229051873116338
objk = 2.9049724366809566
trustRadius = 0.0005
sampleRadius = 0.0005
stepNorm = 0.23404344626472096
chi = 0.2881089701299526
Iteration time (s) = 0.915128231048584
RESTORATION
**************************************

[FRP] solve 795 of phase 14, thetak=5.229e-03, Delta=5.000e-04

**************************************
Iteration 857:
thetak = 0.005229051873116338
objk = 2.9049724366809566
trustRadius = 0.0005
sampleRadius = 0.0005
stepNorm = 0.23404344626472096
chi = 0.2881089701299526
Iteration time (s) = 0.9247128963470459
RESTORATION
**************************************

[FRP] solve 796 of phase 14, thetak=5.229e-03, Delta=5.000e-04

**************************************
Iteration 858:
thetak = 0.005229051873116338
objk = 2.9049724366809566
trustRadius = 0.0005
sampleRadius = 0.0005
stepNorm = 0.23404344626472096
chi = 0.2881089701299526
Iteration time (s) = 0.8111035823822021
RESTORATION
**************************************

[FRP] solve 797 of phase 14, thetak=5.229e-03, Delta=5.000e-04

**************************************
Iteration 859:
thetak = 0.005229051873116338
objk = 2.9049724366809566
trustRadius = 0.0005
sampleRadius = 0.0005
stepNorm = 0.23404344626472096
chi = 0.2881089701299526
Iteration time (s) = 0.8012852668762207
RESTORATION
**************************************

[FRP] solve 798 of phase 14, thetak=5.229e-03, Delta=5.000e-04

**************************************
Iteration 860:
thetak = 0.005229051873116338
objk = 2.9049724366809566
trustRadius = 0.0005
sampleRadius = 0.0005
stepNorm = 0.23404344626472096
chi = 0.2881089701299526
Iteration time (s) = 0.8172521591186523
RESTORATION
**************************************

[FRP] solve 799 of phase 14, thetak=5.229e-03, Delta=5.000e-04

**************************************
Iteration 861:
thetak = 0.005229051873116338
objk = 2.9049724366809566
trustRadius = 0.0005
sampleRadius = 0.0005
stepNorm = 0.23404344626472096
chi = 0.2881089701299526
Iteration time (s) = 0.8045120239257812
RESTORATION
**************************************

[FRP] solve 800 of phase 14, thetak=5.229e-03, Delta=5.000e-04

**************************************
Iteration 862:
thetak = 0.005229051873116338
objk = 2.9049724366809566
trustRadius = 0.0005
sampleRadius = 0.0005
stepNorm = 0.23404344626472096
chi = 0.2881089701299526
Iteration time (s) = 0.8280372619628906
RESTORATION
**************************************

[FRP] solve 801 of phase 14, thetak=5.229e-03, Delta=5.000e-04

**************************************
Iteration 863:
thetak = 0.005229051873116338
objk = 2.9049724366809566
trustRadius = 0.0005
sampleRadius = 0.0005
stepNorm = 0.23404344626472096
chi = 0.2881089701299526
Iteration time (s) = 0.9156267642974854
RESTORATION
**************************************

[FRP] solve 802 of phase 14, thetak=5.229e-03, Delta=5.000e-04

**************************************
Iteration 864:
thetak = 0.005229051873116338
objk = 2.9049724366809566
trustRadius = 0.0005
sampleRadius = 0.0005
stepNorm = 0.23404344626472096
chi = 0.2881089701299526
Iteration time (s) = 0.8109734058380127
RESTORATION
**************************************

[FRP] solve 803 of phase 14, thetak=5.229e-03, Delta=5.000e-04

**************************************
Iteration 865:
thetak = 0.005229051873116338
objk = 2.9049724366809566
trustRadius = 0.0005
sampleRadius = 0.0005
stepNorm = 0.23404344626472096
chi = 0.2881089701299526
Iteration time (s) = 0.940927267074585
RESTORATION
**************************************

[FRP] solve 804 of phase 14, thetak=5.229e-03, Delta=5.000e-04

**************************************
Iteration 866:
thetak = 0.005229051873116338
objk = 2.9049724366809566
trustRadius = 0.0005
sampleRadius = 0.0005
stepNorm = 0.23404344626472096
chi = 0.2881089701299526
Iteration time (s) = 0.8003065586090088
RESTORATION
**************************************

[FRP] solve 805 of phase 14, thetak=5.229e-03, Delta=5.000e-04

**************************************
Iteration 867:
thetak = 0.005229051873116338
objk = 2.9049724366809566
trustRadius = 0.0005
sampleRadius = 0.0005
stepNorm = 0.23404344626472096
chi = 0.2881089701299526
Iteration time (s) = 1.4100770950317383
RESTORATION
**************************************

[FRP] solve 806 of phase 14, thetak=5.229e-03, Delta=5.000e-04

**************************************
Iteration 868:
thetak = 0.005229051873116338
objk = 2.9049724366809566
trustRadius = 0.0005
sampleRadius = 0.0005
stepNorm = 0.23404344626472096
chi = 0.2881089701299526
Iteration time (s) = 1.5573408603668213
RESTORATION
**************************************

[FRP] solve 807 of phase 14, thetak=5.229e-03, Delta=5.000e-04

**************************************
Iteration 869:
thetak = 0.005229051873116338
objk = 2.9049724366809566
trustRadius = 0.0005
sampleRadius = 0.0005
stepNorm = 0.23404344626472096
chi = 0.2881089701299526
Iteration time (s) = 0.9561712741851807
RESTORATION
**************************************

[FRP] solve 808 of phase 14, thetak=5.229e-03, Delta=5.000e-04

**************************************
Iteration 870:
thetak = 0.005229051873116338
objk = 2.9049724366809566
trustRadius = 0.0005
sampleRadius = 0.0005
stepNorm = 0.23404344626472096
chi = 0.2881089701299526
Iteration time (s) = 1.4286308288574219
RESTORATION
**************************************

[FRP] solve 809 of phase 14, thetak=5.229e-03, Delta=5.000e-04

**************************************
Iteration 871:
thetak = 0.005229051873116338
objk = 2.9049724366809566
trustRadius = 0.0005
sampleRadius = 0.0005
stepNorm = 0.23404344626472096
chi = 0.2881089701299526
Iteration time (s) = 0.9277575016021729
RESTORATION
**************************************

[FRP] solve 810 of phase 14, thetak=5.229e-03, Delta=5.000e-04

**************************************
Iteration 872:
thetak = 0.005229051873116338
objk = 2.9049724366809566
trustRadius = 0.0005
sampleRadius = 0.0005
stepNorm = 0.23404344626472096
chi = 0.2881089701299526
Iteration time (s) = 0.903120756149292
RESTORATION
**************************************

[FRP] solve 811 of phase 14, thetak=5.229e-03, Delta=5.000e-04

**************************************
Iteration 873:
thetak = 0.005229051873116338
objk = 2.9049724366809566
trustRadius = 0.0005
sampleRadius = 0.0005
stepNorm = 0.23404344626472096
chi = 0.2881089701299526
Iteration time (s) = 0.9282803535461426
RESTORATION
**************************************

[FRP] solve 812 of phase 14, thetak=5.229e-03, Delta=5.000e-04

**************************************
Iteration 874:
thetak = 0.005229051873116338
objk = 2.9049724366809566
trustRadius = 0.0005
sampleRadius = 0.0005
stepNorm = 0.23404344626472096
chi = 0.2881089701299526
Iteration time (s) = 0.8102385997772217
RESTORATION
**************************************

[FRP] solve 813 of phase 14, thetak=5.229e-03, Delta=5.000e-04

**************************************
Iteration 875:
thetak = 0.005229051873116338
objk = 2.9049724366809566
trustRadius = 0.0005
sampleRadius = 0.0005
stepNorm = 0.23404344626472096
chi = 0.2881089701299526
Iteration time (s) = 0.916771411895752
RESTORATION
**************************************

[FRP] solve 814 of phase 14, thetak=5.229e-03, Delta=5.000e-04

**************************************
Iteration 876:
thetak = 0.005229051873116338
objk = 2.9049724366809566
trustRadius = 0.0005
sampleRadius = 0.0005
stepNorm = 0.23404344626472096
chi = 0.2881089701299526
Iteration time (s) = 0.9404878616333008
RESTORATION
**************************************

[FRP] solve 815 of phase 14, thetak=5.229e-03, Delta=5.000e-04

**************************************
Iteration 877:
thetak = 0.005229051873116338
objk = 2.9049724366809566
trustRadius = 0.0005
sampleRadius = 0.0005
stepNorm = 0.23404344626472096
chi = 0.2881089701299526
Iteration time (s) = 0.9136755466461182
RESTORATION
**************************************

[FRP] solve 816 of phase 14, thetak=5.229e-03, Delta=5.000e-04

**************************************
Iteration 878:
thetak = 0.005229051873116338
objk = 2.9049724366809566
trustRadius = 0.0005
sampleRadius = 0.0005
stepNorm = 0.23404344626472096
chi = 0.2881089701299526
Iteration time (s) = 0.8424041271209717
RESTORATION
**************************************

[FRP] solve 817 of phase 14, thetak=5.229e-03, Delta=5.000e-04

**************************************
Iteration 879:
thetak = 0.005229051873116338
objk = 2.9049724366809566
trustRadius = 0.0005
sampleRadius = 0.0005
stepNorm = 0.23404344626472096
chi = 0.2881089701299526
Iteration time (s) = 0.8497645854949951
RESTORATION
**************************************

[FRP] solve 818 of phase 14, thetak=5.229e-03, Delta=5.000e-04

**************************************
Iteration 880:
thetak = 0.005229051873116338
objk = 2.9049724366809566
trustRadius = 0.0005
sampleRadius = 0.0005
stepNorm = 0.23404344626472096
chi = 0.2881089701299526
Iteration time (s) = 1.0671422481536865
RESTORATION
**************************************

[FRP] solve 819 of phase 14, thetak=5.229e-03, Delta=5.000e-04

**************************************
Iteration 881:
thetak = 0.005229051873116338
objk = 2.9049724366809566
trustRadius = 0.0005
sampleRadius = 0.0005
stepNorm = 0.23404344626472096
chi = 0.2881089701299526
Iteration time (s) = 1.2329485416412354
RESTORATION
**************************************

[FRP] solve 820 of phase 14, thetak=5.229e-03, Delta=5.000e-04

**************************************
Iteration 882:
thetak = 0.005229051873116338
objk = 2.9049724366809566
trustRadius = 0.0005
sampleRadius = 0.0005
stepNorm = 0.23404344626472096
chi = 0.2881089701299526
Iteration time (s) = 0.9377820491790771
RESTORATION
**************************************

[FRP] solve 821 of phase 14, thetak=5.229e-03, Delta=5.000e-04

**************************************
Iteration 883:
thetak = 0.005229051873116338
objk = 2.9049724366809566
trustRadius = 0.0005
sampleRadius = 0.0005
stepNorm = 0.23404344626472096
chi = 0.2881089701299526
Iteration time (s) = 0.9415035247802734
RESTORATION
**************************************

[FRP] solve 822 of phase 14, thetak=5.229e-03, Delta=5.000e-04

**************************************
Iteration 884:
thetak = 0.005229051873116338
objk = 2.9049724366809566
trustRadius = 0.0005
sampleRadius = 0.0005
stepNorm = 0.23404344626472096
chi = 0.2881089701299526
Iteration time (s) = 0.9198732376098633
RESTORATION
**************************************

[FRP] solve 823 of phase 14, thetak=5.229e-03, Delta=5.000e-04

**************************************
Iteration 885:
thetak = 0.005229051873116338
objk = 2.9049724366809566
trustRadius = 0.0005
sampleRadius = 0.0005
stepNorm = 0.23404344626472096
chi = 0.2881089701299526
Iteration time (s) = 0.9473896026611328
RESTORATION
**************************************

[FRP] solve 824 of phase 14, thetak=5.229e-03, Delta=5.000e-04

**************************************
Iteration 886:
thetak = 0.005229051873116338
objk = 2.9049724366809566
trustRadius = 0.0005
sampleRadius = 0.0005
stepNorm = 0.23404344626472096
chi = 0.2881089701299526
Iteration time (s) = 0.8231856822967529
RESTORATION
**************************************

[FRP] solve 825 of phase 14, thetak=5.229e-03, Delta=5.000e-04

**************************************
Iteration 887:
thetak = 0.005229051873116338
objk = 2.9049724366809566
trustRadius = 0.0005
sampleRadius = 0.0005
stepNorm = 0.23404344626472096
chi = 0.2881089701299526
Iteration time (s) = 0.8007869720458984
RESTORATION
**************************************

[FRP] solve 826 of phase 14, thetak=5.229e-03, Delta=5.000e-04

**************************************
Iteration 888:
thetak = 0.005229051873116338
objk = 2.9049724366809566
trustRadius = 0.0005
sampleRadius = 0.0005
stepNorm = 0.23404344626472096
chi = 0.2881089701299526
Iteration time (s) = 0.9678990840911865
RESTORATION
**************************************

[FRP] solve 827 of phase 14, thetak=5.229e-03, Delta=5.000e-04

**************************************
Iteration 889:
thetak = 0.005229051873116338
objk = 2.9049724366809566
trustRadius = 0.0005
sampleRadius = 0.0005
stepNorm = 0.23404344626472096
chi = 0.2881089701299526
Iteration time (s) = 0.9354970455169678
RESTORATION
**************************************

[FRP] solve 828 of phase 14, thetak=5.229e-03, Delta=5.000e-04

**************************************
Iteration 890:
thetak = 0.005229051873116338
objk = 2.9049724366809566
trustRadius = 0.0005
sampleRadius = 0.0005
stepNorm = 0.23404344626472096
chi = 0.2881089701299526
Iteration time (s) = 0.914808988571167
RESTORATION
**************************************

[FRP] solve 829 of phase 14, thetak=5.229e-03, Delta=5.000e-04

**************************************
Iteration 891:
thetak = 0.005229051873116338
objk = 2.9049724366809566
trustRadius = 0.0005
sampleRadius = 0.0005
stepNorm = 0.23404344626472096
chi = 0.2881089701299526
Iteration time (s) = 0.9059128761291504
RESTORATION
**************************************

[FRP] solve 830 of phase 14, thetak=5.229e-03, Delta=5.000e-04

**************************************
Iteration 892:
thetak = 0.005229051873116338
objk = 2.9049724366809566
trustRadius = 0.0005
sampleRadius = 0.0005
stepNorm = 0.23404344626472096
chi = 0.2881089701299526
Iteration time (s) = 0.8004207611083984
RESTORATION
**************************************

[FRP] solve 831 of phase 14, thetak=5.229e-03, Delta=5.000e-04

**************************************
Iteration 893:
thetak = 0.005229051873116338
objk = 2.9049724366809566
trustRadius = 0.0005
sampleRadius = 0.0005
stepNorm = 0.23404344626472096
chi = 0.2881089701299526
Iteration time (s) = 0.9085230827331543
RESTORATION
**************************************

[FRP] solve 832 of phase 14, thetak=5.229e-03, Delta=5.000e-04

**************************************
Iteration 894:
thetak = 0.005229051873116338
objk = 2.9049724366809566
trustRadius = 0.0005
sampleRadius = 0.0005
stepNorm = 0.23404344626472096
chi = 0.2881089701299526
Iteration time (s) = 0.8255627155303955
RESTORATION
**************************************

[FRP] solve 833 of phase 14, thetak=5.229e-03, Delta=5.000e-04

**************************************
Iteration 895:
thetak = 0.005229051873116338
objk = 2.9049724366809566
trustRadius = 0.0005
sampleRadius = 0.0005
stepNorm = 0.23404344626472096
chi = 0.2881089701299526
Iteration time (s) = 0.9158403873443604
RESTORATION
**************************************

[FRP] solve 834 of phase 14, thetak=5.229e-03, Delta=5.000e-04

**************************************
Iteration 896:
thetak = 0.005229051873116338
objk = 2.9049724366809566
trustRadius = 0.0005
sampleRadius = 0.0005
stepNorm = 0.23404344626472096
chi = 0.2881089701299526
Iteration time (s) = 0.8025789260864258
RESTORATION
**************************************

[FRP] solve 835 of phase 14, thetak=5.229e-03, Delta=5.000e-04

**************************************
Iteration 897:
thetak = 0.005229051873116338
objk = 2.9049724366809566
trustRadius = 0.0005
sampleRadius = 0.0005
stepNorm = 0.23404344626472096
chi = 0.2881089701299526
Iteration time (s) = 0.9040019512176514
RESTORATION
**************************************

[FRP] solve 836 of phase 14, thetak=5.229e-03, Delta=5.000e-04

**************************************
Iteration 898:
thetak = 0.005229051873116338
objk = 2.9049724366809566
trustRadius = 0.0005
sampleRadius = 0.0005
stepNorm = 0.23404344626472096
chi = 0.2881089701299526
Iteration time (s) = 0.8122334480285645
RESTORATION
**************************************

[FRP] solve 837 of phase 14, thetak=5.229e-03, Delta=5.000e-04

**************************************
Iteration 899:
thetak = 0.005229051873116338
objk = 2.9049724366809566
trustRadius = 0.0005
sampleRadius = 0.0005
stepNorm = 0.23404344626472096
chi = 0.2881089701299526
Iteration time (s) = 0.9139747619628906
RESTORATION
**************************************

[FRP] solve 838 of phase 14, thetak=5.229e-03, Delta=5.000e-04

**************************************
Iteration 900:
thetak = 0.005229051873116338
objk = 2.9049724366809566
trustRadius = 0.0005
sampleRadius = 0.0005
stepNorm = 0.23404344626472096
chi = 0.2881089701299526
Iteration time (s) = 1.0760993957519531
RESTORATION
**************************************

[FRP] solve 839 of phase 14, thetak=5.229e-03, Delta=5.000e-04

**************************************
Iteration 901:
thetak = 0.005229051873116338
objk = 2.9049724366809566
trustRadius = 0.0005
sampleRadius = 0.0005
stepNorm = 0.23404344626472096
chi = 0.2881089701299526
Iteration time (s) = 0.8405404090881348
RESTORATION
**************************************

[FRP] solve 840 of phase 14, thetak=5.229e-03, Delta=5.000e-04

**************************************
Iteration 902:
thetak = 0.005229051873116338
objk = 2.9049724366809566
trustRadius = 0.0005
sampleRadius = 0.0005
stepNorm = 0.23404344626472096
chi = 0.2881089701299526
Iteration time (s) = 0.8436117172241211
RESTORATION
**************************************

[FRP] solve 841 of phase 14, thetak=5.229e-03, Delta=5.000e-04

**************************************
Iteration 903:
thetak = 0.005229051873116338
objk = 2.9049724366809566
trustRadius = 0.0005
sampleRadius = 0.0005
stepNorm = 0.23404344626472096
chi = 0.2881089701299526
Iteration time (s) = 0.7913262844085693
RESTORATION
**************************************

[FRP] solve 842 of phase 14, thetak=5.229e-03, Delta=5.000e-04

**************************************
Iteration 904:
thetak = 0.005229051873116338
objk = 2.9049724366809566
trustRadius = 0.0005
sampleRadius = 0.0005
stepNorm = 0.23404344626472096
chi = 0.2881089701299526
Iteration time (s) = 0.8081305027008057
RESTORATION
**************************************

[FRP] solve 843 of phase 14, thetak=5.229e-03, Delta=5.000e-04

**************************************
Iteration 905:
thetak = 0.005229051873116338
objk = 2.9049724366809566
trustRadius = 0.0005
sampleRadius = 0.0005
stepNorm = 0.23404344626472096
chi = 0.2881089701299526
Iteration time (s) = 0.9368941783905029
RESTORATION
**************************************

[FRP] solve 844 of phase 14, thetak=5.229e-03, Delta=5.000e-04

**************************************
Iteration 906:
thetak = 0.005229051873116338
objk = 2.9049724366809566
trustRadius = 0.0005
sampleRadius = 0.0005
stepNorm = 0.23404344626472096
chi = 0.2881089701299526
Iteration time (s) = 0.8218207359313965
RESTORATION
**************************************

[FRP] solve 845 of phase 14, thetak=5.229e-03, Delta=5.000e-04

**************************************
Iteration 907:
thetak = 0.005229051873116338
objk = 2.9049724366809566
trustRadius = 0.0005
sampleRadius = 0.0005
stepNorm = 0.23404344626472096
chi = 0.2881089701299526
Iteration time (s) = 0.94500732421875
RESTORATION
**************************************

[FRP] solve 846 of phase 14, thetak=5.229e-03, Delta=5.000e-04

**************************************
Iteration 908:
thetak = 0.005229051873116338
objk = 2.9049724366809566
trustRadius = 0.0005
sampleRadius = 0.0005
stepNorm = 0.23404344626472096
chi = 0.2881089701299526
Iteration time (s) = 0.9243061542510986
RESTORATION
**************************************

[FRP] solve 847 of phase 14, thetak=5.229e-03, Delta=5.000e-04

**************************************
Iteration 909:
thetak = 0.005229051873116338
objk = 2.9049724366809566
trustRadius = 0.0005
sampleRadius = 0.0005
stepNorm = 0.23404344626472096
chi = 0.2881089701299526
Iteration time (s) = 0.8012940883636475
RESTORATION
**************************************

[FRP] solve 848 of phase 14, thetak=5.229e-03, Delta=5.000e-04

**************************************
Iteration 910:
thetak = 0.005229051873116338
objk = 2.9049724366809566
trustRadius = 0.0005
sampleRadius = 0.0005
stepNorm = 0.23404344626472096
chi = 0.2881089701299526
Iteration time (s) = 0.8087034225463867
RESTORATION
**************************************

[FRP] solve 849 of phase 14, thetak=5.229e-03, Delta=5.000e-04

**************************************
Iteration 911:
thetak = 0.005229051873116338
objk = 2.9049724366809566
trustRadius = 0.0005
sampleRadius = 0.0005
stepNorm = 0.23404344626472096
chi = 0.2881089701299526
Iteration time (s) = 0.817974328994751
RESTORATION
**************************************

[FRP] solve 850 of phase 14, thetak=5.229e-03, Delta=5.000e-04

**************************************
Iteration 912:
thetak = 0.005229051873116338
objk = 2.9049724366809566
trustRadius = 0.0005
sampleRadius = 0.0005
stepNorm = 0.23404344626472096
chi = 0.2881089701299526
Iteration time (s) = 0.9071154594421387
RESTORATION
**************************************

[FRP] solve 851 of phase 14, thetak=5.229e-03, Delta=5.000e-04

**************************************
Iteration 913:
thetak = 0.005229051873116338
objk = 2.9049724366809566
trustRadius = 0.0005
sampleRadius = 0.0005
stepNorm = 0.23404344626472096
chi = 0.2881089701299526
Iteration time (s) = 0.8218703269958496
RESTORATION
**************************************

[FRP] solve 852 of phase 14, thetak=5.229e-03, Delta=5.000e-04

**************************************
Iteration 914:
thetak = 0.005229051873116338
objk = 2.9049724366809566
trustRadius = 0.0005
sampleRadius = 0.0005
stepNorm = 0.23404344626472096
chi = 0.2881089701299526
Iteration time (s) = 0.9395425319671631
RESTORATION
**************************************

[FRP] solve 853 of phase 14, thetak=5.229e-03, Delta=5.000e-04

**************************************
Iteration 915:
thetak = 0.005229051873116338
objk = 2.9049724366809566
trustRadius = 0.0005
sampleRadius = 0.0005
stepNorm = 0.23404344626472096
chi = 0.2881089701299526
Iteration time (s) = 0.9591960906982422
RESTORATION
**************************************

[FRP] solve 854 of phase 14, thetak=5.229e-03, Delta=5.000e-04

**************************************
Iteration 916:
thetak = 0.005229051873116338
objk = 2.9049724366809566
trustRadius = 0.0005
sampleRadius = 0.0005
stepNorm = 0.23404344626472096
chi = 0.2881089701299526
Iteration time (s) = 0.9092562198638916
RESTORATION
**************************************

[FRP] solve 855 of phase 14, thetak=5.229e-03, Delta=5.000e-04

**************************************
Iteration 917:
thetak = 0.005229051873116338
objk = 2.9049724366809566
trustRadius = 0.0005
sampleRadius = 0.0005
stepNorm = 0.23404344626472096
chi = 0.2881089701299526
Iteration time (s) = 0.8260369300842285
RESTORATION
**************************************

[FRP] solve 856 of phase 14, thetak=5.229e-03, Delta=5.000e-04

**************************************
Iteration 918:
thetak = 0.005229051873116338
objk = 2.9049724366809566
trustRadius = 0.0005
sampleRadius = 0.0005
stepNorm = 0.23404344626472096
chi = 0.2881089701299526
Iteration time (s) = 0.9500648975372314
RESTORATION
**************************************

[FRP] solve 857 of phase 14, thetak=5.229e-03, Delta=5.000e-04

**************************************
Iteration 919:
thetak = 0.005229051873116338
objk = 2.9049724366809566
trustRadius = 0.0005
sampleRadius = 0.0005
stepNorm = 0.23404344626472096
chi = 0.2881089701299526
Iteration time (s) = 0.8034918308258057
RESTORATION
**************************************

[FRP] solve 858 of phase 14, thetak=5.229e-03, Delta=5.000e-04

**************************************
Iteration 920:
thetak = 0.005229051873116338
objk = 2.9049724366809566
trustRadius = 0.0005
sampleRadius = 0.0005
stepNorm = 0.23404344626472096
chi = 0.2881089701299526
Iteration time (s) = 0.8507475852966309
RESTORATION
**************************************

[FRP] solve 859 of phase 14, thetak=5.229e-03, Delta=5.000e-04

**************************************
Iteration 921:
thetak = 0.005229051873116338
objk = 2.9049724366809566
trustRadius = 0.0005
sampleRadius = 0.0005
stepNorm = 0.23404344626472096
chi = 0.2881089701299526
Iteration time (s) = 0.9518287181854248
RESTORATION
**************************************

[FRP] solve 860 of phase 14, thetak=5.229e-03, Delta=5.000e-04

**************************************
Iteration 922:
thetak = 0.005229051873116338
objk = 2.9049724366809566
trustRadius = 0.0005
sampleRadius = 0.0005
stepNorm = 0.23404344626472096
chi = 0.2881089701299526
Iteration time (s) = 0.859158992767334
RESTORATION
**************************************

[FRP] solve 861 of phase 14, thetak=5.229e-03, Delta=5.000e-04

**************************************
Iteration 923:
thetak = 0.005229051873116338
objk = 2.9049724366809566
trustRadius = 0.0005
sampleRadius = 0.0005
stepNorm = 0.23404344626472096
chi = 0.2881089701299526
Iteration time (s) = 0.791163444519043
RESTORATION
**************************************

[FRP] solve 862 of phase 14, thetak=5.229e-03, Delta=5.000e-04

**************************************
Iteration 924:
thetak = 0.005229051873116338
objk = 2.9049724366809566
trustRadius = 0.0005
sampleRadius = 0.0005
stepNorm = 0.23404344626472096
chi = 0.2881089701299526
Iteration time (s) = 0.7911734580993652
RESTORATION
**************************************

[FRP] solve 863 of phase 14, thetak=5.229e-03, Delta=5.000e-04

**************************************
Iteration 925:
thetak = 0.005229051873116338
objk = 2.9049724366809566
trustRadius = 0.0005
sampleRadius = 0.0005
stepNorm = 0.23404344626472096
chi = 0.2881089701299526
Iteration time (s) = 0.8181262016296387
RESTORATION
**************************************

[FRP] solve 864 of phase 14, thetak=5.229e-03, Delta=5.000e-04

**************************************
Iteration 926:
thetak = 0.005229051873116338
objk = 2.9049724366809566
trustRadius = 0.0005
sampleRadius = 0.0005
stepNorm = 0.23404344626472096
chi = 0.2881089701299526
Iteration time (s) = 0.8042452335357666
RESTORATION
**************************************

[FRP] solve 865 of phase 14, thetak=5.229e-03, Delta=5.000e-04

**************************************
Iteration 927:
thetak = 0.005229051873116338
objk = 2.9049724366809566
trustRadius = 0.0005
sampleRadius = 0.0005
stepNorm = 0.23404344626472096
chi = 0.2881089701299526
Iteration time (s) = 0.9199559688568115
RESTORATION
**************************************

[FRP] solve 866 of phase 14, thetak=5.229e-03, Delta=5.000e-04

**************************************
Iteration 928:
thetak = 0.005229051873116338
objk = 2.9049724366809566
trustRadius = 0.0005
sampleRadius = 0.0005
stepNorm = 0.23404344626472096
chi = 0.2881089701299526
Iteration time (s) = 0.9166338443756104
RESTORATION
**************************************

[FRP] solve 867 of phase 14, thetak=5.229e-03, Delta=5.000e-04

**************************************
Iteration 929:
thetak = 0.005229051873116338
objk = 2.9049724366809566
trustRadius = 0.0005
sampleRadius = 0.0005
stepNorm = 0.23404344626472096
chi = 0.2881089701299526
Iteration time (s) = 1.2649483680725098
RESTORATION
**************************************

[FRP] solve 868 of phase 14, thetak=5.229e-03, Delta=5.000e-04

**************************************
Iteration 930:
thetak = 0.005229051873116338
objk = 2.9049724366809566
trustRadius = 0.0005
sampleRadius = 0.0005
stepNorm = 0.23404344626472096
chi = 0.2881089701299526
Iteration time (s) = 1.062312126159668
RESTORATION
**************************************

[FRP] solve 869 of phase 14, thetak=5.229e-03, Delta=5.000e-04

**************************************
Iteration 931:
thetak = 0.005229051873116338
objk = 2.9049724366809566
trustRadius = 0.0005
sampleRadius = 0.0005
stepNorm = 0.23404344626472096
chi = 0.2881089701299526
Iteration time (s) = 0.8910558223724365
RESTORATION
**************************************

[FRP] solve 870 of phase 14, thetak=5.229e-03, Delta=5.000e-04

**************************************
Iteration 932:
thetak = 0.005229051873116338
objk = 2.9049724366809566
trustRadius = 0.0005
sampleRadius = 0.0005
stepNorm = 0.23404344626472096
chi = 0.2881089701299526
Iteration time (s) = 0.79510498046875
RESTORATION
**************************************

[FRP] solve 871 of phase 14, thetak=5.229e-03, Delta=5.000e-04

**************************************
Iteration 933:
thetak = 0.005229051873116338
objk = 2.9049724366809566
trustRadius = 0.0005
sampleRadius = 0.0005
stepNorm = 0.23404344626472096
chi = 0.2881089701299526
Iteration time (s) = 1.0530052185058594
RESTORATION
**************************************

[FRP] solve 872 of phase 14, thetak=5.229e-03, Delta=5.000e-04

**************************************
Iteration 934:
thetak = 0.005229051873116338
objk = 2.9049724366809566
trustRadius = 0.0005
sampleRadius = 0.0005
stepNorm = 0.23404344626472096
chi = 0.2881089701299526
Iteration time (s) = 0.9326796531677246
RESTORATION
**************************************

[FRP] solve 873 of phase 14, thetak=5.229e-03, Delta=5.000e-04

**************************************
Iteration 935:
thetak = 0.005229051873116338
objk = 2.9049724366809566
trustRadius = 0.0005
sampleRadius = 0.0005
stepNorm = 0.23404344626472096
chi = 0.2881089701299526
Iteration time (s) = 1.0180439949035645
RESTORATION
**************************************

[FRP] solve 874 of phase 14, thetak=5.229e-03, Delta=5.000e-04

**************************************
Iteration 936:
thetak = 0.005229051873116338
objk = 2.9049724366809566
trustRadius = 0.0005
sampleRadius = 0.0005
stepNorm = 0.23404344626472096
chi = 0.2881089701299526
Iteration time (s) = 1.0463650226593018
RESTORATION
**************************************

[FRP] solve 875 of phase 14, thetak=5.229e-03, Delta=5.000e-04

**************************************
Iteration 937:
thetak = 0.005229051873116338
objk = 2.9049724366809566
trustRadius = 0.0005
sampleRadius = 0.0005
stepNorm = 0.23404344626472096
chi = 0.2881089701299526
Iteration time (s) = 1.3091509342193604
RESTORATION
**************************************

[FRP] solve 876 of phase 14, thetak=5.229e-03, Delta=5.000e-04

**************************************
Iteration 938:
thetak = 0.005229051873116338
objk = 2.9049724366809566
trustRadius = 0.0005
sampleRadius = 0.0005
stepNorm = 0.23404344626472096
chi = 0.2881089701299526
Iteration time (s) = 1.3433728218078613
RESTORATION
**************************************

[FRP] solve 877 of phase 14, thetak=5.229e-03, Delta=5.000e-04

**************************************
Iteration 939:
thetak = 0.005229051873116338
objk = 2.9049724366809566
trustRadius = 0.0005
sampleRadius = 0.0005
stepNorm = 0.23404344626472096
chi = 0.2881089701299526
Iteration time (s) = 1.1639244556427002
RESTORATION
**************************************

[FRP] solve 878 of phase 14, thetak=5.229e-03, Delta=5.000e-04

**************************************
Iteration 940:
thetak = 0.005229051873116338
objk = 2.9049724366809566
trustRadius = 0.0005
sampleRadius = 0.0005
stepNorm = 0.23404344626472096
chi = 0.2881089701299526
Iteration time (s) = 0.911649227142334
RESTORATION
**************************************

[FRP] solve 879 of phase 14, thetak=5.229e-03, Delta=5.000e-04

**************************************
Iteration 941:
thetak = 0.005229051873116338
objk = 2.9049724366809566
trustRadius = 0.0005
sampleRadius = 0.0005
stepNorm = 0.23404344626472096
chi = 0.2881089701299526
Iteration time (s) = 0.9390993118286133
RESTORATION
**************************************

[FRP] solve 880 of phase 14, thetak=5.229e-03, Delta=5.000e-04

**************************************
Iteration 942:
thetak = 0.005229051873116338
objk = 2.9049724366809566
trustRadius = 0.0005
sampleRadius = 0.0005
stepNorm = 0.23404344626472096
chi = 0.2881089701299526
Iteration time (s) = 0.9468023777008057
RESTORATION
**************************************

[FRP] solve 881 of phase 14, thetak=5.229e-03, Delta=5.000e-04

**************************************
Iteration 943:
thetak = 0.005229051873116338
objk = 2.9049724366809566
trustRadius = 0.0005
sampleRadius = 0.0005
stepNorm = 0.23404344626472096
chi = 0.2881089701299526
Iteration time (s) = 1.0398485660552979
RESTORATION
**************************************

[FRP] solve 882 of phase 14, thetak=5.229e-03, Delta=5.000e-04

**************************************
Iteration 944:
thetak = 0.005229051873116338
objk = 2.9049724366809566
trustRadius = 0.0005
sampleRadius = 0.0005
stepNorm = 0.23404344626472096
chi = 0.2881089701299526
Iteration time (s) = 0.9401717185974121
RESTORATION
**************************************

[FRP] solve 883 of phase 14, thetak=5.229e-03, Delta=5.000e-04

**************************************
Iteration 945:
thetak = 0.005229051873116338
objk = 2.9049724366809566
trustRadius = 0.0005
sampleRadius = 0.0005
stepNorm = 0.23404344626472096
chi = 0.2881089701299526
Iteration time (s) = 0.9247827529907227
RESTORATION
**************************************

[FRP] solve 884 of phase 14, thetak=5.229e-03, Delta=5.000e-04

**************************************
Iteration 946:
thetak = 0.005229051873116338
objk = 2.9049724366809566
trustRadius = 0.0005
sampleRadius = 0.0005
stepNorm = 0.23404344626472096
chi = 0.2881089701299526
Iteration time (s) = 0.9198155403137207
RESTORATION
**************************************

[FRP] solve 885 of phase 14, thetak=5.229e-03, Delta=5.000e-04

**************************************
Iteration 947:
thetak = 0.005229051873116338
objk = 2.9049724366809566
trustRadius = 0.0005
sampleRadius = 0.0005
stepNorm = 0.23404344626472096
chi = 0.2881089701299526
Iteration time (s) = 0.9276027679443359
RESTORATION
**************************************

[FRP] solve 886 of phase 14, thetak=5.229e-03, Delta=5.000e-04

**************************************
Iteration 948:
thetak = 0.005229051873116338
objk = 2.9049724366809566
trustRadius = 0.0005
sampleRadius = 0.0005
stepNorm = 0.23404344626472096
chi = 0.2881089701299526
Iteration time (s) = 0.8049585819244385
RESTORATION
**************************************

[FRP] solve 887 of phase 14, thetak=5.229e-03, Delta=5.000e-04

**************************************
Iteration 949:
thetak = 0.005229051873116338
objk = 2.9049724366809566
trustRadius = 0.0005
sampleRadius = 0.0005
stepNorm = 0.23404344626472096
chi = 0.2881089701299526
Iteration time (s) = 0.920637845993042
RESTORATION
**************************************

[FRP] solve 888 of phase 14, thetak=5.229e-03, Delta=5.000e-04

**************************************
Iteration 950:
thetak = 0.005229051873116338
objk = 2.9049724366809566
trustRadius = 0.0005
sampleRadius = 0.0005
stepNorm = 0.23404344626472096
chi = 0.2881089701299526
Iteration time (s) = 0.9300212860107422
RESTORATION
**************************************

[FRP] solve 889 of phase 14, thetak=5.229e-03, Delta=5.000e-04

**************************************
Iteration 951:
thetak = 0.005229051873116338
objk = 2.9049724366809566
trustRadius = 0.0005
sampleRadius = 0.0005
stepNorm = 0.23404344626472096
chi = 0.2881089701299526
Iteration time (s) = 0.9310908317565918
RESTORATION
**************************************

[FRP] solve 890 of phase 14, thetak=5.229e-03, Delta=5.000e-04

**************************************
Iteration 952:
thetak = 0.005229051873116338
objk = 2.9049724366809566
trustRadius = 0.0005
sampleRadius = 0.0005
stepNorm = 0.23404344626472096
chi = 0.2881089701299526
Iteration time (s) = 0.937342643737793
RESTORATION
**************************************

[FRP] solve 891 of phase 14, thetak=5.229e-03, Delta=5.000e-04

**************************************
Iteration 953:
thetak = 0.005229051873116338
objk = 2.9049724366809566
trustRadius = 0.0005
sampleRadius = 0.0005
stepNorm = 0.23404344626472096
chi = 0.2881089701299526
Iteration time (s) = 2.0584018230438232
RESTORATION
**************************************

[FRP] solve 892 of phase 14, thetak=5.229e-03, Delta=5.000e-04

**************************************
Iteration 954:
thetak = 0.005229051873116338
objk = 2.9049724366809566
trustRadius = 0.0005
sampleRadius = 0.0005
stepNorm = 0.23404344626472096
chi = 0.2881089701299526
Iteration time (s) = 1.078974723815918
RESTORATION
**************************************

[FRP] solve 893 of phase 14, thetak=5.229e-03, Delta=5.000e-04

**************************************
Iteration 955:
thetak = 0.005229051873116338
objk = 2.9049724366809566
trustRadius = 0.0005
sampleRadius = 0.0005
stepNorm = 0.23404344626472096
chi = 0.2881089701299526
Iteration time (s) = 0.9781479835510254
RESTORATION
**************************************

[FRP] solve 894 of phase 14, thetak=5.229e-03, Delta=5.000e-04

**************************************
Iteration 956:
thetak = 0.005229051873116338
objk = 2.9049724366809566
trustRadius = 0.0005
sampleRadius = 0.0005
stepNorm = 0.23404344626472096
chi = 0.2881089701299526
Iteration time (s) = 0.8082549571990967
RESTORATION
**************************************

[FRP] solve 895 of phase 14, thetak=5.229e-03, Delta=5.000e-04

**************************************
Iteration 957:
thetak = 0.005229051873116338
objk = 2.9049724366809566
trustRadius = 0.0005
sampleRadius = 0.0005
stepNorm = 0.23404344626472096
chi = 0.2881089701299526
Iteration time (s) = 0.7847683429718018
RESTORATION
**************************************

[FRP] solve 896 of phase 14, thetak=5.229e-03, Delta=5.000e-04

**************************************
Iteration 958:
thetak = 0.005229051873116338
objk = 2.9049724366809566
trustRadius = 0.0005
sampleRadius = 0.0005
stepNorm = 0.23404344626472096
chi = 0.2881089701299526
Iteration time (s) = 0.8223884105682373
RESTORATION
**************************************

[FRP] solve 897 of phase 14, thetak=5.229e-03, Delta=5.000e-04

**************************************
Iteration 959:
thetak = 0.005229051873116338
objk = 2.9049724366809566
trustRadius = 0.0005
sampleRadius = 0.0005
stepNorm = 0.23404344626472096
chi = 0.2881089701299526
Iteration time (s) = 0.7918965816497803
RESTORATION
**************************************

[FRP] solve 898 of phase 14, thetak=5.229e-03, Delta=5.000e-04

**************************************
Iteration 960:
thetak = 0.005229051873116338
objk = 2.9049724366809566
trustRadius = 0.0005
sampleRadius = 0.0005
stepNorm = 0.23404344626472096
chi = 0.2881089701299526
Iteration time (s) = 0.810344934463501
RESTORATION
**************************************

[FRP] solve 899 of phase 14, thetak=5.229e-03, Delta=5.000e-04

**************************************
Iteration 961:
thetak = 0.005229051873116338
objk = 2.9049724366809566
trustRadius = 0.0005
sampleRadius = 0.0005
stepNorm = 0.23404344626472096
chi = 0.2881089701299526
Iteration time (s) = 0.8196182250976562
RESTORATION
**************************************

[FRP] solve 900 of phase 14, thetak=5.229e-03, Delta=5.000e-04

**************************************
Iteration 962:
thetak = 0.005229051873116338
objk = 2.9049724366809566
trustRadius = 0.0005
sampleRadius = 0.0005
stepNorm = 0.23404344626472096
chi = 0.2881089701299526
Iteration time (s) = 0.9315919876098633
RESTORATION
**************************************

[FRP] solve 901 of phase 14, thetak=5.229e-03, Delta=5.000e-04

**************************************
Iteration 963:
thetak = 0.005229051873116338
objk = 2.9049724366809566
trustRadius = 0.0005
sampleRadius = 0.0005
stepNorm = 0.23404344626472096
chi = 0.2881089701299526
Iteration time (s) = 0.8137776851654053
RESTORATION
**************************************

[FRP] solve 902 of phase 14, thetak=5.229e-03, Delta=5.000e-04

**************************************
Iteration 964:
thetak = 0.005229051873116338
objk = 2.9049724366809566
trustRadius = 0.0005
sampleRadius = 0.0005
stepNorm = 0.23404344626472096
chi = 0.2881089701299526
Iteration time (s) = 0.8131399154663086
RESTORATION
**************************************

[FRP] solve 903 of phase 14, thetak=5.229e-03, Delta=5.000e-04

**************************************
Iteration 965:
thetak = 0.005229051873116338
objk = 2.9049724366809566
trustRadius = 0.0005
sampleRadius = 0.0005
stepNorm = 0.23404344626472096
chi = 0.2881089701299526
Iteration time (s) = 0.8024845123291016
RESTORATION
**************************************

[FRP] solve 904 of phase 14, thetak=5.229e-03, Delta=5.000e-04

**************************************
Iteration 966:
thetak = 0.005229051873116338
objk = 2.9049724366809566
trustRadius = 0.0005
sampleRadius = 0.0005
stepNorm = 0.23404344626472096
chi = 0.2881089701299526
Iteration time (s) = 0.9172468185424805
RESTORATION
**************************************

[FRP] solve 905 of phase 14, thetak=5.229e-03, Delta=5.000e-04

**************************************
Iteration 967:
thetak = 0.005229051873116338
objk = 2.9049724366809566
trustRadius = 0.0005
sampleRadius = 0.0005
stepNorm = 0.23404344626472096
chi = 0.2881089701299526
Iteration time (s) = 0.8103134632110596
RESTORATION
**************************************

[FRP] solve 906 of phase 14, thetak=5.229e-03, Delta=5.000e-04

**************************************
Iteration 968:
thetak = 0.005229051873116338
objk = 2.9049724366809566
trustRadius = 0.0005
sampleRadius = 0.0005
stepNorm = 0.23404344626472096
chi = 0.2881089701299526
Iteration time (s) = 0.9075398445129395
RESTORATION
**************************************

[FRP] solve 907 of phase 14, thetak=5.229e-03, Delta=5.000e-04

**************************************
Iteration 969:
thetak = 0.005229051873116338
objk = 2.9049724366809566
trustRadius = 0.0005
sampleRadius = 0.0005
stepNorm = 0.23404344626472096
chi = 0.2881089701299526
Iteration time (s) = 0.9602401256561279
RESTORATION
**************************************

[FRP] solve 908 of phase 14, thetak=5.229e-03, Delta=5.000e-04

**************************************
Iteration 970:
thetak = 0.005229051873116338
objk = 2.9049724366809566
trustRadius = 0.0005
sampleRadius = 0.0005
stepNorm = 0.23404344626472096
chi = 0.2881089701299526
Iteration time (s) = 0.8098175525665283
RESTORATION
**************************************

[FRP] solve 909 of phase 14, thetak=5.229e-03, Delta=5.000e-04

**************************************
Iteration 971:
thetak = 0.005229051873116338
objk = 2.9049724366809566
trustRadius = 0.0005
sampleRadius = 0.0005
stepNorm = 0.23404344626472096
chi = 0.2881089701299526
Iteration time (s) = 0.9024887084960938
RESTORATION
**************************************

[FRP] solve 910 of phase 14, thetak=5.229e-03, Delta=5.000e-04

**************************************
Iteration 972:
thetak = 0.005229051873116338
objk = 2.9049724366809566
trustRadius = 0.0005
sampleRadius = 0.0005
stepNorm = 0.23404344626472096
chi = 0.2881089701299526
Iteration time (s) = 0.7998430728912354
RESTORATION
**************************************

[FRP] solve 911 of phase 14, thetak=5.229e-03, Delta=5.000e-04

**************************************
Iteration 973:
thetak = 0.005229051873116338
objk = 2.9049724366809566
trustRadius = 0.0005
sampleRadius = 0.0005
stepNorm = 0.23404344626472096
chi = 0.2881089701299526
Iteration time (s) = 0.8168694972991943
RESTORATION
**************************************

[FRP] solve 912 of phase 14, thetak=5.229e-03, Delta=5.000e-04

**************************************
Iteration 974:
thetak = 0.005229051873116338
objk = 2.9049724366809566
trustRadius = 0.0005
sampleRadius = 0.0005
stepNorm = 0.23404344626472096
chi = 0.2881089701299526
Iteration time (s) = 0.7895455360412598
RESTORATION
**************************************

[FRP] solve 913 of phase 14, thetak=5.229e-03, Delta=5.000e-04

**************************************
Iteration 975:
thetak = 0.005229051873116338
objk = 2.9049724366809566
trustRadius = 0.0005
sampleRadius = 0.0005
stepNorm = 0.23404344626472096
chi = 0.2881089701299526
Iteration time (s) = 0.9168732166290283
RESTORATION
**************************************

[FRP] solve 914 of phase 14, thetak=5.229e-03, Delta=5.000e-04

**************************************
Iteration 976:
thetak = 0.005229051873116338
objk = 2.9049724366809566
trustRadius = 0.0005
sampleRadius = 0.0005
stepNorm = 0.23404344626472096
chi = 0.2881089701299526
Iteration time (s) = 0.9059944152832031
RESTORATION
**************************************

[FRP] solve 915 of phase 14, thetak=5.229e-03, Delta=5.000e-04

**************************************
Iteration 977:
thetak = 0.005229051873116338
objk = 2.9049724366809566
trustRadius = 0.0005
sampleRadius = 0.0005
stepNorm = 0.23404344626472096
chi = 0.2881089701299526
Iteration time (s) = 0.8142836093902588
RESTORATION
**************************************

[FRP] solve 916 of phase 14, thetak=5.229e-03, Delta=5.000e-04

**************************************
Iteration 978:
thetak = 0.005229051873116338
objk = 2.9049724366809566
trustRadius = 0.0005
sampleRadius = 0.0005
stepNorm = 0.23404344626472096
chi = 0.2881089701299526
Iteration time (s) = 0.8207292556762695
RESTORATION
**************************************

[FRP] solve 917 of phase 14, thetak=5.229e-03, Delta=5.000e-04

**************************************
Iteration 979:
thetak = 0.005229051873116338
objk = 2.9049724366809566
trustRadius = 0.0005
sampleRadius = 0.0005
stepNorm = 0.23404344626472096
chi = 0.2881089701299526
Iteration time (s) = 0.9006392955780029
RESTORATION
**************************************

[FRP] solve 918 of phase 14, thetak=5.229e-03, Delta=5.000e-04

**************************************
Iteration 980:
thetak = 0.005229051873116338
objk = 2.9049724366809566
trustRadius = 0.0005
sampleRadius = 0.0005
stepNorm = 0.23404344626472096
chi = 0.2881089701299526
Iteration time (s) = 0.7866408824920654
RESTORATION
**************************************

[FRP] solve 919 of phase 14, thetak=5.229e-03, Delta=5.000e-04

**************************************
Iteration 981:
thetak = 0.005229051873116338
objk = 2.9049724366809566
trustRadius = 0.0005
sampleRadius = 0.0005
stepNorm = 0.23404344626472096
chi = 0.2881089701299526
Iteration time (s) = 0.9239788055419922
RESTORATION
**************************************

[FRP] solve 920 of phase 14, thetak=5.229e-03, Delta=5.000e-04

**************************************
Iteration 982:
thetak = 0.005229051873116338
objk = 2.9049724366809566
trustRadius = 0.0005
sampleRadius = 0.0005
stepNorm = 0.23404344626472096
chi = 0.2881089701299526
Iteration time (s) = 0.947209358215332
RESTORATION
**************************************

[FRP] solve 921 of phase 14, thetak=5.229e-03, Delta=5.000e-04

**************************************
Iteration 983:
thetak = 0.005229051873116338
objk = 2.9049724366809566
trustRadius = 0.0005
sampleRadius = 0.0005
stepNorm = 0.23404344626472096
chi = 0.2881089701299526
Iteration time (s) = 0.789046049118042
RESTORATION
**************************************

[FRP] solve 922 of phase 14, thetak=5.229e-03, Delta=5.000e-04

**************************************
Iteration 984:
thetak = 0.005229051873116338
objk = 2.9049724366809566
trustRadius = 0.0005
sampleRadius = 0.0005
stepNorm = 0.23404344626472096
chi = 0.2881089701299526
Iteration time (s) = 0.8264942169189453
RESTORATION
**************************************

[FRP] solve 923 of phase 14, thetak=5.229e-03, Delta=5.000e-04

**************************************
Iteration 985:
thetak = 0.005229051873116338
objk = 2.9049724366809566
trustRadius = 0.0005
sampleRadius = 0.0005
stepNorm = 0.23404344626472096
chi = 0.2881089701299526
Iteration time (s) = 0.8126535415649414
RESTORATION
**************************************

[FRP] solve 924 of phase 14, thetak=5.229e-03, Delta=5.000e-04

**************************************
Iteration 986:
thetak = 0.005229051873116338
objk = 2.9049724366809566
trustRadius = 0.0005
sampleRadius = 0.0005
stepNorm = 0.23404344626472096
chi = 0.2881089701299526
Iteration time (s) = 0.9066729545593262
RESTORATION
**************************************

[FRP] solve 925 of phase 14, thetak=5.229e-03, Delta=5.000e-04

**************************************
Iteration 987:
thetak = 0.005229051873116338
objk = 2.9049724366809566
trustRadius = 0.0005
sampleRadius = 0.0005
stepNorm = 0.23404344626472096
chi = 0.2881089701299526
Iteration time (s) = 0.9113419055938721
RESTORATION
**************************************

[FRP] solve 926 of phase 14, thetak=5.229e-03, Delta=5.000e-04

**************************************
Iteration 988:
thetak = 0.005229051873116338
objk = 2.9049724366809566
trustRadius = 0.0005
sampleRadius = 0.0005
stepNorm = 0.23404344626472096
chi = 0.2881089701299526
Iteration time (s) = 0.9759740829467773
RESTORATION
**************************************

[FRP] solve 927 of phase 14, thetak=5.229e-03, Delta=5.000e-04

**************************************
Iteration 989:
thetak = 0.005229051873116338
objk = 2.9049724366809566
trustRadius = 0.0005
sampleRadius = 0.0005
stepNorm = 0.23404344626472096
chi = 0.2881089701299526
Iteration time (s) = 0.9265799522399902
RESTORATION
**************************************

[FRP] solve 928 of phase 14, thetak=5.229e-03, Delta=5.000e-04

**************************************
Iteration 990:
thetak = 0.005229051873116338
objk = 2.9049724366809566
trustRadius = 0.0005
sampleRadius = 0.0005
stepNorm = 0.23404344626472096
chi = 0.2881089701299526
Iteration time (s) = 0.9120697975158691
RESTORATION
**************************************

[FRP] solve 929 of phase 14, thetak=5.229e-03, Delta=5.000e-04

**************************************
Iteration 991:
thetak = 0.005229051873116338
objk = 2.9049724366809566
trustRadius = 0.0005
sampleRadius = 0.0005
stepNorm = 0.23404344626472096
chi = 0.2881089701299526
Iteration time (s) = 0.8155784606933594
RESTORATION
**************************************

[FRP] solve 930 of phase 14, thetak=5.229e-03, Delta=5.000e-04

**************************************
Iteration 992:
thetak = 0.005229051873116338
objk = 2.9049724366809566
trustRadius = 0.0005
sampleRadius = 0.0005
stepNorm = 0.23404344626472096
chi = 0.2881089701299526
Iteration time (s) = 0.9247899055480957
RESTORATION
**************************************

[FRP] solve 931 of phase 14, thetak=5.229e-03, Delta=5.000e-04

**************************************
Iteration 993:
thetak = 0.005229051873116338
objk = 2.9049724366809566
trustRadius = 0.0005
sampleRadius = 0.0005
stepNorm = 0.23404344626472096
chi = 0.2881089701299526
Iteration time (s) = 0.9159958362579346
RESTORATION
**************************************

[FRP] solve 932 of phase 14, thetak=5.229e-03, Delta=5.000e-04

**************************************
Iteration 994:
thetak = 0.005229051873116338
objk = 2.9049724366809566
trustRadius = 0.0005
sampleRadius = 0.0005
stepNorm = 0.23404344626472096
chi = 0.2881089701299526
Iteration time (s) = 1.0436954498291016
RESTORATION
**************************************

[FRP] solve 933 of phase 14, thetak=5.229e-03, Delta=5.000e-04

**************************************
Iteration 995:
thetak = 0.005229051873116338
objk = 2.9049724366809566
trustRadius = 0.0005
sampleRadius = 0.0005
stepNorm = 0.23404344626472096
chi = 0.2881089701299526
Iteration time (s) = 1.104905605316162
RESTORATION
**************************************

[FRP] solve 934 of phase 14, thetak=5.229e-03, Delta=5.000e-04

**************************************
Iteration 996:
thetak = 0.005229051873116338
objk = 2.9049724366809566
trustRadius = 0.0005
sampleRadius = 0.0005
stepNorm = 0.23404344626472096
chi = 0.2881089701299526
Iteration time (s) = 0.923936128616333
RESTORATION
**************************************

[FRP] solve 935 of phase 14, thetak=5.229e-03, Delta=5.000e-04

**************************************
Iteration 997:
thetak = 0.005229051873116338
objk = 2.9049724366809566
trustRadius = 0.0005
sampleRadius = 0.0005
stepNorm = 0.23404344626472096
chi = 0.2881089701299526
Iteration time (s) = 0.912318229675293
RESTORATION
**************************************

[FRP] solve 936 of phase 14, thetak=5.229e-03, Delta=5.000e-04

**************************************
Iteration 998:
thetak = 0.005229051873116338
objk = 2.9049724366809566
trustRadius = 0.0005
sampleRadius = 0.0005
stepNorm = 0.23404344626472096
chi = 0.2881089701299526
Iteration time (s) = 0.8170490264892578
RESTORATION
**************************************

[FRP] solve 937 of phase 14, thetak=5.229e-03, Delta=5.000e-04

**************************************
Iteration 999:
thetak = 0.005229051873116338
objk = 2.9049724366809566
trustRadius = 0.0005
sampleRadius = 0.0005
stepNorm = 0.23404344626472096
chi = 0.2881089701299526
Iteration time (s) = 0.7968955039978027
RESTORATION
**************************************

[FRP] solve 938 of phase 14, thetak=5.229e-03, Delta=5.000e-04

**************************************
Iteration 1000:
thetak = 0.005229051873116338
objk = 2.9049724366809566
trustRadius = 0.0005
sampleRadius = 0.0005
stepNorm = 0.23404344626472096
chi = 0.2881089701299526
Iteration time (s) = 0.8347072601318359
RESTORATION
**************************************

EXIT: Maximum iterations

0	42.037737027578	3.4754223139967735	100000000.0		0.7762622833251953	1.0	0.1	141.73133340856492	31.43228471674405
1	42.037737027578	3.4754223139967735	0.209291744798777		1.4465501308441162	0.5	0.1	141.73172352555105	31.43228471674405
2	25.675815869959703	0.6228510992334748	0.1396432762522527		1.1213295459747314	1.0	0.05	130.0349675557427	110.29943880880704
3	24.615733817160393	0.3639182922687198	0.11157400101918594		0.9402143955230713	0.5	0.05	130.03496657708106	90.43342408870588
4	15.685322602612455	0.9133145290536656	0.1448130315353494		0.9097616672515869	1.0	0.05	286.7126402678748	110.29943783014541
5	15.685322602612455	0.9133145290536656	0.1648168747263316		0.8968956470489502	0.5	0.025	290.21233002234317	110.29943783014541
6	15.685322602612455	0.9133145290536656	0.1666942144698101		0.9148011207580566	0.25	0.0125	126.9483851398218	110.29943783014541
7	3.4225654583384286	7.750970986188131	0.24532802467770465		0.909029483795166	0.625	0.018750000000000003	126.94812035446517	41.234070010525514
8	3.4225654583384286	7.750970986188131	0.25789331936751325		0.9137618541717529	0.3125	0.009375000000000001	126.94838521283253	41.234070010525514
9	3.4225654583384286	7.750970986188131	0.2463810510819383		0.8935556411743164	0.15625	0.004687500000000001	58.335761825253854	41.234070010525514
10	1.3836559118853815	9.28803401987549	0.27224320456361434		1.0203583240509033	0.390625	0.007031250000000001	185.28396370241205	74.98470913493026
11	1.3836559118853815	9.28803401987549	0.26195053530159607		1.1596500873565674	0.1953125	0.0035156250000000005	123.04685731002465	74.98470913493026
12	1.3836559118853815	9.28803401987549	0.2508133162514024		0.9667167663574219	0.09765625	0.0017578125000000003	26.24652573494876	74.98470913493026
13	0.2747764687572468	10.029442299302266	0.2555801623140958		1.0108447074890137	0.244140625	0.00263671875	153.80858169515136	101.23123486987902
14	0.2747764687572468	10.029442299302266	0.3742358129220894		0.9127066135406494	0.1220703125	0.001318359375	76.90427316299781	101.23123486987902
15	0.2747764687572468	10.029442299302266	0.3742358129220894		0.988800048828125	0.06103515625	0.001318359375	6.33393356964433	101.23123486987902
16	0.52621303216316	10.105468257314671	0.2752495019125084		0.9268548488616943	0.030517578125	0.001318359375	58.1686832719445	107.56516843952335
17	0.17844261279105839	4.747595709282009	0.24391108951459095		0.9262938499450684	0.0762939453125	0.001318359375	48.065147598564636	88.33916204741485
18	1.3175099762253901	2.5063864588077096	0.24179127543310378		0.9141621589660645	0.19073486328125	0.0006591796875	120.16287788741565	40.27401444885021
19	1.3175099762253901	2.5063864588077096	0.24394131555007856		1.0471000671386719	0.095367431640625	0.0005	60.56399364590489	40.27401444885021
20	1.3175099762253901	2.5063864588077096	0.24394131555007856		0.9414036273956299	0.0476837158203125	0.0005	40.69711407382779	40.27401444885021
21	1.3175099762253901	2.5063864588077096	0.24394131555007856		1.9911854267120361	0.02384185791015625	0.0005	27.41779116041147	40.27401444885021
22	1.3175099762253901	2.5063864588077096	0.24394131555007856		1.3256053924560547	0.011920928955078125	0.0005	14.965127083114751	40.27401444885021
23	0.9567921721620991	3.937562417772687	0.24768031651775416		1.9565229415893555	0.029802322387695312	0.0005	18.7753641537023	42.71532433853537
24	1.6649429290164977	2.4924861672345395	0.2883485826921483		1.340191125869751	0.014901161193847656	0.0005	9.02755183200594	23.93996018483307
25	0.12627959445912132	2.502971107955676	0.190498094313287		1.1172215938568115	0.03725290298461914	0.0005	27.064704383709298	14.912408352827129
26	0.12627959445912132	2.502971107955676	0.19049772145805785		1.2268164157867432	0.01862645149230957	0.0005	13.537390997027742	14.912408352827129
27	0.12627959445912132	2.502971107955676	0.19049772145805785		0.9294042587280273	0.009313225746154785	0.0005	11.86360641182138	14.912408352827129
28	0.14335344213776474	3.5772424901872992	0.3454428658929193		0.9372897148132324	0.004656612873077393	0.0005	11.094987193333623	14.915789273672146
29	0.14335344213776474	3.5772424901872992	0.34544286516452627		1.1937224864959717	0.0023283064365386963	0.0005	5.549145553798937	14.915789273672146
30	0.2959569504391321	3.1428361944235843	0.22460766220754533		1.0410304069519043	0.005820766091346741	0.0005	5.390803892441054	16.382613654602608
31	0.12228090425160792	2.5300685576006092	0.17981786463470162		1.1735217571258545	0.014551915228366852	0.0005	9.167671741217987	12.715574416764298
32	0.2605088980864073	2.4697208144372693	0.20719059275988297		1.1302876472473145	0.03637978807091713	0.0005	21.79427733474202	4.653548499332115
33	0.2605088980864073	2.4697208144372693	0.20719047698138407		1.0010278224945068	0.018189894035458565	0.0005	11.451483330174597	4.653548499332115
34	0.2605088980864073	2.4697208144372693	0.20719047698138407		1.14109206199646	0.009094947017729282	0.0005	11.567281403970782	4.653548499332115
35	0.002988350413959436	3.4564789848684048	0.21870080804132444		0.9205739498138428	0.022737367544323206	0.00075	14.324474055545409	7.852674436072121
36	0.002988350413959436	3.4564789848684048	0.31525078198479134		0.906261682510376	0.011368683772161603	0.0005	11.984610269303332	7.852674436072121
37	0.002988350413959436	3.4564789848684048	0.31525078198479134		0.9732637405395508	0.0056843418860808015	0.0005	4.413389634301609	7.852674436072121
38	0.08652980891161759	3.8329313946624723	0.19777796908006184		0.8033478260040283	0.0028421709430404007	0.0005	5.695907156889504	12.26606407037373
39	0.09119092793879925	3.3722228185616134	0.22972406802163736		0.9454867839813232	0.007105427357601002	0.0005	9.953947061782856	6.570156913484226
40	0.09119092793879925	3.3722228185616134	0.22972406818530752		0.9905385971069336	0.003552713678800501	0.0005	7.11206227292692	6.570156913484226
41	0.09119092793879925	3.3722228185616134	0.22972406818530752		0.9293043613433838	0.0017763568394002505	0.0005	0.7256377684557265	6.570156913484226
42	0.004016442018062166	3.4617061408379857	0.18985104075970666		0.832308292388916	0.004440892098500626	0.0005	10.636956144411144	7.295794681939952
43	0.004016442018062166	3.4617061408379857	0.18985104063774186		0.9414608478546143	0.002220446049250313	0.0005	5.320115114632671	7.295794681939952
44	0.004016442018062166	3.4617061408379857	0.18985104063774186		0.9048008918762207	0.0011102230246251565	0.0005	0.29336702456778596	7.295794681939952
45	0.007264509014526108	3.487422403288481	0.22839832658757137		0.9275798797607422	0.0005551115123125783	0.0005	1.1119275246111187	7.589161706507738
46	0.03433862981786779	3.3618126566092563	0.2741270071458188		0.9374241828918457	0.0013877787807814457	0.0005	2.7789437823196153	6.47723418189662
47	0.02884028210643433	3.150726940964408	0.20411874361158638		0.9025053977966309	0.003469446951953614	0.0005	7.1064737624440255	3.6982903995770045
48	0.02884028210643433	3.150726940964408	0.2041187435719534		0.8892407417297363	0.001734723475976807	0.0005	3.471758778158815	3.6982903995770045
49	0.04129298409164467	2.881962928079781	0.23258579032940452		0.9369797706604004	0.004336808689942018	0.0005	4.66677601504314	0.5431083478392698
50	0.04129298409164467	2.881962928079781	0.23258579045268407		0.9160404205322266	0.002168404344971009	0.0005	3.0830454661559514	0.5431083478392698
51	0.04129298409164467	2.881962928079781	0.23258579045268407		0.9036543369293213	0.0010842021724855044	0.0005	0.7470206870797398	0.5431083478392698
52	0.04129298409164467	2.881962928079781	0.23258579045268407		1.199800729751587	0.0005421010862427522	0.0005	0.5398529408696799	0.5431083478392698
53	0.03759504429945617	2.940137614582514	0.2208673798160765		1.5425982475280762	0.0005421010862427522	0.0005	1.0844992131508775	0.4679950787130025
54	0.03759504429945617	2.940137614582514	0.22086737997655595		0.9481279850006104	0.0005	0.0005	1.0002814122814954	0.4679950787130025
55	0.0034241348350468534	2.821330093523116	0.2821709468001078		0.9591436386108398	0.00125	0.0005	1.3749988015630707	0.5431083446554213
56	0.0034241348350468534	2.821330093523116	0.2821709468130791		0.9138331413269043	0.000625	0.0005	1.2501020377118408	0.5431083446554213
57	0.0034241348350468534	2.821330093523116	0.2821709468130791		0.9459216594696045	0.0005	0.0005	0.5442539825918369	0.5431083446554213
58	0.007965600921348372	2.8851303647979467	0.42811962341856497		1.0525944232940674	0.0005	0.0005	1.00010094553042	0.24786767276216892
59	0.007965600921348372	2.8851303647979467	0.4281196240435104		1.0433804988861084	0.0005	0.0005	1.0001009455303915	0.24786767276216892
60	0.007965600921348372	2.8851303647979467	0.4281196240435104		0.9093515872955322	0.0005	0.0005	0.24786767276216892	0.24786767276216892
61	0.005229051873116338	2.9049724366809566	0.2881089696172095		0.9239256381988525	0.00125	0.0005	1.858349203869139	0.0
62	0.005229051873116338	2.9049724366809566	0.2881089701299526		0.9113063812255859	0.000625	0.0005	1.250102603455204	0.0
63	0.005229051873116338	2.9049724366809566	0.2881089701299526		0.9524712562561035	0.0005	0.0005	0.23404344626472096	0.0
64	0.005229051873116338	2.9049724366809566	0.2881089701299526		1.032292127609253	0.0005	0.0005	0.23404344626472096	0.0
65	0.005229051873116338	2.9049724366809566	0.2881089701299526		1.4024951457977295	0.0005	0.0005	0.23404344626472096	0.0
66	0.005229051873116338	2.9049724366809566	0.2881089701299526		0.9306488037109375	0.0005	0.0005	0.23404344626472096	0.0
67	0.005229051873116338	2.9049724366809566	0.2881089701299526		0.9226534366607666	0.0005	0.0005	0.23404344626472096	0.0
68	0.005229051873116338	2.9049724366809566	0.2881089701299526		0.799095869064331	0.0005	0.0005	0.23404344626472096	0.0
69	0.005229051873116338	2.9049724366809566	0.2881089701299526		0.818676233291626	0.0005	0.0005	0.23404344626472096	0.0
70	0.005229051873116338	2.9049724366809566	0.2881089701299526		0.9061899185180664	0.0005	0.0005	0.23404344626472096	0.0
71	0.005229051873116338	2.9049724366809566	0.2881089701299526		0.8225641250610352	0.0005	0.0005	0.23404344626472096	0.0
72	0.005229051873116338	2.9049724366809566	0.2881089701299526		0.9031679630279541	0.0005	0.0005	0.23404344626472096	0.0
73	0.005229051873116338	2.9049724366809566	0.2881089701299526		0.9225246906280518	0.0005	0.0005	0.23404344626472096	0.0
74	0.005229051873116338	2.9049724366809566	0.2881089701299526		0.8054275512695312	0.0005	0.0005	0.23404344626472096	0.0
75	0.005229051873116338	2.9049724366809566	0.2881089701299526		0.8125977516174316	0.0005	0.0005	0.23404344626472096	0.0
76	0.005229051873116338	2.9049724366809566	0.2881089701299526		1.3100864887237549	0.0005	0.0005	0.23404344626472096	0.0
77	0.005229051873116338	2.9049724366809566	0.2881089701299526		0.7985231876373291	0.0005	0.0005	0.23404344626472096	0.0
78	0.005229051873116338	2.9049724366809566	0.2881089701299526		0.8239796161651611	0.0005	0.0005	0.23404344626472096	0.0
79	0.005229051873116338	2.9049724366809566	0.2881089701299526		0.8248519897460938	0.0005	0.0005	0.23404344626472096	0.0
80	0.005229051873116338	2.9049724366809566	0.2881089701299526		0.9203348159790039	0.0005	0.0005	0.23404344626472096	0.0
81	0.005229051873116338	2.9049724366809566	0.2881089701299526		0.8200078010559082	0.0005	0.0005	0.23404344626472096	0.0
82	0.005229051873116338	2.9049724366809566	0.2881089701299526		0.9599437713623047	0.0005	0.0005	0.23404344626472096	0.0
83	0.005229051873116338	2.9049724366809566	0.2881089701299526		0.9971823692321777	0.0005	0.0005	0.23404344626472096	0.0
84	0.005229051873116338	2.9049724366809566	0.2881089701299526		0.804940938949585	0.0005	0.0005	0.23404344626472096	0.0
85	0.005229051873116338	2.9049724366809566	0.2881089701299526		0.8179552555084229	0.0005	0.0005	0.23404344626472096	0.0
86	0.005229051873116338	2.9049724366809566	0.2881089701299526		0.9107985496520996	0.0005	0.0005	0.23404344626472096	0.0
87	0.005229051873116338	2.9049724366809566	0.2881089701299526		0.7841041088104248	0.0005	0.0005	0.23404344626472096	0.0
88	0.005229051873116338	2.9049724366809566	0.2881089701299526		0.8913638591766357	0.0005	0.0005	0.23404344626472096	0.0
89	0.005229051873116338	2.9049724366809566	0.2881089701299526		0.9217326641082764	0.0005	0.0005	0.23404344626472096	0.0
90	0.005229051873116338	2.9049724366809566	0.2881089701299526		0.9044511318206787	0.0005	0.0005	0.23404344626472096	0.0
91	0.005229051873116338	2.9049724366809566	0.2881089701299526		0.7898333072662354	0.0005	0.0005	0.23404344626472096	0.0
92	0.005229051873116338	2.9049724366809566	0.2881089701299526		0.9032797813415527	0.0005	0.0005	0.23404344626472096	0.0
93	0.005229051873116338	2.9049724366809566	0.2881089701299526		0.7985134124755859	0.0005	0.0005	0.23404344626472096	0.0
94	0.005229051873116338	2.9049724366809566	0.2881089701299526		0.7858328819274902	0.0005	0.0005	0.23404344626472096	0.0
95	0.005229051873116338	2.9049724366809566	0.2881089701299526		0.7726914882659912	0.0005	0.0005	0.23404344626472096	0.0
96	0.005229051873116338	2.9049724366809566	0.2881089701299526		0.911142110824585	0.0005	0.0005	0.23404344626472096	0.0
97	0.005229051873116338	2.9049724366809566	0.2881089701299526		0.7852616310119629	0.0005	0.0005	0.23404344626472096	0.0
98	0.005229051873116338	2.9049724366809566	0.2881089701299526		0.8266639709472656	0.0005	0.0005	0.23404344626472096	0.0
99	0.005229051873116338	2.9049724366809566	0.2881089701299526		0.8108334541320801	0.0005	0.0005	0.23404344626472096	0.0
100	0.005229051873116338	2.9049724366809566	0.2881089701299526		0.7949979305267334	0.0005	0.0005	0.23404344626472096	0.0
101	0.005229051873116338	2.9049724366809566	0.2881089701299526		0.806133508682251	0.0005	0.0005	0.23404344626472096	0.0
102	0.005229051873116338	2.9049724366809566	0.2881089701299526		0.7871766090393066	0.0005	0.0005	0.23404344626472096	0.0
103	0.005229051873116338	2.9049724366809566	0.2881089701299526		0.8061623573303223	0.0005	0.0005	0.23404344626472096	0.0
104	0.005229051873116338	2.9049724366809566	0.2881089701299526		0.7969827651977539	0.0005	0.0005	0.23404344626472096	0.0
105	0.005229051873116338	2.9049724366809566	0.2881089701299526		0.798478364944458	0.0005	0.0005	0.23404344626472096	0.0
106	0.005229051873116338	2.9049724366809566	0.2881089701299526		0.9282851219177246	0.0005	0.0005	0.23404344626472096	0.0
107	0.005229051873116338	2.9049724366809566	0.2881089701299526		0.8060901165008545	0.0005	0.0005	0.23404344626472096	0.0
108	0.005229051873116338	2.9049724366809566	0.2881089701299526		0.7726974487304688	0.0005	0.0005	0.23404344626472096	0.0
109	0.005229051873116338	2.9049724366809566	0.2881089701299526		0.7965657711029053	0.0005	0.0005	0.23404344626472096	0.0
110	0.005229051873116338	2.9049724366809566	0.2881089701299526		0.814713716506958	0.0005	0.0005	0.23404344626472096	0.0
111	0.005229051873116338	2.9049724366809566	0.2881089701299526		0.7874038219451904	0.0005	0.0005	0.23404344626472096	0.0
112	0.005229051873116338	2.9049724366809566	0.2881089701299526		0.7854673862457275	0.0005	0.0005	0.23404344626472096	0.0
113	0.005229051873116338	2.9049724366809566	0.2881089701299526		0.8012077808380127	0.0005	0.0005	0.23404344626472096	0.0
114	0.005229051873116338	2.9049724366809566	0.2881089701299526		0.7970564365386963	0.0005	0.0005	0.23404344626472096	0.0
115	0.005229051873116338	2.9049724366809566	0.2881089701299526		0.7814626693725586	0.0005	0.0005	0.23404344626472096	0.0
116	0.005229051873116338	2.9049724366809566	0.2881089701299526		0.7875761985778809	0.0005	0.0005	0.23404344626472096	0.0
117	0.005229051873116338	2.9049724366809566	0.2881089701299526		0.9128584861755371	0.0005	0.0005	0.23404344626472096	0.0
118	0.005229051873116338	2.9049724366809566	0.2881089701299526		0.8032631874084473	0.0005	0.0005	0.23404344626472096	0.0
119	0.005229051873116338	2.9049724366809566	0.2881089701299526		0.7910418510437012	0.0005	0.0005	0.23404344626472096	0.0
120	0.005229051873116338	2.9049724366809566	0.2881089701299526		0.8047957420349121	0.0005	0.0005	0.23404344626472096	0.0
121	0.005229051873116338	2.9049724366809566	0.2881089701299526		0.8918135166168213	0.0005	0.0005	0.23404344626472096	0.0
122	0.005229051873116338	2.9049724366809566	0.2881089701299526		0.8145971298217773	0.0005	0.0005	0.23404344626472096	0.0
123	0.005229051873116338	2.9049724366809566	0.2881089701299526		0.7805924415588379	0.0005	0.0005	0.23404344626472096	0.0
124	0.005229051873116338	2.9049724366809566	0.2881089701299526		0.9044268131256104	0.0005	0.0005	0.23404344626472096	0.0
125	0.005229051873116338	2.9049724366809566	0.2881089701299526		0.7816689014434814	0.0005	0.0005	0.23404344626472096	0.0
126	0.005229051873116338	2.9049724366809566	0.2881089701299526		0.7931685447692871	0.0005	0.0005	0.23404344626472096	0.0
127	0.005229051873116338	2.9049724366809566	0.2881089701299526		0.9078941345214844	0.0005	0.0005	0.23404344626472096	0.0
128	0.005229051873116338	2.9049724366809566	0.2881089701299526		0.7996065616607666	0.0005	0.0005	0.23404344626472096	0.0
129	0.005229051873116338	2.9049724366809566	0.2881089701299526		0.7952525615692139	0.0005	0.0005	0.23404344626472096	0.0
130	0.005229051873116338	2.9049724366809566	0.2881089701299526		0.8049321174621582	0.0005	0.0005	0.23404344626472096	0.0
131	0.005229051873116338	2.9049724366809566	0.2881089701299526		0.8438634872436523	0.0005	0.0005	0.23404344626472096	0.0
132	0.005229051873116338	2.9049724366809566	0.2881089701299526		0.785830020904541	0.0005	0.0005	0.23404344626472096	0.0
133	0.005229051873116338	2.9049724366809566	0.2881089701299526		0.7820272445678711	0.0005	0.0005	0.23404344626472096	0.0
134	0.005229051873116338	2.9049724366809566	0.2881089701299526		0.8050074577331543	0.0005	0.0005	0.23404344626472096	0.0
135	0.005229051873116338	2.9049724366809566	0.2881089701299526		0.8605477809906006	0.0005	0.0005	0.23404344626472096	0.0
136	0.005229051873116338	2.9049724366809566	0.2881089701299526		0.7780416011810303	0.0005	0.0005	0.23404344626472096	0.0
137	0.005229051873116338	2.9049724366809566	0.2881089701299526		0.9164085388183594	0.0005	0.0005	0.23404344626472096	0.0
138	0.005229051873116338	2.9049724366809566	0.2881089701299526		0.7963900566101074	0.0005	0.0005	0.23404344626472096	0.0
139	0.005229051873116338	2.9049724366809566	0.2881089701299526		0.7849576473236084	0.0005	0.0005	0.23404344626472096	0.0
140	0.005229051873116338	2.9049724366809566	0.2881089701299526		0.8037467002868652	0.0005	0.0005	0.23404344626472096	0.0
141	0.005229051873116338	2.9049724366809566	0.2881089701299526		0.8054080009460449	0.0005	0.0005	0.23404344626472096	0.0
142	0.005229051873116338	2.9049724366809566	0.2881089701299526		0.8879408836364746	0.0005	0.0005	0.23404344626472096	0.0
143	0.005229051873116338	2.9049724366809566	0.2881089701299526		0.7924370765686035	0.0005	0.0005	0.23404344626472096	0.0
144	0.005229051873116338	2.9049724366809566	0.2881089701299526		0.9183752536773682	0.0005	0.0005	0.23404344626472096	0.0
145	0.005229051873116338	2.9049724366809566	0.2881089701299526		0.9068620204925537	0.0005	0.0005	0.23404344626472096	0.0
146	0.005229051873116338	2.9049724366809566	0.2881089701299526		0.7945868968963623	0.0005	0.0005	0.23404344626472096	0.0
147	0.005229051873116338	2.9049724366809566	0.2881089701299526		0.8085577487945557	0.0005	0.0005	0.23404344626472096	0.0
148	0.005229051873116338	2.9049724366809566	0.2881089701299526		0.8855173587799072	0.0005	0.0005	0.23404344626472096	0.0
149	0.005229051873116338	2.9049724366809566	0.2881089701299526		0.8145246505737305	0.0005	0.0005	0.23404344626472096	0.0
150	0.005229051873116338	2.9049724366809566	0.2881089701299526		0.7961790561676025	0.0005	0.0005	0.23404344626472096	0.0
151	0.005229051873116338	2.9049724366809566	0.2881089701299526		0.9140803813934326	0.0005	0.0005	0.23404344626472096	0.0
152	0.005229051873116338	2.9049724366809566	0.2881089701299526		1.0125458240509033	0.0005	0.0005	0.23404344626472096	0.0
153	0.005229051873116338	2.9049724366809566	0.2881089701299526		0.9029817581176758	0.0005	0.0005	0.23404344626472096	0.0
154	0.005229051873116338	2.9049724366809566	0.2881089701299526		0.8016870021820068	0.0005	0.0005	0.23404344626472096	0.0
155	0.005229051873116338	2.9049724366809566	0.2881089701299526		0.9143092632293701	0.0005	0.0005	0.23404344626472096	0.0
156	0.005229051873116338	2.9049724366809566	0.2881089701299526		0.9183485507965088	0.0005	0.0005	0.23404344626472096	0.0
157	0.005229051873116338	2.9049724366809566	0.2881089701299526		0.9450099468231201	0.0005	0.0005	0.23404344626472096	0.0
158	0.005229051873116338	2.9049724366809566	0.2881089701299526		0.8968274593353271	0.0005	0.0005	0.23404344626472096	0.0
159	0.005229051873116338	2.9049724366809566	0.2881089701299526		0.903327465057373	0.0005	0.0005	0.23404344626472096	0.0
160	0.005229051873116338	2.9049724366809566	0.2881089701299526		0.9103536605834961	0.0005	0.0005	0.23404344626472096	0.0
161	0.005229051873116338	2.9049724366809566	0.2881089701299526		0.9162216186523438	0.0005	0.0005	0.23404344626472096	0.0
162	0.005229051873116338	2.9049724366809566	0.2881089701299526		0.9073059558868408	0.0005	0.0005	0.23404344626472096	0.0
163	0.005229051873116338	2.9049724366809566	0.2881089701299526		0.8149774074554443	0.0005	0.0005	0.23404344626472096	0.0
164	0.005229051873116338	2.9049724366809566	0.2881089701299526		0.9240005016326904	0.0005	0.0005	0.23404344626472096	0.0
165	0.005229051873116338	2.9049724366809566	0.2881089701299526		0.9208478927612305	0.0005	0.0005	0.23404344626472096	0.0
166	0.005229051873116338	2.9049724366809566	0.2881089701299526		0.9243273735046387	0.0005	0.0005	0.23404344626472096	0.0
167	0.005229051873116338	2.9049724366809566	0.2881089701299526		0.836789608001709	0.0005	0.0005	0.23404344626472096	0.0
168	0.005229051873116338	2.9049724366809566	0.2881089701299526		0.9062392711639404	0.0005	0.0005	0.23404344626472096	0.0
169	0.005229051873116338	2.9049724366809566	0.2881089701299526		0.80147385597229	0.0005	0.0005	0.23404344626472096	0.0
170	0.005229051873116338	2.9049724366809566	0.2881089701299526		0.8382561206817627	0.0005	0.0005	0.23404344626472096	0.0
171	0.005229051873116338	2.9049724366809566	0.2881089701299526		0.9018332958221436	0.0005	0.0005	0.23404344626472096	0.0
172	0.005229051873116338	2.9049724366809566	0.2881089701299526		0.8148226737976074	0.0005	0.0005	0.23404344626472096	0.0
173	0.005229051873116338	2.9049724366809566	0.2881089701299526		0.9076437950134277	0.0005	0.0005	0.23404344626472096	0.0
174	0.005229051873116338	2.9049724366809566	0.2881089701299526		0.8091182708740234	0.0005	0.0005	0.23404344626472096	0.0
175	0.005229051873116338	2.9049724366809566	0.2881089701299526		0.9050109386444092	0.0005	0.0005	0.23404344626472096	0.0
176	0.005229051873116338	2.9049724366809566	0.2881089701299526		0.9119656085968018	0.0005	0.0005	0.23404344626472096	0.0
177	0.005229051873116338	2.9049724366809566	0.2881089701299526		0.9728972911834717	0.0005	0.0005	0.23404344626472096	0.0
178	0.005229051873116338	2.9049724366809566	0.2881089701299526		0.9207682609558105	0.0005	0.0005	0.23404344626472096	0.0
179	0.005229051873116338	2.9049724366809566	0.2881089701299526		0.9263975620269775	0.0005	0.0005	0.23404344626472096	0.0
180	0.005229051873116338	2.9049724366809566	0.2881089701299526		0.8005475997924805	0.0005	0.0005	0.23404344626472096	0.0
181	0.005229051873116338	2.9049724366809566	0.2881089701299526		0.8227765560150146	0.0005	0.0005	0.23404344626472096	0.0
182	0.005229051873116338	2.9049724366809566	0.2881089701299526		0.7821619510650635	0.0005	0.0005	0.23404344626472096	0.0
183	0.005229051873116338	2.9049724366809566	0.2881089701299526		1.0155551433563232	0.0005	0.0005	0.23404344626472096	0.0
184	0.005229051873116338	2.9049724366809566	0.2881089701299526		0.8063888549804688	0.0005	0.0005	0.23404344626472096	0.0
185	0.005229051873116338	2.9049724366809566	0.2881089701299526		1.046720266342163	0.0005	0.0005	0.23404344626472096	0.0
186	0.005229051873116338	2.9049724366809566	0.2881089701299526		0.814192533493042	0.0005	0.0005	0.23404344626472096	0.0
187	0.005229051873116338	2.9049724366809566	0.2881089701299526		3.0457606315612793	0.0005	0.0005	0.23404344626472096	0.0
188	0.005229051873116338	2.9049724366809566	0.2881089701299526		1.0618531703948975	0.0005	0.0005	0.23404344626472096	0.0
189	0.005229051873116338	2.9049724366809566	0.2881089701299526		0.8072946071624756	0.0005	0.0005	0.23404344626472096	0.0
190	0.005229051873116338	2.9049724366809566	0.2881089701299526		0.7990899085998535	0.0005	0.0005	0.23404344626472096	0.0
191	0.005229051873116338	2.9049724366809566	0.2881089701299526		0.8069632053375244	0.0005	0.0005	0.23404344626472096	0.0
192	0.005229051873116338	2.9049724366809566	0.2881089701299526		0.7874011993408203	0.0005	0.0005	0.23404344626472096	0.0
193	0.005229051873116338	2.9049724366809566	0.2881089701299526		0.8065938949584961	0.0005	0.0005	0.23404344626472096	0.0
194	0.005229051873116338	2.9049724366809566	0.2881089701299526		1.0329782962799072	0.0005	0.0005	0.23404344626472096	0.0
195	0.005229051873116338	2.9049724366809566	0.2881089701299526		0.8129496574401855	0.0005	0.0005	0.23404344626472096	0.0
196	0.005229051873116338	2.9049724366809566	0.2881089701299526		0.903994083404541	0.0005	0.0005	0.23404344626472096	0.0
197	0.005229051873116338	2.9049724366809566	0.2881089701299526		0.7849805355072021	0.0005	0.0005	0.23404344626472096	0.0
198	0.005229051873116338	2.9049724366809566	0.2881089701299526		0.8161156177520752	0.0005	0.0005	0.23404344626472096	0.0
199	0.005229051873116338	2.9049724366809566	0.2881089701299526		0.813758373260498	0.0005	0.0005	0.23404344626472096	0.0
200	0.005229051873116338	2.9049724366809566	0.2881089701299526		0.9286913871765137	0.0005	0.0005	0.23404344626472096	0.0
201	0.005229051873116338	2.9049724366809566	0.2881089701299526		0.9056787490844727	0.0005	0.0005	0.23404344626472096	0.0
202	0.005229051873116338	2.9049724366809566	0.2881089701299526		0.8151001930236816	0.0005	0.0005	0.23404344626472096	0.0
203	0.005229051873116338	2.9049724366809566	0.2881089701299526		0.815683126449585	0.0005	0.0005	0.23404344626472096	0.0
204	0.005229051873116338	2.9049724366809566	0.2881089701299526		0.8008055686950684	0.0005	0.0005	0.23404344626472096	0.0
205	0.005229051873116338	2.9049724366809566	0.2881089701299526		0.790198802947998	0.0005	0.0005	0.23404344626472096	0.0
206	0.005229051873116338	2.9049724366809566	0.2881089701299526		0.807065486907959	0.0005	0.0005	0.23404344626472096	0.0
207	0.005229051873116338	2.9049724366809566	0.2881089701299526		0.9411044120788574	0.0005	0.0005	0.23404344626472096	0.0
208	0.005229051873116338	2.9049724366809566	0.2881089701299526		0.8090989589691162	0.0005	0.0005	0.23404344626472096	0.0
209	0.005229051873116338	2.9049724366809566	0.2881089701299526		0.8137147426605225	0.0005	0.0005	0.23404344626472096	0.0
210	0.005229051873116338	2.9049724366809566	0.2881089701299526		0.7918195724487305	0.0005	0.0005	0.23404344626472096	0.0
211	0.005229051873116338	2.9049724366809566	0.2881089701299526		0.8151631355285645	0.0005	0.0005	0.23404344626472096	0.0
212	0.005229051873116338	2.9049724366809566	0.2881089701299526		0.7929103374481201	0.0005	0.0005	0.23404344626472096	0.0
213	0.005229051873116338	2.9049724366809566	0.2881089701299526		0.7967147827148438	0.0005	0.0005	0.23404344626472096	0.0
214	0.005229051873116338	2.9049724366809566	0.2881089701299526		0.9278595447540283	0.0005	0.0005	0.23404344626472096	0.0
215	0.005229051873116338	2.9049724366809566	0.2881089701299526		0.7937591075897217	0.0005	0.0005	0.23404344626472096	0.0
216	0.005229051873116338	2.9049724366809566	0.2881089701299526		0.8992478847503662	0.0005	0.0005	0.23404344626472096	0.0
217	0.005229051873116338	2.9049724366809566	0.2881089701299526		0.8138604164123535	0.0005	0.0005	0.23404344626472096	0.0
218	0.005229051873116338	2.9049724366809566	0.2881089701299526		0.7879390716552734	0.0005	0.0005	0.23404344626472096	0.0
219	0.005229051873116338	2.9049724366809566	0.2881089701299526		0.8975639343261719	0.0005	0.0005	0.23404344626472096	0.0
220	0.005229051873116338	2.9049724366809566	0.2881089701299526		0.9071938991546631	0.0005	0.0005	0.23404344626472096	0.0
221	0.005229051873116338	2.9049724366809566	0.2881089701299526		0.9630215167999268	0.0005	0.0005	0.23404344626472096	0.0
222	0.005229051873116338	2.9049724366809566	0.2881089701299526		0.8075056076049805	0.0005	0.0005	0.23404344626472096	0.0
223	0.005229051873116338	2.9049724366809566	0.2881089701299526		0.900644063949585	0.0005	0.0005	0.23404344626472096	0.0
224	0.005229051873116338	2.9049724366809566	0.2881089701299526		0.8010590076446533	0.0005	0.0005	0.23404344626472096	0.0
225	0.005229051873116338	2.9049724366809566	0.2881089701299526		0.7956132888793945	0.0005	0.0005	0.23404344626472096	0.0
226	0.005229051873116338	2.9049724366809566	0.2881089701299526		0.8177628517150879	0.0005	0.0005	0.23404344626472096	0.0
227	0.005229051873116338	2.9049724366809566	0.2881089701299526		0.968207597732544	0.0005	0.0005	0.23404344626472096	0.0
228	0.005229051873116338	2.9049724366809566	0.2881089701299526		0.9329323768615723	0.0005	0.0005	0.23404344626472096	0.0
229	0.005229051873116338	2.9049724366809566	0.2881089701299526		0.8041565418243408	0.0005	0.0005	0.23404344626472096	0.0
230	0.005229051873116338	2.9049724366809566	0.2881089701299526		0.8169875144958496	0.0005	0.0005	0.23404344626472096	0.0
231	0.005229051873116338	2.9049724366809566	0.2881089701299526		0.8047761917114258	0.0005	0.0005	0.23404344626472096	0.0
232	0.005229051873116338	2.9049724366809566	0.2881089701299526		0.7904636859893799	0.0005	0.0005	0.23404344626472096	0.0
233	0.005229051873116338	2.9049724366809566	0.2881089701299526		0.7908532619476318	0.0005	0.0005	0.23404344626472096	0.0
234	0.005229051873116338	2.9049724366809566	0.2881089701299526		1.01381516456604	0.0005	0.0005	0.23404344626472096	0.0
235	0.005229051873116338	2.9049724366809566	0.2881089701299526		0.7879378795623779	0.0005	0.0005	0.23404344626472096	0.0
236	0.005229051873116338	2.9049724366809566	0.2881089701299526		0.8148257732391357	0.0005	0.0005	0.23404344626472096	0.0
237	0.005229051873116338	2.9049724366809566	0.2881089701299526		0.796384334564209	0.0005	0.0005	0.23404344626472096	0.0
238	0.005229051873116338	2.9049724366809566	0.2881089701299526		0.8077659606933594	0.0005	0.0005	0.23404344626472096	0.0
239	0.005229051873116338	2.9049724366809566	0.2881089701299526		0.8950114250183105	0.0005	0.0005	0.23404344626472096	0.0
240	0.005229051873116338	2.9049724366809566	0.2881089701299526		0.793903112411499	0.0005	0.0005	0.23404344626472096	0.0
241	0.005229051873116338	2.9049724366809566	0.2881089701299526		0.9219534397125244	0.0005	0.0005	0.23404344626472096	0.0
242	0.005229051873116338	2.9049724366809566	0.2881089701299526		0.9022440910339355	0.0005	0.0005	0.23404344626472096	0.0
243	0.005229051873116338	2.9049724366809566	0.2881089701299526		0.7936480045318604	0.0005	0.0005	0.23404344626472096	0.0
244	0.005229051873116338	2.9049724366809566	0.2881089701299526		0.8081247806549072	0.0005	0.0005	0.23404344626472096	0.0
245	0.005229051873116338	2.9049724366809566	0.2881089701299526		0.7952075004577637	0.0005	0.0005	0.23404344626472096	0.0
246	0.005229051873116338	2.9049724366809566	0.2881089701299526		0.7854800224304199	0.0005	0.0005	0.23404344626472096	0.0
247	0.005229051873116338	2.9049724366809566	0.2881089701299526		0.9306232929229736	0.0005	0.0005	0.23404344626472096	0.0
248	0.005229051873116338	2.9049724366809566	0.2881089701299526		0.9942834377288818	0.0005	0.0005	0.23404344626472096	0.0
249	0.005229051873116338	2.9049724366809566	0.2881089701299526		0.7998721599578857	0.0005	0.0005	0.23404344626472096	0.0
250	0.005229051873116338	2.9049724366809566	0.2881089701299526		0.8100795745849609	0.0005	0.0005	0.23404344626472096	0.0
251	0.005229051873116338	2.9049724366809566	0.2881089701299526		0.7907347679138184	0.0005	0.0005	0.23404344626472096	0.0
252	0.005229051873116338	2.9049724366809566	0.2881089701299526		0.7831423282623291	0.0005	0.0005	0.23404344626472096	0.0
253	0.005229051873116338	2.9049724366809566	0.2881089701299526		0.783189058303833	0.0005	0.0005	0.23404344626472096	0.0
254	0.005229051873116338	2.9049724366809566	0.2881089701299526		0.8043668270111084	0.0005	0.0005	0.23404344626472096	0.0
255	0.005229051873116338	2.9049724366809566	0.2881089701299526		0.906853437423706	0.0005	0.0005	0.23404344626472096	0.0
256	0.005229051873116338	2.9049724366809566	0.2881089701299526		0.9074716567993164	0.0005	0.0005	0.23404344626472096	0.0
257	0.005229051873116338	2.9049724366809566	0.2881089701299526		0.8057005405426025	0.0005	0.0005	0.23404344626472096	0.0
258	0.005229051873116338	2.9049724366809566	0.2881089701299526		0.9012951850891113	0.0005	0.0005	0.23404344626472096	0.0
259	0.005229051873116338	2.9049724366809566	0.2881089701299526		1.0824618339538574	0.0005	0.0005	0.23404344626472096	0.0
260	0.005229051873116338	2.9049724366809566	0.2881089701299526		1.0512337684631348	0.0005	0.0005	0.23404344626472096	0.0
261	0.005229051873116338	2.9049724366809566	0.2881089701299526		1.084536075592041	0.0005	0.0005	0.23404344626472096	0.0
262	0.005229051873116338	2.9049724366809566	0.2881089701299526		0.8173701763153076	0.0005	0.0005	0.23404344626472096	0.0
263	0.005229051873116338	2.9049724366809566	0.2881089701299526		0.9124505519866943	0.0005	0.0005	0.23404344626472096	0.0
264	0.005229051873116338	2.9049724366809566	0.2881089701299526		0.7819552421569824	0.0005	0.0005	0.23404344626472096	0.0
265	0.005229051873116338	2.9049724366809566	0.2881089701299526		0.8012096881866455	0.0005	0.0005	0.23404344626472096	0.0
266	0.005229051873116338	2.9049724366809566	0.2881089701299526		0.899785041809082	0.0005	0.0005	0.23404344626472096	0.0
267	0.005229051873116338	2.9049724366809566	0.2881089701299526		0.9254083633422852	0.0005	0.0005	0.23404344626472096	0.0
268	0.005229051873116338	2.9049724366809566	0.2881089701299526		0.9696075916290283	0.0005	0.0005	0.23404344626472096	0.0
269	0.005229051873116338	2.9049724366809566	0.2881089701299526		0.8762922286987305	0.0005	0.0005	0.23404344626472096	0.0
270	0.005229051873116338	2.9049724366809566	0.2881089701299526		0.8139142990112305	0.0005	0.0005	0.23404344626472096	0.0
271	0.005229051873116338	2.9049724366809566	0.2881089701299526		0.914463996887207	0.0005	0.0005	0.23404344626472096	0.0
272	0.005229051873116338	2.9049724366809566	0.2881089701299526		0.9174745082855225	0.0005	0.0005	0.23404344626472096	0.0
273	0.005229051873116338	2.9049724366809566	0.2881089701299526		1.6498017311096191	0.0005	0.0005	0.23404344626472096	0.0
274	0.005229051873116338	2.9049724366809566	0.2881089701299526		1.1276166439056396	0.0005	0.0005	0.23404344626472096	0.0
275	0.005229051873116338	2.9049724366809566	0.2881089701299526		1.2967395782470703	0.0005	0.0005	0.23404344626472096	0.0
276	0.005229051873116338	2.9049724366809566	0.2881089701299526		1.0605690479278564	0.0005	0.0005	0.23404344626472096	0.0
277	0.005229051873116338	2.9049724366809566	0.2881089701299526		0.9412925243377686	0.0005	0.0005	0.23404344626472096	0.0
278	0.005229051873116338	2.9049724366809566	0.2881089701299526		1.2359123229980469	0.0005	0.0005	0.23404344626472096	0.0
279	0.005229051873116338	2.9049724366809566	0.2881089701299526		1.086379051208496	0.0005	0.0005	0.23404344626472096	0.0
280	0.005229051873116338	2.9049724366809566	0.2881089701299526		0.8119640350341797	0.0005	0.0005	0.23404344626472096	0.0
281	0.005229051873116338	2.9049724366809566	0.2881089701299526		0.9491591453552246	0.0005	0.0005	0.23404344626472096	0.0
282	0.005229051873116338	2.9049724366809566	0.2881089701299526		0.9131648540496826	0.0005	0.0005	0.23404344626472096	0.0
283	0.005229051873116338	2.9049724366809566	0.2881089701299526		0.9376716613769531	0.0005	0.0005	0.23404344626472096	0.0
284	0.005229051873116338	2.9049724366809566	0.2881089701299526		0.9618246555328369	0.0005	0.0005	0.23404344626472096	0.0
285	0.005229051873116338	2.9049724366809566	0.2881089701299526		0.9842755794525146	0.0005	0.0005	0.23404344626472096	0.0
286	0.005229051873116338	2.9049724366809566	0.2881089701299526		0.9214282035827637	0.0005	0.0005	0.23404344626472096	0.0
287	0.005229051873116338	2.9049724366809566	0.2881089701299526		0.8050494194030762	0.0005	0.0005	0.23404344626472096	0.0
288	0.005229051873116338	2.9049724366809566	0.2881089701299526		0.9125995635986328	0.0005	0.0005	0.23404344626472096	0.0
289	0.005229051873116338	2.9049724366809566	0.2881089701299526		0.9333527088165283	0.0005	0.0005	0.23404344626472096	0.0
290	0.005229051873116338	2.9049724366809566	0.2881089701299526		2.0262672901153564	0.0005	0.0005	0.23404344626472096	0.0
291	0.005229051873116338	2.9049724366809566	0.2881089701299526		1.1427109241485596	0.0005	0.0005	0.23404344626472096	0.0
292	0.005229051873116338	2.9049724366809566	0.2881089701299526		1.1172780990600586	0.0005	0.0005	0.23404344626472096	0.0
293	0.005229051873116338	2.9049724366809566	0.2881089701299526		0.9345455169677734	0.0005	0.0005	0.23404344626472096	0.0
294	0.005229051873116338	2.9049724366809566	0.2881089701299526		0.812265157699585	0.0005	0.0005	0.23404344626472096	0.0
295	0.005229051873116338	2.9049724366809566	0.2881089701299526		1.2211527824401855	0.0005	0.0005	0.23404344626472096	0.0
296	0.005229051873116338	2.9049724366809566	0.2881089701299526		1.296778678894043	0.0005	0.0005	0.23404344626472096	0.0
297	0.005229051873116338	2.9049724366809566	0.2881089701299526		1.0185050964355469	0.0005	0.0005	0.23404344626472096	0.0
298	0.005229051873116338	2.9049724366809566	0.2881089701299526		0.9144396781921387	0.0005	0.0005	0.23404344626472096	0.0
299	0.005229051873116338	2.9049724366809566	0.2881089701299526		0.9169340133666992	0.0005	0.0005	0.23404344626472096	0.0
300	0.005229051873116338	2.9049724366809566	0.2881089701299526		0.9326837062835693	0.0005	0.0005	0.23404344626472096	0.0
301	0.005229051873116338	2.9049724366809566	0.2881089701299526		1.7828407287597656	0.0005	0.0005	0.23404344626472096	0.0
302	0.005229051873116338	2.9049724366809566	0.2881089701299526		0.9193205833435059	0.0005	0.0005	0.23404344626472096	0.0
303	0.005229051873116338	2.9049724366809566	0.2881089701299526		1.0221819877624512	0.0005	0.0005	0.23404344626472096	0.0
304	0.005229051873116338	2.9049724366809566	0.2881089701299526		0.9338364601135254	0.0005	0.0005	0.23404344626472096	0.0
305	0.005229051873116338	2.9049724366809566	0.2881089701299526		0.9481754302978516	0.0005	0.0005	0.23404344626472096	0.0
306	0.005229051873116338	2.9049724366809566	0.2881089701299526		0.9604616165161133	0.0005	0.0005	0.23404344626472096	0.0
307	0.005229051873116338	2.9049724366809566	0.2881089701299526		1.3483529090881348	0.0005	0.0005	0.23404344626472096	0.0
308	0.005229051873116338	2.9049724366809566	0.2881089701299526		0.8004138469696045	0.0005	0.0005	0.23404344626472096	0.0
309	0.005229051873116338	2.9049724366809566	0.2881089701299526		0.8227372169494629	0.0005	0.0005	0.23404344626472096	0.0
310	0.005229051873116338	2.9049724366809566	0.2881089701299526		0.9316678047180176	0.0005	0.0005	0.23404344626472096	0.0
311	0.005229051873116338	2.9049724366809566	0.2881089701299526		0.9203152656555176	0.0005	0.0005	0.23404344626472096	0.0
312	0.005229051873116338	2.9049724366809566	0.2881089701299526		0.952383279800415	0.0005	0.0005	0.23404344626472096	0.0
313	0.005229051873116338	2.9049724366809566	0.2881089701299526		1.1282100677490234	0.0005	0.0005	0.23404344626472096	0.0
314	0.005229051873116338	2.9049724366809566	0.2881089701299526		0.8279621601104736	0.0005	0.0005	0.23404344626472096	0.0
315	0.005229051873116338	2.9049724366809566	0.2881089701299526		1.0104992389678955	0.0005	0.0005	0.23404344626472096	0.0
316	0.005229051873116338	2.9049724366809566	0.2881089701299526		1.331921100616455	0.0005	0.0005	0.23404344626472096	0.0
317	0.005229051873116338	2.9049724366809566	0.2881089701299526		0.9397053718566895	0.0005	0.0005	0.23404344626472096	0.0
318	0.005229051873116338	2.9049724366809566	0.2881089701299526		0.991314172744751	0.0005	0.0005	0.23404344626472096	0.0
319	0.005229051873116338	2.9049724366809566	0.2881089701299526		1.0935919284820557	0.0005	0.0005	0.23404344626472096	0.0
320	0.005229051873116338	2.9049724366809566	0.2881089701299526		1.0182487964630127	0.0005	0.0005	0.23404344626472096	0.0
321	0.005229051873116338	2.9049724366809566	0.2881089701299526		0.910724401473999	0.0005	0.0005	0.23404344626472096	0.0
322	0.005229051873116338	2.9049724366809566	0.2881089701299526		1.1073005199432373	0.0005	0.0005	0.23404344626472096	0.0
323	0.005229051873116338	2.9049724366809566	0.2881089701299526		0.8302221298217773	0.0005	0.0005	0.23404344626472096	0.0
324	0.005229051873116338	2.9049724366809566	0.2881089701299526		0.8226308822631836	0.0005	0.0005	0.23404344626472096	0.0
325	0.005229051873116338	2.9049724366809566	0.2881089701299526		1.0441992282867432	0.0005	0.0005	0.23404344626472096	0.0
326	0.005229051873116338	2.9049724366809566	0.2881089701299526		0.8232603073120117	0.0005	0.0005	0.23404344626472096	0.0
327	0.005229051873116338	2.9049724366809566	0.2881089701299526		0.8262383937835693	0.0005	0.0005	0.23404344626472096	0.0
328	0.005229051873116338	2.9049724366809566	0.2881089701299526		1.0323879718780518	0.0005	0.0005	0.23404344626472096	0.0
329	0.005229051873116338	2.9049724366809566	0.2881089701299526		1.3326187133789062	0.0005	0.0005	0.23404344626472096	0.0
330	0.005229051873116338	2.9049724366809566	0.2881089701299526		1.4298925399780273	0.0005	0.0005	0.23404344626472096	0.0
331	0.005229051873116338	2.9049724366809566	0.2881089701299526		1.0853631496429443	0.0005	0.0005	0.23404344626472096	0.0
332	0.005229051873116338	2.9049724366809566	0.2881089701299526		0.9399893283843994	0.0005	0.0005	0.23404344626472096	0.0
333	0.005229051873116338	2.9049724366809566	0.2881089701299526		0.9265742301940918	0.0005	0.0005	0.23404344626472096	0.0
334	0.005229051873116338	2.9049724366809566	0.2881089701299526		0.9229581356048584	0.0005	0.0005	0.23404344626472096	0.0
335	0.005229051873116338	2.9049724366809566	0.2881089701299526		0.934032678604126	0.0005	0.0005	0.23404344626472096	0.0
336	0.005229051873116338	2.9049724366809566	0.2881089701299526		1.0314579010009766	0.0005	0.0005	0.23404344626472096	0.0
337	0.005229051873116338	2.9049724366809566	0.2881089701299526		1.085005283355713	0.0005	0.0005	0.23404344626472096	0.0
338	0.005229051873116338	2.9049724366809566	0.2881089701299526		0.930516242980957	0.0005	0.0005	0.23404344626472096	0.0
339	0.005229051873116338	2.9049724366809566	0.2881089701299526		0.9317121505737305	0.0005	0.0005	0.23404344626472096	0.0
340	0.005229051873116338	2.9049724366809566	0.2881089701299526		0.9189176559448242	0.0005	0.0005	0.23404344626472096	0.0
341	0.005229051873116338	2.9049724366809566	0.2881089701299526		0.9051074981689453	0.0005	0.0005	0.23404344626472096	0.0
342	0.005229051873116338	2.9049724366809566	0.2881089701299526		0.8574552536010742	0.0005	0.0005	0.23404344626472096	0.0
343	0.005229051873116338	2.9049724366809566	0.2881089701299526		1.0882725715637207	0.0005	0.0005	0.23404344626472096	0.0
344	0.005229051873116338	2.9049724366809566	0.2881089701299526		0.8384928703308105	0.0005	0.0005	0.23404344626472096	0.0
345	0.005229051873116338	2.9049724366809566	0.2881089701299526		0.7803599834442139	0.0005	0.0005	0.23404344626472096	0.0
346	0.005229051873116338	2.9049724366809566	0.2881089701299526		0.9283947944641113	0.0005	0.0005	0.23404344626472096	0.0
347	0.005229051873116338	2.9049724366809566	0.2881089701299526		0.800060510635376	0.0005	0.0005	0.23404344626472096	0.0
348	0.005229051873116338	2.9049724366809566	0.2881089701299526		0.7978935241699219	0.0005	0.0005	0.23404344626472096	0.0
349	0.005229051873116338	2.9049724366809566	0.2881089701299526		1.2321255207061768	0.0005	0.0005	0.23404344626472096	0.0
350	0.005229051873116338	2.9049724366809566	0.2881089701299526		1.0413525104522705	0.0005	0.0005	0.23404344626472096	0.0
351	0.005229051873116338	2.9049724366809566	0.2881089701299526		0.9163060188293457	0.0005	0.0005	0.23404344626472096	0.0
352	0.005229051873116338	2.9049724366809566	0.2881089701299526		0.8031768798828125	0.0005	0.0005	0.23404344626472096	0.0
353	0.005229051873116338	2.9049724366809566	0.2881089701299526		0.7925710678100586	0.0005	0.0005	0.23404344626472096	0.0
354	0.005229051873116338	2.9049724366809566	0.2881089701299526		0.8040323257446289	0.0005	0.0005	0.23404344626472096	0.0
355	0.005229051873116338	2.9049724366809566	0.2881089701299526		0.9764144420623779	0.0005	0.0005	0.23404344626472096	0.0
356	0.005229051873116338	2.9049724366809566	0.2881089701299526		1.0417413711547852	0.0005	0.0005	0.23404344626472096	0.0
357	0.005229051873116338	2.9049724366809566	0.2881089701299526		0.7982931137084961	0.0005	0.0005	0.23404344626472096	0.0
358	0.005229051873116338	2.9049724366809566	0.2881089701299526		0.9191572666168213	0.0005	0.0005	0.23404344626472096	0.0
359	0.005229051873116338	2.9049724366809566	0.2881089701299526		0.8035569190979004	0.0005	0.0005	0.23404344626472096	0.0
360	0.005229051873116338	2.9049724366809566	0.2881089701299526		0.7925772666931152	0.0005	0.0005	0.23404344626472096	0.0
361	0.005229051873116338	2.9049724366809566	0.2881089701299526		0.8018507957458496	0.0005	0.0005	0.23404344626472096	0.0
362	0.005229051873116338	2.9049724366809566	0.2881089701299526		0.9640576839447021	0.0005	0.0005	0.23404344626472096	0.0
363	0.005229051873116338	2.9049724366809566	0.2881089701299526		0.8028051853179932	0.0005	0.0005	0.23404344626472096	0.0
364	0.005229051873116338	2.9049724366809566	0.2881089701299526		0.8136186599731445	0.0005	0.0005	0.23404344626472096	0.0
365	0.005229051873116338	2.9049724366809566	0.2881089701299526		0.9221651554107666	0.0005	0.0005	0.23404344626472096	0.0
366	0.005229051873116338	2.9049724366809566	0.2881089701299526		0.9072997570037842	0.0005	0.0005	0.23404344626472096	0.0
367	0.005229051873116338	2.9049724366809566	0.2881089701299526		0.8278729915618896	0.0005	0.0005	0.23404344626472096	0.0
368	0.005229051873116338	2.9049724366809566	0.2881089701299526		0.7916474342346191	0.0005	0.0005	0.23404344626472096	0.0
369	0.005229051873116338	2.9049724366809566	0.2881089701299526		1.025282621383667	0.0005	0.0005	0.23404344626472096	0.0
370	0.005229051873116338	2.9049724366809566	0.2881089701299526		0.8901927471160889	0.0005	0.0005	0.23404344626472096	0.0
371	0.005229051873116338	2.9049724366809566	0.2881089701299526		0.9203367233276367	0.0005	0.0005	0.23404344626472096	0.0
372	0.005229051873116338	2.9049724366809566	0.2881089701299526		0.802711009979248	0.0005	0.0005	0.23404344626472096	0.0
373	0.005229051873116338	2.9049724366809566	0.2881089701299526		0.8869438171386719	0.0005	0.0005	0.23404344626472096	0.0
374	0.005229051873116338	2.9049724366809566	0.2881089701299526		0.9109964370727539	0.0005	0.0005	0.23404344626472096	0.0
375	0.005229051873116338	2.9049724366809566	0.2881089701299526		0.9610614776611328	0.0005	0.0005	0.23404344626472096	0.0
376	0.005229051873116338	2.9049724366809566	0.2881089701299526		0.8082170486450195	0.0005	0.0005	0.23404344626472096	0.0
377	0.005229051873116338	2.9049724366809566	0.2881089701299526		0.9242088794708252	0.0005	0.0005	0.23404344626472096	0.0
378	0.005229051873116338	2.9049724366809566	0.2881089701299526		0.9078037738800049	0.0005	0.0005	0.23404344626472096	0.0
379	0.005229051873116338	2.9049724366809566	0.2881089701299526		0.7953939437866211	0.0005	0.0005	0.23404344626472096	0.0
380	0.005229051873116338	2.9049724366809566	0.2881089701299526		0.8964300155639648	0.0005	0.0005	0.23404344626472096	0.0
381	0.005229051873116338	2.9049724366809566	0.2881089701299526		0.8299548625946045	0.0005	0.0005	0.23404344626472096	0.0
382	0.005229051873116338	2.9049724366809566	0.2881089701299526		0.8100619316101074	0.0005	0.0005	0.23404344626472096	0.0
383	0.005229051873116338	2.9049724366809566	0.2881089701299526		0.9197354316711426	0.0005	0.0005	0.23404344626472096	0.0
384	0.005229051873116338	2.9049724366809566	0.2881089701299526		0.9129366874694824	0.0005	0.0005	0.23404344626472096	0.0
385	0.005229051873116338	2.9049724366809566	0.2881089701299526		0.9402532577514648	0.0005	0.0005	0.23404344626472096	0.0
386	0.005229051873116338	2.9049724366809566	0.2881089701299526		0.9251854419708252	0.0005	0.0005	0.23404344626472096	0.0
387	0.005229051873116338	2.9049724366809566	0.2881089701299526		0.8087491989135742	0.0005	0.0005	0.23404344626472096	0.0
388	0.005229051873116338	2.9049724366809566	0.2881089701299526		1.0373246669769287	0.0005	0.0005	0.23404344626472096	0.0
389	0.005229051873116338	2.9049724366809566	0.2881089701299526		0.9019505977630615	0.0005	0.0005	0.23404344626472096	0.0
390	0.005229051873116338	2.9049724366809566	0.2881089701299526		0.8022496700286865	0.0005	0.0005	0.23404344626472096	0.0
391	0.005229051873116338	2.9049724366809566	0.2881089701299526		0.9231479167938232	0.0005	0.0005	0.23404344626472096	0.0
392	0.005229051873116338	2.9049724366809566	0.2881089701299526		0.9127044677734375	0.0005	0.0005	0.23404344626472096	0.0
393	0.005229051873116338	2.9049724366809566	0.2881089701299526		0.7900097370147705	0.0005	0.0005	0.23404344626472096	0.0
394	0.005229051873116338	2.9049724366809566	0.2881089701299526		1.0413589477539062	0.0005	0.0005	0.23404344626472096	0.0
395	0.005229051873116338	2.9049724366809566	0.2881089701299526		0.9362168312072754	0.0005	0.0005	0.23404344626472096	0.0
396	0.005229051873116338	2.9049724366809566	0.2881089701299526		0.8017482757568359	0.0005	0.0005	0.23404344626472096	0.0
397	0.005229051873116338	2.9049724366809566	0.2881089701299526		0.8990530967712402	0.0005	0.0005	0.23404344626472096	0.0
398	0.005229051873116338	2.9049724366809566	0.2881089701299526		0.8961787223815918	0.0005	0.0005	0.23404344626472096	0.0
399	0.005229051873116338	2.9049724366809566	0.2881089701299526		0.7790744304656982	0.0005	0.0005	0.23404344626472096	0.0
400	0.005229051873116338	2.9049724366809566	0.2881089701299526		0.9326293468475342	0.0005	0.0005	0.23404344626472096	0.0
401	0.005229051873116338	2.9049724366809566	0.2881089701299526		1.0607750415802002	0.0005	0.0005	0.23404344626472096	0.0
402	0.005229051873116338	2.9049724366809566	0.2881089701299526		0.8065962791442871	0.0005	0.0005	0.23404344626472096	0.0
403	0.005229051873116338	2.9049724366809566	0.2881089701299526		0.8009419441223145	0.0005	0.0005	0.23404344626472096	0.0
404	0.005229051873116338	2.9049724366809566	0.2881089701299526		0.8062834739685059	0.0005	0.0005	0.23404344626472096	0.0
405	0.005229051873116338	2.9049724366809566	0.2881089701299526		0.8100581169128418	0.0005	0.0005	0.23404344626472096	0.0
406	0.005229051873116338	2.9049724366809566	0.2881089701299526		0.7911744117736816	0.0005	0.0005	0.23404344626472096	0.0
407	0.005229051873116338	2.9049724366809566	0.2881089701299526		0.8326191902160645	0.0005	0.0005	0.23404344626472096	0.0
408	0.005229051873116338	2.9049724366809566	0.2881089701299526		0.9633848667144775	0.0005	0.0005	0.23404344626472096	0.0
409	0.005229051873116338	2.9049724366809566	0.2881089701299526		0.7802519798278809	0.0005	0.0005	0.23404344626472096	0.0
410	0.005229051873116338	2.9049724366809566	0.2881089701299526		0.823326826095581	0.0005	0.0005	0.23404344626472096	0.0
411	0.005229051873116338	2.9049724366809566	0.2881089701299526		0.801293134689331	0.0005	0.0005	0.23404344626472096	0.0
412	0.005229051873116338	2.9049724366809566	0.2881089701299526		0.7934238910675049	0.0005	0.0005	0.23404344626472096	0.0
413	0.005229051873116338	2.9049724366809566	0.2881089701299526		0.9186508655548096	0.0005	0.0005	0.23404344626472096	0.0
414	0.005229051873116338	2.9049724366809566	0.2881089701299526		0.9557397365570068	0.0005	0.0005	0.23404344626472096	0.0
415	0.005229051873116338	2.9049724366809566	0.2881089701299526		0.8404293060302734	0.0005	0.0005	0.23404344626472096	0.0
416	0.005229051873116338	2.9049724366809566	0.2881089701299526		0.9167575836181641	0.0005	0.0005	0.23404344626472096	0.0
417	0.005229051873116338	2.9049724366809566	0.2881089701299526		0.8937828540802002	0.0005	0.0005	0.23404344626472096	0.0
418	0.005229051873116338	2.9049724366809566	0.2881089701299526		0.9223146438598633	0.0005	0.0005	0.23404344626472096	0.0
419	0.005229051873116338	2.9049724366809566	0.2881089701299526		1.0111382007598877	0.0005	0.0005	0.23404344626472096	0.0
420	0.005229051873116338	2.9049724366809566	0.2881089701299526		0.9596278667449951	0.0005	0.0005	0.23404344626472096	0.0
421	0.005229051873116338	2.9049724366809566	0.2881089701299526		1.1606485843658447	0.0005	0.0005	0.23404344626472096	0.0
422	0.005229051873116338	2.9049724366809566	0.2881089701299526		0.9170734882354736	0.0005	0.0005	0.23404344626472096	0.0
423	0.005229051873116338	2.9049724366809566	0.2881089701299526		0.9346864223480225	0.0005	0.0005	0.23404344626472096	0.0
424	0.005229051873116338	2.9049724366809566	0.2881089701299526		0.92462158203125	0.0005	0.0005	0.23404344626472096	0.0
425	0.005229051873116338	2.9049724366809566	0.2881089701299526		0.9150810241699219	0.0005	0.0005	0.23404344626472096	0.0
426	0.005229051873116338	2.9049724366809566	0.2881089701299526		0.9297032356262207	0.0005	0.0005	0.23404344626472096	0.0
427	0.005229051873116338	2.9049724366809566	0.2881089701299526		1.2934045791625977	0.0005	0.0005	0.23404344626472096	0.0
428	0.005229051873116338	2.9049724366809566	0.2881089701299526		0.928591251373291	0.0005	0.0005	0.23404344626472096	0.0
429	0.005229051873116338	2.9049724366809566	0.2881089701299526		1.0217511653900146	0.0005	0.0005	0.23404344626472096	0.0
430	0.005229051873116338	2.9049724366809566	0.2881089701299526		0.9627532958984375	0.0005	0.0005	0.23404344626472096	0.0
431	0.005229051873116338	2.9049724366809566	0.2881089701299526		0.9328722953796387	0.0005	0.0005	0.23404344626472096	0.0
432	0.005229051873116338	2.9049724366809566	0.2881089701299526		0.9341816902160645	0.0005	0.0005	0.23404344626472096	0.0
433	0.005229051873116338	2.9049724366809566	0.2881089701299526		1.2703206539154053	0.0005	0.0005	0.23404344626472096	0.0
434	0.005229051873116338	2.9049724366809566	0.2881089701299526		0.9396781921386719	0.0005	0.0005	0.23404344626472096	0.0
435	0.005229051873116338	2.9049724366809566	0.2881089701299526		0.9328587055206299	0.0005	0.0005	0.23404344626472096	0.0
436	0.005229051873116338	2.9049724366809566	0.2881089701299526		1.0739333629608154	0.0005	0.0005	0.23404344626472096	0.0
437	0.005229051873116338	2.9049724366809566	0.2881089701299526		0.9304854869842529	0.0005	0.0005	0.23404344626472096	0.0
438	0.005229051873116338	2.9049724366809566	0.2881089701299526		0.8186435699462891	0.0005	0.0005	0.23404344626472096	0.0
439	0.005229051873116338	2.9049724366809566	0.2881089701299526		1.0835745334625244	0.0005	0.0005	0.23404344626472096	0.0
440	0.005229051873116338	2.9049724366809566	0.2881089701299526		0.803901195526123	0.0005	0.0005	0.23404344626472096	0.0
441	0.005229051873116338	2.9049724366809566	0.2881089701299526		0.8076212406158447	0.0005	0.0005	0.23404344626472096	0.0
442	0.005229051873116338	2.9049724366809566	0.2881089701299526		0.7857091426849365	0.0005	0.0005	0.23404344626472096	0.0
443	0.005229051873116338	2.9049724366809566	0.2881089701299526		0.7933876514434814	0.0005	0.0005	0.23404344626472096	0.0
444	0.005229051873116338	2.9049724366809566	0.2881089701299526		0.9399046897888184	0.0005	0.0005	0.23404344626472096	0.0
445	0.005229051873116338	2.9049724366809566	0.2881089701299526		0.9980573654174805	0.0005	0.0005	0.23404344626472096	0.0
446	0.005229051873116338	2.9049724366809566	0.2881089701299526		0.9113163948059082	0.0005	0.0005	0.23404344626472096	0.0
447	0.005229051873116338	2.9049724366809566	0.2881089701299526		0.943976640701294	0.0005	0.0005	0.23404344626472096	0.0
448	0.005229051873116338	2.9049724366809566	0.2881089701299526		0.8057718276977539	0.0005	0.0005	0.23404344626472096	0.0
449	0.005229051873116338	2.9049724366809566	0.2881089701299526		0.822930097579956	0.0005	0.0005	0.23404344626472096	0.0
450	0.005229051873116338	2.9049724366809566	0.2881089701299526		0.8017477989196777	0.0005	0.0005	0.23404344626472096	0.0
451	0.005229051873116338	2.9049724366809566	0.2881089701299526		0.9423606395721436	0.0005	0.0005	0.23404344626472096	0.0
452	0.005229051873116338	2.9049724366809566	0.2881089701299526		0.9721400737762451	0.0005	0.0005	0.23404344626472096	0.0
453	0.005229051873116338	2.9049724366809566	0.2881089701299526		0.7928531169891357	0.0005	0.0005	0.23404344626472096	0.0
454	0.005229051873116338	2.9049724366809566	0.2881089701299526		0.8219418525695801	0.0005	0.0005	0.23404344626472096	0.0
455	0.005229051873116338	2.9049724366809566	0.2881089701299526		0.8223581314086914	0.0005	0.0005	0.23404344626472096	0.0
456	0.005229051873116338	2.9049724366809566	0.2881089701299526		0.7807767391204834	0.0005	0.0005	0.23404344626472096	0.0
457	0.005229051873116338	2.9049724366809566	0.2881089701299526		0.9223835468292236	0.0005	0.0005	0.23404344626472096	0.0
458	0.005229051873116338	2.9049724366809566	0.2881089701299526		0.81581711769104	0.0005	0.0005	0.23404344626472096	0.0
459	0.005229051873116338	2.9049724366809566	0.2881089701299526		0.8309085369110107	0.0005	0.0005	0.23404344626472096	0.0
460	0.005229051873116338	2.9049724366809566	0.2881089701299526		0.797752857208252	0.0005	0.0005	0.23404344626472096	0.0
461	0.005229051873116338	2.9049724366809566	0.2881089701299526		0.9065420627593994	0.0005	0.0005	0.23404344626472096	0.0
462	0.005229051873116338	2.9049724366809566	0.2881089701299526		0.7820932865142822	0.0005	0.0005	0.23404344626472096	0.0
463	0.005229051873116338	2.9049724366809566	0.2881089701299526		0.8154261112213135	0.0005	0.0005	0.23404344626472096	0.0
464	0.005229051873116338	2.9049724366809566	0.2881089701299526		1.668260097503662	0.0005	0.0005	0.23404344626472096	0.0
465	0.005229051873116338	2.9049724366809566	0.2881089701299526		1.1202898025512695	0.0005	0.0005	0.23404344626472096	0.0
466	0.005229051873116338	2.9049724366809566	0.2881089701299526		0.961040735244751	0.0005	0.0005	0.23404344626472096	0.0
467	0.005229051873116338	2.9049724366809566	0.2881089701299526		1.0357415676116943	0.0005	0.0005	0.23404344626472096	0.0
468	0.005229051873116338	2.9049724366809566	0.2881089701299526		0.801337718963623	0.0005	0.0005	0.23404344626472096	0.0
469	0.005229051873116338	2.9049724366809566	0.2881089701299526		0.9125235080718994	0.0005	0.0005	0.23404344626472096	0.0
470	0.005229051873116338	2.9049724366809566	0.2881089701299526		0.9092845916748047	0.0005	0.0005	0.23404344626472096	0.0
471	0.005229051873116338	2.9049724366809566	0.2881089701299526		0.9125874042510986	0.0005	0.0005	0.23404344626472096	0.0
472	0.005229051873116338	2.9049724366809566	0.2881089701299526		0.9098720550537109	0.0005	0.0005	0.23404344626472096	0.0
473	0.005229051873116338	2.9049724366809566	0.2881089701299526		0.9048585891723633	0.0005	0.0005	0.23404344626472096	0.0
474	0.005229051873116338	2.9049724366809566	0.2881089701299526		0.901862621307373	0.0005	0.0005	0.23404344626472096	0.0
475	0.005229051873116338	2.9049724366809566	0.2881089701299526		0.9202485084533691	0.0005	0.0005	0.23404344626472096	0.0
476	0.005229051873116338	2.9049724366809566	0.2881089701299526		0.804095983505249	0.0005	0.0005	0.23404344626472096	0.0
477	0.005229051873116338	2.9049724366809566	0.2881089701299526		1.0120482444763184	0.0005	0.0005	0.23404344626472096	0.0
478	0.005229051873116338	2.9049724366809566	0.2881089701299526		1.2538933753967285	0.0005	0.0005	0.23404344626472096	0.0
479	0.005229051873116338	2.9049724366809566	0.2881089701299526		0.9165441989898682	0.0005	0.0005	0.23404344626472096	0.0
480	0.005229051873116338	2.9049724366809566	0.2881089701299526		0.9393391609191895	0.0005	0.0005	0.23404344626472096	0.0
481	0.005229051873116338	2.9049724366809566	0.2881089701299526		0.9399435520172119	0.0005	0.0005	0.23404344626472096	0.0
482	0.005229051873116338	2.9049724366809566	0.2881089701299526		1.0377168655395508	0.0005	0.0005	0.23404344626472096	0.0
483	0.005229051873116338	2.9049724366809566	0.2881089701299526		0.8428399562835693	0.0005	0.0005	0.23404344626472096	0.0
484	0.005229051873116338	2.9049724366809566	0.2881089701299526		0.840876579284668	0.0005	0.0005	0.23404344626472096	0.0
485	0.005229051873116338	2.9049724366809566	0.2881089701299526		1.0425126552581787	0.0005	0.0005	0.23404344626472096	0.0
486	0.005229051873116338	2.9049724366809566	0.2881089701299526		0.8171570301055908	0.0005	0.0005	0.23404344626472096	0.0
487	0.005229051873116338	2.9049724366809566	0.2881089701299526		0.9318544864654541	0.0005	0.0005	0.23404344626472096	0.0
488	0.005229051873116338	2.9049724366809566	0.2881089701299526		0.7934520244598389	0.0005	0.0005	0.23404344626472096	0.0
489	0.005229051873116338	2.9049724366809566	0.2881089701299526		0.9273111820220947	0.0005	0.0005	0.23404344626472096	0.0
490	0.005229051873116338	2.9049724366809566	0.2881089701299526		0.9038567543029785	0.0005	0.0005	0.23404344626472096	0.0
491	0.005229051873116338	2.9049724366809566	0.2881089701299526		0.7986569404602051	0.0005	0.0005	0.23404344626472096	0.0
492	0.005229051873116338	2.9049724366809566	0.2881089701299526		0.8474781513214111	0.0005	0.0005	0.23404344626472096	0.0
493	0.005229051873116338	2.9049724366809566	0.2881089701299526		0.8127334117889404	0.0005	0.0005	0.23404344626472096	0.0
494	0.005229051873116338	2.9049724366809566	0.2881089701299526		0.8159289360046387	0.0005	0.0005	0.23404344626472096	0.0
495	0.005229051873116338	2.9049724366809566	0.2881089701299526		0.9295744895935059	0.0005	0.0005	0.23404344626472096	0.0
496	0.005229051873116338	2.9049724366809566	0.2881089701299526		1.3607358932495117	0.0005	0.0005	0.23404344626472096	0.0
497	0.005229051873116338	2.9049724366809566	0.2881089701299526		0.9115667343139648	0.0005	0.0005	0.23404344626472096	0.0
498	0.005229051873116338	2.9049724366809566	0.2881089701299526		0.8124864101409912	0.0005	0.0005	0.23404344626472096	0.0
499	0.005229051873116338	2.9049724366809566	0.2881089701299526		0.8145847320556641	0.0005	0.0005	0.23404344626472096	0.0
500	0.005229051873116338	2.9049724366809566	0.2881089701299526		0.9264757633209229	0.0005	0.0005	0.23404344626472096	0.0
501	0.005229051873116338	2.9049724366809566	0.2881089701299526		0.8151371479034424	0.0005	0.0005	0.23404344626472096	0.0
502	0.005229051873116338	2.9049724366809566	0.2881089701299526		0.9191100597381592	0.0005	0.0005	0.23404344626472096	0.0
503	0.005229051873116338	2.9049724366809566	0.2881089701299526		0.8461053371429443	0.0005	0.0005	0.23404344626472096	0.0
504	0.005229051873116338	2.9049724366809566	0.2881089701299526		0.8184256553649902	0.0005	0.0005	0.23404344626472096	0.0
505	0.005229051873116338	2.9049724366809566	0.2881089701299526		0.9070744514465332	0.0005	0.0005	0.23404344626472096	0.0
506	0.005229051873116338	2.9049724366809566	0.2881089701299526		0.9159255027770996	0.0005	0.0005	0.23404344626472096	0.0
507	0.005229051873116338	2.9049724366809566	0.2881089701299526		0.9340384006500244	0.0005	0.0005	0.23404344626472096	0.0
508	0.005229051873116338	2.9049724366809566	0.2881089701299526		1.0523505210876465	0.0005	0.0005	0.23404344626472096	0.0
509	0.005229051873116338	2.9049724366809566	0.2881089701299526		0.8076426982879639	0.0005	0.0005	0.23404344626472096	0.0
510	0.005229051873116338	2.9049724366809566	0.2881089701299526		0.9364185333251953	0.0005	0.0005	0.23404344626472096	0.0
511	0.005229051873116338	2.9049724366809566	0.2881089701299526		0.9034929275512695	0.0005	0.0005	0.23404344626472096	0.0
512	0.005229051873116338	2.9049724366809566	0.2881089701299526		0.8968203067779541	0.0005	0.0005	0.23404344626472096	0.0
513	0.005229051873116338	2.9049724366809566	0.2881089701299526		0.9131877422332764	0.0005	0.0005	0.23404344626472096	0.0
514	0.005229051873116338	2.9049724366809566	0.2881089701299526		1.3387954235076904	0.0005	0.0005	0.23404344626472096	0.0
515	0.005229051873116338	2.9049724366809566	0.2881089701299526		0.9265158176422119	0.0005	0.0005	0.23404344626472096	0.0
516	0.005229051873116338	2.9049724366809566	0.2881089701299526		0.7981913089752197	0.0005	0.0005	0.23404344626472096	0.0
517	0.005229051873116338	2.9049724366809566	0.2881089701299526		0.8208677768707275	0.0005	0.0005	0.23404344626472096	0.0
518	0.005229051873116338	2.9049724366809566	0.2881089701299526		0.8160054683685303	0.0005	0.0005	0.23404344626472096	0.0
519	0.005229051873116338	2.9049724366809566	0.2881089701299526		0.7965216636657715	0.0005	0.0005	0.23404344626472096	0.0
520	0.005229051873116338	2.9049724366809566	0.2881089701299526		0.8095073699951172	0.0005	0.0005	0.23404344626472096	0.0
521	0.005229051873116338	2.9049724366809566	0.2881089701299526		0.9579687118530273	0.0005	0.0005	0.23404344626472096	0.0
522	0.005229051873116338	2.9049724366809566	0.2881089701299526		0.8018307685852051	0.0005	0.0005	0.23404344626472096	0.0
523	0.005229051873116338	2.9049724366809566	0.2881089701299526		0.9178617000579834	0.0005	0.0005	0.23404344626472096	0.0
524	0.005229051873116338	2.9049724366809566	0.2881089701299526		0.8031013011932373	0.0005	0.0005	0.23404344626472096	0.0
525	0.005229051873116338	2.9049724366809566	0.2881089701299526		0.8092734813690186	0.0005	0.0005	0.23404344626472096	0.0
526	0.005229051873116338	2.9049724366809566	0.2881089701299526		0.8081150054931641	0.0005	0.0005	0.23404344626472096	0.0
527	0.005229051873116338	2.9049724366809566	0.2881089701299526		1.191174030303955	0.0005	0.0005	0.23404344626472096	0.0
528	0.005229051873116338	2.9049724366809566	0.2881089701299526		0.9205341339111328	0.0005	0.0005	0.23404344626472096	0.0
529	0.005229051873116338	2.9049724366809566	0.2881089701299526		0.9128785133361816	0.0005	0.0005	0.23404344626472096	0.0
530	0.005229051873116338	2.9049724366809566	0.2881089701299526		0.9315767288208008	0.0005	0.0005	0.23404344626472096	0.0
531	0.005229051873116338	2.9049724366809566	0.2881089701299526		0.8077445030212402	0.0005	0.0005	0.23404344626472096	0.0
532	0.005229051873116338	2.9049724366809566	0.2881089701299526		0.7959980964660645	0.0005	0.0005	0.23404344626472096	0.0
533	0.005229051873116338	2.9049724366809566	0.2881089701299526		0.9181838035583496	0.0005	0.0005	0.23404344626472096	0.0
534	0.005229051873116338	2.9049724366809566	0.2881089701299526		0.9207217693328857	0.0005	0.0005	0.23404344626472096	0.0
535	0.005229051873116338	2.9049724366809566	0.2881089701299526		0.8102495670318604	0.0005	0.0005	0.23404344626472096	0.0
536	0.005229051873116338	2.9049724366809566	0.2881089701299526		0.8991405963897705	0.0005	0.0005	0.23404344626472096	0.0
537	0.005229051873116338	2.9049724366809566	0.2881089701299526		0.7913241386413574	0.0005	0.0005	0.23404344626472096	0.0
538	0.005229051873116338	2.9049724366809566	0.2881089701299526		0.917973518371582	0.0005	0.0005	0.23404344626472096	0.0
539	0.005229051873116338	2.9049724366809566	0.2881089701299526		0.8204202651977539	0.0005	0.0005	0.23404344626472096	0.0
540	0.005229051873116338	2.9049724366809566	0.2881089701299526		0.8012874126434326	0.0005	0.0005	0.23404344626472096	0.0
541	0.005229051873116338	2.9049724366809566	0.2881089701299526		0.8189139366149902	0.0005	0.0005	0.23404344626472096	0.0
542	0.005229051873116338	2.9049724366809566	0.2881089701299526		0.7930948734283447	0.0005	0.0005	0.23404344626472096	0.0
543	0.005229051873116338	2.9049724366809566	0.2881089701299526		1.055511474609375	0.0005	0.0005	0.23404344626472096	0.0
544	0.005229051873116338	2.9049724366809566	0.2881089701299526		0.9851586818695068	0.0005	0.0005	0.23404344626472096	0.0
545	0.005229051873116338	2.9049724366809566	0.2881089701299526		0.8066709041595459	0.0005	0.0005	0.23404344626472096	0.0
546	0.005229051873116338	2.9049724366809566	0.2881089701299526		0.9105055332183838	0.0005	0.0005	0.23404344626472096	0.0
547	0.005229051873116338	2.9049724366809566	0.2881089701299526		0.9872665405273438	0.0005	0.0005	0.23404344626472096	0.0
548	0.005229051873116338	2.9049724366809566	0.2881089701299526		0.7953989505767822	0.0005	0.0005	0.23404344626472096	0.0
549	0.005229051873116338	2.9049724366809566	0.2881089701299526		1.0416522026062012	0.0005	0.0005	0.23404344626472096	0.0
550	0.005229051873116338	2.9049724366809566	0.2881089701299526		0.9098138809204102	0.0005	0.0005	0.23404344626472096	0.0
551	0.005229051873116338	2.9049724366809566	0.2881089701299526		0.8056433200836182	0.0005	0.0005	0.23404344626472096	0.0
552	0.005229051873116338	2.9049724366809566	0.2881089701299526		0.9219851493835449	0.0005	0.0005	0.23404344626472096	0.0
553	0.005229051873116338	2.9049724366809566	0.2881089701299526		0.9310836791992188	0.0005	0.0005	0.23404344626472096	0.0
554	0.005229051873116338	2.9049724366809566	0.2881089701299526		0.793684720993042	0.0005	0.0005	0.23404344626472096	0.0
555	0.005229051873116338	2.9049724366809566	0.2881089701299526		0.8202004432678223	0.0005	0.0005	0.23404344626472096	0.0
556	0.005229051873116338	2.9049724366809566	0.2881089701299526		1.241133213043213	0.0005	0.0005	0.23404344626472096	0.0
557	0.005229051873116338	2.9049724366809566	0.2881089701299526		0.7875797748565674	0.0005	0.0005	0.23404344626472096	0.0
558	0.005229051873116338	2.9049724366809566	0.2881089701299526		0.9288308620452881	0.0005	0.0005	0.23404344626472096	0.0
559	0.005229051873116338	2.9049724366809566	0.2881089701299526		0.9305124282836914	0.0005	0.0005	0.23404344626472096	0.0
560	0.005229051873116338	2.9049724366809566	0.2881089701299526		0.9272031784057617	0.0005	0.0005	0.23404344626472096	0.0
561	0.005229051873116338	2.9049724366809566	0.2881089701299526		0.8053398132324219	0.0005	0.0005	0.23404344626472096	0.0
562	0.005229051873116338	2.9049724366809566	0.2881089701299526		0.9103615283966064	0.0005	0.0005	0.23404344626472096	0.0
563	0.005229051873116338	2.9049724366809566	0.2881089701299526		0.9147036075592041	0.0005	0.0005	0.23404344626472096	0.0
564	0.005229051873116338	2.9049724366809566	0.2881089701299526		1.012873649597168	0.0005	0.0005	0.23404344626472096	0.0
565	0.005229051873116338	2.9049724366809566	0.2881089701299526		1.129518747329712	0.0005	0.0005	0.23404344626472096	0.0
566	0.005229051873116338	2.9049724366809566	0.2881089701299526		0.793921709060669	0.0005	0.0005	0.23404344626472096	0.0
567	0.005229051873116338	2.9049724366809566	0.2881089701299526		0.7984428405761719	0.0005	0.0005	0.23404344626472096	0.0
568	0.005229051873116338	2.9049724366809566	0.2881089701299526		0.9301879405975342	0.0005	0.0005	0.23404344626472096	0.0
569	0.005229051873116338	2.9049724366809566	0.2881089701299526		0.9003369808197021	0.0005	0.0005	0.23404344626472096	0.0
570	0.005229051873116338	2.9049724366809566	0.2881089701299526		0.9220850467681885	0.0005	0.0005	0.23404344626472096	0.0
571	0.005229051873116338	2.9049724366809566	0.2881089701299526		0.9516348838806152	0.0005	0.0005	0.23404344626472096	0.0
572	0.005229051873116338	2.9049724366809566	0.2881089701299526		0.9247510433197021	0.0005	0.0005	0.23404344626472096	0.0
573	0.005229051873116338	2.9049724366809566	0.2881089701299526		0.8100135326385498	0.0005	0.0005	0.23404344626472096	0.0
574	0.005229051873116338	2.9049724366809566	0.2881089701299526		0.8021750450134277	0.0005	0.0005	0.23404344626472096	0.0
575	0.005229051873116338	2.9049724366809566	0.2881089701299526		0.7927756309509277	0.0005	0.0005	0.23404344626472096	0.0
576	0.005229051873116338	2.9049724366809566	0.2881089701299526		0.9148702621459961	0.0005	0.0005	0.23404344626472096	0.0
577	0.005229051873116338	2.9049724366809566	0.2881089701299526		0.8092260360717773	0.0005	0.0005	0.23404344626472096	0.0
578	0.005229051873116338	2.9049724366809566	0.2881089701299526		0.8050534725189209	0.0005	0.0005	0.23404344626472096	0.0
579	0.005229051873116338	2.9049724366809566	0.2881089701299526		0.9071609973907471	0.0005	0.0005	0.23404344626472096	0.0
580	0.005229051873116338	2.9049724366809566	0.2881089701299526		0.8113329410552979	0.0005	0.0005	0.23404344626472096	0.0
581	0.005229051873116338	2.9049724366809566	0.2881089701299526		0.80316162109375	0.0005	0.0005	0.23404344626472096	0.0
582	0.005229051873116338	2.9049724366809566	0.2881089701299526		0.9290614128112793	0.0005	0.0005	0.23404344626472096	0.0
583	0.005229051873116338	2.9049724366809566	0.2881089701299526		1.3160429000854492	0.0005	0.0005	0.23404344626472096	0.0
584	0.005229051873116338	2.9049724366809566	0.2881089701299526		0.7959096431732178	0.0005	0.0005	0.23404344626472096	0.0
585	0.005229051873116338	2.9049724366809566	0.2881089701299526		0.9229283332824707	0.0005	0.0005	0.23404344626472096	0.0
586	0.005229051873116338	2.9049724366809566	0.2881089701299526		0.9076237678527832	0.0005	0.0005	0.23404344626472096	0.0
587	0.005229051873116338	2.9049724366809566	0.2881089701299526		0.8058404922485352	0.0005	0.0005	0.23404344626472096	0.0
588	0.005229051873116338	2.9049724366809566	0.2881089701299526		0.8320024013519287	0.0005	0.0005	0.23404344626472096	0.0
589	0.005229051873116338	2.9049724366809566	0.2881089701299526		0.7843978404998779	0.0005	0.0005	0.23404344626472096	0.0
590	0.005229051873116338	2.9049724366809566	0.2881089701299526		0.8113322257995605	0.0005	0.0005	0.23404344626472096	0.0
591	0.005229051873116338	2.9049724366809566	0.2881089701299526		1.0009374618530273	0.0005	0.0005	0.23404344626472096	0.0
592	0.005229051873116338	2.9049724366809566	0.2881089701299526		0.914376974105835	0.0005	0.0005	0.23404344626472096	0.0
593	0.005229051873116338	2.9049724366809566	0.2881089701299526		0.8010835647583008	0.0005	0.0005	0.23404344626472096	0.0
594	0.005229051873116338	2.9049724366809566	0.2881089701299526		0.936450719833374	0.0005	0.0005	0.23404344626472096	0.0
595	0.005229051873116338	2.9049724366809566	0.2881089701299526		0.8054571151733398	0.0005	0.0005	0.23404344626472096	0.0
596	0.005229051873116338	2.9049724366809566	0.2881089701299526		0.8088047504425049	0.0005	0.0005	0.23404344626472096	0.0
597	0.005229051873116338	2.9049724366809566	0.2881089701299526		0.8008942604064941	0.0005	0.0005	0.23404344626472096	0.0
598	0.005229051873116338	2.9049724366809566	0.2881089701299526		0.9118163585662842	0.0005	0.0005	0.23404344626472096	0.0
599	0.005229051873116338	2.9049724366809566	0.2881089701299526		0.8097608089447021	0.0005	0.0005	0.23404344626472096	0.0
600	0.005229051873116338	2.9049724366809566	0.2881089701299526		0.7981956005096436	0.0005	0.0005	0.23404344626472096	0.0
601	0.005229051873116338	2.9049724366809566	0.2881089701299526		0.8067145347595215	0.0005	0.0005	0.23404344626472096	0.0
602	0.005229051873116338	2.9049724366809566	0.2881089701299526		0.9183733463287354	0.0005	0.0005	0.23404344626472096	0.0
603	0.005229051873116338	2.9049724366809566	0.2881089701299526		0.9309070110321045	0.0005	0.0005	0.23404344626472096	0.0
604	0.005229051873116338	2.9049724366809566	0.2881089701299526		0.9472405910491943	0.0005	0.0005	0.23404344626472096	0.0
605	0.005229051873116338	2.9049724366809566	0.2881089701299526		0.8191065788269043	0.0005	0.0005	0.23404344626472096	0.0
606	0.005229051873116338	2.9049724366809566	0.2881089701299526		0.9096417427062988	0.0005	0.0005	0.23404344626472096	0.0
607	0.005229051873116338	2.9049724366809566	0.2881089701299526		1.3854327201843262	0.0005	0.0005	0.23404344626472096	0.0
608	0.005229051873116338	2.9049724366809566	0.2881089701299526		0.8112156391143799	0.0005	0.0005	0.23404344626472096	0.0
609	0.005229051873116338	2.9049724366809566	0.2881089701299526		0.911923885345459	0.0005	0.0005	0.23404344626472096	0.0
610	0.005229051873116338	2.9049724366809566	0.2881089701299526		0.9388751983642578	0.0005	0.0005	0.23404344626472096	0.0
611	0.005229051873116338	2.9049724366809566	0.2881089701299526		0.9236013889312744	0.0005	0.0005	0.23404344626472096	0.0
612	0.005229051873116338	2.9049724366809566	0.2881089701299526		0.9134640693664551	0.0005	0.0005	0.23404344626472096	0.0
613	0.005229051873116338	2.9049724366809566	0.2881089701299526		0.9194886684417725	0.0005	0.0005	0.23404344626472096	0.0
614	0.005229051873116338	2.9049724366809566	0.2881089701299526		0.908247709274292	0.0005	0.0005	0.23404344626472096	0.0
615	0.005229051873116338	2.9049724366809566	0.2881089701299526		0.9620673656463623	0.0005	0.0005	0.23404344626472096	0.0
616	0.005229051873116338	2.9049724366809566	0.2881089701299526		1.0922739505767822	0.0005	0.0005	0.23404344626472096	0.0
617	0.005229051873116338	2.9049724366809566	0.2881089701299526		0.9058775901794434	0.0005	0.0005	0.23404344626472096	0.0
618	0.005229051873116338	2.9049724366809566	0.2881089701299526		0.799755334854126	0.0005	0.0005	0.23404344626472096	0.0
619	0.005229051873116338	2.9049724366809566	0.2881089701299526		0.8258523941040039	0.0005	0.0005	0.23404344626472096	0.0
620	0.005229051873116338	2.9049724366809566	0.2881089701299526		0.8026149272918701	0.0005	0.0005	0.23404344626472096	0.0
621	0.005229051873116338	2.9049724366809566	0.2881089701299526		0.8233077526092529	0.0005	0.0005	0.23404344626472096	0.0
622	0.005229051873116338	2.9049724366809566	0.2881089701299526		0.9069783687591553	0.0005	0.0005	0.23404344626472096	0.0
623	0.005229051873116338	2.9049724366809566	0.2881089701299526		0.8272991180419922	0.0005	0.0005	0.23404344626472096	0.0
624	0.005229051873116338	2.9049724366809566	0.2881089701299526		0.8231096267700195	0.0005	0.0005	0.23404344626472096	0.0
625	0.005229051873116338	2.9049724366809566	0.2881089701299526		0.802753210067749	0.0005	0.0005	0.23404344626472096	0.0
626	0.005229051873116338	2.9049724366809566	0.2881089701299526		0.906982421875	0.0005	0.0005	0.23404344626472096	0.0
627	0.005229051873116338	2.9049724366809566	0.2881089701299526		1.049858808517456	0.0005	0.0005	0.23404344626472096	0.0
628	0.005229051873116338	2.9049724366809566	0.2881089701299526		0.9140706062316895	0.0005	0.0005	0.23404344626472096	0.0
629	0.005229051873116338	2.9049724366809566	0.2881089701299526		0.9337987899780273	0.0005	0.0005	0.23404344626472096	0.0
630	0.005229051873116338	2.9049724366809566	0.2881089701299526		0.8522512912750244	0.0005	0.0005	0.23404344626472096	0.0
631	0.005229051873116338	2.9049724366809566	0.2881089701299526		0.8027424812316895	0.0005	0.0005	0.23404344626472096	0.0
632	0.005229051873116338	2.9049724366809566	0.2881089701299526		1.3073351383209229	0.0005	0.0005	0.23404344626472096	0.0
633	0.005229051873116338	2.9049724366809566	0.2881089701299526		0.7840049266815186	0.0005	0.0005	0.23404344626472096	0.0
634	0.005229051873116338	2.9049724366809566	0.2881089701299526		0.8133687973022461	0.0005	0.0005	0.23404344626472096	0.0
635	0.005229051873116338	2.9049724366809566	0.2881089701299526		0.7984731197357178	0.0005	0.0005	0.23404344626472096	0.0
636	0.005229051873116338	2.9049724366809566	0.2881089701299526		0.8152527809143066	0.0005	0.0005	0.23404344626472096	0.0
637	0.005229051873116338	2.9049724366809566	0.2881089701299526		0.9016809463500977	0.0005	0.0005	0.23404344626472096	0.0
638	0.005229051873116338	2.9049724366809566	0.2881089701299526		0.8955662250518799	0.0005	0.0005	0.23404344626472096	0.0
639	0.005229051873116338	2.9049724366809566	0.2881089701299526		0.9149196147918701	0.0005	0.0005	0.23404344626472096	0.0
640	0.005229051873116338	2.9049724366809566	0.2881089701299526		0.9148886203765869	0.0005	0.0005	0.23404344626472096	0.0
641	0.005229051873116338	2.9049724366809566	0.2881089701299526		0.7955155372619629	0.0005	0.0005	0.23404344626472096	0.0
642	0.005229051873116338	2.9049724366809566	0.2881089701299526		0.9491329193115234	0.0005	0.0005	0.23404344626472096	0.0
643	0.005229051873116338	2.9049724366809566	0.2881089701299526		0.7999656200408936	0.0005	0.0005	0.23404344626472096	0.0
644	0.005229051873116338	2.9049724366809566	0.2881089701299526		0.9113020896911621	0.0005	0.0005	0.23404344626472096	0.0
645	0.005229051873116338	2.9049724366809566	0.2881089701299526		0.923830509185791	0.0005	0.0005	0.23404344626472096	0.0
646	0.005229051873116338	2.9049724366809566	0.2881089701299526		0.784705400466919	0.0005	0.0005	0.23404344626472096	0.0
647	0.005229051873116338	2.9049724366809566	0.2881089701299526		0.9327316284179688	0.0005	0.0005	0.23404344626472096	0.0
648	0.005229051873116338	2.9049724366809566	0.2881089701299526		0.8988115787506104	0.0005	0.0005	0.23404344626472096	0.0
649	0.005229051873116338	2.9049724366809566	0.2881089701299526		0.8875162601470947	0.0005	0.0005	0.23404344626472096	0.0
650	0.005229051873116338	2.9049724366809566	0.2881089701299526		0.9328734874725342	0.0005	0.0005	0.23404344626472096	0.0
651	0.005229051873116338	2.9049724366809566	0.2881089701299526		0.915381908416748	0.0005	0.0005	0.23404344626472096	0.0
652	0.005229051873116338	2.9049724366809566	0.2881089701299526		0.9121882915496826	0.0005	0.0005	0.23404344626472096	0.0
653	0.005229051873116338	2.9049724366809566	0.2881089701299526		1.1604187488555908	0.0005	0.0005	0.23404344626472096	0.0
654	0.005229051873116338	2.9049724366809566	0.2881089701299526		0.800020694732666	0.0005	0.0005	0.23404344626472096	0.0
655	0.005229051873116338	2.9049724366809566	0.2881089701299526		0.9357390403747559	0.0005	0.0005	0.23404344626472096	0.0
656	0.005229051873116338	2.9049724366809566	0.2881089701299526		0.7960169315338135	0.0005	0.0005	0.23404344626472096	0.0
657	0.005229051873116338	2.9049724366809566	0.2881089701299526		0.8047068119049072	0.0005	0.0005	0.23404344626472096	0.0
658	0.005229051873116338	2.9049724366809566	0.2881089701299526		0.9155399799346924	0.0005	0.0005	0.23404344626472096	0.0
659	0.005229051873116338	2.9049724366809566	0.2881089701299526		0.8036298751831055	0.0005	0.0005	0.23404344626472096	0.0
660	0.005229051873116338	2.9049724366809566	0.2881089701299526		0.8067653179168701	0.0005	0.0005	0.23404344626472096	0.0
661	0.005229051873116338	2.9049724366809566	0.2881089701299526		0.8223123550415039	0.0005	0.0005	0.23404344626472096	0.0
662	0.005229051873116338	2.9049724366809566	0.2881089701299526		0.8077983856201172	0.0005	0.0005	0.23404344626472096	0.0
663	0.005229051873116338	2.9049724366809566	0.2881089701299526		0.9184365272521973	0.0005	0.0005	0.23404344626472096	0.0
664	0.005229051873116338	2.9049724366809566	0.2881089701299526		0.9464573860168457	0.0005	0.0005	0.23404344626472096	0.0
665	0.005229051873116338	2.9049724366809566	0.2881089701299526		1.5909264087677002	0.0005	0.0005	0.23404344626472096	0.0
666	0.005229051873116338	2.9049724366809566	0.2881089701299526		1.1526710987091064	0.0005	0.0005	0.23404344626472096	0.0
667	0.005229051873116338	2.9049724366809566	0.2881089701299526		1.3426706790924072	0.0005	0.0005	0.23404344626472096	0.0
668	0.005229051873116338	2.9049724366809566	0.2881089701299526		1.190925121307373	0.0005	0.0005	0.23404344626472096	0.0
669	0.005229051873116338	2.9049724366809566	0.2881089701299526		1.27828049659729	0.0005	0.0005	0.23404344626472096	0.0
670	0.005229051873116338	2.9049724366809566	0.2881089701299526		1.5718090534210205	0.0005	0.0005	0.23404344626472096	0.0
671	0.005229051873116338	2.9049724366809566	0.2881089701299526		1.1642134189605713	0.0005	0.0005	0.23404344626472096	0.0
672	0.005229051873116338	2.9049724366809566	0.2881089701299526		0.9276468753814697	0.0005	0.0005	0.23404344626472096	0.0
673	0.005229051873116338	2.9049724366809566	0.2881089701299526		0.8138799667358398	0.0005	0.0005	0.23404344626472096	0.0
674	0.005229051873116338	2.9049724366809566	0.2881089701299526		1.0226473808288574	0.0005	0.0005	0.23404344626472096	0.0
675	0.005229051873116338	2.9049724366809566	0.2881089701299526		1.112316370010376	0.0005	0.0005	0.23404344626472096	0.0
676	0.005229051873116338	2.9049724366809566	0.2881089701299526		0.9284014701843262	0.0005	0.0005	0.23404344626472096	0.0
677	0.005229051873116338	2.9049724366809566	0.2881089701299526		1.0571234226226807	0.0005	0.0005	0.23404344626472096	0.0
678	0.005229051873116338	2.9049724366809566	0.2881089701299526		0.8141183853149414	0.0005	0.0005	0.23404344626472096	0.0
679	0.005229051873116338	2.9049724366809566	0.2881089701299526		0.9136903285980225	0.0005	0.0005	0.23404344626472096	0.0
680	0.005229051873116338	2.9049724366809566	0.2881089701299526		0.9352450370788574	0.0005	0.0005	0.23404344626472096	0.0
681	0.005229051873116338	2.9049724366809566	0.2881089701299526		0.930938720703125	0.0005	0.0005	0.23404344626472096	0.0
682	0.005229051873116338	2.9049724366809566	0.2881089701299526		0.819267749786377	0.0005	0.0005	0.23404344626472096	0.0
683	0.005229051873116338	2.9049724366809566	0.2881089701299526		1.0687084197998047	0.0005	0.0005	0.23404344626472096	0.0
684	0.005229051873116338	2.9049724366809566	0.2881089701299526		0.8208637237548828	0.0005	0.0005	0.23404344626472096	0.0
685	0.005229051873116338	2.9049724366809566	0.2881089701299526		0.8194384574890137	0.0005	0.0005	0.23404344626472096	0.0
686	0.005229051873116338	2.9049724366809566	0.2881089701299526		0.8067200183868408	0.0005	0.0005	0.23404344626472096	0.0
687	0.005229051873116338	2.9049724366809566	0.2881089701299526		0.8078598976135254	0.0005	0.0005	0.23404344626472096	0.0
688	0.005229051873116338	2.9049724366809566	0.2881089701299526		0.9206359386444092	0.0005	0.0005	0.23404344626472096	0.0
689	0.005229051873116338	2.9049724366809566	0.2881089701299526		0.8043496608734131	0.0005	0.0005	0.23404344626472096	0.0
690	0.005229051873116338	2.9049724366809566	0.2881089701299526		0.9122390747070312	0.0005	0.0005	0.23404344626472096	0.0
691	0.005229051873116338	2.9049724366809566	0.2881089701299526		0.8098759651184082	0.0005	0.0005	0.23404344626472096	0.0
692	0.005229051873116338	2.9049724366809566	0.2881089701299526		0.8047218322753906	0.0005	0.0005	0.23404344626472096	0.0
693	0.005229051873116338	2.9049724366809566	0.2881089701299526		0.8136773109436035	0.0005	0.0005	0.23404344626472096	0.0
694	0.005229051873116338	2.9049724366809566	0.2881089701299526		0.7749507427215576	0.0005	0.0005	0.23404344626472096	0.0
695	0.005229051873116338	2.9049724366809566	0.2881089701299526		0.7952313423156738	0.0005	0.0005	0.23404344626472096	0.0
696	0.005229051873116338	2.9049724366809566	0.2881089701299526		0.8177371025085449	0.0005	0.0005	0.23404344626472096	0.0
697	0.005229051873116338	2.9049724366809566	0.2881089701299526		0.7966809272766113	0.0005	0.0005	0.23404344626472096	0.0
698	0.005229051873116338	2.9049724366809566	0.2881089701299526		0.8031198978424072	0.0005	0.0005	0.23404344626472096	0.0
699	0.005229051873116338	2.9049724366809566	0.2881089701299526		0.8134129047393799	0.0005	0.0005	0.23404344626472096	0.0
700	0.005229051873116338	2.9049724366809566	0.2881089701299526		0.9125003814697266	0.0005	0.0005	0.23404344626472096	0.0
701	0.005229051873116338	2.9049724366809566	0.2881089701299526		0.9150867462158203	0.0005	0.0005	0.23404344626472096	0.0
702	0.005229051873116338	2.9049724366809566	0.2881089701299526		0.9166219234466553	0.0005	0.0005	0.23404344626472096	0.0
703	0.005229051873116338	2.9049724366809566	0.2881089701299526		0.8038897514343262	0.0005	0.0005	0.23404344626472096	0.0
704	0.005229051873116338	2.9049724366809566	0.2881089701299526		0.7973980903625488	0.0005	0.0005	0.23404344626472096	0.0
705	0.005229051873116338	2.9049724366809566	0.2881089701299526		0.8053591251373291	0.0005	0.0005	0.23404344626472096	0.0
706	0.005229051873116338	2.9049724366809566	0.2881089701299526		0.7892513275146484	0.0005	0.0005	0.23404344626472096	0.0
707	0.005229051873116338	2.9049724366809566	0.2881089701299526		0.8044424057006836	0.0005	0.0005	0.23404344626472096	0.0
708	0.005229051873116338	2.9049724366809566	0.2881089701299526		0.8923244476318359	0.0005	0.0005	0.23404344626472096	0.0
709	0.005229051873116338	2.9049724366809566	0.2881089701299526		0.804049015045166	0.0005	0.0005	0.23404344626472096	0.0
710	0.005229051873116338	2.9049724366809566	0.2881089701299526		0.9108781814575195	0.0005	0.0005	0.23404344626472096	0.0
711	0.005229051873116338	2.9049724366809566	0.2881089701299526		0.8084230422973633	0.0005	0.0005	0.23404344626472096	0.0
712	0.005229051873116338	2.9049724366809566	0.2881089701299526		0.8139729499816895	0.0005	0.0005	0.23404344626472096	0.0
713	0.005229051873116338	2.9049724366809566	0.2881089701299526		0.8037219047546387	0.0005	0.0005	0.23404344626472096	0.0
714	0.005229051873116338	2.9049724366809566	0.2881089701299526		0.8073997497558594	0.0005	0.0005	0.23404344626472096	0.0
715	0.005229051873116338	2.9049724366809566	0.2881089701299526		0.9142673015594482	0.0005	0.0005	0.23404344626472096	0.0
716	0.005229051873116338	2.9049724366809566	0.2881089701299526		0.8081364631652832	0.0005	0.0005	0.23404344626472096	0.0
717	0.005229051873116338	2.9049724366809566	0.2881089701299526		0.9207589626312256	0.0005	0.0005	0.23404344626472096	0.0
718	0.005229051873116338	2.9049724366809566	0.2881089701299526		0.78045654296875	0.0005	0.0005	0.23404344626472096	0.0
719	0.005229051873116338	2.9049724366809566	0.2881089701299526		0.7888920307159424	0.0005	0.0005	0.23404344626472096	0.0
720	0.005229051873116338	2.9049724366809566	0.2881089701299526		0.806842565536499	0.0005	0.0005	0.23404344626472096	0.0
721	0.005229051873116338	2.9049724366809566	0.2881089701299526		0.8050436973571777	0.0005	0.0005	0.23404344626472096	0.0
722	0.005229051873116338	2.9049724366809566	0.2881089701299526		0.9142405986785889	0.0005	0.0005	0.23404344626472096	0.0
723	0.005229051873116338	2.9049724366809566	0.2881089701299526		0.9216563701629639	0.0005	0.0005	0.23404344626472096	0.0
724	0.005229051873116338	2.9049724366809566	0.2881089701299526		0.9373948574066162	0.0005	0.0005	0.23404344626472096	0.0
725	0.005229051873116338	2.9049724366809566	0.2881089701299526		0.9075150489807129	0.0005	0.0005	0.23404344626472096	0.0
726	0.005229051873116338	2.9049724366809566	0.2881089701299526		0.9301497936248779	0.0005	0.0005	0.23404344626472096	0.0
727	0.005229051873116338	2.9049724366809566	0.2881089701299526		0.7971196174621582	0.0005	0.0005	0.23404344626472096	0.0
728	0.005229051873116338	2.9049724366809566	0.2881089701299526		0.9144072532653809	0.0005	0.0005	0.23404344626472096	0.0
729	0.005229051873116338	2.9049724366809566	0.2881089701299526		0.8075551986694336	0.0005	0.0005	0.23404344626472096	0.0
730	0.005229051873116338	2.9049724366809566	0.2881089701299526		0.919680118560791	0.0005	0.0005	0.23404344626472096	0.0
731	0.005229051873116338	2.9049724366809566	0.2881089701299526		0.7675797939300537	0.0005	0.0005	0.23404344626472096	0.0
732	0.005229051873116338	2.9049724366809566	0.2881089701299526		0.9112021923065186	0.0005	0.0005	0.23404344626472096	0.0
733	0.005229051873116338	2.9049724366809566	0.2881089701299526		0.9652955532073975	0.0005	0.0005	0.23404344626472096	0.0
734	0.005229051873116338	2.9049724366809566	0.2881089701299526		0.888484001159668	0.0005	0.0005	0.23404344626472096	0.0
735	0.005229051873116338	2.9049724366809566	0.2881089701299526		0.9150941371917725	0.0005	0.0005	0.23404344626472096	0.0
736	0.005229051873116338	2.9049724366809566	0.2881089701299526		0.9280695915222168	0.0005	0.0005	0.23404344626472096	0.0
737	0.005229051873116338	2.9049724366809566	0.2881089701299526		1.0538287162780762	0.0005	0.0005	0.23404344626472096	0.0
738	0.005229051873116338	2.9049724366809566	0.2881089701299526		0.9155380725860596	0.0005	0.0005	0.23404344626472096	0.0
739	0.005229051873116338	2.9049724366809566	0.2881089701299526		0.9247257709503174	0.0005	0.0005	0.23404344626472096	0.0
740	0.005229051873116338	2.9049724366809566	0.2881089701299526		0.9120876789093018	0.0005	0.0005	0.23404344626472096	0.0
741	0.005229051873116338	2.9049724366809566	0.2881089701299526		0.8443496227264404	0.0005	0.0005	0.23404344626472096	0.0
742	0.005229051873116338	2.9049724366809566	0.2881089701299526		0.9277112483978271	0.0005	0.0005	0.23404344626472096	0.0
743	0.005229051873116338	2.9049724366809566	0.2881089701299526		0.9228110313415527	0.0005	0.0005	0.23404344626472096	0.0
744	0.005229051873116338	2.9049724366809566	0.2881089701299526		0.9187626838684082	0.0005	0.0005	0.23404344626472096	0.0
745	0.005229051873116338	2.9049724366809566	0.2881089701299526		0.9241511821746826	0.0005	0.0005	0.23404344626472096	0.0
746	0.005229051873116338	2.9049724366809566	0.2881089701299526		0.8197555541992188	0.0005	0.0005	0.23404344626472096	0.0
747	0.005229051873116338	2.9049724366809566	0.2881089701299526		0.9143636226654053	0.0005	0.0005	0.23404344626472096	0.0
748	0.005229051873116338	2.9049724366809566	0.2881089701299526		0.9052705764770508	0.0005	0.0005	0.23404344626472096	0.0
749	0.005229051873116338	2.9049724366809566	0.2881089701299526		1.145780086517334	0.0005	0.0005	0.23404344626472096	0.0
750	0.005229051873116338	2.9049724366809566	0.2881089701299526		0.9181911945343018	0.0005	0.0005	0.23404344626472096	0.0
751	0.005229051873116338	2.9049724366809566	0.2881089701299526		0.9321937561035156	0.0005	0.0005	0.23404344626472096	0.0
752	0.005229051873116338	2.9049724366809566	0.2881089701299526		1.0660836696624756	0.0005	0.0005	0.23404344626472096	0.0
753	0.005229051873116338	2.9049724366809566	0.2881089701299526		0.9084312915802002	0.0005	0.0005	0.23404344626472096	0.0
754	0.005229051873116338	2.9049724366809566	0.2881089701299526		0.9419510364532471	0.0005	0.0005	0.23404344626472096	0.0
755	0.005229051873116338	2.9049724366809566	0.2881089701299526		1.0175399780273438	0.0005	0.0005	0.23404344626472096	0.0
756	0.005229051873116338	2.9049724366809566	0.2881089701299526		0.9051733016967773	0.0005	0.0005	0.23404344626472096	0.0
757	0.005229051873116338	2.9049724366809566	0.2881089701299526		0.9609017372131348	0.0005	0.0005	0.23404344626472096	0.0
758	0.005229051873116338	2.9049724366809566	0.2881089701299526		0.8071720600128174	0.0005	0.0005	0.23404344626472096	0.0
759	0.005229051873116338	2.9049724366809566	0.2881089701299526		0.9188191890716553	0.0005	0.0005	0.23404344626472096	0.0
760	0.005229051873116338	2.9049724366809566	0.2881089701299526		0.8011524677276611	0.0005	0.0005	0.23404344626472096	0.0
761	0.005229051873116338	2.9049724366809566	0.2881089701299526		0.8145296573638916	0.0005	0.0005	0.23404344626472096	0.0
762	0.005229051873116338	2.9049724366809566	0.2881089701299526		0.8050134181976318	0.0005	0.0005	0.23404344626472096	0.0
763	0.005229051873116338	2.9049724366809566	0.2881089701299526		0.8236515522003174	0.0005	0.0005	0.23404344626472096	0.0
764	0.005229051873116338	2.9049724366809566	0.2881089701299526		0.9071447849273682	0.0005	0.0005	0.23404344626472096	0.0
765	0.005229051873116338	2.9049724366809566	0.2881089701299526		0.7980942726135254	0.0005	0.0005	0.23404344626472096	0.0
766	0.005229051873116338	2.9049724366809566	0.2881089701299526		0.8210923671722412	0.0005	0.0005	0.23404344626472096	0.0
767	0.005229051873116338	2.9049724366809566	0.2881089701299526		0.8024163246154785	0.0005	0.0005	0.23404344626472096	0.0
768	0.005229051873116338	2.9049724366809566	0.2881089701299526		0.819105863571167	0.0005	0.0005	0.23404344626472096	0.0
769	0.005229051873116338	2.9049724366809566	0.2881089701299526		0.9081475734710693	0.0005	0.0005	0.23404344626472096	0.0
770	0.005229051873116338	2.9049724366809566	0.2881089701299526		0.819695234298706	0.0005	0.0005	0.23404344626472096	0.0
771	0.005229051873116338	2.9049724366809566	0.2881089701299526		0.7951812744140625	0.0005	0.0005	0.23404344626472096	0.0
772	0.005229051873116338	2.9049724366809566	0.2881089701299526		0.801145076751709	0.0005	0.0005	0.23404344626472096	0.0
773	0.005229051873116338	2.9049724366809566	0.2881089701299526		0.8085083961486816	0.0005	0.0005	0.23404344626472096	0.0
774	0.005229051873116338	2.9049724366809566	0.2881089701299526		0.7931375503540039	0.0005	0.0005	0.23404344626472096	0.0
775	0.005229051873116338	2.9049724366809566	0.2881089701299526		1.0232326984405518	0.0005	0.0005	0.23404344626472096	0.0
776	0.005229051873116338	2.9049724366809566	0.2881089701299526		0.8227267265319824	0.0005	0.0005	0.23404344626472096	0.0
777	0.005229051873116338	2.9049724366809566	0.2881089701299526		0.9100966453552246	0.0005	0.0005	0.23404344626472096	0.0
778	0.005229051873116338	2.9049724366809566	0.2881089701299526		0.8018479347229004	0.0005	0.0005	0.23404344626472096	0.0
779	0.005229051873116338	2.9049724366809566	0.2881089701299526		0.8907837867736816	0.0005	0.0005	0.23404344626472096	0.0
780	0.005229051873116338	2.9049724366809566	0.2881089701299526		0.8276731967926025	0.0005	0.0005	0.23404344626472096	0.0
781	0.005229051873116338	2.9049724366809566	0.2881089701299526		0.793792724609375	0.0005	0.0005	0.23404344626472096	0.0
782	0.005229051873116338	2.9049724366809566	0.2881089701299526		0.9620344638824463	0.0005	0.0005	0.23404344626472096	0.0
783	0.005229051873116338	2.9049724366809566	0.2881089701299526		0.8149278163909912	0.0005	0.0005	0.23404344626472096	0.0
784	0.005229051873116338	2.9049724366809566	0.2881089701299526		0.7941164970397949	0.0005	0.0005	0.23404344626472096	0.0
785	0.005229051873116338	2.9049724366809566	0.2881089701299526		0.9053356647491455	0.0005	0.0005	0.23404344626472096	0.0
786	0.005229051873116338	2.9049724366809566	0.2881089701299526		0.9056313037872314	0.0005	0.0005	0.23404344626472096	0.0
787	0.005229051873116338	2.9049724366809566	0.2881089701299526		0.9025821685791016	0.0005	0.0005	0.23404344626472096	0.0
788	0.005229051873116338	2.9049724366809566	0.2881089701299526		0.9772822856903076	0.0005	0.0005	0.23404344626472096	0.0
789	0.005229051873116338	2.9049724366809566	0.2881089701299526		0.7998692989349365	0.0005	0.0005	0.23404344626472096	0.0
790	0.005229051873116338	2.9049724366809566	0.2881089701299526		0.9504745006561279	0.0005	0.0005	0.23404344626472096	0.0
791	0.005229051873116338	2.9049724366809566	0.2881089701299526		0.9004716873168945	0.0005	0.0005	0.23404344626472096	0.0
792	0.005229051873116338	2.9049724366809566	0.2881089701299526		0.9308619499206543	0.0005	0.0005	0.23404344626472096	0.0
793	0.005229051873116338	2.9049724366809566	0.2881089701299526		0.8189899921417236	0.0005	0.0005	0.23404344626472096	0.0
794	0.005229051873116338	2.9049724366809566	0.2881089701299526		1.1149611473083496	0.0005	0.0005	0.23404344626472096	0.0
795	0.005229051873116338	2.9049724366809566	0.2881089701299526		0.7940709590911865	0.0005	0.0005	0.23404344626472096	0.0
796	0.005229051873116338	2.9049724366809566	0.2881089701299526		0.8058152198791504	0.0005	0.0005	0.23404344626472096	0.0
797	0.005229051873116338	2.9049724366809566	0.2881089701299526		0.8178069591522217	0.0005	0.0005	0.23404344626472096	0.0
798	0.005229051873116338	2.9049724366809566	0.2881089701299526		1.3077392578125	0.0005	0.0005	0.23404344626472096	0.0
799	0.005229051873116338	2.9049724366809566	0.2881089701299526		0.7946460247039795	0.0005	0.0005	0.23404344626472096	0.0
800	0.005229051873116338	2.9049724366809566	0.2881089701299526		1.0468339920043945	0.0005	0.0005	0.23404344626472096	0.0
801	0.005229051873116338	2.9049724366809566	0.2881089701299526		0.8271877765655518	0.0005	0.0005	0.23404344626472096	0.0
802	0.005229051873116338	2.9049724366809566	0.2881089701299526		0.8159451484680176	0.0005	0.0005	0.23404344626472096	0.0
803	0.005229051873116338	2.9049724366809566	0.2881089701299526		0.9131598472595215	0.0005	0.0005	0.23404344626472096	0.0
804	0.005229051873116338	2.9049724366809566	0.2881089701299526		0.7800948619842529	0.0005	0.0005	0.23404344626472096	0.0
805	0.005229051873116338	2.9049724366809566	0.2881089701299526		0.8319244384765625	0.0005	0.0005	0.23404344626472096	0.0
806	0.005229051873116338	2.9049724366809566	0.2881089701299526		0.8022208213806152	0.0005	0.0005	0.23404344626472096	0.0
807	0.005229051873116338	2.9049724366809566	0.2881089701299526		0.911818265914917	0.0005	0.0005	0.23404344626472096	0.0
808	0.005229051873116338	2.9049724366809566	0.2881089701299526		0.9050235748291016	0.0005	0.0005	0.23404344626472096	0.0
809	0.005229051873116338	2.9049724366809566	0.2881089701299526		0.927440881729126	0.0005	0.0005	0.23404344626472096	0.0
810	0.005229051873116338	2.9049724366809566	0.2881089701299526		1.2989397048950195	0.0005	0.0005	0.23404344626472096	0.0
811	0.005229051873116338	2.9049724366809566	0.2881089701299526		1.0343635082244873	0.0005	0.0005	0.23404344626472096	0.0
812	0.005229051873116338	2.9049724366809566	0.2881089701299526		0.8165173530578613	0.0005	0.0005	0.23404344626472096	0.0
813	0.005229051873116338	2.9049724366809566	0.2881089701299526		1.0487966537475586	0.0005	0.0005	0.23404344626472096	0.0
814	0.005229051873116338	2.9049724366809566	0.2881089701299526		0.9235005378723145	0.0005	0.0005	0.23404344626472096	0.0
815	0.005229051873116338	2.9049724366809566	0.2881089701299526		0.8120014667510986	0.0005	0.0005	0.23404344626472096	0.0
816	0.005229051873116338	2.9049724366809566	0.2881089701299526		0.9298231601715088	0.0005	0.0005	0.23404344626472096	0.0
817	0.005229051873116338	2.9049724366809566	0.2881089701299526		0.8072714805603027	0.0005	0.0005	0.23404344626472096	0.0
818	0.005229051873116338	2.9049724366809566	0.2881089701299526		0.8062286376953125	0.0005	0.0005	0.23404344626472096	0.0
819	0.005229051873116338	2.9049724366809566	0.2881089701299526		0.9311316013336182	0.0005	0.0005	0.23404344626472096	0.0
820	0.005229051873116338	2.9049724366809566	0.2881089701299526		0.8056621551513672	0.0005	0.0005	0.23404344626472096	0.0
821	0.005229051873116338	2.9049724366809566	0.2881089701299526		0.8034002780914307	0.0005	0.0005	0.23404344626472096	0.0
822	0.005229051873116338	2.9049724366809566	0.2881089701299526		0.8290293216705322	0.0005	0.0005	0.23404344626472096	0.0
823	0.005229051873116338	2.9049724366809566	0.2881089701299526		0.8095102310180664	0.0005	0.0005	0.23404344626472096	0.0
824	0.005229051873116338	2.9049724366809566	0.2881089701299526		0.9465835094451904	0.0005	0.0005	0.23404344626472096	0.0
825	0.005229051873116338	2.9049724366809566	0.2881089701299526		0.9203841686248779	0.0005	0.0005	0.23404344626472096	0.0
826	0.005229051873116338	2.9049724366809566	0.2881089701299526		0.792186975479126	0.0005	0.0005	0.23404344626472096	0.0
827	0.005229051873116338	2.9049724366809566	0.2881089701299526		0.8176345825195312	0.0005	0.0005	0.23404344626472096	0.0
828	0.005229051873116338	2.9049724366809566	0.2881089701299526		0.8009495735168457	0.0005	0.0005	0.23404344626472096	0.0
829	0.005229051873116338	2.9049724366809566	0.2881089701299526		0.7924036979675293	0.0005	0.0005	0.23404344626472096	0.0
830	0.005229051873116338	2.9049724366809566	0.2881089701299526		0.9149465560913086	0.0005	0.0005	0.23404344626472096	0.0
831	0.005229051873116338	2.9049724366809566	0.2881089701299526		0.7990200519561768	0.0005	0.0005	0.23404344626472096	0.0
832	0.005229051873116338	2.9049724366809566	0.2881089701299526		0.8171916007995605	0.0005	0.0005	0.23404344626472096	0.0
833	0.005229051873116338	2.9049724366809566	0.2881089701299526		0.9496088027954102	0.0005	0.0005	0.23404344626472096	0.0
834	0.005229051873116338	2.9049724366809566	0.2881089701299526		0.8123109340667725	0.0005	0.0005	0.23404344626472096	0.0
835	0.005229051873116338	2.9049724366809566	0.2881089701299526		0.916022777557373	0.0005	0.0005	0.23404344626472096	0.0
836	0.005229051873116338	2.9049724366809566	0.2881089701299526		0.8069367408752441	0.0005	0.0005	0.23404344626472096	0.0
837	0.005229051873116338	2.9049724366809566	0.2881089701299526		0.8117194175720215	0.0005	0.0005	0.23404344626472096	0.0
838	0.005229051873116338	2.9049724366809566	0.2881089701299526		1.1602261066436768	0.0005	0.0005	0.23404344626472096	0.0
839	0.005229051873116338	2.9049724366809566	0.2881089701299526		0.8172314167022705	0.0005	0.0005	0.23404344626472096	0.0
840	0.005229051873116338	2.9049724366809566	0.2881089701299526		0.8213193416595459	0.0005	0.0005	0.23404344626472096	0.0
841	0.005229051873116338	2.9049724366809566	0.2881089701299526		0.9091145992279053	0.0005	0.0005	0.23404344626472096	0.0
842	0.005229051873116338	2.9049724366809566	0.2881089701299526		0.8207268714904785	0.0005	0.0005	0.23404344626472096	0.0
843	0.005229051873116338	2.9049724366809566	0.2881089701299526		0.9340300559997559	0.0005	0.0005	0.23404344626472096	0.0
844	0.005229051873116338	2.9049724366809566	0.2881089701299526		0.790128231048584	0.0005	0.0005	0.23404344626472096	0.0
845	0.005229051873116338	2.9049724366809566	0.2881089701299526		0.8307700157165527	0.0005	0.0005	0.23404344626472096	0.0
846	0.005229051873116338	2.9049724366809566	0.2881089701299526		1.0249125957489014	0.0005	0.0005	0.23404344626472096	0.0
847	0.005229051873116338	2.9049724366809566	0.2881089701299526		0.8160989284515381	0.0005	0.0005	0.23404344626472096	0.0
848	0.005229051873116338	2.9049724366809566	0.2881089701299526		0.8078887462615967	0.0005	0.0005	0.23404344626472096	0.0
849	0.005229051873116338	2.9049724366809566	0.2881089701299526		0.7960216999053955	0.0005	0.0005	0.23404344626472096	0.0
850	0.005229051873116338	2.9049724366809566	0.2881089701299526		0.9038600921630859	0.0005	0.0005	0.23404344626472096	0.0
851	0.005229051873116338	2.9049724366809566	0.2881089701299526		0.9081804752349854	0.0005	0.0005	0.23404344626472096	0.0
852	0.005229051873116338	2.9049724366809566	0.2881089701299526		0.9394454956054688	0.0005	0.0005	0.23404344626472096	0.0
853	0.005229051873116338	2.9049724366809566	0.2881089701299526		0.9101452827453613	0.0005	0.0005	0.23404344626472096	0.0
854	0.005229051873116338	2.9049724366809566	0.2881089701299526		0.8098900318145752	0.0005	0.0005	0.23404344626472096	0.0
855	0.005229051873116338	2.9049724366809566	0.2881089701299526		0.7791099548339844	0.0005	0.0005	0.23404344626472096	0.0
856	0.005229051873116338	2.9049724366809566	0.2881089701299526		0.915128231048584	0.0005	0.0005	0.23404344626472096	0.0
857	0.005229051873116338	2.9049724366809566	0.2881089701299526		0.9247128963470459	0.0005	0.0005	0.23404344626472096	0.0
858	0.005229051873116338	2.9049724366809566	0.2881089701299526		0.8111035823822021	0.0005	0.0005	0.23404344626472096	0.0
859	0.005229051873116338	2.9049724366809566	0.2881089701299526		0.8012852668762207	0.0005	0.0005	0.23404344626472096	0.0
860	0.005229051873116338	2.9049724366809566	0.2881089701299526		0.8172521591186523	0.0005	0.0005	0.23404344626472096	0.0
861	0.005229051873116338	2.9049724366809566	0.2881089701299526		0.8045120239257812	0.0005	0.0005	0.23404344626472096	0.0
862	0.005229051873116338	2.9049724366809566	0.2881089701299526		0.8280372619628906	0.0005	0.0005	0.23404344626472096	0.0
863	0.005229051873116338	2.9049724366809566	0.2881089701299526		0.9156267642974854	0.0005	0.0005	0.23404344626472096	0.0
864	0.005229051873116338	2.9049724366809566	0.2881089701299526		0.8109734058380127	0.0005	0.0005	0.23404344626472096	0.0
865	0.005229051873116338	2.9049724366809566	0.2881089701299526		0.940927267074585	0.0005	0.0005	0.23404344626472096	0.0
866	0.005229051873116338	2.9049724366809566	0.2881089701299526		0.8003065586090088	0.0005	0.0005	0.23404344626472096	0.0
867	0.005229051873116338	2.9049724366809566	0.2881089701299526		1.4100770950317383	0.0005	0.0005	0.23404344626472096	0.0
868	0.005229051873116338	2.9049724366809566	0.2881089701299526		1.5573408603668213	0.0005	0.0005	0.23404344626472096	0.0
869	0.005229051873116338	2.9049724366809566	0.2881089701299526		0.9561712741851807	0.0005	0.0005	0.23404344626472096	0.0
870	0.005229051873116338	2.9049724366809566	0.2881089701299526		1.4286308288574219	0.0005	0.0005	0.23404344626472096	0.0
871	0.005229051873116338	2.9049724366809566	0.2881089701299526		0.9277575016021729	0.0005	0.0005	0.23404344626472096	0.0
872	0.005229051873116338	2.9049724366809566	0.2881089701299526		0.903120756149292	0.0005	0.0005	0.23404344626472096	0.0
873	0.005229051873116338	2.9049724366809566	0.2881089701299526		0.9282803535461426	0.0005	0.0005	0.23404344626472096	0.0
874	0.005229051873116338	2.9049724366809566	0.2881089701299526		0.8102385997772217	0.0005	0.0005	0.23404344626472096	0.0
875	0.005229051873116338	2.9049724366809566	0.2881089701299526		0.916771411895752	0.0005	0.0005	0.23404344626472096	0.0
876	0.005229051873116338	2.9049724366809566	0.2881089701299526		0.9404878616333008	0.0005	0.0005	0.23404344626472096	0.0
877	0.005229051873116338	2.9049724366809566	0.2881089701299526		0.9136755466461182	0.0005	0.0005	0.23404344626472096	0.0
878	0.005229051873116338	2.9049724366809566	0.2881089701299526		0.8424041271209717	0.0005	0.0005	0.23404344626472096	0.0
879	0.005229051873116338	2.9049724366809566	0.2881089701299526		0.8497645854949951	0.0005	0.0005	0.23404344626472096	0.0
880	0.005229051873116338	2.9049724366809566	0.2881089701299526		1.0671422481536865	0.0005	0.0005	0.23404344626472096	0.0
881	0.005229051873116338	2.9049724366809566	0.2881089701299526		1.2329485416412354	0.0005	0.0005	0.23404344626472096	0.0
882	0.005229051873116338	2.9049724366809566	0.2881089701299526		0.9377820491790771	0.0005	0.0005	0.23404344626472096	0.0
883	0.005229051873116338	2.9049724366809566	0.2881089701299526		0.9415035247802734	0.0005	0.0005	0.23404344626472096	0.0
884	0.005229051873116338	2.9049724366809566	0.2881089701299526		0.9198732376098633	0.0005	0.0005	0.23404344626472096	0.0
885	0.005229051873116338	2.9049724366809566	0.2881089701299526		0.9473896026611328	0.0005	0.0005	0.23404344626472096	0.0
886	0.005229051873116338	2.9049724366809566	0.2881089701299526		0.8231856822967529	0.0005	0.0005	0.23404344626472096	0.0
887	0.005229051873116338	2.9049724366809566	0.2881089701299526		0.8007869720458984	0.0005	0.0005	0.23404344626472096	0.0
888	0.005229051873116338	2.9049724366809566	0.2881089701299526		0.9678990840911865	0.0005	0.0005	0.23404344626472096	0.0
889	0.005229051873116338	2.9049724366809566	0.2881089701299526		0.9354970455169678	0.0005	0.0005	0.23404344626472096	0.0
890	0.005229051873116338	2.9049724366809566	0.2881089701299526		0.914808988571167	0.0005	0.0005	0.23404344626472096	0.0
891	0.005229051873116338	2.9049724366809566	0.2881089701299526		0.9059128761291504	0.0005	0.0005	0.23404344626472096	0.0
892	0.005229051873116338	2.9049724366809566	0.2881089701299526		0.8004207611083984	0.0005	0.0005	0.23404344626472096	0.0
893	0.005229051873116338	2.9049724366809566	0.2881089701299526		0.9085230827331543	0.0005	0.0005	0.23404344626472096	0.0
894	0.005229051873116338	2.9049724366809566	0.2881089701299526		0.8255627155303955	0.0005	0.0005	0.23404344626472096	0.0
895	0.005229051873116338	2.9049724366809566	0.2881089701299526		0.9158403873443604	0.0005	0.0005	0.23404344626472096	0.0
896	0.005229051873116338	2.9049724366809566	0.2881089701299526		0.8025789260864258	0.0005	0.0005	0.23404344626472096	0.0
897	0.005229051873116338	2.9049724366809566	0.2881089701299526		0.9040019512176514	0.0005	0.0005	0.23404344626472096	0.0
898	0.005229051873116338	2.9049724366809566	0.2881089701299526		0.8122334480285645	0.0005	0.0005	0.23404344626472096	0.0
899	0.005229051873116338	2.9049724366809566	0.2881089701299526		0.9139747619628906	0.0005	0.0005	0.23404344626472096	0.0
900	0.005229051873116338	2.9049724366809566	0.2881089701299526		1.0760993957519531	0.0005	0.0005	0.23404344626472096	0.0
901	0.005229051873116338	2.9049724366809566	0.2881089701299526		0.8405404090881348	0.0005	0.0005	0.23404344626472096	0.0
902	0.005229051873116338	2.9049724366809566	0.2881089701299526		0.8436117172241211	0.0005	0.0005	0.23404344626472096	0.0
903	0.005229051873116338	2.9049724366809566	0.2881089701299526		0.7913262844085693	0.0005	0.0005	0.23404344626472096	0.0
904	0.005229051873116338	2.9049724366809566	0.2881089701299526		0.8081305027008057	0.0005	0.0005	0.23404344626472096	0.0
905	0.005229051873116338	2.9049724366809566	0.2881089701299526		0.9368941783905029	0.0005	0.0005	0.23404344626472096	0.0
906	0.005229051873116338	2.9049724366809566	0.2881089701299526		0.8218207359313965	0.0005	0.0005	0.23404344626472096	0.0
907	0.005229051873116338	2.9049724366809566	0.2881089701299526		0.94500732421875	0.0005	0.0005	0.23404344626472096	0.0
908	0.005229051873116338	2.9049724366809566	0.2881089701299526		0.9243061542510986	0.0005	0.0005	0.23404344626472096	0.0
909	0.005229051873116338	2.9049724366809566	0.2881089701299526		0.8012940883636475	0.0005	0.0005	0.23404344626472096	0.0
910	0.005229051873116338	2.9049724366809566	0.2881089701299526		0.8087034225463867	0.0005	0.0005	0.23404344626472096	0.0
911	0.005229051873116338	2.9049724366809566	0.2881089701299526		0.817974328994751	0.0005	0.0005	0.23404344626472096	0.0
912	0.005229051873116338	2.9049724366809566	0.2881089701299526		0.9071154594421387	0.0005	0.0005	0.23404344626472096	0.0
913	0.005229051873116338	2.9049724366809566	0.2881089701299526		0.8218703269958496	0.0005	0.0005	0.23404344626472096	0.0
914	0.005229051873116338	2.9049724366809566	0.2881089701299526		0.9395425319671631	0.0005	0.0005	0.23404344626472096	0.0
915	0.005229051873116338	2.9049724366809566	0.2881089701299526		0.9591960906982422	0.0005	0.0005	0.23404344626472096	0.0
916	0.005229051873116338	2.9049724366809566	0.2881089701299526		0.9092562198638916	0.0005	0.0005	0.23404344626472096	0.0
917	0.005229051873116338	2.9049724366809566	0.2881089701299526		0.8260369300842285	0.0005	0.0005	0.23404344626472096	0.0
918	0.005229051873116338	2.9049724366809566	0.2881089701299526		0.9500648975372314	0.0005	0.0005	0.23404344626472096	0.0
919	0.005229051873116338	2.9049724366809566	0.2881089701299526		0.8034918308258057	0.0005	0.0005	0.23404344626472096	0.0
920	0.005229051873116338	2.9049724366809566	0.2881089701299526		0.8507475852966309	0.0005	0.0005	0.23404344626472096	0.0
921	0.005229051873116338	2.9049724366809566	0.2881089701299526		0.9518287181854248	0.0005	0.0005	0.23404344626472096	0.0
922	0.005229051873116338	2.9049724366809566	0.2881089701299526		0.859158992767334	0.0005	0.0005	0.23404344626472096	0.0
923	0.005229051873116338	2.9049724366809566	0.2881089701299526		0.791163444519043	0.0005	0.0005	0.23404344626472096	0.0
924	0.005229051873116338	2.9049724366809566	0.2881089701299526		0.7911734580993652	0.0005	0.0005	0.23404344626472096	0.0
925	0.005229051873116338	2.9049724366809566	0.2881089701299526		0.8181262016296387	0.0005	0.0005	0.23404344626472096	0.0
926	0.005229051873116338	2.9049724366809566	0.2881089701299526		0.8042452335357666	0.0005	0.0005	0.23404344626472096	0.0
927	0.005229051873116338	2.9049724366809566	0.2881089701299526		0.9199559688568115	0.0005	0.0005	0.23404344626472096	0.0
928	0.005229051873116338	2.9049724366809566	0.2881089701299526		0.9166338443756104	0.0005	0.0005	0.23404344626472096	0.0
929	0.005229051873116338	2.9049724366809566	0.2881089701299526		1.2649483680725098	0.0005	0.0005	0.23404344626472096	0.0
930	0.005229051873116338	2.9049724366809566	0.2881089701299526		1.062312126159668	0.0005	0.0005	0.23404344626472096	0.0
931	0.005229051873116338	2.9049724366809566	0.2881089701299526		0.8910558223724365	0.0005	0.0005	0.23404344626472096	0.0
932	0.005229051873116338	2.9049724366809566	0.2881089701299526		0.79510498046875	0.0005	0.0005	0.23404344626472096	0.0
933	0.005229051873116338	2.9049724366809566	0.2881089701299526		1.0530052185058594	0.0005	0.0005	0.23404344626472096	0.0
934	0.005229051873116338	2.9049724366809566	0.2881089701299526		0.9326796531677246	0.0005	0.0005	0.23404344626472096	0.0
935	0.005229051873116338	2.9049724366809566	0.2881089701299526		1.0180439949035645	0.0005	0.0005	0.23404344626472096	0.0
936	0.005229051873116338	2.9049724366809566	0.2881089701299526		1.0463650226593018	0.0005	0.0005	0.23404344626472096	0.0
937	0.005229051873116338	2.9049724366809566	0.2881089701299526		1.3091509342193604	0.0005	0.0005	0.23404344626472096	0.0
938	0.005229051873116338	2.9049724366809566	0.2881089701299526		1.3433728218078613	0.0005	0.0005	0.23404344626472096	0.0
939	0.005229051873116338	2.9049724366809566	0.2881089701299526		1.1639244556427002	0.0005	0.0005	0.23404344626472096	0.0
940	0.005229051873116338	2.9049724366809566	0.2881089701299526		0.911649227142334	0.0005	0.0005	0.23404344626472096	0.0
941	0.005229051873116338	2.9049724366809566	0.2881089701299526		0.9390993118286133	0.0005	0.0005	0.23404344626472096	0.0
942	0.005229051873116338	2.9049724366809566	0.2881089701299526		0.9468023777008057	0.0005	0.0005	0.23404344626472096	0.0
943	0.005229051873116338	2.9049724366809566	0.2881089701299526		1.0398485660552979	0.0005	0.0005	0.23404344626472096	0.0
944	0.005229051873116338	2.9049724366809566	0.2881089701299526		0.9401717185974121	0.0005	0.0005	0.23404344626472096	0.0
945	0.005229051873116338	2.9049724366809566	0.2881089701299526		0.9247827529907227	0.0005	0.0005	0.23404344626472096	0.0
946	0.005229051873116338	2.9049724366809566	0.2881089701299526		0.9198155403137207	0.0005	0.0005	0.23404344626472096	0.0
947	0.005229051873116338	2.9049724366809566	0.2881089701299526		0.9276027679443359	0.0005	0.0005	0.23404344626472096	0.0
948	0.005229051873116338	2.9049724366809566	0.2881089701299526		0.8049585819244385	0.0005	0.0005	0.23404344626472096	0.0
949	0.005229051873116338	2.9049724366809566	0.2881089701299526		0.920637845993042	0.0005	0.0005	0.23404344626472096	0.0
950	0.005229051873116338	2.9049724366809566	0.2881089701299526		0.9300212860107422	0.0005	0.0005	0.23404344626472096	0.0
951	0.005229051873116338	2.9049724366809566	0.2881089701299526		0.9310908317565918	0.0005	0.0005	0.23404344626472096	0.0
952	0.005229051873116338	2.9049724366809566	0.2881089701299526		0.937342643737793	0.0005	0.0005	0.23404344626472096	0.0
953	0.005229051873116338	2.9049724366809566	0.2881089701299526		2.0584018230438232	0.0005	0.0005	0.23404344626472096	0.0
954	0.005229051873116338	2.9049724366809566	0.2881089701299526		1.078974723815918	0.0005	0.0005	0.23404344626472096	0.0
955	0.005229051873116338	2.9049724366809566	0.2881089701299526		0.9781479835510254	0.0005	0.0005	0.23404344626472096	0.0
956	0.005229051873116338	2.9049724366809566	0.2881089701299526		0.8082549571990967	0.0005	0.0005	0.23404344626472096	0.0
957	0.005229051873116338	2.9049724366809566	0.2881089701299526		0.7847683429718018	0.0005	0.0005	0.23404344626472096	0.0
958	0.005229051873116338	2.9049724366809566	0.2881089701299526		0.8223884105682373	0.0005	0.0005	0.23404344626472096	0.0
959	0.005229051873116338	2.9049724366809566	0.2881089701299526		0.7918965816497803	0.0005	0.0005	0.23404344626472096	0.0
960	0.005229051873116338	2.9049724366809566	0.2881089701299526		0.810344934463501	0.0005	0.0005	0.23404344626472096	0.0
961	0.005229051873116338	2.9049724366809566	0.2881089701299526		0.8196182250976562	0.0005	0.0005	0.23404344626472096	0.0
962	0.005229051873116338	2.9049724366809566	0.2881089701299526		0.9315919876098633	0.0005	0.0005	0.23404344626472096	0.0
963	0.005229051873116338	2.9049724366809566	0.2881089701299526		0.8137776851654053	0.0005	0.0005	0.23404344626472096	0.0
964	0.005229051873116338	2.9049724366809566	0.2881089701299526		0.8131399154663086	0.0005	0.0005	0.23404344626472096	0.0
965	0.005229051873116338	2.9049724366809566	0.2881089701299526		0.8024845123291016	0.0005	0.0005	0.23404344626472096	0.0
966	0.005229051873116338	2.9049724366809566	0.2881089701299526		0.9172468185424805	0.0005	0.0005	0.23404344626472096	0.0
967	0.005229051873116338	2.9049724366809566	0.2881089701299526		0.8103134632110596	0.0005	0.0005	0.23404344626472096	0.0
968	0.005229051873116338	2.9049724366809566	0.2881089701299526		0.9075398445129395	0.0005	0.0005	0.23404344626472096	0.0
969	0.005229051873116338	2.9049724366809566	0.2881089701299526		0.9602401256561279	0.0005	0.0005	0.23404344626472096	0.0
970	0.005229051873116338	2.9049724366809566	0.2881089701299526		0.8098175525665283	0.0005	0.0005	0.23404344626472096	0.0
971	0.005229051873116338	2.9049724366809566	0.2881089701299526		0.9024887084960938	0.0005	0.0005	0.23404344626472096	0.0
972	0.005229051873116338	2.9049724366809566	0.2881089701299526		0.7998430728912354	0.0005	0.0005	0.23404344626472096	0.0
973	0.005229051873116338	2.9049724366809566	0.2881089701299526		0.8168694972991943	0.0005	0.0005	0.23404344626472096	0.0
974	0.005229051873116338	2.9049724366809566	0.2881089701299526		0.7895455360412598	0.0005	0.0005	0.23404344626472096	0.0
975	0.005229051873116338	2.9049724366809566	0.2881089701299526		0.9168732166290283	0.0005	0.0005	0.23404344626472096	0.0
976	0.005229051873116338	2.9049724366809566	0.2881089701299526		0.9059944152832031	0.0005	0.0005	0.23404344626472096	0.0
977	0.005229051873116338	2.9049724366809566	0.2881089701299526		0.8142836093902588	0.0005	0.0005	0.23404344626472096	0.0
978	0.005229051873116338	2.9049724366809566	0.2881089701299526		0.8207292556762695	0.0005	0.0005	0.23404344626472096	0.0
979	0.005229051873116338	2.9049724366809566	0.2881089701299526		0.9006392955780029	0.0005	0.0005	0.23404344626472096	0.0
980	0.005229051873116338	2.9049724366809566	0.2881089701299526		0.7866408824920654	0.0005	0.0005	0.23404344626472096	0.0
981	0.005229051873116338	2.9049724366809566	0.2881089701299526		0.9239788055419922	0.0005	0.0005	0.23404344626472096	0.0
982	0.005229051873116338	2.9049724366809566	0.2881089701299526		0.947209358215332	0.0005	0.0005	0.23404344626472096	0.0
983	0.005229051873116338	2.9049724366809566	0.2881089701299526		0.789046049118042	0.0005	0.0005	0.23404344626472096	0.0
984	0.005229051873116338	2.9049724366809566	0.2881089701299526		0.8264942169189453	0.0005	0.0005	0.23404344626472096	0.0
985	0.005229051873116338	2.9049724366809566	0.2881089701299526		0.8126535415649414	0.0005	0.0005	0.23404344626472096	0.0
986	0.005229051873116338	2.9049724366809566	0.2881089701299526		0.9066729545593262	0.0005	0.0005	0.23404344626472096	0.0
987	0.005229051873116338	2.9049724366809566	0.2881089701299526		0.9113419055938721	0.0005	0.0005	0.23404344626472096	0.0
988	0.005229051873116338	2.9049724366809566	0.2881089701299526		0.9759740829467773	0.0005	0.0005	0.23404344626472096	0.0
989	0.005229051873116338	2.9049724366809566	0.2881089701299526		0.9265799522399902	0.0005	0.0005	0.23404344626472096	0.0
990	0.005229051873116338	2.9049724366809566	0.2881089701299526		0.9120697975158691	0.0005	0.0005	0.23404344626472096	0.0
991	0.005229051873116338	2.9049724366809566	0.2881089701299526		0.8155784606933594	0.0005	0.0005	0.23404344626472096	0.0
992	0.005229051873116338	2.9049724366809566	0.2881089701299526		0.9247899055480957	0.0005	0.0005	0.23404344626472096	0.0
993	0.005229051873116338	2.9049724366809566	0.2881089701299526		0.9159958362579346	0.0005	0.0005	0.23404344626472096	0.0
994	0.005229051873116338	2.9049724366809566	0.2881089701299526		1.0436954498291016	0.0005	0.0005	0.23404344626472096	0.0
995	0.005229051873116338	2.9049724366809566	0.2881089701299526		1.104905605316162	0.0005	0.0005	0.23404344626472096	0.0
996	0.005229051873116338	2.9049724366809566	0.2881089701299526		0.923936128616333	0.0005	0.0005	0.23404344626472096	0.0
997	0.005229051873116338	2.9049724366809566	0.2881089701299526		0.912318229675293	0.0005	0.0005	0.23404344626472096	0.0
998	0.005229051873116338	2.9049724366809566	0.2881089701299526		0.8170490264892578	0.0005	0.0005	0.23404344626472096	0.0
999	0.005229051873116338	2.9049724366809566	0.2881089701299526		0.7968955039978027	0.0005	0.0005	0.23404344626472096	0.0
1000	0.005229051873116338	2.9049724366809566	0.2881089701299526		0.8347072601318359	0.0005	0.0005	0.23404344626472096	0.0

========== Optimization Summary ==========
Total Time (s): 913.651004
Total Iterations: 1000
==========================================


========== RUN SUMMARY ==========
Iterations            : 1001
Problem size          : 51 variables  (x|y|z = 4|7|40)
    x = black-box inputs | y = black-box outputs | z = remaining
Black-box blocks      : 2  (outputs per block: block1=3, block2=4)
Constraints           : 39  (equality 36 | inequality 3)
Wall time (s)         : 914.651
CPU time (s)          : 169.922   (process_time)
External BB evaluations (true black-box callback calls):
    block1      : 356
    block2      : 306
    TOTAL       : 662
    (evaluateDx sweeps: 2002)
BB cache              : 26372 hits / 27034 requests (97.6% hit rate); 662 true evaluations
System:
  OS              : Windows-11-10.0.26200-SP0
  Processor       : Intel64 Family 6 Model 140 Stepping 1, GenuineIntel
  Architecture    : AMD64
  Python          : 3.12.12
  CPU cores       : 8 logical, 4 physical
  RAM             : 15.7 GB
  numpy / pyomo   : 2.4.2 / 6.10.1.a0 (VOTD)
=================================

======================================================================
POST-SOLVE ECONOMICS AND BALANCE CHECK
======================================================================
  CH4_produced_kg_yr: 5453910.178858724
  CH4_into_PSA_mol_s: 11.923251791767475
  CH4_PSA_output_mol_s: 0.6465754046464988
  PSA_CH4_recovery: 0.05422810957434725
  H2_electrolyser_mol_s: 67.31169278448779
  SOEL_kW: 18167.425882533254
  H2_to_CH4_stoich_ratio: 1.411353504061782
  PSA_CH4_balance_gap: 0.945772009217494
  CAPEX_total_USD: 83773079.3560792
  CAPEX_annualised_USD_yr: 4325619.291079143
  OPEX_avg_USD_yr: 11623686.561299149
  TAC_USD_yr: 15949305.852378292
  LCOCH4_PSA_output_basis_USD_kg: 53.92738237790525
  LCOCH4_USD_kg: 2.924380000646768
  LCOCH4_with_H2_credit_USD_kg: 2.7574416734903866
  CAPEX_share: {'SOEL': 0.9108318482875793, 'DFM': 0.03999215470749662, 'COMP': 0.024222236118198907, 'GC': 0.002550068445209287, 'PSA': 0.019612922810546805, 'FURNACE': 0.0027907696309689956}
  OPEX_share: {'SOEL': 0.8053807249515585, 'DFM': 0.0918018158650994, 'COMP': 0.040520219268595566, 'GC': 0.004265887428624824, 'PSA': 0.03424113982920321, 'FURNACE': 0.023790212656918434}
  H2_balance_rel_err: 0.08975335910162599
  C_unaccounted_frac: 0.05748293983117089
  reactor_per_cycle_mmol: {'CO2_in': 3.8161755543749627, 'CH4_out': 2.995208002172624, 'H2_out': 24.54514265958607, 'CO2_out': 0.6016025624250173, 'H2_fed': 40.12755777074553}
ECONOMICS_DICT {"CH4_produced_kg_yr": 5453910.178858724, "CH4_into_PSA_mol_s": 11.923251791767475, "CH4_PSA_output_mol_s": 0.6465754046464988, "PSA_CH4_recovery": 0.05422810957434725, "H2_electrolyser_mol_s": 67.31169278448779, "SOEL_kW": 18167.425882533254, "H2_to_CH4_stoich_ratio": 1.411353504061782, "PSA_CH4_balance_gap": 0.945772009217494, "CAPEX_total_USD": 83773079.3560792, "CAPEX_annualised_USD_yr": 4325619.291079143, "OPEX_avg_USD_yr": 11623686.561299149, "TAC_USD_yr": 15949305.852378292, "LCOCH4_PSA_output_basis_USD_kg": 53.92738237790525, "LCOCH4_USD_kg": 2.924380000646768, "LCOCH4_with_H2_credit_USD_kg": 2.7574416734903866, "CAPEX_share": {"SOEL": 0.9108318482875793, "DFM": 0.03999215470749662, "COMP": 0.024222236118198907, "GC": 0.002550068445209287, "PSA": 0.019612922810546805, "FURNACE": 0.0027907696309689956}, "OPEX_share": {"SOEL": 0.8053807249515585, "DFM": 0.0918018158650994, "COMP": 0.040520219268595566, "GC": 0.004265887428624824, "PSA": 0.03424113982920321, "FURNACE": 0.023790212656918434}, "H2_balance_rel_err": 0.08975335910162599, "C_unaccounted_frac": 0.05748293983117089, "reactor_per_cycle_mmol": {"CO2_in": 3.8161755543749627, "CH4_out": 2.995208002172624, "H2_out": 24.54514265958607, "CO2_out": 0.6016025624250173, "H2_fed": 40.12755777074553}}
